Timestamp,latitude-1 => (Aggregate=TimeAverage2),longitude-1 => (Aggregate=TimeAverage2)
10/2/2026 11:59:57 AM,-23.721882820129395,-70.43554306030273
10/2/2026 11:59:58 AM,-23.721773624420166,-70.43549728393555
10/2/2026 11:59:59 AM,-23.721660614013672,-70.43544578552246
10/2/2026 12:00:00 PM,-23.721549034118652,-70.43539810180664
10/2/2026 12:00:01 PM,-23.7214412689209,-70.43535804748535
10/2/2026 12:00:02 PM,-23.721333026885986,-70.4353084564209
10/2/2026 12:00:03 PM,-23.72122287750244,-70.43526077270508
10/2/2026 12:00:04 PM,-23.72111225128174,-70.43521499633789
10/2/2026 12:00:05 PM,-23.721004486083984,-70.4351634979248
10/2/2026 12:00:06 PM,-23.720894813537598,-70.43511581420898
10/2/2026 12:00:07 PM,-23.720789909362793,-70.4350700378418
10/2/2026 12:00:08 PM,-23.720681190490723,-70.43502426147461
10/2/2026 12:00:09 PM,-23.72057342529297,-70.43497848510742
10/2/2026 12:00:10 PM,-23.720468044281006,-70.43493270874023
10/2/2026 12:00:11 PM,-23.720358848571777,-70.43488121032715
10/2/2026 12:00:12 PM,-23.720248222351074,-70.43483352661133
10/2/2026 12:00:13 PM,-23.720139026641846,-70.43478775024414
10/2/2026 12:00:14 PM,-23.7200288772583,-70.43474197387695
10/2/2026 12:00:15 PM,-23.719918251037598,-70.43469619750977
10/2/2026 12:00:16 PM,-23.71980905532837,-70.43464469909668
10/2/2026 12:00:17 PM,-23.719696044921875,-70.43459701538086
10/2/2026 12:00:18 PM,-23.71958589553833,-70.43455123901367
10/2/2026 12:00:19 PM,-23.719478607177734,-70.43450546264648
10/2/2026 12:00:20 PM,-23.719364643096924,-70.4344596862793
10/2/2026 12:00:21 PM,-23.719252586364746,-70.43441963195801
10/2/2026 12:00:22 PM,-23.71914052963257,-70.43438148498535
10/2/2026 12:00:23 PM,-23.719026565551758,-70.4343433380127
10/2/2026 12:00:24 PM,-23.718913555145264,-70.43431091308594
10/2/2026 12:00:25 PM,-23.718796730041504,-70.43428611755371
10/2/2026 12:00:26 PM,-23.71867847442627,-70.43426322937012
10/2/2026 12:00:27 PM,-23.71856164932251,-70.43424034118652
10/2/2026 12:00:28 PM,-23.718443870544434,-70.43421745300293
10/2/2026 12:00:29 PM,-23.718324184417725,-70.43420028686523
10/2/2026 12:00:30 PM,-23.71820831298828,-70.43417930603027
10/2/2026 12:00:31 PM,-23.718091011047363,-70.43416213989258
10/2/2026 12:00:32 PM,-23.717971324920654,-70.43414115905762
10/2/2026 12:00:33 PM,-23.717856884002686,-70.43412399291992
10/2/2026 12:00:34 PM,-23.717740058898926,-70.43410301208496
10/2/2026 12:00:35 PM,-23.71762180328369,-70.43408012390137
10/2/2026 12:00:36 PM,-23.717502117156982,-70.43405723571777
10/2/2026 12:00:37 PM,-23.71738624572754,-70.43404006958008
10/2/2026 12:00:38 PM,-23.71726894378662,-70.43401908874512
10/2/2026 12:00:39 PM,-23.717153549194336,-70.43400192260742
10/2/2026 12:00:40 PM,-23.717040538787842,-70.43398094177246
10/2/2026 12:00:41 PM,-23.716928005218506,-70.43396377563477
10/2/2026 12:00:42 PM,-23.71681261062622,-70.4339427947998
10/2/2026 12:00:43 PM,-23.71669340133667,-70.43392562866211
10/2/2026 12:00:44 PM,-23.716574668884277,-70.43391036987305
10/2/2026 12:00:45 PM,-23.716459274291992,-70.43388938903809
10/2/2026 12:00:46 PM,-23.7163405418396,-70.43386650085449
10/2/2026 12:00:47 PM,-23.716221809387207,-70.4338493347168
10/2/2026 12:00:48 PM,-23.716102123260498,-70.43382835388184
10/2/2026 12:00:49 PM,-23.715983390808105,-70.43381118774414
10/2/2026 12:00:50 PM,-23.715866565704346,-70.43379020690918
10/2/2026 12:00:51 PM,-23.715750217437744,-70.43376731872559
10/2/2026 12:00:52 PM,-23.715635299682617,-70.4337387084961
10/2/2026 12:00:53 PM,-23.715519428253174,-70.43371391296387
10/2/2026 12:00:54 PM,-23.715403079986572,-70.43369102478027
10/2/2026 12:00:55 PM,-23.715288162231445,-70.43366241455078
10/2/2026 12:00:56 PM,-23.715173721313477,-70.43363761901855
10/2/2026 12:00:57 PM,-23.715059280395508,-70.43360900878906
10/2/2026 12:00:58 PM,-23.714950561523438,-70.43357849121094
10/2/2026 12:00:59 PM,-23.714842319488525,-70.43354797363281
10/2/2026 12:01:00 PM,-23.714736461639404,-70.43351745605469
10/2/2026 12:01:01 PM,-23.71463441848755,-70.43348693847656
10/2/2026 12:01:02 PM,-23.71453619003296,-70.43346214294434
10/2/2026 12:01:03 PM,-23.714438915252686,-70.43343353271484
10/2/2026 12:01:04 PM,-23.714341640472412,-70.43340301513672
10/2/2026 12:01:05 PM,-23.71424150466919,-70.43337821960449
10/2/2026 12:01:06 PM,-23.71414041519165,-70.433349609375
10/2/2026 12:01:07 PM,-23.714037895202637,-70.43331909179688
10/2/2026 12:01:08 PM,-23.71393632888794,-70.43328857421875
10/2/2026 12:01:09 PM,-23.713829517364502,-70.43325233459473
10/2/2026 12:01:10 PM,-23.713722229003906,-70.43321990966797
10/2/2026 12:01:11 PM,-23.71361541748047,-70.43318939208984
10/2/2026 12:01:12 PM,-23.71350860595703,-70.43315315246582
10/2/2026 12:01:13 PM,-23.71340036392212,-70.43312072753906
10/2/2026 12:01:14 PM,-23.713293075561523,-70.43309020996094
10/2/2026 12:01:15 PM,-23.71318769454956,-70.43305969238281
10/2/2026 12:01:16 PM,-23.713082790374756,-70.43302917480469
10/2/2026 12:01:17 PM,-23.712979316711426,-70.43299865722656
10/2/2026 12:01:18 PM,-23.71287488937378,-70.43296241760254
10/2/2026 12:01:19 PM,-23.7127685546875,-70.43292427062988
10/2/2026 12:01:20 PM,-23.712661743164062,-70.43288040161133
10/2/2026 12:01:21 PM,-23.7125563621521,-70.43283462524414
10/2/2026 12:01:22 PM,-23.71245002746582,-70.43278312683105
10/2/2026 12:01:23 PM,-23.71234893798828,-70.43272972106934
10/2/2026 12:01:24 PM,-23.712246894836426,-70.43267631530762
10/2/2026 12:01:25 PM,-23.712141036987305,-70.4326229095459
10/2/2026 12:01:26 PM,-23.712037086486816,-70.43256378173828
10/2/2026 12:01:27 PM,-23.711934089660645,-70.43250846862793
10/2/2026 12:01:28 PM,-23.711829662322998,-70.43244934082031
10/2/2026 12:01:29 PM,-23.711724758148193,-70.43239402770996
10/2/2026 12:01:30 PM,-23.71161985397339,-70.43233489990234
10/2/2026 12:01:31 PM,-23.71151351928711,-70.4322738647461
10/2/2026 12:01:32 PM,-23.71140956878662,-70.43221282958984
10/2/2026 12:01:33 PM,-23.7113037109375,-70.43215751647949
10/2/2026 12:01:34 PM,-23.711198329925537,-70.43210411071777
10/2/2026 12:01:35 PM,-23.711093425750732,-70.43204498291016
10/2/2026 12:01:36 PM,-23.710987091064453,-70.4319896697998
10/2/2026 12:01:37 PM,-23.710883140563965,-70.43193054199219
10/2/2026 12:01:38 PM,-23.71077871322632,-70.43187522888184
10/2/2026 12:01:39 PM,-23.710673809051514,-70.43181610107422
10/2/2026 12:01:40 PM,-23.71056890487671,-70.43175506591797
10/2/2026 12:01:41 PM,-23.71046543121338,-70.43169975280762
10/2/2026 12:01:42 PM,-23.71036672592163,-70.4316349029541
10/2/2026 12:01:43 PM,-23.710268020629883,-70.43156623840332
10/2/2026 12:01:44 PM,-23.710174560546875,-70.43149757385254
10/2/2026 12:01:45 PM,-23.71008586883545,-70.43143463134766
10/2/2026 12:01:46 PM,-23.709996700286865,-70.43135643005371
10/2/2026 12:01:47 PM,-23.709909915924072,-70.43127822875977
10/2/2026 12:01:48 PM,-23.70982551574707,-70.43120193481445
10/2/2026 12:01:49 PM,-23.7097430229187,-70.43111991882324
10/2/2026 12:01:50 PM,-23.70966100692749,-70.4310359954834
10/2/2026 12:01:51 PM,-23.709584712982178,-70.43095207214355
10/2/2026 12:01:52 PM,-23.709514617919922,-70.43086242675781
10/2/2026 12:01:53 PM,-23.70944595336914,-70.43076515197754
10/2/2026 12:01:54 PM,-23.709378719329834,-70.43066596984863
10/2/2026 12:01:55 PM,-23.70931625366211,-70.43056678771973
10/2/2026 12:01:56 PM,-23.709253787994385,-70.43046760559082
10/2/2026 12:01:57 PM,-23.709195137023926,-70.43035697937012
10/2/2026 12:01:58 PM,-23.70914077758789,-70.43024826049805
10/2/2026 12:01:59 PM,-23.70909023284912,-70.43014144897461
10/2/2026 12:02:00 PM,-23.709044933319092,-70.43002891540527
10/2/2026 12:02:01 PM,-23.709003925323486,-70.4299259185791
10/2/2026 12:02:02 PM,-23.70897102355957,-70.4298324584961
10/2/2026 12:02:03 PM,-23.708943367004395,-70.42974662780762
10/2/2026 12:02:04 PM,-23.70891809463501,-70.42966842651367
10/2/2026 12:02:05 PM,-23.70889186859131,-70.42959785461426
10/2/2026 12:02:06 PM,-23.7088680267334,-70.42953491210938
10/2/2026 12:02:07 PM,-23.708852291107178,-70.42947959899902
10/2/2026 12:02:08 PM,-23.7088360786438,-70.4294261932373
10/2/2026 12:02:09 PM,-23.708820343017578,-70.42938423156738
10/2/2026 12:02:10 PM,-23.70880651473999,-70.42934608459473
10/2/2026 12:02:11 PM,-23.708794593811035,-70.42931365966797
10/2/2026 12:02:12 PM,-23.708781719207764,-70.42927742004395
10/2/2026 12:02:13 PM,-23.70876979827881,-70.42923927307129
10/2/2026 12:02:14 PM,-23.708754062652588,-70.42918968200684
10/2/2026 12:02:15 PM,-23.708736896514893,-70.42914199829102
10/2/2026 12:02:16 PM,-23.708721160888672,-70.42909622192383
10/2/2026 12:02:17 PM,-23.708711624145508,-70.42906188964844
10/2/2026 12:02:18 PM,-23.70870542526245,-70.42903137207031
10/2/2026 12:02:19 PM,-23.708701133728027,-70.42900657653809
10/2/2026 12:02:20 PM,-23.708695888519287,-70.42898941040039
10/2/2026 12:02:21 PM,-23.708691596984863,-70.42897415161133
10/2/2026 12:02:22 PM,-23.708693504333496,-70.42897033691406
10/2/2026 12:02:23 PM,-23.708694458007812,-70.42897033691406
10/2/2026 12:02:24 PM,-23.708694458007812,-70.42897033691406
10/2/2026 12:02:25 PM,-23.708694458007812,-70.42897033691406
10/2/2026 12:02:26 PM,-23.708695888519287,-70.42897033691406
10/2/2026 12:02:27 PM,-23.708696365356445,-70.42897033691406
10/2/2026 12:02:28 PM,-23.70869207382202,-70.42896461486816
10/2/2026 12:02:29 PM,-23.708689212799072,-70.42895126342773
10/2/2026 12:02:30 PM,-23.70868444442749,-70.42893028259277
10/2/2026 12:02:31 PM,-23.708677291870117,-70.42891311645508
10/2/2026 12:02:32 PM,-23.708669662475586,-70.42888641357422
10/2/2026 12:02:33 PM,-23.708659172058105,-70.42886161804199
10/2/2026 12:02:34 PM,-23.70864772796631,-70.4288272857666
10/2/2026 12:02:35 PM,-23.708634853363037,-70.42878913879395
10/2/2026 12:02:36 PM,-23.708622932434082,-70.42875671386719
10/2/2026 12:02:37 PM,-23.70861005783081,-70.42871475219727
10/2/2026 12:02:38 PM,-23.708589553833008,-70.42866897583008
10/2/2026 12:02:39 PM,-23.708572387695312,-70.42862319946289
10/2/2026 12:02:40 PM,-23.708555698394775,-70.4285774230957
10/2/2026 12:02:41 PM,-23.70853853225708,-70.42853164672852
10/2/2026 12:02:42 PM,-23.708515644073486,-70.42848014831543
10/2/2026 12:02:43 PM,-23.708489418029785,-70.42842102050781
10/2/2026 12:02:44 PM,-23.708462715148926,-70.42835998535156
10/2/2026 12:02:45 PM,-23.708436012268066,-70.42829895019531
10/2/2026 12:02:46 PM,-23.708406448364258,-70.42823219299316
10/2/2026 12:02:47 PM,-23.708377361297607,-70.42816352844238
10/2/2026 12:02:48 PM,-23.708348751068115,-70.4280891418457
10/2/2026 12:02:49 PM,-23.708317279815674,-70.42801284790039
10/2/2026 12:02:50 PM,-23.708281993865967,-70.42792510986328
10/2/2026 12:02:51 PM,-23.708251476287842,-70.4278392791748
10/2/2026 12:02:52 PM,-23.7082200050354,-70.42775535583496
10/2/2026 12:02:53 PM,-23.708186149597168,-70.42767143249512
10/2/2026 12:02:54 PM,-23.708150386810303,-70.42757606506348
10/2/2026 12:02:55 PM,-23.70811128616333,-70.42748260498047
10/2/2026 12:02:56 PM,-23.70807123184204,-70.4273910522461
10/2/2026 12:02:57 PM,-23.708031177520752,-70.42729377746582
10/2/2026 12:02:58 PM,-23.707992553710938,-70.42719459533691
10/2/2026 12:02:59 PM,-23.70795440673828,-70.42709541320801
10/2/2026 12:03:00 PM,-23.70791482925415,-70.4269905090332
10/2/2026 12:03:01 PM,-23.70787477493286,-70.42688369750977
10/2/2026 12:03:02 PM,-23.707833290100098,-70.42677688598633
10/2/2026 12:03:03 PM,-23.707791328430176,-70.42666435241699
10/2/2026 12:03:04 PM,-23.707749366760254,-70.42654991149902
10/2/2026 12:03:05 PM,-23.707708835601807,-70.42644691467285
10/2/2026 12:03:06 PM,-23.707668781280518,-70.42634201049805
10/2/2026 12:03:07 PM,-23.707624435424805,-70.42624092102051
10/2/2026 12:03:08 PM,-23.707580089569092,-70.4261360168457
10/2/2026 12:03:09 PM,-23.707539081573486,-70.42602920532227
10/2/2026 12:03:10 PM,-23.707497596740723,-70.42592239379883
10/2/2026 12:03:11 PM,-23.7074556350708,-70.42582130432129
10/2/2026 12:03:12 PM,-23.707415103912354,-70.42571640014648
10/2/2026 12:03:13 PM,-23.707375049591064,-70.42560386657715
10/2/2026 12:03:14 PM,-23.70733642578125,-70.42549514770508
10/2/2026 12:03:15 PM,-23.707301139831543,-70.42539405822754
10/2/2026 12:03:16 PM,-23.70726251602173,-70.42529487609863
10/2/2026 12:03:17 PM,-23.707221031188965,-70.42518997192383
10/2/2026 12:03:18 PM,-23.707179069519043,-70.42509460449219
10/2/2026 12:03:19 PM,-23.707131385803223,-70.42500305175781
10/2/2026 12:03:20 PM,-23.707077503204346,-70.42491722106934
10/2/2026 12:03:21 PM,-23.70701503753662,-70.42483329772949
10/2/2026 12:03:22 PM,-23.70695161819458,-70.42475509643555
10/2/2026 12:03:23 PM,-23.706881523132324,-70.42468452453613
10/2/2026 12:03:24 PM,-23.706807613372803,-70.42461585998535
10/2/2026 12:03:25 PM,-23.7067289352417,-70.42455863952637
10/2/2026 12:03:26 PM,-23.706640243530273,-70.42449951171875
10/2/2026 12:03:27 PM,-23.706550121307373,-70.4244556427002
10/2/2026 12:03:28 PM,-23.706453323364258,-70.42441749572754
10/2/2026 12:03:29 PM,-23.7063570022583,-70.42438507080078
10/2/2026 12:03:30 PM,-23.706265926361084,-70.42436027526855
10/2/2026 12:03:31 PM,-23.706171989440918,-70.42434310913086
10/2/2026 12:03:32 PM,-23.706079483032227,-70.4243335723877
10/2/2026 12:03:33 PM,-23.705992221832275,-70.42432022094727
10/2/2026 12:03:34 PM,-23.705909252166748,-70.4243049621582
10/2/2026 12:03:35 PM,-23.70582866668701,-70.42429542541504
10/2/2026 12:03:36 PM,-23.705754280090332,-70.42428207397461
10/2/2026 12:03:37 PM,-23.70568609237671,-70.42427253723145
10/2/2026 12:03:38 PM,-23.70562219619751,-70.42426490783691
10/2/2026 12:03:39 PM,-23.705559253692627,-70.42425155639648
10/2/2026 12:03:40 PM,-23.705500602722168,-70.42424774169922
10/2/2026 12:03:41 PM,-23.705456256866455,-70.42424201965332
10/2/2026 12:03:42 PM,-23.705421924591064,-70.42423439025879
10/2/2026 12:03:43 PM,-23.705392360687256,-70.42422676086426
10/2/2026 12:03:44 PM,-23.70537233352661,-70.42422485351562
10/2/2026 12:03:45 PM,-23.70535945892334,-70.42422485351562
10/2/2026 12:03:46 PM,-23.70535373687744,-70.42422485351562
10/2/2026 12:03:47 PM,-23.70535135269165,-70.42422485351562
10/2/2026 12:03:48 PM,-23.705348014831543,-70.42422485351562
10/2/2026 12:03:49 PM,-23.705341339111328,-70.42422485351562
10/2/2026 12:03:50 PM,-23.705333709716797,-70.42422485351562
10/2/2026 12:03:51 PM,-23.705320358276367,-70.42421913146973
10/2/2026 12:03:52 PM,-23.705302238464355,-70.4242172241211
10/2/2026 12:03:53 PM,-23.705278873443604,-70.4242115020752
10/2/2026 12:03:54 PM,-23.705251216888428,-70.42420959472656
10/2/2026 12:03:55 PM,-23.70521831512451,-70.42420387268066
10/2/2026 12:03:56 PM,-23.705179691314697,-70.42419624328613
10/2/2026 12:03:57 PM,-23.705125331878662,-70.4241886138916
10/2/2026 12:03:58 PM,-23.705069065093994,-70.42418098449707
10/2/2026 12:03:59 PM,-23.705010890960693,-70.42417335510254
10/2/2026 12:04:00 PM,-23.704948902130127,-70.42416000366211
10/2/2026 12:04:01 PM,-23.70488166809082,-70.42414474487305
10/2/2026 12:04:02 PM,-23.70481586456299,-70.42413520812988
10/2/2026 12:04:03 PM,-23.704751014709473,-70.42412185668945
10/2/2026 12:04:04 PM,-23.70468759536743,-70.42411231994629
10/2/2026 12:04:05 PM,-23.704627513885498,-70.42410469055176
10/2/2026 12:04:06 PM,-23.704564094543457,-70.42409133911133
10/2/2026 12:04:07 PM,-23.704503536224365,-70.42408180236816
10/2/2026 12:04:08 PM,-23.704450130462646,-70.42407417297363
10/2/2026 12:04:09 PM,-23.70440149307251,-70.4240665435791
10/2/2026 12:04:10 PM,-23.704362392425537,-70.42405891418457
10/2/2026 12:04:11 PM,-23.704330444335938,-70.42405128479004
10/2/2026 12:04:12 PM,-23.704297065734863,-70.4240493774414
10/2/2026 12:04:13 PM,-23.704257011413574,-70.42404365539551
10/2/2026 12:04:14 PM,-23.70421075820923,-70.42403602600098
10/2/2026 12:04:15 PM,-23.70416021347046,-70.42402267456055
10/2/2026 12:04:16 PM,-23.7041015625,-70.42401313781738
10/2/2026 12:04:17 PM,-23.70403480529785,-70.42400550842285
10/2/2026 12:04:18 PM,-23.70396327972412,-70.42399215698242
10/2/2026 12:04:19 PM,-23.703885078430176,-70.42397689819336
10/2/2026 12:04:20 PM,-23.703800678253174,-70.4239616394043
10/2/2026 12:04:21 PM,-23.703710556030273,-70.42394638061523
10/2/2026 12:04:22 PM,-23.703617572784424,-70.42392539978027
10/2/2026 12:04:23 PM,-23.70352554321289,-70.42390823364258
10/2/2026 12:04:24 PM,-23.703431129455566,-70.42388725280762
10/2/2026 12:04:25 PM,-23.703332901000977,-70.42386436462402
10/2/2026 12:04:26 PM,-23.703232288360596,-70.42383575439453
10/2/2026 12:04:27 PM,-23.703126907348633,-70.4238052368164
10/2/2026 12:04:28 PM,-23.703020095825195,-70.42377471923828
10/2/2026 12:04:29 PM,-23.702913284301758,-70.42374420166016
10/2/2026 12:04:30 PM,-23.70280933380127,-70.42370796203613
10/2/2026 12:04:31 PM,-23.702707767486572,-70.42367553710938
10/2/2026 12:04:32 PM,-23.702606678009033,-70.42363929748535
10/2/2026 12:04:33 PM,-23.702508449554443,-70.4236011505127
10/2/2026 12:04:34 PM,-23.70240545272827,-70.42356300354004
10/2/2026 12:04:35 PM,-23.702303409576416,-70.42352485656738
10/2/2026 12:04:36 PM,-23.702200889587402,-70.42349243164062
10/2/2026 12:04:37 PM,-23.70209789276123,-70.4234561920166
10/2/2026 12:04:38 PM,-23.701993465423584,-70.42341804504395
10/2/2026 12:04:39 PM,-23.70188856124878,-70.42338562011719
10/2/2026 12:04:40 PM,-23.701796531677246,-70.42334938049316
10/2/2026 12:04:41 PM,-23.701711654663086,-70.4233226776123
10/2/2026 12:04:42 PM,-23.701632022857666,-70.42329406738281
10/2/2026 12:04:43 PM,-23.701555252075195,-70.42326927185059
10/2/2026 12:04:44 PM,-23.70148754119873,-70.42324638366699
10/2/2026 12:04:45 PM,-23.70143413543701,-70.4232292175293
10/2/2026 12:04:46 PM,-23.70139169692993,-70.42321395874023
10/2/2026 12:04:47 PM,-23.701355934143066,-70.42319869995117
10/2/2026 12:04:48 PM,-23.70132875442505,-70.42318916320801
10/2/2026 12:04:49 PM,-23.701305389404297,-70.42318153381348
10/2/2026 12:04:50 PM,-23.701285362243652,-70.42317390441895
10/2/2026 12:04:51 PM,-23.701276302337646,-70.42316627502441
10/2/2026 12:04:52 PM,-23.7012677192688,-70.42315864562988
10/2/2026 12:04:53 PM,-23.701263904571533,-70.42315673828125
10/2/2026 12:04:54 PM,-23.701263427734375,-70.42315673828125
10/2/2026 12:04:55 PM,-23.70126485824585,-70.42315673828125
10/2/2026 12:04:56 PM,-23.701265335083008,-70.42316246032715
10/2/2026 12:04:57 PM,-23.701263904571533,-70.42316436767578
10/2/2026 12:04:58 PM,-23.701263427734375,-70.42316436767578
10/2/2026 12:04:59 PM,-23.701256275177002,-70.42315864562988
10/2/2026 12:05:00 PM,-23.701236724853516,-70.42315101623535
10/2/2026 12:05:01 PM,-23.701215267181396,-70.42314338684082
10/2/2026 12:05:02 PM,-23.70118999481201,-70.42313575744629
10/2/2026 12:05:03 PM,-23.701161861419678,-70.42312812805176
10/2/2026 12:05:04 PM,-23.701130390167236,-70.42311477661133
10/2/2026 12:05:05 PM,-23.701096534729004,-70.42309951782227
10/2/2026 12:05:06 PM,-23.70105791091919,-70.4230899810791
10/2/2026 12:05:07 PM,-23.701006412506104,-70.42306518554688
10/2/2026 12:05:08 PM,-23.700958251953125,-70.42304611206055
10/2/2026 12:05:09 PM,-23.700905323028564,-70.42303085327148
10/2/2026 12:05:10 PM,-23.70084857940674,-70.42301559448242
10/2/2026 12:05:11 PM,-23.700782775878906,-70.42299461364746
10/2/2026 12:05:12 PM,-23.700716972351074,-70.42297172546387
10/2/2026 12:05:13 PM,-23.700647830963135,-70.42294883728027
10/2/2026 12:05:14 PM,-23.70057439804077,-70.42292022705078
10/2/2026 12:05:15 PM,-23.700495719909668,-70.42288970947266
10/2/2026 12:05:16 PM,-23.700408458709717,-70.42286491394043
10/2/2026 12:05:17 PM,-23.700321674346924,-70.42283630371094
10/2/2026 12:05:18 PM,-23.700232982635498,-70.42280006408691
10/2/2026 12:05:19 PM,-23.700143337249756,-70.42276763916016
10/2/2026 12:05:20 PM,-23.700053691864014,-70.42273712158203
10/2/2026 12:05:21 PM,-23.699965476989746,-70.4227066040039
10/2/2026 12:05:22 PM,-23.69987201690674,-70.42267036437988
10/2/2026 12:05:23 PM,-23.699776649475098,-70.42263793945312
10/2/2026 12:05:24 PM,-23.69968271255493,-70.422607421875
10/2/2026 12:05:25 PM,-23.699589252471924,-70.42257118225098
10/2/2026 12:05:26 PM,-23.699491500854492,-70.42253303527832
10/2/2026 12:05:27 PM,-23.699395179748535,-70.42250061035156
10/2/2026 12:05:28 PM,-23.69929838180542,-70.42246437072754
10/2/2026 12:05:29 PM,-23.699201107025146,-70.42243194580078
10/2/2026 12:05:30 PM,-23.699108123779297,-70.42239570617676
10/2/2026 12:05:31 PM,-23.699016571044922,-70.4223690032959
10/2/2026 12:05:32 PM,-23.69891929626465,-70.42233467102051
10/2/2026 12:05:33 PM,-23.69881582260132,-70.42230224609375
10/2/2026 12:05:34 PM,-23.69870948791504,-70.42226600646973
10/2/2026 12:05:35 PM,-23.6986026763916,-70.42222785949707
10/2/2026 12:05:36 PM,-23.698498725891113,-70.42218399047852
10/2/2026 12:05:37 PM,-23.698391437530518,-70.42214393615723
10/2/2026 12:05:38 PM,-23.698288440704346,-70.42210006713867
10/2/2026 12:05:39 PM,-23.698185920715332,-70.42204856872559
10/2/2026 12:05:40 PM,-23.698087215423584,-70.42198944091797
10/2/2026 12:05:41 PM,-23.697988510131836,-70.42193412780762
10/2/2026 12:05:42 PM,-23.697887897491455,-70.421875
10/2/2026 12:05:43 PM,-23.69779109954834,-70.42181396484375
10/2/2026 12:05:44 PM,-23.69769859313965,-70.4217472076416
10/2/2026 12:05:45 PM,-23.6976056098938,-70.42168426513672
10/2/2026 12:05:46 PM,-23.697510719299316,-70.42162895202637
10/2/2026 12:05:47 PM,-23.697409629821777,-70.42157554626465
10/2/2026 12:05:48 PM,-23.697306632995605,-70.42152786254883
10/2/2026 12:05:49 PM,-23.697197914123535,-70.42149353027344
10/2/2026 12:05:50 PM,-23.697091579437256,-70.42146873474121
10/2/2026 12:05:51 PM,-23.696982383728027,-70.42145156860352
10/2/2026 12:05:52 PM,-23.696868896484375,-70.42144203186035
10/2/2026 12:05:53 PM,-23.696754455566406,-70.42144012451172
10/2/2026 12:05:54 PM,-23.696640014648438,-70.42145156860352
10/2/2026 12:05:55 PM,-23.696527004241943,-70.42147254943848
10/2/2026 12:05:56 PM,-23.696414470672607,-70.42150115966797
10/2/2026 12:05:57 PM,-23.696300506591797,-70.4215316772461
10/2/2026 12:05:58 PM,-23.696187496185303,-70.42156219482422
10/2/2026 12:05:59 PM,-23.696073532104492,-70.42159271240234
10/2/2026 12:06:00 PM,-23.695964813232422,-70.42161178588867
10/2/2026 12:06:01 PM,-23.69585371017456,-70.42162704467773
10/2/2026 12:06:02 PM,-23.695738315582275,-70.421630859375
10/2/2026 12:06:03 PM,-23.695621967315674,-70.421630859375
10/2/2026 12:06:04 PM,-23.695504188537598,-70.4216251373291
10/2/2026 12:06:05 PM,-23.69539451599121,-70.42160606384277
10/2/2026 12:06:06 PM,-23.695287704467773,-70.42158889770508
10/2/2026 12:06:07 PM,-23.695176601409912,-70.42156791687012
10/2/2026 12:06:08 PM,-23.695061206817627,-70.42155075073242
10/2/2026 12:06:09 PM,-23.69494915008545,-70.42153549194336
10/2/2026 12:06:10 PM,-23.694841384887695,-70.4215145111084
10/2/2026 12:06:11 PM,-23.694734573364258,-70.4214973449707
10/2/2026 12:06:12 PM,-23.69462776184082,-70.42147636413574
10/2/2026 12:06:13 PM,-23.69452667236328,-70.42145919799805
10/2/2026 12:06:14 PM,-23.69442319869995,-70.42143821716309
10/2/2026 12:06:15 PM,-23.69431972503662,-70.42142105102539
10/2/2026 12:06:16 PM,-23.694215297698975,-70.42140579223633
10/2/2026 12:06:17 PM,-23.694108963012695,-70.42139053344727
10/2/2026 12:06:18 PM,-23.694002151489258,-70.4213695526123
10/2/2026 12:06:19 PM,-23.69389247894287,-70.42135238647461
10/2/2026 12:06:20 PM,-23.693787574768066,-70.42133712768555
10/2/2026 12:06:21 PM,-23.693687438964844,-70.42132186889648
10/2/2026 12:06:22 PM,-23.693586826324463,-70.42130661010742
10/2/2026 12:06:23 PM,-23.693490028381348,-70.42129135131836
10/2/2026 12:06:24 PM,-23.693393230438232,-70.4212760925293
10/2/2026 12:06:25 PM,-23.693298816680908,-70.42126083374023
10/2/2026 12:06:26 PM,-23.693215370178223,-70.42124557495117
10/2/2026 12:06:27 PM,-23.693140983581543,-70.42123031616211
10/2/2026 12:06:28 PM,-23.693071365356445,-70.42121505737305
10/2/2026 12:06:29 PM,-23.693006992340088,-70.42119979858398
10/2/2026 12:06:30 PM,-23.692952632904053,-70.42119026184082
10/2/2026 12:06:31 PM,-23.692906856536865,-70.42118263244629
10/2/2026 12:06:32 PM,-23.69286584854126,-70.42117500305176
10/2/2026 12:06:33 PM,-23.692830085754395,-70.42116737365723
10/2/2026 12:06:34 PM,-23.69279432296753,-70.4211540222168
10/2/2026 12:06:35 PM,-23.69275665283203,-70.42115020751953
10/2/2026 12:06:36 PM,-23.692705631256104,-70.42113876342773
10/2/2026 12:06:37 PM,-23.692648887634277,-70.42112350463867
10/2/2026 12:06:38 PM,-23.692594528198242,-70.42111396789551
10/2/2026 12:06:39 PM,-23.6925368309021,-70.42109489440918
10/2/2026 12:06:40 PM,-23.69246768951416,-70.42107200622559
10/2/2026 12:06:41 PM,-23.692392349243164,-70.42104911804199
10/2/2026 12:06:42 PM,-23.692313194274902,-70.4210262298584
10/2/2026 12:06:43 PM,-23.69223165512085,-70.4209976196289
10/2/2026 12:06:44 PM,-23.69214963912964,-70.42096710205078
10/2/2026 12:06:45 PM,-23.692063331604004,-70.42093658447266
10/2/2026 12:06:46 PM,-23.691972732543945,-70.42090034484863
10/2/2026 12:06:47 PM,-23.69188117980957,-70.42086791992188
10/2/2026 12:06:48 PM,-23.691786766052246,-70.42083168029785
10/2/2026 12:06:49 PM,-23.69169282913208,-70.4207935333252
10/2/2026 12:06:50 PM,-23.69159507751465,-70.42076110839844
10/2/2026 12:06:51 PM,-23.691493034362793,-70.42072486877441
10/2/2026 12:06:52 PM,-23.691391468048096,-70.42068099975586
10/2/2026 12:06:53 PM,-23.691290378570557,-70.42064094543457
10/2/2026 12:06:54 PM,-23.69118642807007,-70.42060852050781
10/2/2026 12:06:55 PM,-23.691078662872314,-70.42057228088379
10/2/2026 12:06:56 PM,-23.690964221954346,-70.42053413391113
10/2/2026 12:06:57 PM,-23.69084930419922,-70.42049598693848
10/2/2026 12:06:58 PM,-23.690733432769775,-70.42046356201172
10/2/2026 12:06:59 PM,-23.690617084503174,-70.4204273223877
10/2/2026 12:07:00 PM,-23.690499305725098,-70.42038917541504
10/2/2026 12:07:01 PM,-23.690381050109863,-70.42035102844238
10/2/2026 12:07:02 PM,-23.69026279449463,-70.42031288146973
10/2/2026 12:07:03 PM,-23.69014596939087,-70.42027473449707
10/2/2026 12:07:04 PM,-23.690029621124268,-70.42023658752441
10/2/2026 12:07:05 PM,-23.68991184234619,-70.42019844055176
10/2/2026 12:07:06 PM,-23.689796447753906,-70.42016983032227
10/2/2026 12:07:07 PM,-23.68967914581299,-70.42013168334961
10/2/2026 12:07:08 PM,-23.68956232070923,-70.42009353637695
10/2/2026 12:07:09 PM,-23.689444541931152,-70.4200553894043
10/2/2026 12:07:10 PM,-23.689326286315918,-70.42001724243164
10/2/2026 12:07:11 PM,-23.689210891723633,-70.41997528076172
10/2/2026 12:07:12 PM,-23.68909502029419,-70.41993713378906
10/2/2026 12:07:13 PM,-23.688977241516113,-70.41990280151367
10/2/2026 12:07:14 PM,-23.68888759613037,-70.41986465454102
10/2/2026 12:07:15 PM,-23.688769340515137,-70.41982650756836
10/2/2026 12:07:16 PM,-23.68865394592285,-70.41978454589844
10/2/2026 12:07:17 PM,-23.688539505004883,-70.41974258422852
10/2/2026 12:07:18 PM,-23.68842601776123,-70.41969680786133
10/2/2026 12:07:19 PM,-23.68831443786621,-70.41964340209961
10/2/2026 12:07:20 PM,-23.68820285797119,-70.41958999633789
10/2/2026 12:07:21 PM,-23.688090324401855,-70.41953659057617
10/2/2026 12:07:22 PM,-23.68798065185547,-70.41947937011719
10/2/2026 12:07:23 PM,-23.68787670135498,-70.41941452026367
10/2/2026 12:07:24 PM,-23.68777370452881,-70.41934585571289
10/2/2026 12:07:25 PM,-23.68766975402832,-70.41927719116211
10/2/2026 12:07:26 PM,-23.68756866455078,-70.41920852661133
10/2/2026 12:07:27 PM,-23.68746852874756,-70.41913986206055
10/2/2026 12:07:28 PM,-23.687368392944336,-70.4190673828125
10/2/2026 12:07:29 PM,-23.687270164489746,-70.41899108886719
10/2/2026 12:07:30 PM,-23.68717384338379,-70.41891479492188
10/2/2026 12:07:31 PM,-23.68707847595215,-70.4188346862793
10/2/2026 12:07:32 PM,-23.686983108520508,-70.41875076293945
10/2/2026 12:07:33 PM,-23.686888694763184,-70.41866683959961
10/2/2026 12:07:34 PM,-23.68679714202881,-70.41858291625977
10/2/2026 12:07:35 PM,-23.686705589294434,-70.41849517822266
10/2/2026 12:07:36 PM,-23.686612129211426,-70.41840744018555
10/2/2026 12:07:37 PM,-23.686518669128418,-70.4183235168457
10/2/2026 12:07:38 PM,-23.686426162719727,-70.4182357788086
10/2/2026 12:07:39 PM,-23.686333656311035,-70.41814804077148
10/2/2026 12:07:40 PM,-23.68624210357666,-70.41806030273438
10/2/2026 12:07:41 PM,-23.6861515045166,-70.41796875
10/2/2026 12:07:42 PM,-23.686059951782227,-70.41788101196289
10/2/2026 12:07:43 PM,-23.68596839904785,-70.41779708862305
10/2/2026 12:07:44 PM,-23.685876846313477,-70.41770935058594
10/2/2026 12:07:45 PM,-23.685784339904785,-70.41762161254883
10/2/2026 12:07:46 PM,-23.685691833496094,-70.41753768920898
10/2/2026 12:07:47 PM,-23.68560028076172,-70.41745376586914
10/2/2026 12:07:48 PM,-23.68550968170166,-70.41736602783203
10/2/2026 12:07:49 PM,-23.6854190826416,-70.41727828979492
10/2/2026 12:07:50 PM,-23.685330390930176,-70.41719436645508
10/2/2026 12:07:51 PM,-23.685246467590332,-70.4171142578125
10/2/2026 12:07:52 PM,-23.685166358947754,-70.41703414916992
10/2/2026 12:07:53 PM,-23.685089111328125,-70.41696166992188
10/2/2026 12:07:54 PM,-23.68501567840576,-70.4168930053711
10/2/2026 12:07:55 PM,-23.684945106506348,-70.41682052612305
10/2/2026 12:07:56 PM,-23.684876441955566,-70.41675567626953
10/2/2026 12:07:57 PM,-23.684810638427734,-70.41669464111328
10/2/2026 12:07:58 PM,-23.684748649597168,-70.41663360595703
10/2/2026 12:07:59 PM,-23.684690475463867,-70.41657638549805
10/2/2026 12:08:00 PM,-23.68463897705078,-70.4165267944336
10/2/2026 12:08:01 PM,-23.684597969055176,-70.41648483276367
10/2/2026 12:08:02 PM,-23.6845645904541,-70.41645431518555
10/2/2026 12:08:03 PM,-23.684536933898926,-70.41643142700195
10/2/2026 12:08:04 PM,-23.684511184692383,-70.4164047241211
10/2/2026 12:08:05 PM,-23.68448257446289,-70.41637802124023
10/2/2026 12:08:06 PM,-23.684449195861816,-70.41634750366211
10/2/2026 12:08:07 PM,-23.684412956237793,-70.41630935668945
10/2/2026 12:08:08 PM,-23.684371948242188,-70.41626739501953
10/2/2026 12:08:09 PM,-23.68432331085205,-70.41622161865234
10/2/2026 12:08:10 PM,-23.684269905090332,-70.41617202758789
10/2/2026 12:08:11 PM,-23.684213638305664,-70.41611862182617
10/2/2026 12:08:12 PM,-23.68415355682373,-70.41606140136719
10/2/2026 12:08:13 PM,-23.68408966064453,-70.41600036621094
10/2/2026 12:08:14 PM,-23.6840238571167,-70.41593933105469
10/2/2026 12:08:15 PM,-23.6839599609375,-70.41587448120117
10/2/2026 12:08:16 PM,-23.683897018432617,-70.41580581665039
10/2/2026 12:08:17 PM,-23.683831214904785,-70.41574096679688
10/2/2026 12:08:18 PM,-23.68376636505127,-70.41567993164062
10/2/2026 12:08:19 PM,-23.683701515197754,-70.41561889648438
10/2/2026 12:08:20 PM,-23.68363666534424,-70.41556167602539
10/2/2026 12:08:21 PM,-23.68357753753662,-70.4155044555664
10/2/2026 12:08:22 PM,-23.683521270751953,-70.41544723510742
10/2/2026 12:08:23 PM,-23.683465003967285,-70.41539764404297
10/2/2026 12:08:24 PM,-23.683411598205566,-70.41534805297852
10/2/2026 12:08:25 PM,-23.683362007141113,-70.41529846191406
10/2/2026 12:08:26 PM,-23.683317184448242,-70.41525650024414
10/2/2026 12:08:27 PM,-23.68327522277832,-70.41521835327148
10/2/2026 12:08:28 PM,-23.683234214782715,-70.4151840209961
10/2/2026 12:08:29 PM,-23.683198928833008,-70.41515350341797
10/2/2026 12:08:30 PM,-23.683168411254883,-70.41512680053711
10/2/2026 12:08:31 PM,-23.683140754699707,-70.41510009765625
10/2/2026 12:08:32 PM,-23.683117866516113,-70.41507720947266
10/2/2026 12:08:33 PM,-23.683096885681152,-70.41505813598633
10/2/2026 12:08:34 PM,-23.683077812194824,-70.41503524780273
10/2/2026 12:08:35 PM,-23.683061599731445,-70.41501998901367
10/2/2026 12:08:36 PM,-23.68305015563965,-70.41501235961914
10/2/2026 12:08:37 PM,-23.683043479919434,-70.41500473022461
10/2/2026 12:08:38 PM,-23.683042526245117,-70.41500473022461
10/2/2026 12:08:39 PM,-23.68304443359375,-70.41500854492188
10/2/2026 12:08:40 PM,-23.68304443359375,-70.41500854492188
10/2/2026 12:08:41 PM,-23.68304443359375,-70.41500854492188
10/2/2026 12:08:42 PM,-23.683045387268066,-70.41500854492188
10/2/2026 12:08:43 PM,-23.683046340942383,-70.41500854492188
10/2/2026 12:08:44 PM,-23.683046340942383,-70.41500854492188
10/2/2026 12:08:45 PM,-23.683046340942383,-70.41500854492188
10/2/2026 12:08:46 PM,-23.68304443359375,-70.41500473022461
10/2/2026 12:08:47 PM,-23.683037757873535,-70.41499710083008
10/2/2026 12:08:48 PM,-23.683025360107422,-70.41498565673828
10/2/2026 12:08:49 PM,-23.683009147644043,-70.41497039794922
10/2/2026 12:08:50 PM,-23.682990074157715,-70.41495132446289
10/2/2026 12:08:51 PM,-23.682968139648438,-70.4149284362793
10/2/2026 12:08:52 PM,-23.68294334411621,-70.4149055480957
10/2/2026 12:08:53 PM,-23.68291473388672,-70.41487884521484
10/2/2026 12:08:54 PM,-23.68287754058838,-70.41484451293945
10/2/2026 12:08:55 PM,-23.682838439941406,-70.4148063659668
10/2/2026 12:08:56 PM,-23.68280029296875,-70.41476821899414
10/2/2026 12:08:57 PM,-23.682756423950195,-70.41472625732422
10/2/2026 12:08:58 PM,-23.68270969390869,-70.41468048095703
10/2/2026 12:08:59 PM,-23.68266010284424,-70.41463470458984
10/2/2026 12:09:00 PM,-23.682608604431152,-70.41458511352539
10/2/2026 12:09:01 PM,-23.682554244995117,-70.41453170776367
10/2/2026 12:09:02 PM,-23.682497024536133,-70.41447830200195
10/2/2026 12:09:03 PM,-23.682440757751465,-70.41442108154297
10/2/2026 12:09:04 PM,-23.682385444641113,-70.41436004638672
10/2/2026 12:09:05 PM,-23.68232822418213,-70.41430282592773
10/2/2026 12:09:06 PM,-23.68226909637451,-70.41424942016602
10/2/2026 12:09:07 PM,-23.682205200195312,-70.41419219970703
10/2/2026 12:09:08 PM,-23.682135581970215,-70.41413879394531
10/2/2026 12:09:09 PM,-23.682063102722168,-70.41408920288086
10/2/2026 12:09:10 PM,-23.68198585510254,-70.4140396118164
10/2/2026 12:09:11 PM,-23.681901931762695,-70.41399383544922
10/2/2026 12:09:12 PM,-23.68181037902832,-70.41394805908203
10/2/2026 12:09:13 PM,-23.68171215057373,-70.41390991210938
10/2/2026 12:09:14 PM,-23.681612014770508,-70.41387939453125
10/2/2026 12:09:15 PM,-23.681509017944336,-70.41384887695312
10/2/2026 12:09:16 PM,-23.681405067443848,-70.413818359375
10/2/2026 12:09:17 PM,-23.681304931640625,-70.41378784179688
10/2/2026 12:09:18 PM,-23.681206703186035,-70.41376113891602
10/2/2026 12:09:19 PM,-23.681111335754395,-70.41373443603516
10/2/2026 12:09:20 PM,-23.681018829345703,-70.41370391845703
10/2/2026 12:09:21 PM,-23.68092441558838,-70.4136734008789
10/2/2026 12:09:22 PM,-23.680825233459473,-70.41364288330078
10/2/2026 12:09:23 PM,-23.68072509765625,-70.41361236572266
10/2/2026 12:09:24 PM,-23.68062686920166,-70.41358184814453
10/2/2026 12:09:25 PM,-23.68053150177002,-70.41355514526367
10/2/2026 12:09:26 PM,-23.68043804168701,-70.41352844238281
10/2/2026 12:09:27 PM,-23.680343627929688,-70.41350173950195
10/2/2026 12:09:28 PM,-23.680249214172363,-70.4134750366211
10/2/2026 12:09:29 PM,-23.68015480041504,-70.41344833374023
10/2/2026 12:09:30 PM,-23.68006134033203,-70.41342544555664
10/2/2026 12:09:31 PM,-23.679972648620605,-70.41339874267578
10/2/2026 12:09:32 PM,-23.679884910583496,-70.41337585449219
10/2/2026 12:09:33 PM,-23.679800033569336,-70.4133529663086
10/2/2026 12:09:34 PM,-23.679720878601074,-70.41332626342773
10/2/2026 12:09:35 PM,-23.67964267730713,-70.4133071899414
10/2/2026 12:09:36 PM,-23.679567337036133,-70.41329193115234
10/2/2026 12:09:37 PM,-23.679500579833984,-70.41327285766602
10/2/2026 12:09:38 PM,-23.67944049835205,-70.41325378417969
10/2/2026 12:09:39 PM,-23.679384231567383,-70.41323852539062
10/2/2026 12:09:40 PM,-23.679333686828613,-70.41322326660156
10/2/2026 12:09:41 PM,-23.679287910461426,-70.41321182250977
10/2/2026 12:09:42 PM,-23.679248809814453,-70.41320037841797
10/2/2026 12:09:43 PM,-23.67921733856201,-70.41318893432617
10/2/2026 12:09:44 PM,-23.67919158935547,-70.4131851196289
10/2/2026 12:09:45 PM,-23.679168701171875,-70.41318130493164
10/2/2026 12:09:46 PM,-23.679146766662598,-70.41316986083984
10/2/2026 12:09:47 PM,-23.67913055419922,-70.41316223144531
10/2/2026 12:09:48 PM,-23.679121017456055,-70.41316223144531
10/2/2026 12:09:49 PM,-23.679115295410156,-70.41316604614258
10/2/2026 12:09:50 PM,-23.679113388061523,-70.41316986083984
10/2/2026 12:09:51 PM,-23.679113388061523,-70.41316986083984
10/2/2026 12:09:52 PM,-23.679113388061523,-70.41316986083984
10/2/2026 12:09:53 PM,-23.679113388061523,-70.41316986083984
10/2/2026 12:09:54 PM,-23.679113388061523,-70.41316986083984
10/2/2026 12:09:55 PM,-23.67911434173584,-70.41316986083984
10/2/2026 12:09:56 PM,-23.67911434173584,-70.41316986083984
10/2/2026 12:09:57 PM,-23.679113388061523,-70.41316986083984
10/2/2026 12:09:58 PM,-23.679113388061523,-70.41316986083984
10/2/2026 12:09:59 PM,-23.67911148071289,-70.41316986083984
10/2/2026 12:10:00 PM,-23.679107666015625,-70.41316986083984
10/2/2026 12:10:01 PM,-23.67910385131836,-70.41316986083984
10/2/2026 12:10:02 PM,-23.67909812927246,-70.41316604614258
10/2/2026 12:10:03 PM,-23.679089546203613,-70.41316223144531
10/2/2026 12:10:04 PM,-23.679075241088867,-70.41315841674805
10/2/2026 12:10:05 PM,-23.679055213928223,-70.41315078735352
10/2/2026 12:10:06 PM,-23.679031372070312,-70.41314697265625
10/2/2026 12:10:07 PM,-23.67900276184082,-70.41313934326172
10/2/2026 12:10:08 PM,-23.678970336914062,-70.41312789916992
10/2/2026 12:10:09 PM,-23.678935050964355,-70.41312026977539
10/2/2026 12:10:10 PM,-23.678894996643066,-70.4131088256836
10/2/2026 12:10:11 PM,-23.678845405578613,-70.41309356689453
10/2/2026 12:10:12 PM,-23.67879295349121,-70.41307830810547
10/2/2026 12:10:13 PM,-23.67874050140381,-70.41305923461914
10/2/2026 12:10:14 PM,-23.678682327270508,-70.41304016113281
10/2/2026 12:10:15 PM,-23.678622245788574,-70.41302490234375
10/2/2026 12:10:16 PM,-23.678561210632324,-70.41300964355469
10/2/2026 12:10:17 PM,-23.678494453430176,-70.41299057006836
10/2/2026 12:10:18 PM,-23.678421020507812,-70.4129638671875
10/2/2026 12:10:19 PM,-23.678343772888184,-70.41293716430664
10/2/2026 12:10:20 PM,-23.678264617919922,-70.41291427612305
10/2/2026 12:10:21 PM,-23.67818260192871,-70.41288757324219
10/2/2026 12:10:22 PM,-23.6780948638916,-70.41286087036133
10/2/2026 12:10:23 PM,-23.67800521850586,-70.41283798217773
10/2/2026 12:10:24 PM,-23.677916526794434,-70.41281127929688
10/2/2026 12:10:25 PM,-23.677823066711426,-70.41277694702148
10/2/2026 12:10:26 PM,-23.677725791931152,-70.4127426147461
10/2/2026 12:10:27 PM,-23.677626609802246,-70.41271209716797
10/2/2026 12:10:28 PM,-23.67752742767334,-70.41267776489258
10/2/2026 12:10:29 PM,-23.677430152893066,-70.41264343261719
10/2/2026 12:10:30 PM,-23.677332878112793,-70.4126091003418
10/2/2026 12:10:31 PM,-23.677234649658203,-70.4125747680664
10/2/2026 12:10:32 PM,-23.677135467529297,-70.41254043579102
10/2/2026 12:10:33 PM,-23.677035331726074,-70.41250610351562
10/2/2026 12:10:34 PM,-23.67693328857422,-70.41247177124023
10/2/2026 12:10:35 PM,-23.676830291748047,-70.41243743896484
10/2/2026 12:10:36 PM,-23.67672634124756,-70.41239929199219
10/2/2026 12:10:37 PM,-23.676621437072754,-70.41236114501953
10/2/2026 12:10:38 PM,-23.67651653289795,-70.41232681274414
10/2/2026 12:10:39 PM,-23.67641258239746,-70.41228866577148
10/2/2026 12:10:40 PM,-23.676310539245605,-70.41225051879883
10/2/2026 12:10:41 PM,-23.676210403442383,-70.41221618652344
10/2/2026 12:10:42 PM,-23.67611026763916,-70.41218566894531
10/2/2026 12:10:43 PM,-23.67600917816162,-70.41215133666992
10/2/2026 12:10:44 PM,-23.675907135009766,-70.41211318969727
10/2/2026 12:10:45 PM,-23.67580509185791,-70.41207885742188
10/2/2026 12:10:46 PM,-23.675701141357422,-70.41204452514648
10/2/2026 12:10:47 PM,-23.675594329833984,-70.41200637817383
10/2/2026 12:10:48 PM,-23.675487518310547,-70.41196823120117
10/2/2026 12:10:49 PM,-23.675378799438477,-70.41193008422852
10/2/2026 12:10:50 PM,-23.675270080566406,-70.4118881225586
10/2/2026 12:10:51 PM,-23.675164222717285,-70.41184997558594
10/2/2026 12:10:52 PM,-23.675060272216797,-70.41181564331055
10/2/2026 12:10:53 PM,-23.67495632171631,-70.41177749633789
10/2/2026 12:10:54 PM,-23.674850463867188,-70.41173934936523
10/2/2026 12:10:55 PM,-23.67474365234375,-70.41170120239258
10/2/2026 12:10:56 PM,-23.674636840820312,-70.41166305541992
10/2/2026 12:10:57 PM,-23.67453384399414,-70.41162109375
10/2/2026 12:10:58 PM,-23.674434661865234,-70.41157531738281
10/2/2026 12:10:59 PM,-23.67433738708496,-70.41152572631836
10/2/2026 12:11:00 PM,-23.67424488067627,-70.4114761352539
10/2/2026 12:11:01 PM,-23.67415714263916,-70.41143035888672
10/2/2026 12:11:02 PM,-23.6740779876709,-70.41138458251953
10/2/2026 12:11:03 PM,-23.674007415771484,-70.41133880615234
10/2/2026 12:11:04 PM,-23.673941612243652,-70.41129302978516
10/2/2026 12:11:05 PM,-23.673879623413086,-70.41124725341797
10/2/2026 12:11:06 PM,-23.673821449279785,-70.41120147705078
10/2/2026 12:11:07 PM,-23.673766136169434,-70.41115951538086
10/2/2026 12:11:08 PM,-23.673715591430664,-70.41111755371094
10/2/2026 12:11:09 PM,-23.673673629760742,-70.41109466552734
10/2/2026 12:11:10 PM,-23.67363452911377,-70.41106796264648
10/2/2026 12:11:11 PM,-23.67360019683838,-70.41103935241699
10/2/2026 12:11:12 PM,-23.673572540283203,-70.4110221862793
10/2/2026 12:11:13 PM,-23.67354679107666,-70.41100120544434
10/2/2026 12:11:14 PM,-23.67351722717285,-70.41098403930664
10/2/2026 12:11:15 PM,-23.67348003387451,-70.41095733642578
10/2/2026 12:11:16 PM,-23.673437118530273,-70.41092681884766
10/2/2026 12:11:17 PM,-23.67339038848877,-70.41089630126953
10/2/2026 12:11:18 PM,-23.673340797424316,-70.4108657836914
10/2/2026 12:11:19 PM,-23.673290252685547,-70.41082954406738
10/2/2026 12:11:20 PM,-23.673237800598145,-70.41079711914062
10/2/2026 12:11:21 PM,-23.673162937164307,-70.4107551574707
10/2/2026 12:11:22 PM,-23.673112869262695,-70.41070938110352
10/2/2026 12:11:23 PM,-23.673025608062744,-70.41066360473633
10/2/2026 12:11:24 PM,-23.672971725463867,-70.41061782836914
10/2/2026 12:11:25 PM,-23.672900199890137,-70.41056060791016
10/2/2026 12:11:26 PM,-23.672831535339355,-70.4104995727539
10/2/2026 12:11:27 PM,-23.672749519348145,-70.41042709350586
10/2/2026 12:11:28 PM,-23.672688961029053,-70.41035079956055
10/2/2026 12:11:29 PM,-23.672645568847656,-70.41026878356934
10/2/2026 12:11:30 PM,-23.67259120941162,-70.41018486022949
10/2/2026 12:11:31 PM,-23.67254066467285,-70.41010093688965
10/2/2026 12:11:32 PM,-23.6724910736084,-70.4100170135498
10/2/2026 12:11:33 PM,-23.67244243621826,-70.40993881225586
10/2/2026 12:11:34 PM,-23.672395706176758,-70.40986251831055
10/2/2026 12:11:35 PM,-23.672350883483887,-70.40978622436523
10/2/2026 12:11:36 PM,-23.672304153442383,-70.40970420837402
10/2/2026 12:11:37 PM,-23.67225742340088,-70.40962600708008
10/2/2026 12:11:38 PM,-23.67221450805664,-70.40955543518066
10/2/2026 12:11:39 PM,-23.672173500061035,-70.40948677062988
10/2/2026 12:11:40 PM,-23.672134399414062,-70.409423828125
10/2/2026 12:11:41 PM,-23.67210292816162,-70.40937423706055
10/2/2026 12:11:42 PM,-23.672078132629395,-70.40933418273926
10/2/2026 12:11:43 PM,-23.672051429748535,-70.4092960357666
10/2/2026 12:11:44 PM,-23.67203378677368,-70.40926361083984
10/2/2026 12:11:45 PM,-23.672013759613037,-70.40923309326172
10/2/2026 12:11:46 PM,-23.67199420928955,-70.4091968536377
10/2/2026 12:11:47 PM,-23.6719708442688,-70.40915298461914
10/2/2026 12:11:48 PM,-23.671944618225098,-70.40910148620605
10/2/2026 12:11:49 PM,-23.67191219329834,-70.40904808044434
10/2/2026 12:11:50 PM,-23.671876430511475,-70.40898323059082
10/2/2026 12:11:51 PM,-23.671838760375977,-70.40892028808594
10/2/2026 12:11:52 PM,-23.671799182891846,-70.40885353088379
10/2/2026 12:11:53 PM,-23.671759128570557,-70.40878486633301
10/2/2026 12:11:54 PM,-23.67171621322632,-70.40872192382812
10/2/2026 12:11:55 PM,-23.671675205230713,-70.40864944458008
10/2/2026 12:11:56 PM,-23.671632289886475,-70.40857887268066
10/2/2026 12:11:57 PM,-23.67158842086792,-70.40850448608398
10/2/2026 12:11:58 PM,-23.671547412872314,-70.40842819213867
10/2/2026 12:11:59 PM,-23.671507358551025,-70.40835762023926
10/2/2026 12:12:00 PM,-23.671470165252686,-70.40828895568848
10/2/2026 12:12:01 PM,-23.671431064605713,-70.4082260131836
10/2/2026 12:12:02 PM,-23.671393871307373,-70.40816497802734
10/2/2026 12:12:03 PM,-23.67135763168335,-70.4081039428711
10/2/2026 12:12:04 PM,-23.671321392059326,-70.40804862976074
10/2/2026 12:12:05 PM,-23.67129373550415,-70.40800094604492
10/2/2026 12:12:06 PM,-23.67126750946045,-70.40796089172363
10/2/2026 12:12:07 PM,-23.67124652862549,-70.40792274475098
10/2/2026 12:12:08 PM,-23.671228885650635,-70.40789604187012
10/2/2026 12:12:09 PM,-23.67121171951294,-70.40786743164062
10/2/2026 12:12:10 PM,-23.671200275421143,-70.4078483581543
10/2/2026 12:12:11 PM,-23.671192169189453,-70.40783309936523
10/2/2026 12:12:12 PM,-23.671183109283447,-70.40781784057617
10/2/2026 12:12:13 PM,-23.67116928100586,-70.40780258178711
10/2/2026 12:12:14 PM,-23.67115831375122,-70.40778160095215
10/2/2026 12:12:15 PM,-23.671148777008057,-70.40776443481445
10/2/2026 12:12:16 PM,-23.671139240264893,-70.40774917602539
10/2/2026 12:12:17 PM,-23.671125411987305,-70.40772819519043
10/2/2026 12:12:18 PM,-23.671111583709717,-70.40769958496094
10/2/2026 12:12:19 PM,-23.671093940734863,-70.40766906738281
10/2/2026 12:12:20 PM,-23.67107343673706,-70.40763282775879
10/2/2026 12:12:21 PM,-23.671042442321777,-70.40758895874023
10/2/2026 12:12:22 PM,-23.671008110046387,-70.40754318237305
10/2/2026 12:12:23 PM,-23.67097234725952,-70.40750312805176
10/2/2026 12:12:24 PM,-23.670931816101074,-70.4074649810791
10/2/2026 12:12:25 PM,-23.670886993408203,-70.40742683410645
10/2/2026 12:12:26 PM,-23.670835494995117,-70.40738868713379
10/2/2026 12:12:27 PM,-23.670780658721924,-70.40735626220703
10/2/2026 12:12:28 PM,-23.670713901519775,-70.4073314666748
10/2/2026 12:12:29 PM,-23.670639038085938,-70.40730285644531
10/2/2026 12:12:30 PM,-23.670559883117676,-70.40727806091309
10/2/2026 12:12:31 PM,-23.670475482940674,-70.4072494506836
10/2/2026 12:12:32 PM,-23.670392513275146,-70.40721893310547
10/2/2026 12:12:33 PM,-23.670307636260986,-70.40718841552734
10/2/2026 12:12:34 PM,-23.67022180557251,-70.40715789794922
10/2/2026 12:12:35 PM,-23.67013168334961,-70.4071273803711
10/2/2026 12:12:36 PM,-23.670040130615234,-70.40708541870117
10/2/2026 12:12:37 PM,-23.669947147369385,-70.40704536437988
10/2/2026 12:12:38 PM,-23.669849395751953,-70.40700721740723
10/2/2026 12:12:39 PM,-23.669750213623047,-70.40697479248047
10/2/2026 12:12:40 PM,-23.669646739959717,-70.40693283081055
10/2/2026 12:12:41 PM,-23.669543266296387,-70.40689277648926
10/2/2026 12:12:42 PM,-23.66944456100464,-70.4068546295166
10/2/2026 12:12:43 PM,-23.66934299468994,-70.40681076049805
10/2/2026 12:12:44 PM,-23.66924285888672,-70.40677070617676
10/2/2026 12:12:45 PM,-23.669145107269287,-70.4067268371582
10/2/2026 12:12:46 PM,-23.669044971466064,-70.40668678283691
10/2/2026 12:12:47 PM,-23.66894245147705,-70.40664291381836
10/2/2026 12:12:48 PM,-23.668842315673828,-70.40659141540527
10/2/2026 12:12:49 PM,-23.668741703033447,-70.40654945373535
10/2/2026 12:12:50 PM,-23.668644905090332,-70.4065113067627
10/2/2026 12:12:51 PM,-23.668553829193115,-70.40646743774414
10/2/2026 12:12:52 PM,-23.6684627532959,-70.40642166137695
10/2/2026 12:12:53 PM,-23.668372631072998,-70.40638160705566
10/2/2026 12:12:54 PM,-23.668280124664307,-70.40634346008301
10/2/2026 12:12:55 PM,-23.6681866645813,-70.40630531311035
10/2/2026 12:12:56 PM,-23.668090343475342,-70.4062614440918
10/2/2026 12:12:57 PM,-23.667997360229492,-70.40622138977051
10/2/2026 12:12:58 PM,-23.667914390563965,-70.40618324279785
10/2/2026 12:12:59 PM,-23.667842864990234,-70.4061508178711
10/2/2026 12:13:00 PM,-23.667778491973877,-70.40612602233887
10/2/2026 12:13:01 PM,-23.667722702026367,-70.40609741210938
10/2/2026 12:13:02 PM,-23.667675018310547,-70.40607261657715
10/2/2026 12:13:03 PM,-23.667637825012207,-70.40606117248535
10/2/2026 12:13:04 PM,-23.667619228363037,-70.40605354309082
10/2/2026 12:13:05 PM,-23.667604446411133,-70.40604019165039
10/2/2026 12:13:06 PM,-23.66758918762207,-70.40603065490723
10/2/2026 12:13:07 PM,-23.66756820678711,-70.4060230255127
10/2/2026 12:13:08 PM,-23.66754674911499,-70.40601539611816
10/2/2026 12:13:09 PM,-23.667524337768555,-70.40600776672363
10/2/2026 12:13:10 PM,-23.667502880096436,-70.4060001373291
10/2/2026 12:13:11 PM,-23.667487621307373,-70.40599250793457
10/2/2026 12:13:12 PM,-23.667474269866943,-70.40598487854004
10/2/2026 12:13:13 PM,-23.66745948791504,-70.40597724914551
10/2/2026 12:13:14 PM,-23.667442798614502,-70.40596961975098
10/2/2026 12:13:15 PM,-23.667424201965332,-70.40596199035645
10/2/2026 12:13:16 PM,-23.667399406433105,-70.40594863891602
10/2/2026 12:13:17 PM,-23.667369842529297,-70.40593338012695
10/2/2026 12:13:18 PM,-23.667337894439697,-70.40591812133789
10/2/2026 12:13:19 PM,-23.66730546951294,-70.40590286254883
10/2/2026 12:13:20 PM,-23.667267322540283,-70.40588188171387
10/2/2026 12:13:21 PM,-23.667227268218994,-70.40586471557617
10/2/2026 12:13:22 PM,-23.66718864440918,-70.40584373474121
10/2/2026 12:13:23 PM,-23.667154788970947,-70.40582656860352
10/2/2026 12:13:24 PM,-23.667120933532715,-70.40580558776855
10/2/2026 12:13:25 PM,-23.66708517074585,-70.40578842163086
10/2/2026 12:13:26 PM,-23.667051792144775,-70.4057731628418
10/2/2026 12:13:27 PM,-23.667020797729492,-70.40575790405273
10/2/2026 12:13:28 PM,-23.666996002197266,-70.40574264526367
10/2/2026 12:13:29 PM,-23.666974544525146,-70.40572738647461
10/2/2026 12:13:30 PM,-23.666950702667236,-70.40571784973145
10/2/2026 12:13:31 PM,-23.666921615600586,-70.40569877624512
10/2/2026 12:13:32 PM,-23.666889667510986,-70.40568161010742
10/2/2026 12:13:33 PM,-23.666855812072754,-70.40566062927246
10/2/2026 12:13:34 PM,-23.666824340820312,-70.40564346313477
10/2/2026 12:13:35 PM,-23.66679811477661,-70.4056339263916
10/2/2026 12:13:36 PM,-23.666776180267334,-70.40562057495117
10/2/2026 12:13:37 PM,-23.666756629943848,-70.40561103820801
10/2/2026 12:13:38 PM,-23.666741847991943,-70.40560340881348
10/2/2026 12:13:39 PM,-23.66673707962036,-70.40560150146484
10/2/2026 12:13:40 PM,-23.666738033294678,-70.40560150146484
10/2/2026 12:13:41 PM,-23.66674280166626,-70.40560722351074
10/2/2026 12:13:42 PM,-23.666741371154785,-70.40560913085938
10/2/2026 12:13:43 PM,-23.66673183441162,-70.40560340881348
10/2/2026 12:13:44 PM,-23.666714668273926,-70.40559577941895
10/2/2026 12:13:45 PM,-23.666694164276123,-70.40558815002441
10/2/2026 12:13:46 PM,-23.666667461395264,-70.40557479858398
10/2/2026 12:13:47 PM,-23.666637420654297,-70.40555953979492
10/2/2026 12:13:48 PM,-23.666604042053223,-70.40554428100586
10/2/2026 12:13:49 PM,-23.666568279266357,-70.4055233001709
10/2/2026 12:13:50 PM,-23.66652202606201,-70.4055004119873
10/2/2026 12:13:51 PM,-23.666476726531982,-70.40547752380371
10/2/2026 12:13:52 PM,-23.666428565979004,-70.40545463562012
10/2/2026 12:13:53 PM,-23.66637897491455,-70.40542602539062
10/2/2026 12:13:54 PM,-23.666325092315674,-70.4054012298584
10/2/2026 12:13:55 PM,-23.66627264022827,-70.4053726196289
10/2/2026 12:13:56 PM,-23.666226863861084,-70.40535354614258
10/2/2026 12:13:57 PM,-23.666184425354004,-70.40533256530762
10/2/2026 12:13:58 PM,-23.666149616241455,-70.40532112121582
10/2/2026 12:13:59 PM,-23.66612148284912,-70.40530776977539
10/2/2026 12:14:00 PM,-23.666091918945312,-70.40529251098633
10/2/2026 12:14:01 PM,-23.666059970855713,-70.40527153015137
10/2/2026 12:14:02 PM,-23.666018962860107,-70.40524864196777
10/2/2026 12:14:03 PM,-23.665975093841553,-70.40522003173828
10/2/2026 12:14:04 PM,-23.665929794311523,-70.40519523620605
10/2/2026 12:14:05 PM,-23.665881156921387,-70.40516662597656
10/2/2026 12:14:06 PM,-23.665828704833984,-70.40512466430664
10/2/2026 12:14:07 PM,-23.665772438049316,-70.40508460998535
10/2/2026 12:14:08 PM,-23.66571807861328,-70.4050407409668
10/2/2026 12:14:09 PM,-23.66566038131714,-70.40498924255371
10/2/2026 12:14:10 PM,-23.66560125350952,-70.4049301147461
10/2/2026 12:14:11 PM,-23.665546417236328,-70.40486335754395
10/2/2026 12:14:12 PM,-23.66549301147461,-70.40479469299316
10/2/2026 12:14:13 PM,-23.665435314178467,-70.40471458435059
10/2/2026 12:14:14 PM,-23.665377616882324,-70.40463638305664
10/2/2026 12:14:15 PM,-23.665318965911865,-70.40456008911133
10/2/2026 12:14:16 PM,-23.665258407592773,-70.40447807312012
10/2/2026 12:14:17 PM,-23.665197372436523,-70.40439987182617
10/2/2026 12:14:18 PM,-23.665136337280273,-70.40431785583496
10/2/2026 12:14:19 PM,-23.66507387161255,-70.40423393249512
10/2/2026 12:14:20 PM,-23.66501235961914,-70.40415000915527
10/2/2026 12:14:21 PM,-23.664945602416992,-70.40407180786133
10/2/2026 12:14:22 PM,-23.664875507354736,-70.40399551391602
10/2/2026 12:14:23 PM,-23.664803504943848,-70.4039249420166
10/2/2026 12:14:24 PM,-23.66472816467285,-70.40386772155762
10/2/2026 12:14:25 PM,-23.66464614868164,-70.4038200378418
10/2/2026 12:14:26 PM,-23.664557933807373,-70.40377998352051
10/2/2026 12:14:27 PM,-23.664463996887207,-70.40374755859375
10/2/2026 12:14:28 PM,-23.664362907409668,-70.40372848510742
10/2/2026 12:14:29 PM,-23.66426134109497,-70.40371894836426
10/2/2026 12:14:30 PM,-23.66416311264038,-70.40371131896973
10/2/2026 12:14:31 PM,-23.664067268371582,-70.4037094116211
10/2/2026 12:14:32 PM,-23.663973331451416,-70.40370559692383
10/2/2026 12:14:33 PM,-23.663878440856934,-70.40370178222656
10/2/2026 12:14:34 PM,-23.663785934448242,-70.40370178222656
10/2/2026 12:14:35 PM,-23.663700103759766,-70.40370178222656
10/2/2026 12:14:36 PM,-23.663626194000244,-70.40370178222656
10/2/2026 12:14:37 PM,-23.663559913635254,-70.4036979675293
10/2/2026 12:14:38 PM,-23.663500785827637,-70.40369415283203
10/2/2026 12:14:39 PM,-23.663450717926025,-70.40369415283203
10/2/2026 12:14:40 PM,-23.66340732574463,-70.40369033813477
10/2/2026 12:14:41 PM,-23.663373947143555,-70.4036865234375
10/2/2026 12:14:42 PM,-23.663349151611328,-70.4036865234375
10/2/2026 12:14:43 PM,-23.6633358001709,-70.4036865234375
10/2/2026 12:14:44 PM,-23.66332244873047,-70.4036865234375
10/2/2026 12:14:45 PM,-23.663316249847412,-70.40369033813477
10/2/2026 12:14:46 PM,-23.66331195831299,-70.40369415283203
10/2/2026 12:14:47 PM,-23.663304805755615,-70.40369415283203
10/2/2026 12:14:48 PM,-23.663304328918457,-70.4036979675293
10/2/2026 12:14:49 PM,-23.66330337524414,-70.4036979675293
10/2/2026 12:14:50 PM,-23.663297653198242,-70.4036979675293
10/2/2026 12:14:51 PM,-23.66328525543213,-70.40370178222656
10/2/2026 12:14:52 PM,-23.663265228271484,-70.40370178222656
10/2/2026 12:14:53 PM,-23.663240432739258,-70.40370178222656
10/2/2026 12:14:54 PM,-23.663211822509766,-70.40370178222656
10/2/2026 12:14:55 PM,-23.663179397583008,-70.4036979675293
10/2/2026 12:14:56 PM,-23.6631441116333,-70.40369415283203
10/2/2026 12:14:57 PM,-23.66310405731201,-70.40369033813477
10/2/2026 12:14:58 PM,-23.66305160522461,-70.40368270874023
10/2/2026 12:14:59 PM,-23.662997245788574,-70.40367889404297
10/2/2026 12:15:00 PM,-23.66294765472412,-70.4036750793457
10/2/2026 12:15:01 PM,-23.662891387939453,-70.40367126464844
10/2/2026 12:15:02 PM,-23.662829399108887,-70.40367126464844
10/2/2026 12:15:03 PM,-23.66276454925537,-70.40366744995117
10/2/2026 12:15:04 PM,-23.66269588470459,-70.40365982055664
10/2/2026 12:15:05 PM,-23.662619590759277,-70.40365600585938
10/2/2026 12:15:06 PM,-23.662535667419434,-70.40365600585938
10/2/2026 12:15:07 PM,-23.662447929382324,-70.40365600585938
10/2/2026 12:15:08 PM,-23.662357330322266,-70.40365600585938
10/2/2026 12:15:09 PM,-23.662263870239258,-70.40365600585938
10/2/2026 12:15:10 PM,-23.662168502807617,-70.40365219116211
10/2/2026 12:15:11 PM,-23.662074089050293,-70.40364837646484
10/2/2026 12:15:12 PM,-23.661977767944336,-70.40364456176758
10/2/2026 12:15:13 PM,-23.661879539489746,-70.40364074707031
10/2/2026 12:15:14 PM,-23.661782264709473,-70.40364074707031
10/2/2026 12:15:15 PM,-23.6616849899292,-70.40364074707031
10/2/2026 12:15:16 PM,-23.661587715148926,-70.40364074707031
10/2/2026 12:15:17 PM,-23.661487579345703,-70.40363311767578
10/2/2026 12:15:18 PM,-23.661383628845215,-70.40362930297852
10/2/2026 12:15:19 PM,-23.661277770996094,-70.40362930297852
10/2/2026 12:15:20 PM,-23.661171913146973,-70.40362548828125
10/2/2026 12:15:21 PM,-23.661067008972168,-70.40362167358398
10/2/2026 12:15:22 PM,-23.66096305847168,-70.40361785888672
10/2/2026 12:15:23 PM,-23.660860061645508,-70.40361785888672
10/2/2026 12:15:24 PM,-23.660758018493652,-70.40361404418945
10/2/2026 12:15:25 PM,-23.66066074371338,-70.40360641479492
10/2/2026 12:15:26 PM,-23.66056728363037,-70.40359878540039
10/2/2026 12:15:27 PM,-23.660473823547363,-70.40358352661133
10/2/2026 12:15:28 PM,-23.660380363464355,-70.40355682373047
10/2/2026 12:15:29 PM,-23.660289764404297,-70.40352630615234
10/2/2026 12:15:30 PM,-23.660202026367188,-70.40349197387695
10/2/2026 12:15:31 PM,-23.660118103027344,-70.4034538269043
10/2/2026 12:15:32 PM,-23.660043716430664,-70.4034194946289
10/2/2026 12:15:33 PM,-23.659979820251465,-70.40338897705078
10/2/2026 12:15:34 PM,-23.659923553466797,-70.40335845947266
10/2/2026 12:15:35 PM,-23.659873008728027,-70.4033317565918
10/2/2026 12:15:36 PM,-23.659831047058105,-70.4033088684082
10/2/2026 12:15:37 PM,-23.65979766845703,-70.40328979492188
10/2/2026 12:15:38 PM,-23.65976905822754,-70.40327835083008
10/2/2026 12:15:39 PM,-23.659749031066895,-70.40326690673828
10/2/2026 12:15:40 PM,-23.65973949432373,-70.40325546264648
10/2/2026 12:15:41 PM,-23.659735679626465,-70.40325164794922
10/2/2026 12:15:42 PM,-23.6597318649292,-70.40325164794922
10/2/2026 12:15:43 PM,-23.659728050231934,-70.40325164794922
10/2/2026 12:15:44 PM,-23.65972900390625,-70.40325546264648
10/2/2026 12:15:45 PM,-23.6597318649292,-70.40325927734375
10/2/2026 12:15:46 PM,-23.659733772277832,-70.40325927734375
10/2/2026 12:15:47 PM,-23.659735679626465,-70.40325927734375
10/2/2026 12:15:48 PM,-23.659735679626465,-70.40325927734375
10/2/2026 12:15:49 PM,-23.659735679626465,-70.40325927734375
10/2/2026 12:15:50 PM,-23.659737586975098,-70.40325927734375
10/2/2026 12:15:51 PM,-23.659737586975098,-70.40325927734375
10/2/2026 12:15:52 PM,-23.65973663330078,-70.40325927734375
10/2/2026 12:15:53 PM,-23.65973663330078,-70.40325927734375
10/2/2026 12:15:54 PM,-23.65973663330078,-70.40325927734375
10/2/2026 12:15:55 PM,-23.65973663330078,-70.40325927734375
10/2/2026 12:15:56 PM,-23.659735679626465,-70.40325927734375
10/2/2026 12:15:57 PM,-23.659735679626465,-70.40325927734375
10/2/2026 12:15:58 PM,-23.65973663330078,-70.40325927734375
10/2/2026 12:15:59 PM,-23.65973663330078,-70.40325927734375
10/2/2026 12:16:00 PM,-23.65973663330078,-70.40325927734375
10/2/2026 12:16:01 PM,-23.65973663330078,-70.40325927734375
10/2/2026 12:16:02 PM,-23.65973663330078,-70.40325927734375
10/2/2026 12:16:03 PM,-23.65973663330078,-70.40325927734375
10/2/2026 12:16:04 PM,-23.65973663330078,-70.40325927734375
10/2/2026 12:16:05 PM,-23.65973472595215,-70.40325927734375
10/2/2026 12:16:06 PM,-23.6597318649292,-70.40325927734375
10/2/2026 12:16:07 PM,-23.659730911254883,-70.40325927734375
10/2/2026 12:16:08 PM,-23.65972900390625,-70.40325927734375
10/2/2026 12:16:09 PM,-23.659727096557617,-70.40325927734375
10/2/2026 12:16:10 PM,-23.65972900390625,-70.40325927734375
10/2/2026 12:16:11 PM,-23.659730911254883,-70.40325927734375
10/2/2026 12:16:12 PM,-23.65972900390625,-70.40325927734375
10/2/2026 12:16:13 PM,-23.65972328186035,-70.40325546264648
10/2/2026 12:16:14 PM,-23.65971088409424,-70.40324783325195
10/2/2026 12:16:15 PM,-23.65969181060791,-70.40324020385742
10/2/2026 12:16:16 PM,-23.659669876098633,-70.40322875976562
10/2/2026 12:16:17 PM,-23.65964412689209,-70.40321731567383
10/2/2026 12:16:18 PM,-23.65961265563965,-70.40320587158203
10/2/2026 12:16:19 PM,-23.65957736968994,-70.4031867980957
10/2/2026 12:16:20 PM,-23.659539222717285,-70.40316772460938
10/2/2026 12:16:21 PM,-23.659489631652832,-70.40314483642578
10/2/2026 12:16:22 PM,-23.659436225891113,-70.40312194824219
10/2/2026 12:16:23 PM,-23.659387588500977,-70.40310287475586
10/2/2026 12:16:24 PM,-23.659332275390625,-70.40307998657227
10/2/2026 12:16:25 PM,-23.65927028656006,-70.4030532836914
10/2/2026 12:16:26 PM,-23.659205436706543,-70.40302276611328
10/2/2026 12:16:27 PM,-23.659137725830078,-70.40299606323242
10/2/2026 12:16:28 PM,-23.659067153930664,-70.4029655456543
10/2/2026 12:16:29 PM,-23.6589937210083,-70.40293502807617
10/2/2026 12:16:30 PM,-23.658918380737305,-70.40290832519531
10/2/2026 12:16:31 PM,-23.658839225769043,-70.40288162231445
10/2/2026 12:16:32 PM,-23.658759117126465,-70.40285873413086
10/2/2026 12:16:33 PM,-23.65868091583252,-70.40283203125
10/2/2026 12:16:34 PM,-23.658601760864258,-70.40280151367188
10/2/2026 12:16:35 PM,-23.65852165222168,-70.40277481079102
10/2/2026 12:16:36 PM,-23.658440589904785,-70.40274810791016
10/2/2026 12:16:37 PM,-23.658361434936523,-70.4027214050293
10/2/2026 12:16:38 PM,-23.658284187316895,-70.4026985168457
10/2/2026 12:16:39 PM,-23.658205032348633,-70.40267562866211
10/2/2026 12:16:40 PM,-23.65812587738037,-70.40265274047852
10/2/2026 12:16:41 PM,-23.65804672241211,-70.40262985229492
10/2/2026 12:16:42 PM,-23.65796661376953,-70.4026107788086
10/2/2026 12:16:43 PM,-23.65788745880127,-70.4025993347168
10/2/2026 12:16:44 PM,-23.65781021118164,-70.402587890625
10/2/2026 12:16:45 PM,-23.657736778259277,-70.40257263183594
10/2/2026 12:16:46 PM,-23.65767002105713,-70.40256118774414
10/2/2026 12:16:47 PM,-23.657609939575195,-70.40255355834961
10/2/2026 12:16:48 PM,-23.657553672790527,-70.40254592895508
10/2/2026 12:16:49 PM,-23.65749740600586,-70.40253829956055
10/2/2026 12:16:50 PM,-23.657440185546875,-70.40253448486328
10/2/2026 12:16:51 PM,-23.657381057739258,-70.40253448486328
10/2/2026 12:16:52 PM,-23.65731906890869,-70.40253067016602
10/2/2026 12:16:53 PM,-23.657257080078125,-70.40252685546875
10/2/2026 12:16:54 PM,-23.657198905944824,-70.40252685546875
10/2/2026 12:16:55 PM,-23.657146453857422,-70.40252304077148
10/2/2026 12:16:56 PM,-23.657099723815918,-70.40251922607422
10/2/2026 12:16:57 PM,-23.65705966949463,-70.40251922607422
10/2/2026 12:16:58 PM,-23.65702247619629,-70.40252304077148
10/2/2026 12:16:59 PM,-23.656980514526367,-70.40252685546875
10/2/2026 12:17:00 PM,-23.65693187713623,-70.40252304077148
10/2/2026 12:17:01 PM,-23.656875610351562,-70.40251922607422
10/2/2026 12:17:02 PM,-23.656810760498047,-70.40251541137695
10/2/2026 12:17:03 PM,-23.656743049621582,-70.40250778198242
10/2/2026 12:17:04 PM,-23.656672477722168,-70.40250396728516
10/2/2026 12:17:05 PM,-23.656594276428223,-70.40250015258789
10/2/2026 12:17:06 PM,-23.656513214111328,-70.40249633789062
10/2/2026 12:17:07 PM,-23.656435012817383,-70.40249252319336
10/2/2026 12:17:08 PM,-23.656360626220703,-70.40248489379883
10/2/2026 12:17:09 PM,-23.656291961669922,-70.4024772644043
10/2/2026 12:17:10 PM,-23.65622901916504,-70.40247344970703
10/2/2026 12:17:11 PM,-23.656168937683105,-70.40247344970703
10/2/2026 12:17:12 PM,-23.65611171722412,-70.40247344970703
10/2/2026 12:17:13 PM,-23.656058311462402,-70.40247344970703
10/2/2026 12:17:14 PM,-23.656009674072266,-70.40247344970703
10/2/2026 12:17:15 PM,-23.655963897705078,-70.40247344970703
10/2/2026 12:17:16 PM,-23.655922889709473,-70.4024772644043
10/2/2026 12:17:17 PM,-23.655890464782715,-70.40248107910156
10/2/2026 12:17:18 PM,-23.65586566925049,-70.40248107910156
10/2/2026 12:17:19 PM,-23.655850410461426,-70.40248489379883
10/2/2026 12:17:20 PM,-23.655842781066895,-70.4024887084961
10/2/2026 12:17:21 PM,-23.655838012695312,-70.4024887084961
10/2/2026 12:17:22 PM,-23.655837059020996,-70.4024887084961
10/2/2026 12:17:23 PM,-23.65583610534668,-70.40249252319336
10/2/2026 12:17:24 PM,-23.655835151672363,-70.40249633789062
10/2/2026 12:17:25 PM,-23.655835151672363,-70.40249633789062
10/2/2026 12:17:26 PM,-23.65583324432373,-70.40249633789062
10/2/2026 12:17:27 PM,-23.655832290649414,-70.40249633789062
10/2/2026 12:17:28 PM,-23.655832290649414,-70.40249633789062
10/2/2026 12:17:29 PM,-23.655832290649414,-70.40249633789062
10/2/2026 12:17:30 PM,-23.655831336975098,-70.40249633789062
10/2/2026 12:17:31 PM,-23.655826568603516,-70.40249252319336
10/2/2026 12:17:32 PM,-23.655820846557617,-70.4024887084961
10/2/2026 12:17:33 PM,-23.655816078186035,-70.40249252319336
10/2/2026 12:17:34 PM,-23.655810356140137,-70.40249633789062
10/2/2026 12:17:35 PM,-23.65580654144287,-70.40249633789062
10/2/2026 12:17:36 PM,-23.65580654144287,-70.40249633789062
10/2/2026 12:17:37 PM,-23.65580463409424,-70.40249633789062
10/2/2026 12:17:38 PM,-23.655794143676758,-70.40249633789062
10/2/2026 12:17:39 PM,-23.65577507019043,-70.40249633789062
10/2/2026 12:17:40 PM,-23.655750274658203,-70.40250015258789
10/2/2026 12:17:41 PM,-23.655720710754395,-70.40250778198242
10/2/2026 12:17:42 PM,-23.65568733215332,-70.40251159667969
10/2/2026 12:17:43 PM,-23.655652046203613,-70.40251922607422
10/2/2026 12:17:44 PM,-23.655611991882324,-70.40253067016602
10/2/2026 12:17:45 PM,-23.65556526184082,-70.40254592895508
10/2/2026 12:17:46 PM,-23.655513763427734,-70.4025650024414
10/2/2026 12:17:47 PM,-23.655460357666016,-70.40258026123047
10/2/2026 12:17:48 PM,-23.65540313720703,-70.4025993347168
10/2/2026 12:17:49 PM,-23.655339241027832,-70.40261840820312
10/2/2026 12:17:50 PM,-23.655268669128418,-70.40263366699219
10/2/2026 12:17:51 PM,-23.65519428253174,-70.40264892578125
10/2/2026 12:17:52 PM,-23.65511703491211,-70.40266036987305
10/2/2026 12:17:53 PM,-23.655033111572266,-70.40266799926758
10/2/2026 12:17:54 PM,-23.654946327209473,-70.40266799926758
10/2/2026 12:17:55 PM,-23.65486240386963,-70.40266418457031
10/2/2026 12:17:56 PM,-23.6547794342041,-70.40266036987305
10/2/2026 12:17:57 PM,-23.654696464538574,-70.40265274047852
10/2/2026 12:17:58 PM,-23.65461540222168,-70.40264892578125
10/2/2026 12:17:59 PM,-23.654537200927734,-70.40264892578125
10/2/2026 12:18:00 PM,-23.65446186065674,-70.40264511108398
10/2/2026 12:18:01 PM,-23.654391288757324,-70.40263748168945
10/2/2026 12:18:02 PM,-23.654324531555176,-70.40262985229492
10/2/2026 12:18:03 PM,-23.654263496398926,-70.40262603759766
10/2/2026 12:18:04 PM,-23.65421199798584,-70.40262222290039
10/2/2026 12:18:05 PM,-23.654168128967285,-70.40261840820312
10/2/2026 12:18:06 PM,-23.65412998199463,-70.40261840820312
10/2/2026 12:18:07 PM,-23.654096603393555,-70.40261840820312
10/2/2026 12:18:08 PM,-23.654067993164062,-70.40261459350586
10/2/2026 12:18:09 PM,-23.6540470123291,-70.4026107788086
10/2/2026 12:18:10 PM,-23.654033660888672,-70.4026107788086
10/2/2026 12:18:11 PM,-23.654025077819824,-70.4026107788086
10/2/2026 12:18:12 PM,-23.654017448425293,-70.40260696411133
10/2/2026 12:18:13 PM,-23.654003143310547,-70.40260314941406
10/2/2026 12:18:14 PM,-23.65398120880127,-70.40260314941406
10/2/2026 12:18:15 PM,-23.65395736694336,-70.40260314941406
10/2/2026 12:18:16 PM,-23.65393352508545,-70.40260314941406
10/2/2026 12:18:17 PM,-23.653903007507324,-70.40260314941406
10/2/2026 12:18:18 PM,-23.653864860534668,-70.40260314941406
10/2/2026 12:18:19 PM,-23.653823852539062,-70.4025993347168
10/2/2026 12:18:20 PM,-23.653775215148926,-70.4025993347168
10/2/2026 12:18:21 PM,-23.653722763061523,-70.4025993347168
10/2/2026 12:18:22 PM,-23.653671264648438,-70.40259552001953
10/2/2026 12:18:23 PM,-23.65361785888672,-70.40259552001953
10/2/2026 12:18:24 PM,-23.653563499450684,-70.40259552001953
10/2/2026 12:18:25 PM,-23.653505325317383,-70.40259552001953
10/2/2026 12:18:26 PM,-23.653443336486816,-70.40259170532227
10/2/2026 12:18:27 PM,-23.653380393981934,-70.402587890625
10/2/2026 12:18:28 PM,-23.65331268310547,-70.402587890625
10/2/2026 12:18:29 PM,-23.65323829650879,-70.40258407592773
10/2/2026 12:18:30 PM,-23.65316104888916,-70.4025764465332
10/2/2026 12:18:31 PM,-23.653080940246582,-70.40257263183594
10/2/2026 12:18:32 PM,-23.652995109558105,-70.40256881713867
10/2/2026 12:18:33 PM,-23.65290641784668,-70.4025650024414
10/2/2026 12:18:34 PM,-23.652817726135254,-70.40256118774414
10/2/2026 12:18:35 PM,-23.652727127075195,-70.40255737304688
10/2/2026 12:18:36 PM,-23.652636528015137,-70.40255355834961
10/2/2026 12:18:37 PM,-23.65254783630371,-70.40254592895508
10/2/2026 12:18:38 PM,-23.65245819091797,-70.40254211425781
10/2/2026 12:18:39 PM,-23.652363777160645,-70.40253829956055
10/2/2026 12:18:40 PM,-23.652267456054688,-70.40253448486328
10/2/2026 12:18:41 PM,-23.652172088623047,-70.40253067016602
10/2/2026 12:18:42 PM,-23.652080535888672,-70.40252685546875
10/2/2026 12:18:43 PM,-23.651992797851562,-70.40252304077148
10/2/2026 12:18:44 PM,-23.651905059814453,-70.40251922607422
10/2/2026 12:18:45 PM,-23.651819229125977,-70.40251541137695
10/2/2026 12:18:46 PM,-23.651740074157715,-70.40251159667969
10/2/2026 12:18:47 PM,-23.651663780212402,-70.40250778198242
10/2/2026 12:18:48 PM,-23.651589393615723,-70.40250396728516
10/2/2026 12:18:49 PM,-23.651521682739258,-70.40250396728516
10/2/2026 12:18:50 PM,-23.651463508605957,-70.40250778198242
10/2/2026 12:18:51 PM,-23.651416778564453,-70.40251159667969
10/2/2026 12:18:52 PM,-23.65137767791748,-70.40250778198242
10/2/2026 12:18:53 PM,-23.651348114013672,-70.40250396728516
10/2/2026 12:18:54 PM,-23.65132713317871,-70.40250396728516
10/2/2026 12:18:55 PM,-23.651312828063965,-70.40250396728516
10/2/2026 12:18:56 PM,-23.65130615234375,-70.40250015258789
10/2/2026 12:18:57 PM,-23.651302337646484,-70.40249633789062
10/2/2026 12:18:58 PM,-23.651299476623535,-70.40249633789062
10/2/2026 12:18:59 PM,-23.65129566192627,-70.40249633789062
10/2/2026 12:19:00 PM,-23.651284217834473,-70.40249633789062
10/2/2026 12:19:01 PM,-23.65126609802246,-70.40249633789062
10/2/2026 12:19:02 PM,-23.651246070861816,-70.40249633789062
10/2/2026 12:19:03 PM,-23.651225090026855,-70.40249633789062
10/2/2026 12:19:04 PM,-23.651204109191895,-70.40249633789062
10/2/2026 12:19:05 PM,-23.651183128356934,-70.40249633789062
10/2/2026 12:19:06 PM,-23.651162147521973,-70.40249633789062
10/2/2026 12:19:07 PM,-23.651143074035645,-70.40249633789062
10/2/2026 12:19:08 PM,-23.651127815246582,-70.40249633789062
10/2/2026 12:19:09 PM,-23.6511173248291,-70.40249633789062
10/2/2026 12:19:10 PM,-23.651111602783203,-70.40249633789062
10/2/2026 12:19:11 PM,-23.65110969543457,-70.40249633789062
10/2/2026 12:19:12 PM,-23.651108741760254,-70.40249633789062
10/2/2026 12:19:13 PM,-23.651107788085938,-70.40249633789062
10/2/2026 12:19:14 PM,-23.65110683441162,-70.40249633789062
10/2/2026 12:19:15 PM,-23.651105880737305,-70.40249252319336
10/2/2026 12:19:16 PM,-23.651103973388672,-70.4024887084961
10/2/2026 12:19:17 PM,-23.651101112365723,-70.4024887084961
10/2/2026 12:19:18 PM,-23.65109920501709,-70.4024887084961
10/2/2026 12:19:19 PM,-23.651098251342773,-70.4024887084961
10/2/2026 12:19:20 PM,-23.651097297668457,-70.4024887084961
10/2/2026 12:19:21 PM,-23.65109634399414,-70.4024887084961
10/2/2026 12:19:22 PM,-23.65109634399414,-70.4024887084961
10/2/2026 12:19:23 PM,-23.65109634399414,-70.4024887084961
10/2/2026 12:19:24 PM,-23.65109634399414,-70.4024887084961
10/2/2026 12:19:25 PM,-23.651095390319824,-70.4024887084961
10/2/2026 12:19:26 PM,-23.651094436645508,-70.4024887084961
10/2/2026 12:19:27 PM,-23.651094436645508,-70.4024887084961
10/2/2026 12:19:28 PM,-23.65109348297119,-70.4024887084961
10/2/2026 12:19:29 PM,-23.651092529296875,-70.4024887084961
10/2/2026 12:19:30 PM,-23.65109157562256,-70.40249252319336
10/2/2026 12:19:31 PM,-23.651089668273926,-70.40249633789062
10/2/2026 12:19:32 PM,-23.65108871459961,-70.40249633789062
10/2/2026 12:19:33 PM,-23.65108871459961,-70.40249633789062
10/2/2026 12:19:34 PM,-23.651087760925293,-70.40249633789062
10/2/2026 12:19:35 PM,-23.651086807250977,-70.40249633789062
10/2/2026 12:19:36 PM,-23.651086807250977,-70.40249633789062
10/2/2026 12:19:37 PM,-23.651086807250977,-70.40249633789062
10/2/2026 12:19:38 PM,-23.651086807250977,-70.40249633789062
10/2/2026 12:19:39 PM,-23.651086807250977,-70.40249633789062
10/2/2026 12:19:40 PM,-23.65108585357666,-70.40249633789062
10/2/2026 12:19:41 PM,-23.651079177856445,-70.40249633789062
10/2/2026 12:19:42 PM,-23.6510648727417,-70.40249633789062
10/2/2026 12:19:43 PM,-23.65104389190674,-70.40249633789062
10/2/2026 12:19:44 PM,-23.65101909637451,-70.40249633789062
10/2/2026 12:19:45 PM,-23.650992393493652,-70.40249633789062
10/2/2026 12:19:46 PM,-23.65096092224121,-70.40249633789062
10/2/2026 12:19:47 PM,-23.650924682617188,-70.40249633789062
10/2/2026 12:19:48 PM,-23.650885581970215,-70.40249633789062
10/2/2026 12:19:49 PM,-23.650845527648926,-70.40249633789062
10/2/2026 12:19:50 PM,-23.650805473327637,-70.40249633789062
10/2/2026 12:19:51 PM,-23.650765419006348,-70.40249633789062
10/2/2026 12:19:52 PM,-23.650726318359375,-70.40249633789062
10/2/2026 12:19:53 PM,-23.650691032409668,-70.40249633789062
10/2/2026 12:19:54 PM,-23.650660514831543,-70.40249633789062
10/2/2026 12:19:55 PM,-23.650633811950684,-70.40249633789062
10/2/2026 12:19:56 PM,-23.65060806274414,-70.40249633789062
10/2/2026 12:19:57 PM,-23.650580406188965,-70.40249633789062
10/2/2026 12:19:58 PM,-23.65055274963379,-70.40249633789062
10/2/2026 12:19:59 PM,-23.650527954101562,-70.40249633789062
10/2/2026 12:20:00 PM,-23.6505069732666,-70.40249633789062
10/2/2026 12:20:01 PM,-23.650492668151855,-70.40249633789062
10/2/2026 12:20:02 PM,-23.650486946105957,-70.40249252319336
10/2/2026 12:20:03 PM,-23.650490760803223,-70.4024887084961
10/2/2026 12:20:04 PM,-23.650498390197754,-70.4024887084961
10/2/2026 12:20:05 PM,-23.65050220489502,-70.4024887084961
10/2/2026 12:20:06 PM,-23.650504112243652,-70.40248489379883
10/2/2026 12:20:07 PM,-23.650506019592285,-70.40248107910156
10/2/2026 12:20:08 PM,-23.650507926940918,-70.40248107910156
10/2/2026 12:20:09 PM,-23.650508880615234,-70.40248107910156
10/2/2026 12:20:10 PM,-23.650508880615234,-70.4024772644043
10/2/2026 12:20:11 PM,-23.65050983428955,-70.40247344970703
10/2/2026 12:20:12 PM,-23.650510787963867,-70.40247344970703
10/2/2026 12:20:13 PM,-23.650510787963867,-70.40247344970703
10/2/2026 12:20:14 PM,-23.650510787963867,-70.40247344970703
10/2/2026 12:20:15 PM,-23.650511741638184,-70.40247344970703
10/2/2026 12:20:16 PM,-23.6505126953125,-70.40247344970703
10/2/2026 12:20:17 PM,-23.6505126953125,-70.40247344970703
10/2/2026 12:20:18 PM,-23.6505126953125,-70.40247344970703
10/2/2026 12:20:19 PM,-23.6505126953125,-70.40247344970703
10/2/2026 12:20:20 PM,-23.6505126953125,-70.40247344970703
10/2/2026 12:20:21 PM,-23.650511741638184,-70.40247344970703
10/2/2026 12:20:22 PM,-23.650508880615234,-70.40247344970703
10/2/2026 12:20:23 PM,-23.650504112243652,-70.40247344970703
10/2/2026 12:20:24 PM,-23.650497436523438,-70.40247344970703
10/2/2026 12:20:25 PM,-23.65048885345459,-70.40247344970703
10/2/2026 12:20:26 PM,-23.650476455688477,-70.40247344970703
10/2/2026 12:20:27 PM,-23.650456428527832,-70.40247344970703
10/2/2026 12:20:28 PM,-23.650429725646973,-70.40246963500977
10/2/2026 12:20:29 PM,-23.65040111541748,-70.4024658203125
10/2/2026 12:20:30 PM,-23.65036964416504,-70.4024658203125
10/2/2026 12:20:31 PM,-23.650333404541016,-70.4024658203125
10/2/2026 12:20:32 PM,-23.650293350219727,-70.4024658203125
10/2/2026 12:20:33 PM,-23.65024471282959,-70.4024658203125
10/2/2026 12:20:34 PM,-23.65019130706787,-70.4024658203125
10/2/2026 12:20:35 PM,-23.65013885498047,-70.4024658203125
10/2/2026 12:20:36 PM,-23.650084495544434,-70.4024658203125
10/2/2026 12:20:37 PM,-23.6500301361084,-70.40246200561523
10/2/2026 12:20:38 PM,-23.649978637695312,-70.40245819091797
10/2/2026 12:20:39 PM,-23.649930953979492,-70.40245819091797
10/2/2026 12:20:40 PM,-23.649888038635254,-70.40245819091797
10/2/2026 12:20:41 PM,-23.64984893798828,-70.40245819091797
10/2/2026 12:20:42 PM,-23.649808883666992,-70.40245819091797
10/2/2026 12:20:43 PM,-23.649768829345703,-70.4024543762207
10/2/2026 12:20:44 PM,-23.649731636047363,-70.40245056152344
10/2/2026 12:20:45 PM,-23.64969825744629,-70.40245056152344
10/2/2026 12:20:46 PM,-23.649670600891113,-70.40244674682617
10/2/2026 12:20:47 PM,-23.64964485168457,-70.4024429321289
10/2/2026 12:20:48 PM,-23.649619102478027,-70.4024429321289
10/2/2026 12:20:49 PM,-23.64959716796875,-70.4024429321289
10/2/2026 12:20:50 PM,-23.649581909179688,-70.4024429321289
10/2/2026 12:20:51 PM,-23.649575233459473,-70.4024429321289
10/2/2026 12:20:52 PM,-23.64957618713379,-70.4024429321289
10/2/2026 12:20:53 PM,-23.649580001831055,-70.4024429321289
10/2/2026 12:20:54 PM,-23.649582862854004,-70.4024429321289
10/2/2026 12:20:55 PM,-23.64958381652832,-70.4024429321289
10/2/2026 12:20:56 PM,-23.649584770202637,-70.4024429321289
10/2/2026 12:20:57 PM,-23.649585723876953,-70.4024429321289
10/2/2026 12:20:58 PM,-23.649585723876953,-70.4024429321289
10/2/2026 12:20:59 PM,-23.649585723876953,-70.40244674682617
10/2/2026 12:21:00 PM,-23.64958667755127,-70.40245056152344
10/2/2026 12:21:01 PM,-23.649587631225586,-70.40245056152344
10/2/2026 12:21:02 PM,-23.649588584899902,-70.40245056152344
10/2/2026 12:21:03 PM,-23.64958953857422,-70.40245056152344
10/2/2026 12:21:04 PM,-23.64958953857422,-70.40245056152344
10/2/2026 12:21:05 PM,-23.64958953857422,-70.40245056152344
10/2/2026 12:21:06 PM,-23.64958953857422,-70.40245056152344
10/2/2026 12:21:07 PM,-23.64958953857422,-70.40245056152344
10/2/2026 12:21:08 PM,-23.64958953857422,-70.40245056152344
10/2/2026 12:21:09 PM,-23.64958953857422,-70.4024429321289
10/2/2026 12:21:10 PM,-23.649587631225586,-70.4024429321289
10/2/2026 12:21:11 PM,-23.64958381652832,-70.4024429321289
10/2/2026 12:21:12 PM,-23.64957618713379,-70.4024429321289
10/2/2026 12:21:13 PM,-23.649574279785156,-70.4024429321289
10/2/2026 12:21:14 PM,-23.649574279785156,-70.40245056152344
10/2/2026 12:21:15 PM,-23.649572372436523,-70.40245056152344
10/2/2026 12:21:16 PM,-23.649572372436523,-70.40245056152344
10/2/2026 12:21:17 PM,-23.64957046508789,-70.40245056152344
10/2/2026 12:21:18 PM,-23.64957046508789,-70.40245056152344
10/2/2026 12:21:19 PM,-23.64957046508789,-70.40245056152344
10/2/2026 12:21:20 PM,-23.64957046508789,-70.40245056152344
10/2/2026 12:21:21 PM,-23.64957046508789,-70.40245056152344
10/2/2026 12:21:22 PM,-23.64957046508789,-70.40245056152344
10/2/2026 12:21:23 PM,-23.64957046508789,-70.40245056152344
10/2/2026 12:21:24 PM,-23.649568557739258,-70.40245056152344
10/2/2026 12:21:25 PM,-23.649568557739258,-70.40245056152344
10/2/2026 12:21:26 PM,-23.649568557739258,-70.40245056152344
10/2/2026 12:21:27 PM,-23.649568557739258,-70.40245056152344
10/2/2026 12:21:28 PM,-23.649568557739258,-70.40245056152344
10/2/2026 12:21:29 PM,-23.649568557739258,-70.40245056152344
10/2/2026 12:21:30 PM,-23.649568557739258,-70.40245056152344
10/2/2026 12:21:31 PM,-23.649568557739258,-70.40245056152344
10/2/2026 12:21:32 PM,-23.649568557739258,-70.40245056152344
10/2/2026 12:21:33 PM,-23.649568557739258,-70.40245056152344
10/2/2026 12:21:34 PM,-23.649568557739258,-70.40245056152344
10/2/2026 12:21:35 PM,-23.649568557739258,-70.40245056152344
10/2/2026 12:21:36 PM,-23.649568557739258,-70.40245056152344
10/2/2026 12:21:37 PM,-23.649568557739258,-70.40245056152344
10/2/2026 12:21:38 PM,-23.649568557739258,-70.40245056152344
10/2/2026 12:21:39 PM,-23.649568557739258,-70.40245056152344
10/2/2026 12:21:40 PM,-23.649568557739258,-70.40245056152344
10/2/2026 12:21:41 PM,-23.649568557739258,-70.40245056152344
10/2/2026 12:21:42 PM,-23.649568557739258,-70.40245056152344
10/2/2026 12:21:43 PM,-23.649568557739258,-70.40245056152344
10/2/2026 12:21:44 PM,-23.649568557739258,-70.40245056152344
10/2/2026 12:21:45 PM,-23.649568557739258,-70.40245056152344
10/2/2026 12:21:46 PM,-23.649568557739258,-70.40245056152344
10/2/2026 12:21:47 PM,-23.649568557739258,-70.40245056152344
10/2/2026 12:21:48 PM,-23.649568557739258,-70.40245056152344
10/2/2026 12:21:49 PM,-23.649568557739258,-70.40245056152344
10/2/2026 12:21:50 PM,-23.649568557739258,-70.40245056152344
10/2/2026 12:21:51 PM,-23.649568557739258,-70.40245056152344
10/2/2026 12:21:52 PM,-23.649568557739258,-70.40245056152344
10/2/2026 12:21:53 PM,-23.649568557739258,-70.40245056152344
10/2/2026 12:21:54 PM,-23.649568557739258,-70.40245056152344
10/2/2026 12:21:55 PM,-23.649568557739258,-70.40245056152344
10/2/2026 12:21:56 PM,-23.649568557739258,-70.40245056152344
10/2/2026 12:21:57 PM,-23.649568557739258,-70.40245056152344
10/2/2026 12:21:58 PM,-23.649568557739258,-70.40245056152344
10/2/2026 12:21:59 PM,-23.649568557739258,-70.40245056152344
10/2/2026 12:22:00 PM,-23.649568557739258,-70.40245056152344
10/2/2026 12:22:01 PM,-23.649568557739258,-70.40245056152344
10/2/2026 12:22:02 PM,-23.649568557739258,-70.40245056152344
10/2/2026 12:22:03 PM,-23.649568557739258,-70.40245056152344
10/2/2026 12:22:04 PM,-23.649568557739258,-70.40245056152344
10/2/2026 12:22:05 PM,-23.649568557739258,-70.40245056152344
10/2/2026 12:22:06 PM,-23.649560928344727,-70.40245056152344
10/2/2026 12:22:07 PM,-23.649545669555664,-70.40245056152344
10/2/2026 12:22:08 PM,-23.649520874023438,-70.40245056152344
10/2/2026 12:22:09 PM,-23.64949607849121,-70.40245056152344
10/2/2026 12:22:10 PM,-23.64946746826172,-70.40245056152344
10/2/2026 12:22:11 PM,-23.649436950683594,-70.4024429321289
10/2/2026 12:22:12 PM,-23.64940071105957,-70.4024429321289
10/2/2026 12:22:13 PM,-23.649362564086914,-70.4024429321289
10/2/2026 12:22:14 PM,-23.64930534362793,-70.40243530273438
10/2/2026 12:22:15 PM,-23.64925765991211,-70.40243530273438
10/2/2026 12:22:16 PM,-23.649208068847656,-70.40242767333984
10/2/2026 12:22:17 PM,-23.649152755737305,-70.40242767333984
10/2/2026 12:22:18 PM,-23.649097442626953,-70.40242767333984
10/2/2026 12:22:19 PM,-23.649049758911133,-70.40242767333984
10/2/2026 12:22:20 PM,-23.649002075195312,-70.40242767333984
10/2/2026 12:22:21 PM,-23.64896011352539,-70.40242767333984
10/2/2026 12:22:22 PM,-23.648908615112305,-70.40242004394531
10/2/2026 12:22:23 PM,-23.64885139465332,-70.40242004394531
10/2/2026 12:22:24 PM,-23.648788452148438,-70.40242004394531
10/2/2026 12:22:25 PM,-23.648727416992188,-70.40242004394531
10/2/2026 12:22:26 PM,-23.648666381835938,-70.40242004394531
10/2/2026 12:22:27 PM,-23.648601531982422,-70.40242004394531
10/2/2026 12:22:28 PM,-23.64853858947754,-70.40241241455078
10/2/2026 12:22:29 PM,-23.64847755432129,-70.40241241455078
10/2/2026 12:22:30 PM,-23.648422241210938,-70.40241241455078
10/2/2026 12:22:31 PM,-23.64837074279785,-70.40240478515625
10/2/2026 12:22:32 PM,-23.6483211517334,-70.40240478515625
10/2/2026 12:22:33 PM,-23.648277282714844,-70.40240478515625
10/2/2026 12:22:34 PM,-23.648237228393555,-70.40240478515625
10/2/2026 12:22:35 PM,-23.648204803466797,-70.40240478515625
10/2/2026 12:22:36 PM,-23.648178100585938,-70.40239715576172
10/2/2026 12:22:37 PM,-23.648151397705078,-70.40239715576172
10/2/2026 12:22:38 PM,-23.648143768310547,-70.40238952636719
10/2/2026 12:22:39 PM,-23.64813995361328,-70.40238952636719
10/2/2026 12:22:40 PM,-23.64813995361328,-70.40238952636719
10/2/2026 12:22:41 PM,-23.64813995361328,-70.40238952636719
10/2/2026 12:22:42 PM,-23.64813995361328,-70.40238952636719
10/2/2026 12:22:43 PM,-23.648141860961914,-70.40238952636719
10/2/2026 12:22:44 PM,-23.64813995361328,-70.40239715576172
10/2/2026 12:22:45 PM,-23.64813995361328,-70.40239715576172
10/2/2026 12:22:46 PM,-23.648136138916016,-70.40239715576172
10/2/2026 12:22:47 PM,-23.64813232421875,-70.40239715576172
10/2/2026 12:22:48 PM,-23.648130416870117,-70.40239715576172
10/2/2026 12:22:49 PM,-23.648128509521484,-70.40239715576172
10/2/2026 12:22:50 PM,-23.648122787475586,-70.40239715576172
10/2/2026 12:22:51 PM,-23.648120880126953,-70.40238952636719
10/2/2026 12:22:52 PM,-23.648120880126953,-70.40238952636719
10/2/2026 12:22:53 PM,-23.648120880126953,-70.40239715576172
10/2/2026 12:22:54 PM,-23.648120880126953,-70.40239715576172
10/2/2026 12:22:55 PM,-23.648120880126953,-70.40239715576172
10/2/2026 12:22:56 PM,-23.64811897277832,-70.40239715576172
10/2/2026 12:22:57 PM,-23.648120880126953,-70.40239715576172
10/2/2026 12:22:58 PM,-23.648120880126953,-70.40239715576172
10/2/2026 12:22:59 PM,-23.648120880126953,-70.40239715576172
10/2/2026 12:23:00 PM,-23.648120880126953,-70.40239715576172
10/2/2026 12:23:01 PM,-23.648120880126953,-70.40239715576172
10/2/2026 12:23:02 PM,-23.648120880126953,-70.40239715576172
10/2/2026 12:23:03 PM,-23.648120880126953,-70.40239715576172
10/2/2026 12:23:04 PM,-23.648120880126953,-70.40239715576172
10/2/2026 12:23:05 PM,-23.648120880126953,-70.40239715576172
10/2/2026 12:23:06 PM,-23.648120880126953,-70.40239715576172
10/2/2026 12:23:07 PM,-23.648120880126953,-70.40239715576172
10/2/2026 12:23:08 PM,-23.648120880126953,-70.40239715576172
10/2/2026 12:23:09 PM,-23.648120880126953,-70.40239715576172
10/2/2026 12:23:10 PM,-23.648120880126953,-70.40239715576172
10/2/2026 12:23:11 PM,-23.648120880126953,-70.40239715576172
10/2/2026 12:23:12 PM,-23.648120880126953,-70.40239715576172
10/2/2026 12:23:13 PM,-23.648120880126953,-70.40239715576172
10/2/2026 12:23:14 PM,-23.648120880126953,-70.40239715576172
10/2/2026 12:23:15 PM,-23.648120880126953,-70.40239715576172
10/2/2026 12:23:16 PM,-23.648120880126953,-70.40239715576172
10/2/2026 12:23:17 PM,-23.648120880126953,-70.40239715576172
10/2/2026 12:23:18 PM,-23.648120880126953,-70.40239715576172
10/2/2026 12:23:19 PM,-23.64811897277832,-70.40239715576172
10/2/2026 12:23:20 PM,-23.648117065429688,-70.40239715576172
10/2/2026 12:23:21 PM,-23.648117065429688,-70.40239715576172
10/2/2026 12:23:22 PM,-23.648120880126953,-70.40239715576172
10/2/2026 12:23:23 PM,-23.648113250732422,-70.40239715576172
10/2/2026 12:23:24 PM,-23.648096084594727,-70.40239715576172
10/2/2026 12:23:25 PM,-23.648073196411133,-70.40239715576172
10/2/2026 12:23:26 PM,-23.648048400878906,-70.40239715576172
10/2/2026 12:23:27 PM,-23.64802360534668,-70.40239143371582
10/2/2026 12:23:28 PM,-23.647998809814453,-70.40238952636719
10/2/2026 12:23:29 PM,-23.64797592163086,-70.40238380432129
10/2/2026 12:23:30 PM,-23.647961616516113,-70.40238189697266
10/2/2026 12:23:31 PM,-23.64794683456421,-70.40237617492676
10/2/2026 12:23:32 PM,-23.64793348312378,-70.40237426757812
10/2/2026 12:23:33 PM,-23.647921562194824,-70.40237426757812
10/2/2026 12:23:34 PM,-23.647907257080078,-70.40236854553223
10/2/2026 12:23:35 PM,-23.647887706756592,-70.4023609161377
10/2/2026 12:23:36 PM,-23.647862434387207,-70.40235328674316
10/2/2026 12:23:37 PM,-23.64783000946045,-70.40233993530273
10/2/2026 12:23:38 PM,-23.64779567718506,-70.40232467651367
10/2/2026 12:23:39 PM,-23.647759914398193,-70.40230369567871
10/2/2026 12:23:40 PM,-23.647712230682373,-70.40226936340332
10/2/2026 12:23:41 PM,-23.647669315338135,-70.40223693847656
10/2/2026 12:23:42 PM,-23.64762783050537,-70.40220642089844
10/2/2026 12:23:43 PM,-23.6475887298584,-70.40217018127441
10/2/2026 12:23:44 PM,-23.647552013397217,-70.40212631225586
10/2/2026 12:23:45 PM,-23.647518634796143,-70.40208053588867
10/2/2026 12:23:46 PM,-23.64748477935791,-70.40203475952148
10/2/2026 12:23:47 PM,-23.647451877593994,-70.4019889831543
10/2/2026 12:23:48 PM,-23.647415161132812,-70.40194320678711
10/2/2026 12:23:49 PM,-23.64737844467163,-70.40189743041992
10/2/2026 12:23:50 PM,-23.647339344024658,-70.40184593200684
10/2/2026 12:23:51 PM,-23.647306442260742,-70.40179824829102
10/2/2026 12:23:52 PM,-23.647274494171143,-70.40175247192383
10/2/2026 12:23:53 PM,-23.64724636077881,-70.40171813964844
10/2/2026 12:23:54 PM,-23.647221088409424,-70.40169334411621
10/2/2026 12:23:55 PM,-23.647202014923096,-70.40167045593262
10/2/2026 12:23:56 PM,-23.6471848487854,-70.40164756774902
10/2/2026 12:23:57 PM,-23.64716911315918,-70.40163040161133
10/2/2026 12:23:58 PM,-23.647156715393066,-70.40161514282227
10/2/2026 12:23:59 PM,-23.647140979766846,-70.4015998840332
10/2/2026 12:24:00 PM,-23.647128105163574,-70.40158462524414
10/2/2026 12:24:01 PM,-23.647119522094727,-70.40156936645508
10/2/2026 12:24:02 PM,-23.64711618423462,-70.40156555175781
10/2/2026 12:24:03 PM,-23.647114276885986,-70.40156555175781
10/2/2026 12:24:04 PM,-23.647113800048828,-70.40156555175781
10/2/2026 12:24:05 PM,-23.647112369537354,-70.40156555175781
10/2/2026 12:24:06 PM,-23.647111892700195,-70.40157127380371
10/2/2026 12:24:07 PM,-23.64711332321167,-70.40157318115234
10/2/2026 12:24:08 PM,-23.647113800048828,-70.40157318115234
10/2/2026 12:24:09 PM,-23.647113800048828,-70.40157318115234
10/2/2026 12:24:10 PM,-23.647113800048828,-70.40157318115234
10/2/2026 12:24:11 PM,-23.647113800048828,-70.40157318115234
10/2/2026 12:24:12 PM,-23.647113800048828,-70.40157318115234
10/2/2026 12:24:13 PM,-23.647115230560303,-70.40157318115234
10/2/2026 12:24:14 PM,-23.64711570739746,-70.40157318115234
10/2/2026 12:24:15 PM,-23.64711570739746,-70.40157318115234
10/2/2026 12:24:16 PM,-23.64711570739746,-70.40157318115234
10/2/2026 12:24:17 PM,-23.64711570739746,-70.40157318115234
10/2/2026 12:24:18 PM,-23.64711570739746,-70.40157318115234
10/2/2026 12:24:19 PM,-23.64711570739746,-70.40157318115234
10/2/2026 12:24:20 PM,-23.64711570739746,-70.40157318115234
10/2/2026 12:24:21 PM,-23.64711570739746,-70.40157318115234
10/2/2026 12:24:22 PM,-23.64711570739746,-70.40157318115234
10/2/2026 12:24:23 PM,-23.64711570739746,-70.40157318115234
10/2/2026 12:24:24 PM,-23.64711570739746,-70.40157318115234
10/2/2026 12:24:25 PM,-23.64711570739746,-70.40157318115234
10/2/2026 12:24:26 PM,-23.64711570739746,-70.40157318115234
10/2/2026 12:24:27 PM,-23.64711570739746,-70.40157318115234
10/2/2026 12:24:28 PM,-23.64711570739746,-70.40157318115234
10/2/2026 12:24:29 PM,-23.64711570739746,-70.40157318115234
10/2/2026 12:24:30 PM,-23.64711570739746,-70.40157318115234
10/2/2026 12:24:31 PM,-23.64711570739746,-70.40157318115234
10/2/2026 12:24:32 PM,-23.64711570739746,-70.40157318115234
10/2/2026 12:24:33 PM,-23.64711570739746,-70.40157318115234
10/2/2026 12:24:34 PM,-23.64711570739746,-70.40157318115234
10/2/2026 12:24:35 PM,-23.64711570739746,-70.40157318115234
10/2/2026 12:24:36 PM,-23.64711570739746,-70.40157318115234
10/2/2026 12:24:37 PM,-23.64711570739746,-70.40157318115234
10/2/2026 12:24:38 PM,-23.64711570739746,-70.40157318115234
10/2/2026 12:24:39 PM,-23.64711570739746,-70.40157318115234
10/2/2026 12:24:40 PM,-23.64711570739746,-70.40157318115234
10/2/2026 12:24:41 PM,-23.64711570739746,-70.40157318115234
10/2/2026 12:24:42 PM,-23.64711570739746,-70.40157318115234
10/2/2026 12:24:43 PM,-23.64711570739746,-70.40157318115234
10/2/2026 12:24:44 PM,-23.64711570739746,-70.40157318115234
10/2/2026 12:24:45 PM,-23.64711570739746,-70.40157318115234
10/2/2026 12:24:46 PM,-23.64711570739746,-70.40157318115234
10/2/2026 12:24:47 PM,-23.64711570739746,-70.40157318115234
10/2/2026 12:24:48 PM,-23.64711570739746,-70.40157318115234
10/2/2026 12:24:49 PM,-23.64711570739746,-70.40157318115234
10/2/2026 12:24:50 PM,-23.64711570739746,-70.40157318115234
10/2/2026 12:24:51 PM,-23.64711570739746,-70.40157318115234
10/2/2026 12:24:52 PM,-23.64711570739746,-70.40157318115234
10/2/2026 12:24:53 PM,-23.64711570739746,-70.40157318115234
10/2/2026 12:24:54 PM,-23.64711570739746,-70.40157318115234
10/2/2026 12:24:55 PM,-23.64711570739746,-70.40157318115234
10/2/2026 12:24:56 PM,-23.64711570739746,-70.40157318115234
10/2/2026 12:24:57 PM,-23.64711570739746,-70.40157318115234
10/2/2026 12:24:58 PM,-23.64711570739746,-70.40157318115234
10/2/2026 12:24:59 PM,-23.64711570739746,-70.40157318115234
10/2/2026 12:25:00 PM,-23.64711570739746,-70.40157318115234
10/2/2026 12:25:01 PM,-23.64711570739746,-70.40157318115234
10/2/2026 12:25:02 PM,-23.64711570739746,-70.40157318115234
10/2/2026 12:25:03 PM,-23.64711570739746,-70.40157318115234
10/2/2026 12:25:04 PM,-23.64711570739746,-70.40157318115234
10/2/2026 12:25:05 PM,-23.64711570739746,-70.40157318115234
10/2/2026 12:25:06 PM,-23.64711570739746,-70.40157318115234
10/2/2026 12:25:07 PM,-23.64711570739746,-70.40157318115234
10/2/2026 12:25:08 PM,-23.64711570739746,-70.40157318115234
10/2/2026 12:25:09 PM,-23.64711570739746,-70.40157318115234
10/2/2026 12:25:10 PM,-23.64711570739746,-70.40157318115234
10/2/2026 12:25:11 PM,-23.64711284637451,-70.40157318115234
10/2/2026 12:25:12 PM,-23.64710760116577,-70.40156745910645
10/2/2026 12:25:13 PM,-23.647099018096924,-70.40155982971191
10/2/2026 12:25:14 PM,-23.64708662033081,-70.40154647827148
10/2/2026 12:25:15 PM,-23.64707040786743,-70.40152549743652
10/2/2026 12:25:16 PM,-23.64705467224121,-70.40150833129883
10/2/2026 12:25:17 PM,-23.647035121917725,-70.40148735046387
10/2/2026 12:25:18 PM,-23.647014141082764,-70.40145874023438
10/2/2026 12:25:19 PM,-23.646990299224854,-70.40142822265625
10/2/2026 12:25:20 PM,-23.646965503692627,-70.40139770507812
10/2/2026 12:25:21 PM,-23.646934986114502,-70.4013500213623
10/2/2026 12:25:22 PM,-23.646906852722168,-70.40130805969238
10/2/2026 12:25:23 PM,-23.64687728881836,-70.40126419067383
10/2/2026 12:25:24 PM,-23.646841049194336,-70.40122413635254
10/2/2026 12:25:25 PM,-23.64680290222168,-70.40117454528809
10/2/2026 12:25:26 PM,-23.646766185760498,-70.40112113952637
10/2/2026 12:25:27 PM,-23.64672565460205,-70.40107345581055
10/2/2026 12:25:28 PM,-23.646686553955078,-70.40102767944336
10/2/2026 12:25:29 PM,-23.64665126800537,-70.40098190307617
10/2/2026 12:25:30 PM,-23.646618366241455,-70.40093612670898
10/2/2026 12:25:31 PM,-23.646584510803223,-70.4008903503418
10/2/2026 12:25:32 PM,-23.646548748016357,-70.40085029602051
10/2/2026 12:25:33 PM,-23.646518230438232,-70.40081787109375
10/2/2026 12:25:34 PM,-23.646491050720215,-70.40078735351562
10/2/2026 12:25:35 PM,-23.64646863937378,-70.4007568359375
10/2/2026 12:25:36 PM,-23.646451950073242,-70.40073776245117
10/2/2026 12:25:37 PM,-23.646438121795654,-70.40072250366211
10/2/2026 12:25:38 PM,-23.646430492401123,-70.40070724487305
10/2/2026 12:25:39 PM,-23.6464262008667,-70.40070343017578
10/2/2026 12:25:40 PM,-23.646425247192383,-70.40069770812988
10/2/2026 12:25:41 PM,-23.646426677703857,-70.40069580078125
10/2/2026 12:25:42 PM,-23.646427154541016,-70.40069580078125
10/2/2026 12:25:43 PM,-23.64642858505249,-70.40069007873535
10/2/2026 12:25:44 PM,-23.64642906188965,-70.40068244934082
10/2/2026 12:25:45 PM,-23.646431922912598,-70.40068054199219
10/2/2026 12:25:46 PM,-23.646432876586914,-70.40068054199219
10/2/2026 12:25:47 PM,-23.646432876586914,-70.40068054199219
10/2/2026 12:25:48 PM,-23.64643430709839,-70.40067481994629
10/2/2026 12:25:49 PM,-23.646434783935547,-70.40067291259766
10/2/2026 12:25:50 PM,-23.646433353424072,-70.40067291259766
10/2/2026 12:25:51 PM,-23.646432876586914,-70.40067291259766
10/2/2026 12:25:52 PM,-23.646432876586914,-70.40067291259766
10/2/2026 12:25:53 PM,-23.64643144607544,-70.40067291259766
10/2/2026 12:25:54 PM,-23.64643096923828,-70.40067291259766
10/2/2026 12:25:55 PM,-23.646429538726807,-70.40067863464355
10/2/2026 12:25:56 PM,-23.64642906188965,-70.40068054199219
10/2/2026 12:25:57 PM,-23.64642906188965,-70.40068054199219
10/2/2026 12:25:58 PM,-23.64642906188965,-70.40068054199219
10/2/2026 12:25:59 PM,-23.64642906188965,-70.40068054199219
10/2/2026 12:26:00 PM,-23.64642906188965,-70.40068054199219
10/2/2026 12:26:01 PM,-23.64642906188965,-70.40068054199219
10/2/2026 12:26:02 PM,-23.64642906188965,-70.40068054199219
10/2/2026 12:26:03 PM,-23.64642906188965,-70.40068054199219
10/2/2026 12:26:04 PM,-23.646424770355225,-70.40067481994629
10/2/2026 12:26:05 PM,-23.646414756774902,-70.40066146850586
10/2/2026 12:26:06 PM,-23.646400451660156,-70.4006462097168
10/2/2026 12:26:07 PM,-23.646382331848145,-70.40063095092773
10/2/2026 12:26:08 PM,-23.646363258361816,-70.40060997009277
10/2/2026 12:26:09 PM,-23.646339893341064,-70.40058135986328
10/2/2026 12:26:10 PM,-23.64631223678589,-70.40055084228516
10/2/2026 12:26:11 PM,-23.64628505706787,-70.40052032470703
10/2/2026 12:26:12 PM,-23.646256923675537,-70.40048408508301
10/2/2026 12:26:13 PM,-23.646218299865723,-70.40044593811035
10/2/2026 12:26:14 PM,-23.6461820602417,-70.4004077911377
10/2/2026 12:26:15 PM,-23.646146297454834,-70.40036392211914
10/2/2026 12:26:16 PM,-23.64610719680786,-70.40031814575195
10/2/2026 12:26:17 PM,-23.64606285095215,-70.40026092529297
10/2/2026 12:26:18 PM,-23.64601707458496,-70.40020561218262
10/2/2026 12:26:19 PM,-23.6459698677063,-70.400146484375
10/2/2026 12:26:20 PM,-23.645920753479004,-70.40008544921875
10/2/2026 12:26:21 PM,-23.645872592926025,-70.4000244140625
10/2/2026 12:26:22 PM,-23.64582633972168,-70.39996910095215
10/2/2026 12:26:23 PM,-23.645777702331543,-70.39990997314453
10/2/2026 12:26:24 PM,-23.645729541778564,-70.39984893798828
10/2/2026 12:26:25 PM,-23.64568042755127,-70.39978790283203
10/2/2026 12:26:26 PM,-23.645630836486816,-70.39972686767578
10/2/2026 12:26:27 PM,-23.645584106445312,-70.39966583251953
10/2/2026 12:26:28 PM,-23.64554262161255,-70.39961051940918
10/2/2026 12:26:29 PM,-23.64550256729126,-70.39955711364746
10/2/2026 12:26:30 PM,-23.645463943481445,-70.39950370788574
10/2/2026 12:26:31 PM,-23.645427227020264,-70.39945602416992
10/2/2026 12:26:32 PM,-23.64539098739624,-70.39941024780273
10/2/2026 12:26:33 PM,-23.645357608795166,-70.39937019348145
10/2/2026 12:26:34 PM,-23.645325183868408,-70.39933204650879
10/2/2026 12:26:35 PM,-23.645297050476074,-70.39929962158203
10/2/2026 12:26:36 PM,-23.645270347595215,-70.39926338195801
10/2/2026 12:26:37 PM,-23.64524507522583,-70.39922523498535
10/2/2026 12:26:38 PM,-23.645224571228027,-70.39919853210449
10/2/2026 12:26:39 PM,-23.645204067230225,-70.3991756439209
10/2/2026 12:26:40 PM,-23.645187377929688,-70.3991527557373
10/2/2026 12:26:41 PM,-23.645172119140625,-70.39913558959961
10/2/2026 12:26:42 PM,-23.645161151885986,-70.39912033081055
10/2/2026 12:26:43 PM,-23.645153045654297,-70.39911079406738
10/2/2026 12:26:44 PM,-23.64514684677124,-70.39910316467285
10/2/2026 12:26:45 PM,-23.645142555236816,-70.39909553527832
10/2/2026 12:26:46 PM,-23.645137310028076,-70.39909362792969
10/2/2026 12:26:47 PM,-23.645133018493652,-70.39908790588379
10/2/2026 12:26:48 PM,-23.64513063430786,-70.39908599853516
10/2/2026 12:26:49 PM,-23.645130157470703,-70.39908599853516
10/2/2026 12:26:50 PM,-23.645130157470703,-70.39908599853516
10/2/2026 12:26:51 PM,-23.645130157470703,-70.39908599853516
10/2/2026 12:26:52 PM,-23.645131587982178,-70.39908599853516
10/2/2026 12:26:53 PM,-23.645132064819336,-70.39909172058105
10/2/2026 12:26:54 PM,-23.645132064819336,-70.39909362792969
10/2/2026 12:26:55 PM,-23.645132064819336,-70.39909362792969
10/2/2026 12:26:56 PM,-23.645132064819336,-70.39909362792969
10/2/2026 12:26:57 PM,-23.645132064819336,-70.39909362792969
10/2/2026 12:26:58 PM,-23.645132064819336,-70.39909362792969
10/2/2026 12:26:59 PM,-23.645132064819336,-70.39909362792969
10/2/2026 12:27:00 PM,-23.645132064819336,-70.39909362792969
10/2/2026 12:27:01 PM,-23.645132064819336,-70.39909362792969
10/2/2026 12:27:02 PM,-23.645132064819336,-70.39909362792969
10/2/2026 12:27:03 PM,-23.645132064819336,-70.39909362792969
10/2/2026 12:27:04 PM,-23.645132064819336,-70.39909362792969
10/2/2026 12:27:05 PM,-23.645132064819336,-70.39909362792969
10/2/2026 12:27:06 PM,-23.645132064819336,-70.39909362792969
10/2/2026 12:27:07 PM,-23.645132064819336,-70.39909362792969
10/2/2026 12:27:08 PM,-23.645132064819336,-70.39909362792969
10/2/2026 12:27:09 PM,-23.645132064819336,-70.39909362792969
10/2/2026 12:27:10 PM,-23.64513063430786,-70.39909362792969
10/2/2026 12:27:11 PM,-23.64512586593628,-70.39908218383789
10/2/2026 12:27:12 PM,-23.645115852355957,-70.39906692504883
10/2/2026 12:27:13 PM,-23.64510154724121,-70.39905166625977
10/2/2026 12:27:14 PM,-23.645084857940674,-70.3990306854248
10/2/2026 12:27:15 PM,-23.64506483078003,-70.39900207519531
10/2/2026 12:27:16 PM,-23.645042419433594,-70.39897727966309
10/2/2026 12:27:17 PM,-23.64501953125,-70.3989429473877
10/2/2026 12:27:18 PM,-23.644992351531982,-70.39890480041504
10/2/2026 12:27:19 PM,-23.64496374130249,-70.39887237548828
10/2/2026 12:27:20 PM,-23.644930839538574,-70.39882469177246
10/2/2026 12:27:21 PM,-23.644893646240234,-70.39878273010254
10/2/2026 12:27:22 PM,-23.644854068756104,-70.39873313903809
10/2/2026 12:27:23 PM,-23.644816875457764,-70.39867973327637
10/2/2026 12:27:24 PM,-23.64477777481079,-70.39862060546875
10/2/2026 12:27:25 PM,-23.644734859466553,-70.3985595703125
10/2/2026 12:27:26 PM,-23.64468812942505,-70.39849281311035
10/2/2026 12:27:27 PM,-23.644639015197754,-70.39842987060547
10/2/2026 12:27:28 PM,-23.64458656311035,-70.39836311340332
10/2/2026 12:27:29 PM,-23.644536018371582,-70.39828872680664
10/2/2026 12:27:30 PM,-23.64448356628418,-70.39821815490723
10/2/2026 12:27:31 PM,-23.644428730010986,-70.39814376831055
10/2/2026 12:27:32 PM,-23.64437484741211,-70.39806747436523
10/2/2026 12:27:33 PM,-23.644320011138916,-70.39799118041992
10/2/2026 12:27:34 PM,-23.644261837005615,-70.39791488647461
10/2/2026 12:27:35 PM,-23.64419984817505,-70.3978385925293
10/2/2026 12:27:36 PM,-23.644142627716064,-70.39776229858398
10/2/2026 12:27:37 PM,-23.64408016204834,-70.39768600463867
10/2/2026 12:27:38 PM,-23.64401388168335,-70.39761543273926
10/2/2026 12:27:39 PM,-23.643941402435303,-70.39754676818848
10/2/2026 12:27:40 PM,-23.6438627243042,-70.3974781036377
10/2/2026 12:27:41 PM,-23.643779754638672,-70.39741516113281
10/2/2026 12:27:42 PM,-23.643691539764404,-70.39734840393066
10/2/2026 12:27:43 PM,-23.643601894378662,-70.39728546142578
10/2/2026 12:27:44 PM,-23.643510818481445,-70.39721870422363
10/2/2026 12:27:45 PM,-23.643420696258545,-70.39714431762695
10/2/2026 12:27:46 PM,-23.643328189849854,-70.39707946777344
10/2/2026 12:27:47 PM,-23.643234729766846,-70.39701271057129
10/2/2026 12:27:48 PM,-23.643136978149414,-70.3969497680664
10/2/2026 12:27:49 PM,-23.643036365509033,-70.39688873291016
10/2/2026 12:27:50 PM,-23.64293384552002,-70.3968391418457
10/2/2026 12:27:51 PM,-23.642829418182373,-70.39679336547852
10/2/2026 12:27:52 PM,-23.642723083496094,-70.39675331115723
10/2/2026 12:27:53 PM,-23.64261770248413,-70.39672088623047
10/2/2026 12:27:54 PM,-23.642509937286377,-70.39670181274414
10/2/2026 12:27:55 PM,-23.642398357391357,-70.39668655395508
10/2/2026 12:27:56 PM,-23.64228868484497,-70.39667129516602
10/2/2026 12:27:57 PM,-23.642178535461426,-70.39665603637695
10/2/2026 12:27:58 PM,-23.642070770263672,-70.39663505554199
10/2/2026 12:27:59 PM,-23.64196538925171,-70.3966121673584
10/2/2026 12:28:00 PM,-23.641860485076904,-70.3965892791748
10/2/2026 12:28:01 PM,-23.6417555809021,-70.39656066894531
10/2/2026 12:28:02 PM,-23.641653537750244,-70.39653015136719
10/2/2026 12:28:03 PM,-23.64155101776123,-70.39649391174316
10/2/2026 12:28:04 PM,-23.641449451446533,-70.3964614868164
10/2/2026 12:28:05 PM,-23.64134693145752,-70.39643096923828
10/2/2026 12:28:06 PM,-23.641245365142822,-70.39640045166016
10/2/2026 12:28:07 PM,-23.64114284515381,-70.39636993408203
10/2/2026 12:28:08 PM,-23.641039848327637,-70.3963394165039
10/2/2026 12:28:09 PM,-23.640936851501465,-70.39630317687988
10/2/2026 12:28:10 PM,-23.640833854675293,-70.39627075195312
10/2/2026 12:28:11 PM,-23.640732288360596,-70.396240234375
10/2/2026 12:28:12 PM,-23.640634059906006,-70.39620399475098
10/2/2026 12:28:13 PM,-23.64053249359131,-70.39617156982422
10/2/2026 12:28:14 PM,-23.640429496765137,-70.3961410522461
10/2/2026 12:28:15 PM,-23.64032506942749,-70.39610481262207
10/2/2026 12:28:16 PM,-23.64022159576416,-70.39607238769531
10/2/2026 12:28:17 PM,-23.64011859893799,-70.39604187011719
10/2/2026 12:28:18 PM,-23.64001703262329,-70.39601707458496
10/2/2026 12:28:19 PM,-23.639914512634277,-70.39598846435547
10/2/2026 12:28:20 PM,-23.639811515808105,-70.39595794677734
10/2/2026 12:28:21 PM,-23.63970708847046,-70.39592742919922
10/2/2026 12:28:22 PM,-23.63961362838745,-70.3958969116211
10/2/2026 12:28:23 PM,-23.639531135559082,-70.39587211608887
10/2/2026 12:28:24 PM,-23.639463901519775,-70.39585494995117
10/2/2026 12:28:25 PM,-23.639408111572266,-70.39583396911621
10/2/2026 12:28:26 PM,-23.63936185836792,-70.39582252502441
10/2/2026 12:28:27 PM,-23.639328002929688,-70.39580917358398
10/2/2026 12:28:28 PM,-23.639307498931885,-70.39579963684082
10/2/2026 12:28:29 PM,-23.639298915863037,-70.39579772949219
10/2/2026 12:28:30 PM,-23.639296054840088,-70.39579772949219
10/2/2026 12:28:31 PM,-23.639297008514404,-70.39579772949219
10/2/2026 12:28:32 PM,-23.639297485351562,-70.39579772949219
10/2/2026 12:28:33 PM,-23.639296054840088,-70.39579772949219
10/2/2026 12:28:34 PM,-23.63929557800293,-70.39579772949219
10/2/2026 12:28:35 PM,-23.639297008514404,-70.39579772949219
10/2/2026 12:28:36 PM,-23.639297485351562,-70.39579772949219
10/2/2026 12:28:37 PM,-23.639296054840088,-70.39579772949219
10/2/2026 12:28:38 PM,-23.63929557800293,-70.39579772949219
10/2/2026 12:28:39 PM,-23.63929557800293,-70.39579772949219
10/2/2026 12:28:40 PM,-23.63929557800293,-70.39579772949219
10/2/2026 12:28:41 PM,-23.63929557800293,-70.39579772949219
10/2/2026 12:28:42 PM,-23.63929557800293,-70.39579772949219
10/2/2026 12:28:43 PM,-23.63929557800293,-70.39579772949219
10/2/2026 12:28:44 PM,-23.63929557800293,-70.39579772949219
10/2/2026 12:28:45 PM,-23.63929557800293,-70.39579772949219
10/2/2026 12:28:46 PM,-23.63929557800293,-70.39579772949219
10/2/2026 12:28:47 PM,-23.63929557800293,-70.39579772949219
10/2/2026 12:28:48 PM,-23.63929557800293,-70.39579200744629
10/2/2026 12:28:49 PM,-23.63929557800293,-70.39579010009766
10/2/2026 12:28:50 PM,-23.63929557800293,-70.39579010009766
10/2/2026 12:28:51 PM,-23.63929557800293,-70.39579010009766
10/2/2026 12:28:52 PM,-23.63929557800293,-70.39579010009766
10/2/2026 12:28:53 PM,-23.63929557800293,-70.39579010009766
10/2/2026 12:28:54 PM,-23.63929557800293,-70.39579010009766
10/2/2026 12:28:55 PM,-23.63929557800293,-70.39579010009766
10/2/2026 12:28:56 PM,-23.63929557800293,-70.39579010009766
10/2/2026 12:28:57 PM,-23.63929557800293,-70.39579010009766
10/2/2026 12:28:58 PM,-23.63929557800293,-70.39579010009766
10/2/2026 12:28:59 PM,-23.639297008514404,-70.39579010009766
10/2/2026 12:29:00 PM,-23.639297485351562,-70.39579010009766
10/2/2026 12:29:01 PM,-23.639297485351562,-70.39579010009766
10/2/2026 12:29:02 PM,-23.639297485351562,-70.39579010009766
10/2/2026 12:29:03 PM,-23.639297485351562,-70.39579010009766
10/2/2026 12:29:04 PM,-23.639297485351562,-70.39579010009766
10/2/2026 12:29:05 PM,-23.639297485351562,-70.39579010009766
10/2/2026 12:29:06 PM,-23.639297485351562,-70.39579010009766
10/2/2026 12:29:07 PM,-23.639297485351562,-70.39579010009766
10/2/2026 12:29:08 PM,-23.639297485351562,-70.39579010009766
10/2/2026 12:29:09 PM,-23.639297485351562,-70.39579010009766
10/2/2026 12:29:10 PM,-23.639297485351562,-70.39579010009766
10/2/2026 12:29:11 PM,-23.639297485351562,-70.39579010009766
10/2/2026 12:29:12 PM,-23.639297485351562,-70.39579010009766
10/2/2026 12:29:13 PM,-23.639297485351562,-70.39579010009766
10/2/2026 12:29:14 PM,-23.639297485351562,-70.39579010009766
10/2/2026 12:29:15 PM,-23.63929033279419,-70.39579010009766
10/2/2026 12:29:16 PM,-23.639273643493652,-70.39579010009766
10/2/2026 12:29:17 PM,-23.6392502784729,-70.39578437805176
10/2/2026 12:29:18 PM,-23.639232635498047,-70.39577865600586
10/2/2026 12:29:19 PM,-23.639207363128662,-70.39577102661133
10/2/2026 12:29:20 PM,-23.63917589187622,-70.39576148986816
10/2/2026 12:29:21 PM,-23.63914203643799,-70.395751953125
10/2/2026 12:29:22 PM,-23.63910484313965,-70.3957405090332
10/2/2026 12:29:23 PM,-23.639060974121094,-70.39573287963867
10/2/2026 12:29:24 PM,-23.63901376724243,-70.39570999145508
10/2/2026 12:29:25 PM,-23.63896608352661,-70.39569473266602
10/2/2026 12:29:26 PM,-23.638915538787842,-70.39567947387695
10/2/2026 12:29:27 PM,-23.638858318328857,-70.39566802978516
10/2/2026 12:29:28 PM,-23.638793468475342,-70.39565658569336
10/2/2026 12:29:29 PM,-23.638731002807617,-70.39564514160156
10/2/2026 12:29:30 PM,-23.63866424560547,-70.3956298828125
10/2/2026 12:29:31 PM,-23.63859272003174,-70.3956184387207
10/2/2026 12:29:32 PM,-23.638517379760742,-70.39561080932617
10/2/2026 12:29:33 PM,-23.638436794281006,-70.39560317993164
10/2/2026 12:29:34 PM,-23.638351917266846,-70.39559936523438
10/2/2026 12:29:35 PM,-23.63826322555542,-70.39559936523438
10/2/2026 12:29:36 PM,-23.63819408416748,-70.39559936523438
10/2/2026 12:29:37 PM,-23.638100624084473,-70.3956069946289
10/2/2026 12:29:38 PM,-23.63800621032715,-70.3956184387207
10/2/2026 12:29:39 PM,-23.637908935546875,-70.3956298828125
10/2/2026 12:29:40 PM,-23.637782096862793,-70.3956413269043
10/2/2026 12:29:41 PM,-23.637674808502197,-70.39564895629883
10/2/2026 12:29:42 PM,-23.637593269348145,-70.39565658569336
10/2/2026 12:29:43 PM,-23.63748264312744,-70.39566421508789
10/2/2026 12:29:44 PM,-23.63737201690674,-70.39567565917969
10/2/2026 12:29:45 PM,-23.637259483337402,-70.39568710327148
10/2/2026 12:29:46 PM,-23.637144088745117,-70.39570617675781
10/2/2026 12:29:47 PM,-23.637028694152832,-70.39570617675781
10/2/2026 12:29:48 PM,-23.636911392211914,-70.39570999145508
10/2/2026 12:29:49 PM,-23.63679313659668,-70.39571762084961
10/2/2026 12:29:50 PM,-23.636677742004395,-70.39572525024414
10/2/2026 12:29:51 PM,-23.63656520843506,-70.3957290649414
10/2/2026 12:29:52 PM,-23.636451721191406,-70.39572525024414
10/2/2026 12:29:53 PM,-23.636337280273438,-70.39572143554688
10/2/2026 12:29:54 PM,-23.636221885681152,-70.39572143554688
10/2/2026 12:29:55 PM,-23.636107444763184,-70.39572143554688
10/2/2026 12:29:56 PM,-23.635994911193848,-70.39571762084961
10/2/2026 12:29:57 PM,-23.63588047027588,-70.39571380615234
10/2/2026 12:29:58 PM,-23.635735034942627,-70.39571380615234
10/2/2026 12:29:59 PM,-23.6356201171875,-70.39571380615234
10/2/2026 12:30:00 PM,-23.635534286499023,-70.39571380615234
10/2/2026 12:30:01 PM,-23.635419845581055,-70.39571762084961
10/2/2026 12:30:02 PM,-23.63530445098877,-70.39572143554688
10/2/2026 12:30:03 PM,-23.63518524169922,-70.3957290649414
10/2/2026 12:30:04 PM,-23.6350040435791,-70.3957290649414
10/2/2026 12:30:05 PM,-23.634885787963867,-70.39573669433594
10/2/2026 12:30:06 PM,-23.63482666015625,-70.39573669433594
10/2/2026 12:30:07 PM,-23.63465118408203,-70.39574432373047
10/2/2026 12:30:08 PM,-23.634536743164062,-70.39573669433594
10/2/2026 12:30:09 PM,-23.634418487548828,-70.39573669433594
10/2/2026 12:30:10 PM,-23.634300231933594,-70.3957290649414
10/2/2026 12:30:11 PM,-23.63418197631836,-70.3957290649414
10/2/2026 12:30:12 PM,-23.634065628051758,-70.3957290649414
10/2/2026 12:30:13 PM,-23.633947372436523,-70.39572143554688
10/2/2026 12:30:14 PM,-23.633831024169922,-70.39571380615234
10/2/2026 12:30:15 PM,-23.63371467590332,-70.39571380615234
10/2/2026 12:30:16 PM,-23.633596420288086,-70.39570617675781
10/2/2026 12:30:17 PM,-23.633480072021484,-70.39569854736328
10/2/2026 12:30:18 PM,-23.633363723754883,-70.39569091796875
10/2/2026 12:30:19 PM,-23.63324737548828,-70.39568328857422
10/2/2026 12:30:20 PM,-23.63313102722168,-70.39567565917969
10/2/2026 12:30:21 PM,-23.633018493652344,-70.39567565917969
10/2/2026 12:30:22 PM,-23.632904052734375,-70.39566802978516
10/2/2026 12:30:23 PM,-23.63279151916504,-70.39566802978516
10/2/2026 12:30:24 PM,-23.63267707824707,-70.39566040039062
10/2/2026 12:30:25 PM,-23.63256072998047,-70.39566040039062
10/2/2026 12:30:26 PM,-23.632448196411133,-70.39566802978516
10/2/2026 12:30:27 PM,-23.632333755493164,-70.39568328857422
10/2/2026 12:30:28 PM,-23.63222312927246,-70.39571380615234
10/2/2026 12:30:29 PM,-23.632110595703125,-70.39574432373047
10/2/2026 12:30:30 PM,-23.632001876831055,-70.39578247070312
10/2/2026 12:30:31 PM,-23.63188934326172,-70.39582824707031
10/2/2026 12:30:32 PM,-23.63178253173828,-70.39586639404297
10/2/2026 12:30:33 PM,-23.63167381286621,-70.39591217041016
10/2/2026 12:30:34 PM,-23.631568908691406,-70.39595794677734
10/2/2026 12:30:35 PM,-23.631458282470703,-70.39599609375
10/2/2026 12:30:36 PM,-23.631351470947266,-70.39604187011719
10/2/2026 12:30:37 PM,-23.631244659423828,-70.39607238769531
10/2/2026 12:30:38 PM,-23.631139755249023,-70.39610290527344
10/2/2026 12:30:39 PM,-23.63103485107422,-70.3961181640625
10/2/2026 12:30:40 PM,-23.63093376159668,-70.39613342285156
10/2/2026 12:30:41 PM,-23.630840301513672,-70.39614868164062
10/2/2026 12:30:42 PM,-23.63075065612793,-70.39615631103516
10/2/2026 12:30:43 PM,-23.630664825439453,-70.39616394042969
10/2/2026 12:30:44 PM,-23.630582809448242,-70.39617156982422
10/2/2026 12:30:45 PM,-23.630504608154297,-70.39617919921875
10/2/2026 12:30:46 PM,-23.630430221557617,-70.39617919921875
10/2/2026 12:30:47 PM,-23.630361557006836,-70.39617919921875
10/2/2026 12:30:48 PM,-23.630294799804688,-70.39618682861328
10/2/2026 12:30:49 PM,-23.630224227905273,-70.39618682861328
10/2/2026 12:30:50 PM,-23.63015365600586,-70.39618682861328
10/2/2026 12:30:51 PM,-23.63007926940918,-70.39619445800781
10/2/2026 12:30:52 PM,-23.630001068115234,-70.39620208740234
10/2/2026 12:30:53 PM,-23.629919052124023,-70.39620208740234
10/2/2026 12:30:54 PM,-23.62982749938965,-70.39620971679688
10/2/2026 12:30:55 PM,-23.629735946655273,-70.3962173461914
10/2/2026 12:30:56 PM,-23.629640579223633,-70.3962173461914
10/2/2026 12:30:57 PM,-23.629545211791992,-70.39622497558594
10/2/2026 12:30:58 PM,-23.62944793701172,-70.39623260498047
10/2/2026 12:30:59 PM,-23.629352569580078,-70.39623260498047
10/2/2026 12:31:00 PM,-23.629253387451172,-70.396240234375
10/2/2026 12:31:01 PM,-23.629152297973633,-70.396240234375
10/2/2026 12:31:02 PM,-23.62904930114746,-70.39624786376953
10/2/2026 12:31:03 PM,-23.628948211669922,-70.39625549316406
10/2/2026 12:31:04 PM,-23.62885284423828,-70.3962631225586
10/2/2026 12:31:05 PM,-23.628761291503906,-70.39627075195312
10/2/2026 12:31:06 PM,-23.62867546081543,-70.39627075195312
10/2/2026 12:31:07 PM,-23.628591537475586,-70.39627075195312
10/2/2026 12:31:08 PM,-23.628507614135742,-70.39628601074219
10/2/2026 12:31:09 PM,-23.628421783447266,-70.39628601074219
10/2/2026 12:31:10 PM,-23.62833023071289,-70.39629364013672
10/2/2026 12:31:11 PM,-23.62823486328125,-70.39629364013672
10/2/2026 12:31:12 PM,-23.62813377380371,-70.39630126953125
10/2/2026 12:31:13 PM,-23.628026962280273,-70.39630126953125
10/2/2026 12:31:14 PM,-23.62791633605957,-70.39630889892578
10/2/2026 12:31:15 PM,-23.627798080444336,-70.39631652832031
10/2/2026 12:31:16 PM,-23.627687454223633,-70.39632415771484
10/2/2026 12:31:17 PM,-23.627574920654297,-70.39631652832031
10/2/2026 12:31:18 PM,-23.62746810913086,-70.39632415771484
10/2/2026 12:31:19 PM,-23.62736701965332,-70.39633178710938
10/2/2026 12:31:20 PM,-23.627262115478516,-70.39633178710938
10/2/2026 12:31:21 PM,-23.627166748046875,-70.39633178710938
10/2/2026 12:31:22 PM,-23.6270751953125,-70.3963394165039
10/2/2026 12:31:23 PM,-23.626989364624023,-70.3963394165039
10/2/2026 12:31:24 PM,-23.62690544128418,-70.3963394165039
10/2/2026 12:31:25 PM,-23.6268253326416,-70.39634704589844
10/2/2026 12:31:26 PM,-23.626747131347656,-70.39634704589844
10/2/2026 12:31:27 PM,-23.626684188842773,-70.39635467529297
10/2/2026 12:31:28 PM,-23.626630783081055,-70.39635467529297
10/2/2026 12:31:29 PM,-23.6265869140625,-70.39635467529297
10/2/2026 12:31:30 PM,-23.62655258178711,-70.3963623046875
10/2/2026 12:31:31 PM,-23.62652587890625,-70.3963623046875
10/2/2026 12:31:32 PM,-23.626502990722656,-70.3963623046875
10/2/2026 12:31:33 PM,-23.626487731933594,-70.3963623046875
10/2/2026 12:31:34 PM,-23.626474380493164,-70.3963623046875
10/2/2026 12:31:35 PM,-23.626468658447266,-70.3963623046875
10/2/2026 12:31:36 PM,-23.6264591217041,-70.3963623046875
10/2/2026 12:31:37 PM,-23.626453399658203,-70.3963623046875
10/2/2026 12:31:38 PM,-23.626449584960938,-70.3963623046875
10/2/2026 12:31:39 PM,-23.626449584960938,-70.3963623046875
10/2/2026 12:31:40 PM,-23.62645149230957,-70.3963623046875
10/2/2026 12:31:41 PM,-23.62645149230957,-70.3963623046875
10/2/2026 12:31:42 PM,-23.62645149230957,-70.3963623046875
10/2/2026 12:31:43 PM,-23.62645149230957,-70.3963623046875
10/2/2026 12:31:44 PM,-23.62645149230957,-70.3963623046875
10/2/2026 12:31:45 PM,-23.62645149230957,-70.3963623046875
10/2/2026 12:31:46 PM,-23.62645149230957,-70.3963623046875
10/2/2026 12:31:47 PM,-23.626449584960938,-70.3963623046875
10/2/2026 12:31:48 PM,-23.62644386291504,-70.3963623046875
10/2/2026 12:31:49 PM,-23.626433849334717,-70.3963623046875
10/2/2026 12:31:50 PM,-23.626417636871338,-70.3963565826416
10/2/2026 12:31:51 PM,-23.626399040222168,-70.39635467529297
10/2/2026 12:31:52 PM,-23.62637996673584,-70.39635467529297
10/2/2026 12:31:53 PM,-23.62636089324951,-70.39635467529297
10/2/2026 12:31:54 PM,-23.626346111297607,-70.39635467529297
10/2/2026 12:31:55 PM,-23.626331329345703,-70.39635467529297
10/2/2026 12:31:56 PM,-23.62631607055664,-70.39635467529297
10/2/2026 12:31:57 PM,-23.626302242279053,-70.39634895324707
10/2/2026 12:31:58 PM,-23.626288890838623,-70.39634704589844
10/2/2026 12:31:59 PM,-23.626276969909668,-70.39634704589844
10/2/2026 12:32:00 PM,-23.626266956329346,-70.39634704589844
10/2/2026 12:32:01 PM,-23.626261711120605,-70.39634704589844
10/2/2026 12:32:02 PM,-23.626259326934814,-70.39635276794434
10/2/2026 12:32:03 PM,-23.62626028060913,-70.39635467529297
10/2/2026 12:32:04 PM,-23.626262187957764,-70.39635467529297
10/2/2026 12:32:05 PM,-23.626262664794922,-70.39636039733887
10/2/2026 12:32:06 PM,-23.626259803771973,-70.3963623046875
10/2/2026 12:32:07 PM,-23.62625026702881,-70.3963623046875
10/2/2026 12:32:08 PM,-23.626233100891113,-70.3963565826416
10/2/2026 12:32:09 PM,-23.62621259689331,-70.39635467529297
10/2/2026 12:32:10 PM,-23.626190185546875,-70.39635467529297
10/2/2026 12:32:11 PM,-23.626165866851807,-70.39635467529297
10/2/2026 12:32:12 PM,-23.62613534927368,-70.39634895324707
10/2/2026 12:32:13 PM,-23.626100063323975,-70.39634132385254
10/2/2026 12:32:14 PM,-23.62606382369995,-70.3963394165039
10/2/2026 12:32:15 PM,-23.626027584075928,-70.39633369445801
10/2/2026 12:32:16 PM,-23.625994205474854,-70.39632606506348
10/2/2026 12:32:17 PM,-23.62596321105957,-70.39631271362305
10/2/2026 12:32:18 PM,-23.62593126296997,-70.39630317687988
10/2/2026 12:32:19 PM,-23.625898838043213,-70.39628982543945
10/2/2026 12:32:20 PM,-23.62586212158203,-70.39627456665039
10/2/2026 12:32:21 PM,-23.625823974609375,-70.39625930786133
10/2/2026 12:32:22 PM,-23.625781536102295,-70.39623260498047
10/2/2026 12:32:23 PM,-23.625731945037842,-70.39620780944824
10/2/2026 12:32:24 PM,-23.625680446624756,-70.39618492126465
10/2/2026 12:32:25 PM,-23.62562608718872,-70.39615631103516
10/2/2026 12:32:26 PM,-23.62557363510132,-70.39613151550293
10/2/2026 12:32:27 PM,-23.625522136688232,-70.39610290527344
10/2/2026 12:32:28 PM,-23.625473499298096,-70.39607238769531
10/2/2026 12:32:29 PM,-23.625425815582275,-70.39604187011719
10/2/2026 12:32:30 PM,-23.625378131866455,-70.39601135253906
10/2/2026 12:32:31 PM,-23.62533473968506,-70.39598655700684
10/2/2026 12:32:32 PM,-23.625295639038086,-70.39595794677734
10/2/2026 12:32:33 PM,-23.625256061553955,-70.39592742919922
10/2/2026 12:32:34 PM,-23.625213146209717,-70.3958969116211
10/2/2026 12:32:35 PM,-23.625166416168213,-70.39586639404297
10/2/2026 12:32:36 PM,-23.625115871429443,-70.39583587646484
10/2/2026 12:32:37 PM,-23.625064373016357,-70.39579963684082
10/2/2026 12:32:38 PM,-23.625014305114746,-70.39576721191406
10/2/2026 12:32:39 PM,-23.624966144561768,-70.39573097229004
10/2/2026 12:32:40 PM,-23.624924182891846,-70.39570426940918
10/2/2026 12:32:41 PM,-23.624882698059082,-70.39567565917969
10/2/2026 12:32:42 PM,-23.624845027923584,-70.39565086364746
10/2/2026 12:32:43 PM,-23.624807357788086,-70.39562797546387
10/2/2026 12:32:44 PM,-23.62476634979248,-70.39559936523438
10/2/2026 12:32:45 PM,-23.62472152709961,-70.39557456970215
10/2/2026 12:32:46 PM,-23.624675750732422,-70.39554595947266
10/2/2026 12:32:47 PM,-23.624627113342285,-70.39551544189453
10/2/2026 12:32:48 PM,-23.624577522277832,-70.3954849243164
10/2/2026 12:32:49 PM,-23.624529361724854,-70.39544868469238
10/2/2026 12:32:50 PM,-23.62448024749756,-70.39541625976562
10/2/2026 12:32:51 PM,-23.62443208694458,-70.3953800201416
10/2/2026 12:32:52 PM,-23.624385833740234,-70.39534759521484
10/2/2026 12:32:53 PM,-23.624340057373047,-70.39532279968262
10/2/2026 12:32:54 PM,-23.62429714202881,-70.39529418945312
10/2/2026 12:32:55 PM,-23.62425661087036,-70.3952693939209
10/2/2026 12:32:56 PM,-23.624215126037598,-70.3952407836914
10/2/2026 12:32:57 PM,-23.62417459487915,-70.39521598815918
10/2/2026 12:32:58 PM,-23.624131679534912,-70.39518737792969
10/2/2026 12:32:59 PM,-23.624090671539307,-70.39516258239746
10/2/2026 12:33:00 PM,-23.624052047729492,-70.39513969421387
10/2/2026 12:33:01 PM,-23.624016761779785,-70.39511680603027
10/2/2026 12:33:02 PM,-23.623988151550293,-70.39509391784668
10/2/2026 12:33:03 PM,-23.623964309692383,-70.39507675170898
10/2/2026 12:33:04 PM,-23.62394142150879,-70.39506721496582
10/2/2026 12:33:05 PM,-23.623927116394043,-70.39505958557129
10/2/2026 12:33:06 PM,-23.623918533325195,-70.39505195617676
10/2/2026 12:33:07 PM,-23.62390661239624,-70.39504432678223
10/2/2026 12:33:08 PM,-23.623888969421387,-70.3950309753418
10/2/2026 12:33:09 PM,-23.62386703491211,-70.39501571655273
10/2/2026 12:33:10 PM,-23.623847007751465,-70.39500045776367
10/2/2026 12:33:11 PM,-23.623825073242188,-70.39498519897461
10/2/2026 12:33:12 PM,-23.62379789352417,-70.39496994018555
10/2/2026 12:33:13 PM,-23.623767852783203,-70.39494895935059
10/2/2026 12:33:14 PM,-23.62373447418213,-70.39493179321289
10/2/2026 12:33:15 PM,-23.623698711395264,-70.39490509033203
10/2/2026 12:33:16 PM,-23.623651027679443,-70.3948745727539
10/2/2026 12:33:17 PM,-23.62360668182373,-70.39484405517578
10/2/2026 12:33:18 PM,-23.623563289642334,-70.39481353759766
10/2/2026 12:33:19 PM,-23.623512268066406,-70.39478302001953
10/2/2026 12:33:20 PM,-23.623457431793213,-70.3947525024414
10/2/2026 12:33:21 PM,-23.62340497970581,-70.39471626281738
10/2/2026 12:33:22 PM,-23.6233491897583,-70.39467811584473
10/2/2026 12:33:23 PM,-23.623289108276367,-70.39463996887207
10/2/2026 12:33:24 PM,-23.623226642608643,-70.39460182189941
10/2/2026 12:33:25 PM,-23.62316656112671,-70.39456367492676
10/2/2026 12:33:26 PM,-23.623103141784668,-70.3945198059082
10/2/2026 12:33:27 PM,-23.623036861419678,-70.39447402954102
10/2/2026 12:33:28 PM,-23.62297010421753,-70.39443397521973
10/2/2026 12:33:29 PM,-23.62290048599243,-70.39438438415527
10/2/2026 12:33:30 PM,-23.622831344604492,-70.39433670043945
10/2/2026 12:33:31 PM,-23.622764110565186,-70.39429664611816
10/2/2026 12:33:32 PM,-23.622703075408936,-70.39425849914551
10/2/2026 12:33:33 PM,-23.62265110015869,-70.39422035217285
10/2/2026 12:33:34 PM,-23.62261152267456,-70.39419364929199
10/2/2026 12:33:35 PM,-23.62258243560791,-70.3941764831543
10/2/2026 12:33:36 PM,-23.622562885284424,-70.39416122436523
10/2/2026 12:33:37 PM,-23.622550010681152,-70.39415168762207
10/2/2026 12:33:38 PM,-23.622544288635254,-70.39414405822754
10/2/2026 12:33:39 PM,-23.622541904449463,-70.3941421508789
10/2/2026 12:33:40 PM,-23.622541427612305,-70.3941478729248
10/2/2026 12:33:41 PM,-23.62253999710083,-70.39414978027344
10/2/2026 12:33:42 PM,-23.622539520263672,-70.39414978027344
10/2/2026 12:33:43 PM,-23.622539520263672,-70.39414978027344
10/2/2026 12:33:44 PM,-23.622539520263672,-70.39414978027344
10/2/2026 12:33:45 PM,-23.622538089752197,-70.39414978027344
10/2/2026 12:33:46 PM,-23.622536182403564,-70.39414978027344
10/2/2026 12:33:47 PM,-23.62253713607788,-70.39414978027344
10/2/2026 12:33:48 PM,-23.622536182403564,-70.39414978027344
10/2/2026 12:33:49 PM,-23.622532844543457,-70.39414978027344
10/2/2026 12:33:50 PM,-23.62253189086914,-70.39414978027344
10/2/2026 12:33:51 PM,-23.62253189086914,-70.39414978027344
10/2/2026 12:33:52 PM,-23.62253189086914,-70.39414978027344
10/2/2026 12:33:53 PM,-23.62253189086914,-70.39414978027344
10/2/2026 12:33:54 PM,-23.62253189086914,-70.39414978027344
10/2/2026 12:33:55 PM,-23.62253189086914,-70.39414978027344
10/2/2026 12:33:56 PM,-23.62253189086914,-70.39414978027344
10/2/2026 12:33:57 PM,-23.62253189086914,-70.39414978027344
10/2/2026 12:33:58 PM,-23.62253189086914,-70.39414978027344
10/2/2026 12:33:59 PM,-23.62253189086914,-70.39414978027344
10/2/2026 12:34:00 PM,-23.62253189086914,-70.39414978027344
10/2/2026 12:34:01 PM,-23.62253189086914,-70.39414978027344
10/2/2026 12:34:02 PM,-23.62253189086914,-70.39414978027344
10/2/2026 12:34:03 PM,-23.62253189086914,-70.39414978027344
10/2/2026 12:34:04 PM,-23.62253189086914,-70.39414978027344
10/2/2026 12:34:05 PM,-23.62253189086914,-70.39414978027344
10/2/2026 12:34:06 PM,-23.62253189086914,-70.39414978027344
10/2/2026 12:34:07 PM,-23.62253189086914,-70.39414978027344
10/2/2026 12:34:08 PM,-23.62253189086914,-70.39414978027344
10/2/2026 12:34:09 PM,-23.62253189086914,-70.39414978027344
10/2/2026 12:34:10 PM,-23.62253189086914,-70.39414978027344
10/2/2026 12:34:11 PM,-23.62253189086914,-70.39414978027344
10/2/2026 12:34:12 PM,-23.62253189086914,-70.39414978027344
10/2/2026 12:34:13 PM,-23.62253189086914,-70.39414978027344
10/2/2026 12:34:14 PM,-23.62253189086914,-70.39414978027344
10/2/2026 12:34:15 PM,-23.62253189086914,-70.39414978027344
10/2/2026 12:34:16 PM,-23.62253189086914,-70.39414978027344
10/2/2026 12:34:17 PM,-23.62253189086914,-70.39414978027344
10/2/2026 12:34:18 PM,-23.62253189086914,-70.39414978027344
10/2/2026 12:34:19 PM,-23.62253189086914,-70.39414978027344
10/2/2026 12:34:20 PM,-23.62253189086914,-70.39414978027344
10/2/2026 12:34:21 PM,-23.622526168823242,-70.39414978027344
10/2/2026 12:34:22 PM,-23.622514247894287,-70.39413833618164
10/2/2026 12:34:23 PM,-23.622493743896484,-70.39412307739258
10/2/2026 12:34:24 PM,-23.62247085571289,-70.39411354064941
10/2/2026 12:34:25 PM,-23.622447967529297,-70.39410018920898
10/2/2026 12:34:26 PM,-23.62242078781128,-70.39407920837402
10/2/2026 12:34:27 PM,-23.622390747070312,-70.39406204223633
10/2/2026 12:34:28 PM,-23.622358798980713,-70.39404106140137
10/2/2026 12:34:29 PM,-23.622317790985107,-70.39401245117188
10/2/2026 12:34:30 PM,-23.622275352478027,-70.39398765563965
10/2/2026 12:34:31 PM,-23.622230529785156,-70.39395904541016
10/2/2026 12:34:32 PM,-23.62218475341797,-70.39392280578613
10/2/2026 12:34:33 PM,-23.622133255004883,-70.39388465881348
10/2/2026 12:34:34 PM,-23.622074127197266,-70.39385223388672
10/2/2026 12:34:35 PM,-23.622013092041016,-70.3938102722168
10/2/2026 12:34:36 PM,-23.62195062637329,-70.39377021789551
10/2/2026 12:34:37 PM,-23.621889114379883,-70.39372634887695
10/2/2026 12:34:38 PM,-23.621825218200684,-70.39368057250977
10/2/2026 12:34:39 PM,-23.621761798858643,-70.39364051818848
10/2/2026 12:34:40 PM,-23.621704578399658,-70.39360237121582
10/2/2026 12:34:41 PM,-23.62165927886963,-70.39357566833496
10/2/2026 12:34:42 PM,-23.621620178222656,-70.39355278015137
10/2/2026 12:34:43 PM,-23.62158203125,-70.39352416992188
10/2/2026 12:34:44 PM,-23.62154531478882,-70.39349937438965
10/2/2026 12:34:45 PM,-23.621511936187744,-70.39347648620605
10/2/2026 12:34:46 PM,-23.621479511260986,-70.39345932006836
10/2/2026 12:34:47 PM,-23.621452808380127,-70.3934383392334
10/2/2026 12:34:48 PM,-23.6214280128479,-70.3934211730957
10/2/2026 12:34:49 PM,-23.621406078338623,-70.39340591430664
10/2/2026 12:34:50 PM,-23.621389389038086,-70.39339065551758
10/2/2026 12:34:51 PM,-23.62137269973755,-70.39337539672852
10/2/2026 12:34:52 PM,-23.621356964111328,-70.39336013793945
10/2/2026 12:34:53 PM,-23.62134313583374,-70.39335060119629
10/2/2026 12:34:54 PM,-23.62132978439331,-70.39334297180176
10/2/2026 12:34:55 PM,-23.62131643295288,-70.39333534240723
10/2/2026 12:34:56 PM,-23.621307373046875,-70.3933277130127
10/2/2026 12:34:57 PM,-23.621302604675293,-70.39332008361816
10/2/2026 12:34:58 PM,-23.621300220489502,-70.39331817626953
10/2/2026 12:34:59 PM,-23.621296882629395,-70.39331817626953
10/2/2026 12:35:00 PM,-23.62129306793213,-70.39331817626953
10/2/2026 12:35:01 PM,-23.62128496170044,-70.39331245422363
10/2/2026 12:35:02 PM,-23.6212739944458,-70.3933048248291
10/2/2026 12:35:03 PM,-23.621265411376953,-70.39329719543457
10/2/2026 12:35:04 PM,-23.621256351470947,-70.39328956604004
10/2/2026 12:35:05 PM,-23.621248245239258,-70.39328193664551
10/2/2026 12:35:06 PM,-23.621240615844727,-70.39328002929688
10/2/2026 12:35:07 PM,-23.62123155593872,-70.39327430725098
10/2/2026 12:35:08 PM,-23.621224880218506,-70.39326667785645
10/2/2026 12:35:09 PM,-23.62122344970703,-70.39326477050781
10/2/2026 12:35:10 PM,-23.621224880218506,-70.39327049255371
10/2/2026 12:35:11 PM,-23.621225357055664,-70.39327239990234
10/2/2026 12:35:12 PM,-23.621225357055664,-70.39327239990234
10/2/2026 12:35:13 PM,-23.621222496032715,-70.39326667785645
10/2/2026 12:35:14 PM,-23.621214389801025,-70.39326477050781
10/2/2026 12:35:15 PM,-23.621200561523438,-70.39325332641602
10/2/2026 12:35:16 PM,-23.62118101119995,-70.39323806762695
10/2/2026 12:35:17 PM,-23.621161460876465,-70.39322853088379
10/2/2026 12:35:18 PM,-23.621139526367188,-70.39321517944336
10/2/2026 12:35:19 PM,-23.62111234664917,-70.3931941986084
10/2/2026 12:35:20 PM,-23.621082305908203,-70.3931713104248
10/2/2026 12:35:21 PM,-23.62104892730713,-70.39315414428711
10/2/2026 12:35:22 PM,-23.621013164520264,-70.39312744140625
10/2/2026 12:35:23 PM,-23.62097406387329,-70.39310264587402
10/2/2026 12:35:24 PM,-23.620935440063477,-70.39307975769043
10/2/2026 12:35:25 PM,-23.620890140533447,-70.39305114746094
10/2/2026 12:35:26 PM,-23.6208438873291,-70.39302635192871
10/2/2026 12:35:27 PM,-23.62079954147339,-70.39299774169922
10/2/2026 12:35:28 PM,-23.620752811431885,-70.3929672241211
10/2/2026 12:35:29 PM,-23.62070369720459,-70.39293670654297
10/2/2026 12:35:30 PM,-23.62064838409424,-70.39291191101074
10/2/2026 12:35:31 PM,-23.62059259414673,-70.39288330078125
10/2/2026 12:35:32 PM,-23.620537281036377,-70.39285850524902
10/2/2026 12:35:33 PM,-23.6204833984375,-70.39282989501953
10/2/2026 12:35:34 PM,-23.620431423187256,-70.3928050994873
10/2/2026 12:35:35 PM,-23.62037992477417,-70.39278793334961
10/2/2026 12:35:36 PM,-23.62032985687256,-70.39276695251465
10/2/2026 12:35:37 PM,-23.62028169631958,-70.39274406433105
10/2/2026 12:35:38 PM,-23.62023401260376,-70.39272117614746
10/2/2026 12:35:39 PM,-23.620187759399414,-70.39270401000977
10/2/2026 12:35:40 PM,-23.620144844055176,-70.3926830291748
10/2/2026 12:35:41 PM,-23.62010431289673,-70.39266586303711
10/2/2026 12:35:42 PM,-23.620068550109863,-70.39265060424805
10/2/2026 12:35:43 PM,-23.620035648345947,-70.39263534545898
10/2/2026 12:35:44 PM,-23.62000608444214,-70.39262580871582
10/2/2026 12:35:45 PM,-23.619977474212646,-70.39261817932129
10/2/2026 12:35:46 PM,-23.61995029449463,-70.39261054992676
10/2/2026 12:35:47 PM,-23.619927883148193,-70.39260292053223
10/2/2026 12:35:48 PM,-23.61990976333618,-70.3925952911377
10/2/2026 12:35:49 PM,-23.619892597198486,-70.39259338378906
10/2/2026 12:35:50 PM,-23.619874000549316,-70.39258766174316
10/2/2026 12:35:51 PM,-23.619857788085938,-70.39258003234863
10/2/2026 12:35:52 PM,-23.6198410987854,-70.392578125
10/2/2026 12:35:53 PM,-23.61982536315918,-70.3925724029541
10/2/2026 12:35:54 PM,-23.619810104370117,-70.39256477355957
10/2/2026 12:35:55 PM,-23.61979627609253,-70.39256286621094
10/2/2026 12:35:56 PM,-23.6197829246521,-70.39255714416504
10/2/2026 12:35:57 PM,-23.61976957321167,-70.39254951477051
10/2/2026 12:35:58 PM,-23.619757652282715,-70.39254760742188
10/2/2026 12:35:59 PM,-23.619746208190918,-70.39254760742188
10/2/2026 12:36:00 PM,-23.61973476409912,-70.39254188537598
10/2/2026 12:36:01 PM,-23.619720458984375,-70.39253997802734
10/2/2026 12:36:02 PM,-23.619703769683838,-70.39253425598145
10/2/2026 12:36:03 PM,-23.619688034057617,-70.39253234863281
10/2/2026 12:36:04 PM,-23.619672775268555,-70.39252662658691
10/2/2026 12:36:05 PM,-23.619658946990967,-70.39252471923828
10/2/2026 12:36:06 PM,-23.619644165039062,-70.39251899719238
10/2/2026 12:36:07 PM,-23.61962604522705,-70.39251708984375
10/2/2026 12:36:08 PM,-23.619606971740723,-70.39251136779785
10/2/2026 12:36:09 PM,-23.61958646774292,-70.39250373840332
10/2/2026 12:36:10 PM,-23.619564056396484,-70.39250183105469
10/2/2026 12:36:11 PM,-23.61953830718994,-70.39249610900879
10/2/2026 12:36:12 PM,-23.619508743286133,-70.39248847961426
10/2/2026 12:36:13 PM,-23.619479656219482,-70.39248085021973
10/2/2026 12:36:14 PM,-23.619449615478516,-70.3924732208252
10/2/2026 12:36:15 PM,-23.619420528411865,-70.39246559143066
10/2/2026 12:36:16 PM,-23.619394779205322,-70.39246368408203
10/2/2026 12:36:17 PM,-23.61936855316162,-70.39245796203613
10/2/2026 12:36:18 PM,-23.619337558746338,-70.3924503326416
10/2/2026 12:36:19 PM,-23.61930227279663,-70.39244270324707
10/2/2026 12:36:20 PM,-23.619263172149658,-70.39244079589844
10/2/2026 12:36:21 PM,-23.619221687316895,-70.39243507385254
10/2/2026 12:36:22 PM,-23.61917543411255,-70.3924331665039
10/2/2026 12:36:23 PM,-23.619129180908203,-70.39242744445801
10/2/2026 12:36:24 PM,-23.619077682495117,-70.39241981506348
10/2/2026 12:36:25 PM,-23.619019985198975,-70.39241218566895
10/2/2026 12:36:26 PM,-23.618962287902832,-70.39241027832031
10/2/2026 12:36:27 PM,-23.61889934539795,-70.39240455627441
10/2/2026 12:36:28 PM,-23.61883306503296,-70.39240264892578
10/2/2026 12:36:29 PM,-23.618759155273438,-70.39240264892578
10/2/2026 12:36:30 PM,-23.6186842918396,-70.39239692687988
10/2/2026 12:36:31 PM,-23.618605613708496,-70.39239501953125
10/2/2026 12:36:32 PM,-23.618526935577393,-70.39238929748535
10/2/2026 12:36:33 PM,-23.618447303771973,-70.39238739013672
10/2/2026 12:36:34 PM,-23.61836576461792,-70.39238166809082
10/2/2026 12:36:35 PM,-23.618289470672607,-70.39237976074219
10/2/2026 12:36:36 PM,-23.618217945098877,-70.39237976074219
10/2/2026 12:36:37 PM,-23.618151664733887,-70.39237976074219
10/2/2026 12:36:38 PM,-23.61808681488037,-70.39237403869629
10/2/2026 12:36:39 PM,-23.618021965026855,-70.39237213134766
10/2/2026 12:36:40 PM,-23.617961406707764,-70.39236640930176
10/2/2026 12:36:41 PM,-23.61790943145752,-70.39236450195312
10/2/2026 12:36:42 PM,-23.617856979370117,-70.39235877990723
10/2/2026 12:36:43 PM,-23.617807865142822,-70.3923568725586
10/2/2026 12:36:44 PM,-23.617764472961426,-70.3923568725586
10/2/2026 12:36:45 PM,-23.617726802825928,-70.3923511505127
10/2/2026 12:36:46 PM,-23.617694854736328,-70.39234924316406
10/2/2026 12:36:47 PM,-23.617671489715576,-70.39234924316406
10/2/2026 12:36:48 PM,-23.61765193939209,-70.39234352111816
10/2/2026 12:36:49 PM,-23.61763572692871,-70.39234161376953
10/2/2026 12:36:50 PM,-23.617626190185547,-70.39234161376953
10/2/2026 12:36:51 PM,-23.617624282836914,-70.39234161376953
10/2/2026 12:36:52 PM,-23.617624282836914,-70.39234161376953
10/2/2026 12:36:53 PM,-23.617624282836914,-70.39234161376953
10/2/2026 12:36:54 PM,-23.617624282836914,-70.39234161376953
10/2/2026 12:36:55 PM,-23.617624282836914,-70.39234161376953
10/2/2026 12:36:56 PM,-23.617624282836914,-70.39234161376953
10/2/2026 12:36:57 PM,-23.61762285232544,-70.39234161376953
10/2/2026 12:36:58 PM,-23.617623805999756,-70.39234161376953
10/2/2026 12:36:59 PM,-23.617624282836914,-70.39233589172363
10/2/2026 12:37:00 PM,-23.61762285232544,-70.392333984375
10/2/2026 12:37:01 PM,-23.61762237548828,-70.392333984375
10/2/2026 12:37:02 PM,-23.617623805999756,-70.392333984375
10/2/2026 12:37:03 PM,-23.617624282836914,-70.392333984375
10/2/2026 12:37:04 PM,-23.617624282836914,-70.392333984375
10/2/2026 12:37:05 PM,-23.617624282836914,-70.392333984375
10/2/2026 12:37:06 PM,-23.617624282836914,-70.392333984375
10/2/2026 12:37:07 PM,-23.617624282836914,-70.392333984375
10/2/2026 12:37:08 PM,-23.617624282836914,-70.392333984375
10/2/2026 12:37:09 PM,-23.617627143859863,-70.392333984375
10/2/2026 12:37:10 PM,-23.61763095855713,-70.392333984375
10/2/2026 12:37:11 PM,-23.61763334274292,-70.392333984375
10/2/2026 12:37:12 PM,-23.617633819580078,-70.392333984375
10/2/2026 12:37:13 PM,-23.617635250091553,-70.392333984375
10/2/2026 12:37:14 PM,-23.617637157440186,-70.392333984375
10/2/2026 12:37:15 PM,-23.617637634277344,-70.392333984375
10/2/2026 12:37:16 PM,-23.61763620376587,-70.392333984375
10/2/2026 12:37:17 PM,-23.617637157440186,-70.392333984375
10/2/2026 12:37:18 PM,-23.617637634277344,-70.392333984375
10/2/2026 12:37:19 PM,-23.61763620376587,-70.392333984375
10/2/2026 12:37:20 PM,-23.61763572692871,-70.3923282623291
10/2/2026 12:37:21 PM,-23.61763572692871,-70.39232635498047
10/2/2026 12:37:22 PM,-23.61763572692871,-70.39232635498047
10/2/2026 12:37:23 PM,-23.61763572692871,-70.39232635498047
10/2/2026 12:37:24 PM,-23.61763572692871,-70.39232635498047
10/2/2026 12:37:25 PM,-23.61763572692871,-70.39232635498047
10/2/2026 12:37:26 PM,-23.617634296417236,-70.39232635498047
10/2/2026 12:37:27 PM,-23.61762809753418,-70.39232635498047
10/2/2026 12:37:28 PM,-23.617613315582275,-70.39232635498047
10/2/2026 12:37:29 PM,-23.617591857910156,-70.39232635498047
10/2/2026 12:37:30 PM,-23.617566108703613,-70.39232635498047
10/2/2026 12:37:31 PM,-23.61753797531128,-70.39232635498047
10/2/2026 12:37:32 PM,-23.617505073547363,-70.39232635498047
10/2/2026 12:37:33 PM,-23.617467880249023,-70.39232063293457
10/2/2026 12:37:34 PM,-23.617428302764893,-70.39231872558594
10/2/2026 12:37:35 PM,-23.617375373840332,-70.39231300354004
10/2/2026 12:37:36 PM,-23.617326736450195,-70.39230537414551
10/2/2026 12:37:37 PM,-23.61727809906006,-70.39230346679688
10/2/2026 12:37:38 PM,-23.617225646972656,-70.39229774475098
10/2/2026 12:37:39 PM,-23.61716651916504,-70.39229011535645
10/2/2026 12:37:40 PM,-23.617101192474365,-70.39228248596191
10/2/2026 12:37:41 PM,-23.617031574249268,-70.39226913452148
10/2/2026 12:37:42 PM,-23.616961002349854,-70.39225959777832
10/2/2026 12:37:43 PM,-23.616888999938965,-70.39225196838379
10/2/2026 12:37:44 PM,-23.616815090179443,-70.39223861694336
10/2/2026 12:37:45 PM,-23.616737842559814,-70.3922233581543
10/2/2026 12:37:46 PM,-23.616655349731445,-70.39220809936523
10/2/2026 12:37:47 PM,-23.616569995880127,-70.39218711853027
10/2/2026 12:37:48 PM,-23.6164813041687,-70.39216423034668
10/2/2026 12:37:49 PM,-23.61639165878296,-70.39214134216309
10/2/2026 12:37:50 PM,-23.616300582885742,-70.39211845397949
10/2/2026 12:37:51 PM,-23.616207599639893,-70.3920955657959
10/2/2026 12:37:52 PM,-23.61610984802246,-70.3920726776123
10/2/2026 12:37:53 PM,-23.61600637435913,-70.39204978942871
10/2/2026 12:37:54 PM,-23.61590003967285,-70.39202117919922
10/2/2026 12:37:55 PM,-23.615793228149414,-70.39199638366699
10/2/2026 12:37:56 PM,-23.61568784713745,-70.3919734954834
10/2/2026 12:37:57 PM,-23.615577220916748,-70.3919448852539
10/2/2026 12:37:58 PM,-23.61546754837036,-70.39192008972168
10/2/2026 12:37:59 PM,-23.61535882949829,-70.39189147949219
10/2/2026 12:38:00 PM,-23.61524724960327,-70.39186668395996
10/2/2026 12:38:01 PM,-23.615134716033936,-70.39184379577637
10/2/2026 12:38:02 PM,-23.615020751953125,-70.39182090759277
10/2/2026 12:38:03 PM,-23.614909172058105,-70.39179229736328
10/2/2026 12:38:04 PM,-23.614797115325928,-70.39176750183105
10/2/2026 12:38:05 PM,-23.614681720733643,-70.39175033569336
10/2/2026 12:38:06 PM,-23.61456537246704,-70.3917350769043
10/2/2026 12:38:07 PM,-23.61445188522339,-70.39172554016113
10/2/2026 12:38:08 PM,-23.614339351654053,-70.3917121887207
10/2/2026 12:38:09 PM,-23.614223957061768,-70.39170837402344
10/2/2026 12:38:10 PM,-23.61410903930664,-70.39170837402344
10/2/2026 12:38:11 PM,-23.613993167877197,-70.39171409606934
10/2/2026 12:38:12 PM,-23.61387538909912,-70.39172172546387
10/2/2026 12:38:13 PM,-23.613759994506836,-70.3917293548584
10/2/2026 12:38:14 PM,-23.613645553588867,-70.39173126220703
10/2/2026 12:38:15 PM,-23.61352825164795,-70.39173698425293
10/2/2026 12:38:16 PM,-23.613412857055664,-70.39174461364746
10/2/2026 12:38:17 PM,-23.613295555114746,-70.39175224304199
10/2/2026 12:38:18 PM,-23.613181591033936,-70.39175415039062
10/2/2026 12:38:19 PM,-23.61306619644165,-70.39175987243652
10/2/2026 12:38:20 PM,-23.612952709197998,-70.39176750183105
10/2/2026 12:38:21 PM,-23.612837314605713,-70.39176940917969
10/2/2026 12:38:22 PM,-23.612722396850586,-70.39177513122559
10/2/2026 12:38:23 PM,-23.612607955932617,-70.39178276062012
10/2/2026 12:38:24 PM,-23.612494945526123,-70.39179039001465
10/2/2026 12:38:25 PM,-23.612382411956787,-70.39179229736328
10/2/2026 12:38:26 PM,-23.61226987838745,-70.39179801940918
10/2/2026 12:38:27 PM,-23.612154483795166,-70.39180564880371
10/2/2026 12:38:28 PM,-23.612040996551514,-70.39181327819824
10/2/2026 12:38:29 PM,-23.611927032470703,-70.39182090759277
10/2/2026 12:38:30 PM,-23.611812591552734,-70.3918285369873
10/2/2026 12:38:31 PM,-23.611698150634766,-70.39183044433594
10/2/2026 12:38:32 PM,-23.611586570739746,-70.39184188842773
10/2/2026 12:38:33 PM,-23.61147165298462,-70.391845703125
10/2/2026 12:38:34 PM,-23.611355304718018,-70.3918514251709
10/2/2026 12:38:35 PM,-23.611241817474365,-70.39185905456543
10/2/2026 12:38:36 PM,-23.61112642288208,-70.39186668395996
10/2/2026 12:38:37 PM,-23.611011505126953,-70.39187431335449
10/2/2026 12:38:38 PM,-23.610897064208984,-70.39188766479492
10/2/2026 12:38:39 PM,-23.610785484313965,-70.39189720153809
10/2/2026 12:38:40 PM,-23.610670566558838,-70.39190483093262
10/2/2026 12:38:41 PM,-23.61055564880371,-70.39191246032715
10/2/2026 12:38:42 PM,-23.610439777374268,-70.39191436767578
10/2/2026 12:38:43 PM,-23.610323429107666,-70.39192008972168
10/2/2026 12:38:44 PM,-23.610209941864014,-70.39192771911621
10/2/2026 12:38:45 PM,-23.610095977783203,-70.39193534851074
10/2/2026 12:38:46 PM,-23.609978675842285,-70.39194297790527
10/2/2026 12:38:47 PM,-23.609864711761475,-70.3919506072998
10/2/2026 12:38:48 PM,-23.609747886657715,-70.39195823669434
10/2/2026 12:38:49 PM,-23.60962963104248,-70.39196586608887
10/2/2026 12:38:50 PM,-23.60951280593872,-70.3919677734375
10/2/2026 12:38:51 PM,-23.60939645767212,-70.3919734954834
10/2/2026 12:38:52 PM,-23.609280109405518,-70.39198112487793
10/2/2026 12:38:53 PM,-23.60916233062744,-70.39198875427246
10/2/2026 12:38:54 PM,-23.609046936035156,-70.39199638366699
10/2/2026 12:38:55 PM,-23.608931064605713,-70.39200401306152
10/2/2026 12:38:56 PM,-23.60881471633911,-70.39201164245605
10/2/2026 12:38:57 PM,-23.608699798583984,-70.39202499389648
10/2/2026 12:38:58 PM,-23.60858392715454,-70.39203453063965
10/2/2026 12:38:59 PM,-23.60846757888794,-70.39204216003418
10/2/2026 12:39:00 PM,-23.608351230621338,-70.39204978942871
10/2/2026 12:39:01 PM,-23.608234882354736,-70.39205169677734
10/2/2026 12:39:02 PM,-23.608118534088135,-70.39205741882324
10/2/2026 12:39:03 PM,-23.608002185821533,-70.39206504821777
10/2/2026 12:39:04 PM,-23.60788583755493,-70.3920726776123
10/2/2026 12:39:05 PM,-23.60776948928833,-70.39208030700684
10/2/2026 12:39:06 PM,-23.607651710510254,-70.39208221435547
10/2/2026 12:39:07 PM,-23.60753631591797,-70.39208793640137
10/2/2026 12:39:08 PM,-23.607421875,-70.39208984375
10/2/2026 12:39:09 PM,-23.607308864593506,-70.3920955657959
10/2/2026 12:39:10 PM,-23.60719347000122,-70.39209747314453
10/2/2026 12:39:11 PM,-23.60707712173462,-70.39210319519043
10/2/2026 12:39:12 PM,-23.606959342956543,-70.39210510253906
10/2/2026 12:39:13 PM,-23.606846809387207,-70.39210510253906
10/2/2026 12:39:14 PM,-23.60673761367798,-70.39210510253906
10/2/2026 12:39:15 PM,-23.606633186340332,-70.39211082458496
10/2/2026 12:39:16 PM,-23.606534481048584,-70.39211845397949
10/2/2026 12:39:17 PM,-23.60644006729126,-70.39212036132812
10/2/2026 12:39:18 PM,-23.606346607208252,-70.39212608337402
10/2/2026 12:39:19 PM,-23.606256008148193,-70.39212799072266
10/2/2026 12:39:20 PM,-23.6061692237854,-70.39212799072266
10/2/2026 12:39:21 PM,-23.606087684631348,-70.39212799072266
10/2/2026 12:39:22 PM,-23.606009006500244,-70.39212799072266
10/2/2026 12:39:23 PM,-23.605932235717773,-70.39212799072266
10/2/2026 12:39:24 PM,-23.60586166381836,-70.39212799072266
10/2/2026 12:39:25 PM,-23.605794429779053,-70.39213371276855
10/2/2026 12:39:26 PM,-23.605730533599854,-70.39213562011719
10/2/2026 12:39:27 PM,-23.60567045211792,-70.39212989807129
10/2/2026 12:39:28 PM,-23.605612754821777,-70.39213371276855
10/2/2026 12:39:29 PM,-23.605559825897217,-70.39213562011719
10/2/2026 12:39:30 PM,-23.60551118850708,-70.39213562011719
10/2/2026 12:39:31 PM,-23.605467796325684,-70.39214134216309
10/2/2026 12:39:32 PM,-23.605427265167236,-70.39214324951172
10/2/2026 12:39:33 PM,-23.60539150238037,-70.39214324951172
10/2/2026 12:39:34 PM,-23.60536003112793,-70.39214324951172
10/2/2026 12:39:35 PM,-23.60533094406128,-70.39214324951172
10/2/2026 12:39:36 PM,-23.60530662536621,-70.39214324951172
10/2/2026 12:39:37 PM,-23.605286598205566,-70.39214324951172
10/2/2026 12:39:38 PM,-23.605271816253662,-70.39214324951172
10/2/2026 12:39:39 PM,-23.605262756347656,-70.39213752746582
10/2/2026 12:39:40 PM,-23.60525369644165,-70.39213562011719
10/2/2026 12:39:41 PM,-23.60524845123291,-70.39213562011719
10/2/2026 12:39:42 PM,-23.60524606704712,-70.39213562011719
10/2/2026 12:39:43 PM,-23.605244159698486,-70.39213562011719
10/2/2026 12:39:44 PM,-23.605242252349854,-70.39213562011719
10/2/2026 12:39:45 PM,-23.605236053466797,-70.39214134216309
10/2/2026 12:39:46 PM,-23.605221271514893,-70.39214324951172
10/2/2026 12:39:47 PM,-23.6051983833313,-70.39214324951172
10/2/2026 12:39:48 PM,-23.605172157287598,-70.39214324951172
10/2/2026 12:39:49 PM,-23.60514259338379,-70.39214324951172
10/2/2026 12:39:50 PM,-23.605109214782715,-70.39214324951172
10/2/2026 12:39:51 PM,-23.6050705909729,-70.39214324951172
10/2/2026 12:39:52 PM,-23.605029106140137,-70.39214324951172
10/2/2026 12:39:53 PM,-23.60498571395874,-70.39214897155762
10/2/2026 12:39:54 PM,-23.604933261871338,-70.39215660095215
10/2/2026 12:39:55 PM,-23.604877948760986,-70.39215850830078
10/2/2026 12:39:56 PM,-23.60481834411621,-70.39215850830078
10/2/2026 12:39:57 PM,-23.604753017425537,-70.39215850830078
10/2/2026 12:39:58 PM,-23.60468339920044,-70.39215850830078
10/2/2026 12:39:59 PM,-23.60461139678955,-70.39215850830078
10/2/2026 12:40:00 PM,-23.60453176498413,-70.39215850830078
10/2/2026 12:40:01 PM,-23.60444688796997,-70.39215278625488
10/2/2026 12:40:02 PM,-23.60435676574707,-70.39215660095215
10/2/2026 12:40:03 PM,-23.60426378250122,-70.39215278625488
10/2/2026 12:40:04 PM,-23.60416603088379,-70.39215087890625
10/2/2026 12:40:05 PM,-23.604063987731934,-70.39215087890625
10/2/2026 12:40:06 PM,-23.603958129882812,-70.39215087890625
10/2/2026 12:40:07 PM,-23.603848457336426,-70.39215660095215
10/2/2026 12:40:08 PM,-23.6037335395813,-70.39215850830078
10/2/2026 12:40:09 PM,-23.603620052337646,-70.39215850830078
10/2/2026 12:40:10 PM,-23.60350465774536,-70.39215850830078
10/2/2026 12:40:11 PM,-23.603392601013184,-70.39215850830078
10/2/2026 12:40:12 PM,-23.603283405303955,-70.39215278625488
10/2/2026 12:40:13 PM,-23.603174686431885,-70.39215087890625
10/2/2026 12:40:14 PM,-23.603068828582764,-70.39215469360352
10/2/2026 12:40:15 PM,-23.60296106338501,-70.39216232299805
10/2/2026 12:40:16 PM,-23.602850914001465,-70.39216995239258
10/2/2026 12:40:17 PM,-23.60274314880371,-70.39217758178711
10/2/2026 12:40:18 PM,-23.602633476257324,-70.39218521118164
10/2/2026 12:40:19 PM,-23.602524280548096,-70.39219665527344
10/2/2026 12:40:20 PM,-23.60241413116455,-70.3922119140625
10/2/2026 12:40:21 PM,-23.60230779647827,-70.39223098754883
10/2/2026 12:40:22 PM,-23.602202892303467,-70.39225387573242
10/2/2026 12:40:23 PM,-23.60210084915161,-70.39227294921875
10/2/2026 12:40:24 PM,-23.602030754089355,-70.39229583740234
10/2/2026 12:40:25 PM,-23.601921558380127,-70.39231872558594
10/2/2026 12:40:26 PM,-23.60186004638672,-70.39233779907227
10/2/2026 12:40:27 PM,-23.601780891418457,-70.39236068725586
10/2/2026 12:40:28 PM,-23.60170269012451,-70.39238357543945
10/2/2026 12:40:29 PM,-23.601630210876465,-70.39240264892578
10/2/2026 12:40:30 PM,-23.60156536102295,-70.39242553710938
10/2/2026 12:40:31 PM,-23.601505279541016,-70.39244842529297
10/2/2026 12:40:32 PM,-23.601449012756348,-70.3924674987793
10/2/2026 12:40:33 PM,-23.60139560699463,-70.39249038696289
10/2/2026 12:40:34 PM,-23.60134792327881,-70.39250946044922
10/2/2026 12:40:35 PM,-23.601306915283203,-70.39252471923828
10/2/2026 12:40:36 PM,-23.60127067565918,-70.39253997802734
10/2/2026 12:40:37 PM,-23.601237297058105,-70.39255142211914
10/2/2026 12:40:38 PM,-23.601204872131348,-70.39256286621094
10/2/2026 12:40:39 PM,-23.601173400878906,-70.392578125
10/2/2026 12:40:40 PM,-23.601141929626465,-70.3925895690918
10/2/2026 12:40:41 PM,-23.601109504699707,-70.3926010131836
10/2/2026 12:40:42 PM,-23.601078033447266,-70.39262008666992
10/2/2026 12:40:43 PM,-23.60104751586914,-70.39263534545898
10/2/2026 12:40:44 PM,-23.60101890563965,-70.39264678955078
10/2/2026 12:40:45 PM,-23.600993156433105,-70.39265823364258
10/2/2026 12:40:46 PM,-23.60097026824951,-70.39266967773438
10/2/2026 12:40:47 PM,-23.600951194763184,-70.39268112182617
10/2/2026 12:40:48 PM,-23.60093402862549,-70.3926887512207
10/2/2026 12:40:49 PM,-23.600916862487793,-70.39269638061523
10/2/2026 12:40:50 PM,-23.600899696350098,-70.39270401000977
10/2/2026 12:40:51 PM,-23.600881576538086,-70.3927116394043
10/2/2026 12:40:52 PM,-23.600860595703125,-70.39271926879883
10/2/2026 12:40:53 PM,-23.600836753845215,-70.39273071289062
10/2/2026 12:40:54 PM,-23.60080909729004,-70.39274597167969
10/2/2026 12:40:55 PM,-23.600778579711914,-70.39276123046875
10/2/2026 12:40:56 PM,-23.60074520111084,-70.39277648925781
10/2/2026 12:40:57 PM,-23.6007022857666,-70.3927993774414
10/2/2026 12:40:58 PM,-23.600655555725098,-70.39282608032227
10/2/2026 12:40:59 PM,-23.600610733032227,-70.39284896850586
10/2/2026 12:41:00 PM,-23.60056209564209,-70.39287567138672
10/2/2026 12:41:01 PM,-23.60050678253174,-70.39290618896484
10/2/2026 12:41:02 PM,-23.600449562072754,-70.39294052124023
10/2/2026 12:41:03 PM,-23.600390434265137,-70.39297485351562
10/2/2026 12:41:04 PM,-23.600326538085938,-70.39300918579102
10/2/2026 12:41:05 PM,-23.600261688232422,-70.39304733276367
10/2/2026 12:41:06 PM,-23.600194931030273,-70.39308547973633
10/2/2026 12:41:07 PM,-23.60012722015381,-70.39312362670898
10/2/2026 12:41:08 PM,-23.60006046295166,-70.39316177368164
10/2/2026 12:41:09 PM,-23.599997520446777,-70.3931999206543
10/2/2026 12:41:10 PM,-23.59994125366211,-70.39323425292969
10/2/2026 12:41:11 PM,-23.599888801574707,-70.39326477050781
10/2/2026 12:41:12 PM,-23.59983539581299,-70.39329528808594
10/2/2026 12:41:13 PM,-23.599780082702637,-70.39332580566406
10/2/2026 12:41:14 PM,-23.599722862243652,-70.39336013793945
10/2/2026 12:41:15 PM,-23.59966278076172,-70.39339828491211
10/2/2026 12:41:16 PM,-23.59959888458252,-70.39343643188477
10/2/2026 12:41:17 PM,-23.59953022003174,-70.39347457885742
10/2/2026 12:41:18 PM,-23.59945774078369,-70.39351654052734
10/2/2026 12:41:19 PM,-23.599382400512695,-70.39356231689453
10/2/2026 12:41:20 PM,-23.599303245544434,-70.39360809326172
10/2/2026 12:41:21 PM,-23.59921932220459,-70.3936538696289
10/2/2026 12:41:22 PM,-23.59913444519043,-70.39370346069336
10/2/2026 12:41:23 PM,-23.599050521850586,-70.39375305175781
10/2/2026 12:41:24 PM,-23.598965644836426,-70.39380264282227
10/2/2026 12:41:25 PM,-23.59887981414795,-70.39385223388672
10/2/2026 12:41:26 PM,-23.59879207611084,-70.39390182495117
10/2/2026 12:41:27 PM,-23.59870147705078,-70.39395523071289
10/2/2026 12:41:28 PM,-23.598607063293457,-70.39401245117188
10/2/2026 12:41:29 PM,-23.5985107421875,-70.39406967163086
10/2/2026 12:41:30 PM,-23.598417282104492,-70.39412307739258
10/2/2026 12:41:31 PM,-23.59832191467285,-70.39418029785156
10/2/2026 12:41:32 PM,-23.598227500915527,-70.39423751831055
10/2/2026 12:41:33 PM,-23.59813690185547,-70.39429473876953
10/2/2026 12:41:34 PM,-23.59804630279541,-70.39435577392578
10/2/2026 12:41:35 PM,-23.597956657409668,-70.39441680908203
10/2/2026 12:41:36 PM,-23.597867965698242,-70.39448165893555
10/2/2026 12:41:37 PM,-23.597779273986816,-70.3945541381836
10/2/2026 12:41:38 PM,-23.597689628601074,-70.39462661743164
10/2/2026 12:41:39 PM,-23.597599983215332,-70.39470291137695
10/2/2026 12:41:40 PM,-23.597508430480957,-70.39478302001953
10/2/2026 12:41:41 PM,-23.597414016723633,-70.39486312866211
10/2/2026 12:41:42 PM,-23.597320556640625,-70.39494705200195
10/2/2026 12:41:43 PM,-23.597228050231934,-70.3950309753418
10/2/2026 12:41:44 PM,-23.597134590148926,-70.39511489868164
10/2/2026 12:41:45 PM,-23.597039222717285,-70.39519882202148
10/2/2026 12:41:46 PM,-23.596942901611328,-70.39528274536133
10/2/2026 12:41:47 PM,-23.59684944152832,-70.39536666870117
10/2/2026 12:41:48 PM,-23.596757888793945,-70.39545059204102
10/2/2026 12:41:49 PM,-23.59666633605957,-70.39553451538086
10/2/2026 12:41:50 PM,-23.59657573699951,-70.39561462402344
10/2/2026 12:41:51 PM,-23.596484184265137,-70.39569473266602
10/2/2026 12:41:52 PM,-23.596391677856445,-70.39577865600586
10/2/2026 12:41:53 PM,-23.59630012512207,-70.3958625793457
10/2/2026 12:41:54 PM,-23.596210479736328,-70.39594268798828
10/2/2026 12:41:55 PM,-23.596126556396484,-70.3960189819336
10/2/2026 12:41:56 PM,-23.59604263305664,-70.3960952758789
10/2/2026 12:41:57 PM,-23.595958709716797,-70.39616775512695
10/2/2026 12:41:58 PM,-23.595879554748535,-70.39623641967773
10/2/2026 12:41:59 PM,-23.59580135345459,-70.39630508422852
10/2/2026 12:42:00 PM,-23.59572410583496,-70.39637756347656
10/2/2026 12:42:01 PM,-23.59564781188965,-70.39644622802734
10/2/2026 12:42:02 PM,-23.59557056427002,-70.39651107788086
10/2/2026 12:42:03 PM,-23.595491409301758,-70.39657211303711
10/2/2026 12:42:04 PM,-23.59541130065918,-70.39662551879883
10/2/2026 12:42:05 PM,-23.59533405303955,-70.39667510986328
10/2/2026 12:42:06 PM,-23.595261573791504,-70.39672088623047
10/2/2026 12:42:07 PM,-23.595197677612305,-70.39675903320312
10/2/2026 12:42:08 PM,-23.59514331817627,-70.39678192138672
10/2/2026 12:42:09 PM,-23.595094680786133,-70.39679336547852
10/2/2026 12:42:10 PM,-23.59504985809326,-70.39679718017578
10/2/2026 12:42:11 PM,-23.59501552581787,-70.39678192138672
10/2/2026 12:42:12 PM,-23.594993591308594,-70.39674377441406
10/2/2026 12:42:13 PM,-23.59497356414795,-70.39669799804688
10/2/2026 12:42:14 PM,-23.594956398010254,-70.39664840698242
10/2/2026 12:42:15 PM,-23.594943046569824,-70.3965950012207
10/2/2026 12:42:16 PM,-23.594928741455078,-70.39654159545898
10/2/2026 12:42:17 PM,-23.594914436340332,-70.39649200439453
10/2/2026 12:42:18 PM,-23.594901084899902,-70.39644241333008
10/2/2026 12:42:19 PM,-23.594886779785156,-70.39639282226562
10/2/2026 12:42:20 PM,-23.594871520996094,-70.39634323120117
10/2/2026 12:42:21 PM,-23.594855308532715,-70.39628982543945
10/2/2026 12:42:22 PM,-23.594837188720703,-70.3962287902832
10/2/2026 12:42:23 PM,-23.594818115234375,-70.39616394042969
10/2/2026 12:42:24 PM,-23.59480094909668,-70.39609909057617
10/2/2026 12:42:25 PM,-23.594783782958984,-70.39603042602539
10/2/2026 12:42:26 PM,-23.594764709472656,-70.39596557617188
10/2/2026 12:42:27 PM,-23.594745635986328,-70.39590072631836
10/2/2026 12:42:28 PM,-23.594728469848633,-70.39583206176758
10/2/2026 12:42:29 PM,-23.59471035003662,-70.3957633972168
10/2/2026 12:42:30 PM,-23.594690322875977,-70.39569854736328
10/2/2026 12:42:31 PM,-23.594672203063965,-70.39563751220703
10/2/2026 12:42:32 PM,-23.59465503692627,-70.39557647705078
10/2/2026 12:42:33 PM,-23.59463882446289,-70.39551162719727
10/2/2026 12:42:34 PM,-23.594626426696777,-70.39544677734375
10/2/2026 12:42:35 PM,-23.594615936279297,-70.3953857421875
10/2/2026 12:42:36 PM,-23.594608306884766,-70.39532470703125
10/2/2026 12:42:37 PM,-23.594603538513184,-70.39526748657227
10/2/2026 12:42:38 PM,-23.594599723815918,-70.39521026611328
10/2/2026 12:42:39 PM,-23.594595909118652,-70.39514923095703
10/2/2026 12:42:40 PM,-23.59459114074707,-70.39508819580078
10/2/2026 12:42:41 PM,-23.59458827972412,-70.39502334594727
10/2/2026 12:42:42 PM,-23.59458637237549,-70.39495468139648
10/2/2026 12:42:43 PM,-23.59458351135254,-70.39488983154297
10/2/2026 12:42:44 PM,-23.594581604003906,-70.39482879638672
10/2/2026 12:42:45 PM,-23.59458065032959,-70.3947639465332
10/2/2026 12:42:46 PM,-23.594578742980957,-70.39469909667969
10/2/2026 12:42:47 PM,-23.594576835632324,-70.39463806152344
10/2/2026 12:42:48 PM,-23.59457492828369,-70.39457702636719
10/2/2026 12:42:49 PM,-23.59457302093506,-70.39452362060547
10/2/2026 12:42:50 PM,-23.59457302093506,-70.39447402954102
10/2/2026 12:42:51 PM,-23.594573974609375,-70.39442825317383
10/2/2026 12:42:52 PM,-23.59457492828369,-70.39439010620117
10/2/2026 12:42:53 PM,-23.594576835632324,-70.39435195922852
10/2/2026 12:42:54 PM,-23.594578742980957,-70.39431762695312
10/2/2026 12:42:55 PM,-23.59458065032959,-70.39429092407227
10/2/2026 12:42:56 PM,-23.594581604003906,-70.39427185058594
10/2/2026 12:42:57 PM,-23.59458065032959,-70.39425659179688
10/2/2026 12:42:58 PM,-23.594578742980957,-70.39424133300781
10/2/2026 12:42:59 PM,-23.594578742980957,-70.39423370361328
10/2/2026 12:43:00 PM,-23.594578742980957,-70.39423370361328
10/2/2026 12:43:01 PM,-23.594576835632324,-70.39423370361328
10/2/2026 12:43:02 PM,-23.59457492828369,-70.39423751831055
10/2/2026 12:43:03 PM,-23.59457302093506,-70.39424133300781
10/2/2026 12:43:04 PM,-23.594572067260742,-70.39424133300781
10/2/2026 12:43:05 PM,-23.594572067260742,-70.39424133300781
10/2/2026 12:43:06 PM,-23.59457302093506,-70.39424133300781
10/2/2026 12:43:07 PM,-23.59457492828369,-70.39424133300781
10/2/2026 12:43:08 PM,-23.594576835632324,-70.39424133300781
10/2/2026 12:43:09 PM,-23.59457778930664,-70.39424133300781
10/2/2026 12:43:10 PM,-23.594578742980957,-70.39423751831055
10/2/2026 12:43:11 PM,-23.59458065032959,-70.39423370361328
10/2/2026 12:43:12 PM,-23.594581604003906,-70.39423370361328
10/2/2026 12:43:13 PM,-23.594581604003906,-70.39423370361328
10/2/2026 12:43:14 PM,-23.594581604003906,-70.39423370361328
10/2/2026 12:43:15 PM,-23.594581604003906,-70.39423370361328
10/2/2026 12:43:16 PM,-23.594581604003906,-70.39423370361328
10/2/2026 12:43:17 PM,-23.594582557678223,-70.39423370361328
10/2/2026 12:43:18 PM,-23.59458351135254,-70.39423370361328
10/2/2026 12:43:19 PM,-23.594584465026855,-70.39422988891602
10/2/2026 12:43:20 PM,-23.59458637237549,-70.39422607421875
10/2/2026 12:43:21 PM,-23.59458827972412,-70.39422225952148
10/2/2026 12:43:22 PM,-23.594589233398438,-70.39421844482422
10/2/2026 12:43:23 PM,-23.594590187072754,-70.39421844482422
10/2/2026 12:43:24 PM,-23.59459114074707,-70.39421844482422
10/2/2026 12:43:25 PM,-23.594592094421387,-70.39421463012695
10/2/2026 12:43:26 PM,-23.594593048095703,-70.39421081542969
10/2/2026 12:43:27 PM,-23.594593048095703,-70.39421081542969
10/2/2026 12:43:28 PM,-23.59459400177002,-70.39421081542969
10/2/2026 12:43:29 PM,-23.594594955444336,-70.39421081542969
10/2/2026 12:43:30 PM,-23.594594955444336,-70.39421081542969
10/2/2026 12:43:31 PM,-23.594594955444336,-70.39421081542969
10/2/2026 12:43:32 PM,-23.594594955444336,-70.39421081542969
10/2/2026 12:43:33 PM,-23.594594955444336,-70.39421081542969
10/2/2026 12:43:34 PM,-23.594594955444336,-70.39421081542969
10/2/2026 12:43:35 PM,-23.594594955444336,-70.39421081542969
10/2/2026 12:43:36 PM,-23.594594955444336,-70.39421081542969
10/2/2026 12:43:37 PM,-23.594594955444336,-70.39421081542969
10/2/2026 12:43:38 PM,-23.594594955444336,-70.39421081542969
10/2/2026 12:43:39 PM,-23.594594955444336,-70.39421081542969
10/2/2026 12:43:40 PM,-23.594594955444336,-70.39421081542969
10/2/2026 12:43:41 PM,-23.59459400177002,-70.39421081542969
10/2/2026 12:43:42 PM,-23.594593048095703,-70.39421081542969
10/2/2026 12:43:43 PM,-23.594593048095703,-70.39421081542969
10/2/2026 12:43:44 PM,-23.594593048095703,-70.39421081542969
10/2/2026 12:43:45 PM,-23.594593048095703,-70.39421081542969
10/2/2026 12:43:46 PM,-23.594593048095703,-70.39421081542969
10/2/2026 12:43:47 PM,-23.594593048095703,-70.39421081542969
10/2/2026 12:43:48 PM,-23.594593048095703,-70.39421463012695
10/2/2026 12:43:49 PM,-23.594593048095703,-70.39421844482422
10/2/2026 12:43:50 PM,-23.594593048095703,-70.39421844482422
10/2/2026 12:43:51 PM,-23.594593048095703,-70.39421844482422
10/2/2026 12:43:52 PM,-23.594593048095703,-70.39421844482422
10/2/2026 12:43:53 PM,-23.594593048095703,-70.39421844482422
10/2/2026 12:43:54 PM,-23.594593048095703,-70.39421844482422
10/2/2026 12:43:55 PM,-23.594593048095703,-70.39421844482422
10/2/2026 12:43:56 PM,-23.594593048095703,-70.39421844482422
10/2/2026 12:43:57 PM,-23.594593048095703,-70.39421844482422
10/2/2026 12:43:58 PM,-23.594593048095703,-70.39421844482422
10/2/2026 12:43:59 PM,-23.594593048095703,-70.39421844482422
10/2/2026 12:44:00 PM,-23.594593048095703,-70.39421844482422
10/2/2026 12:44:01 PM,-23.594593048095703,-70.39421844482422
10/2/2026 12:44:02 PM,-23.594593048095703,-70.39421844482422
10/2/2026 12:44:03 PM,-23.594593048095703,-70.39421844482422
10/2/2026 12:44:04 PM,-23.594593048095703,-70.39421844482422
10/2/2026 12:44:05 PM,-23.594593048095703,-70.39421844482422
10/2/2026 12:44:06 PM,-23.594593048095703,-70.39421844482422
10/2/2026 12:44:07 PM,-23.594593048095703,-70.39421844482422
10/2/2026 12:44:08 PM,-23.594593048095703,-70.39421844482422
10/2/2026 12:44:09 PM,-23.594593048095703,-70.39421844482422
10/2/2026 12:44:10 PM,-23.594593048095703,-70.39421844482422
10/2/2026 12:44:11 PM,-23.594593048095703,-70.39421844482422
10/2/2026 12:44:12 PM,-23.594593048095703,-70.39421844482422
10/2/2026 12:44:13 PM,-23.594593048095703,-70.39421844482422
10/2/2026 12:44:14 PM,-23.594593048095703,-70.39421844482422
10/2/2026 12:44:15 PM,-23.594593048095703,-70.39421844482422
10/2/2026 12:44:16 PM,-23.594593048095703,-70.39421844482422
10/2/2026 12:44:17 PM,-23.594593048095703,-70.39421844482422
10/2/2026 12:44:18 PM,-23.594593048095703,-70.39421844482422
10/2/2026 12:44:19 PM,-23.594594955444336,-70.39421844482422
10/2/2026 12:44:20 PM,-23.59459686279297,-70.39421844482422
10/2/2026 12:44:21 PM,-23.594597816467285,-70.39422225952148
10/2/2026 12:44:22 PM,-23.594597816467285,-70.39422607421875
10/2/2026 12:44:23 PM,-23.59459686279297,-70.39422988891602
10/2/2026 12:44:24 PM,-23.594595909118652,-70.39423370361328
10/2/2026 12:44:25 PM,-23.59459400177002,-70.39423370361328
10/2/2026 12:44:26 PM,-23.594592094421387,-70.39423751831055
10/2/2026 12:44:27 PM,-23.59459114074707,-70.39424133300781
10/2/2026 12:44:28 PM,-23.594590187072754,-70.39424133300781
10/2/2026 12:44:29 PM,-23.594589233398438,-70.39424133300781
10/2/2026 12:44:30 PM,-23.59458827972412,-70.39424514770508
10/2/2026 12:44:31 PM,-23.59458637237549,-70.39424896240234
10/2/2026 12:44:32 PM,-23.594585418701172,-70.39424896240234
10/2/2026 12:44:33 PM,-23.594584465026855,-70.39424896240234
10/2/2026 12:44:34 PM,-23.59458351135254,-70.39424896240234
10/2/2026 12:44:35 PM,-23.59458351135254,-70.39424896240234
10/2/2026 12:44:36 PM,-23.59458351135254,-70.39424896240234
10/2/2026 12:44:37 PM,-23.594582557678223,-70.39424896240234
10/2/2026 12:44:38 PM,-23.594581604003906,-70.39424896240234
10/2/2026 12:44:39 PM,-23.594581604003906,-70.39424896240234
10/2/2026 12:44:40 PM,-23.594581604003906,-70.39424896240234
10/2/2026 12:44:41 PM,-23.594581604003906,-70.39424896240234
10/2/2026 12:44:42 PM,-23.594581604003906,-70.39424896240234
10/2/2026 12:44:43 PM,-23.594581604003906,-70.39424896240234
10/2/2026 12:44:44 PM,-23.594581604003906,-70.39424896240234
10/2/2026 12:44:45 PM,-23.594581604003906,-70.39424896240234
10/2/2026 12:44:46 PM,-23.594581604003906,-70.39424896240234
10/2/2026 12:44:47 PM,-23.594581604003906,-70.39424896240234
10/2/2026 12:44:48 PM,-23.594581604003906,-70.39424896240234
10/2/2026 12:44:49 PM,-23.594581604003906,-70.39424896240234
10/2/2026 12:44:50 PM,-23.594581604003906,-70.39424896240234
10/2/2026 12:44:51 PM,-23.594581604003906,-70.39424896240234
10/2/2026 12:44:52 PM,-23.594581604003906,-70.39424896240234
10/2/2026 12:44:53 PM,-23.594581604003906,-70.39424896240234
10/2/2026 12:44:54 PM,-23.594581604003906,-70.39424896240234
10/2/2026 12:44:55 PM,-23.594581604003906,-70.39424896240234
10/2/2026 12:44:56 PM,-23.594581604003906,-70.39424896240234
10/2/2026 12:44:57 PM,-23.594581604003906,-70.39424896240234
10/2/2026 12:44:58 PM,-23.594581604003906,-70.39424896240234
10/2/2026 12:44:59 PM,-23.594581604003906,-70.39424896240234
10/2/2026 12:45:00 PM,-23.594581604003906,-70.39424896240234
10/2/2026 12:45:01 PM,-23.594581604003906,-70.39424896240234
10/2/2026 12:45:02 PM,-23.594581604003906,-70.39424896240234
10/2/2026 12:45:03 PM,-23.594581604003906,-70.39424896240234
10/2/2026 12:45:04 PM,-23.594581604003906,-70.39424896240234
10/2/2026 12:45:05 PM,-23.594581604003906,-70.39424896240234
10/2/2026 12:45:06 PM,-23.594581604003906,-70.39424896240234
10/2/2026 12:45:07 PM,-23.594581604003906,-70.39424896240234
10/2/2026 12:45:08 PM,-23.594581604003906,-70.39424896240234
10/2/2026 12:45:09 PM,-23.594581604003906,-70.39424896240234
10/2/2026 12:45:10 PM,-23.594581604003906,-70.39424896240234
10/2/2026 12:45:11 PM,-23.594581604003906,-70.39424896240234
10/2/2026 12:45:12 PM,-23.594581604003906,-70.39424896240234
10/2/2026 12:45:13 PM,-23.59458065032959,-70.39424896240234
10/2/2026 12:45:14 PM,-23.594579696655273,-70.39424896240234
10/2/2026 12:45:15 PM,-23.594578742980957,-70.39424896240234
10/2/2026 12:45:16 PM,-23.594576835632324,-70.39424896240234
10/2/2026 12:45:17 PM,-23.594575881958008,-70.39424896240234
10/2/2026 12:45:18 PM,-23.594573974609375,-70.39424896240234
10/2/2026 12:45:19 PM,-23.594572067260742,-70.39424896240234
10/2/2026 12:45:20 PM,-23.594572067260742,-70.39424896240234
10/2/2026 12:45:21 PM,-23.594571113586426,-70.39424514770508
10/2/2026 12:45:22 PM,-23.594568252563477,-70.39423751831055
10/2/2026 12:45:23 PM,-23.594565391540527,-70.39422988891602
10/2/2026 12:45:24 PM,-23.59456443786621,-70.39422225952148
10/2/2026 12:45:25 PM,-23.594565391540527,-70.39421081542969
10/2/2026 12:45:26 PM,-23.594566345214844,-70.39419555664062
10/2/2026 12:45:27 PM,-23.59456729888916,-70.39418411254883
10/2/2026 12:45:28 PM,-23.594568252563477,-70.3941764831543
10/2/2026 12:45:29 PM,-23.594569206237793,-70.3941650390625
10/2/2026 12:45:30 PM,-23.594571113586426,-70.3941535949707
10/2/2026 12:45:31 PM,-23.59457302093506,-70.39414596557617
10/2/2026 12:45:32 PM,-23.59457492828369,-70.39413833618164
10/2/2026 12:45:33 PM,-23.594575881958008,-70.39412689208984
10/2/2026 12:45:34 PM,-23.594575881958008,-70.39411544799805
10/2/2026 12:45:35 PM,-23.594575881958008,-70.39411163330078
10/2/2026 12:45:36 PM,-23.594576835632324,-70.39411163330078
10/2/2026 12:45:37 PM,-23.594578742980957,-70.39411163330078
10/2/2026 12:45:38 PM,-23.59458065032959,-70.39411163330078
10/2/2026 12:45:39 PM,-23.594581604003906,-70.39411163330078
10/2/2026 12:45:40 PM,-23.594581604003906,-70.39411163330078
10/2/2026 12:45:41 PM,-23.59458065032959,-70.39411163330078
10/2/2026 12:45:42 PM,-23.59458065032959,-70.39411163330078
10/2/2026 12:45:43 PM,-23.594581604003906,-70.39411163330078
10/2/2026 12:45:44 PM,-23.594581604003906,-70.39411544799805
10/2/2026 12:45:45 PM,-23.59458065032959,-70.39411926269531
10/2/2026 12:45:46 PM,-23.594579696655273,-70.39411926269531
10/2/2026 12:45:47 PM,-23.594579696655273,-70.39411926269531
10/2/2026 12:45:48 PM,-23.594578742980957,-70.39411926269531
10/2/2026 12:45:49 PM,-23.594576835632324,-70.39411926269531
10/2/2026 12:45:50 PM,-23.594573974609375,-70.39411926269531
10/2/2026 12:45:51 PM,-23.594571113586426,-70.39411926269531
10/2/2026 12:45:52 PM,-23.594568252563477,-70.39412307739258
10/2/2026 12:45:53 PM,-23.594566345214844,-70.39412689208984
10/2/2026 12:45:54 PM,-23.594565391540527,-70.39412689208984
10/2/2026 12:45:55 PM,-23.59456443786621,-70.39412307739258
10/2/2026 12:45:56 PM,-23.594563484191895,-70.39412307739258
10/2/2026 12:45:57 PM,-23.594562530517578,-70.39412689208984
10/2/2026 12:45:58 PM,-23.59456157684326,-70.39412689208984
10/2/2026 12:45:59 PM,-23.59455966949463,-70.39412689208984
10/2/2026 12:46:00 PM,-23.594558715820312,-70.39412689208984
10/2/2026 12:46:01 PM,-23.594558715820312,-70.39412689208984
10/2/2026 12:46:02 PM,-23.594558715820312,-70.39413070678711
10/2/2026 12:46:03 PM,-23.594558715820312,-70.39413452148438
10/2/2026 12:46:04 PM,-23.59455966949463,-70.39413452148438
10/2/2026 12:46:05 PM,-23.59456157684326,-70.39413452148438
10/2/2026 12:46:06 PM,-23.594562530517578,-70.39413452148438
10/2/2026 12:46:07 PM,-23.594563484191895,-70.39413452148438
10/2/2026 12:46:08 PM,-23.59456443786621,-70.39413452148438
10/2/2026 12:46:09 PM,-23.594565391540527,-70.39413452148438
10/2/2026 12:46:10 PM,-23.594566345214844,-70.39413452148438
10/2/2026 12:46:11 PM,-23.594566345214844,-70.39413452148438
10/2/2026 12:46:12 PM,-23.594566345214844,-70.39413452148438
10/2/2026 12:46:13 PM,-23.594566345214844,-70.39413452148438
10/2/2026 12:46:14 PM,-23.59456729888916,-70.39413452148438
10/2/2026 12:46:15 PM,-23.594568252563477,-70.39413833618164
10/2/2026 12:46:16 PM,-23.594569206237793,-70.3941421508789
10/2/2026 12:46:17 PM,-23.594571113586426,-70.3941421508789
10/2/2026 12:46:18 PM,-23.594572067260742,-70.3941421508789
10/2/2026 12:46:19 PM,-23.59457302093506,-70.3941421508789
10/2/2026 12:46:20 PM,-23.594573974609375,-70.3941421508789
10/2/2026 12:46:21 PM,-23.594573974609375,-70.3941421508789
10/2/2026 12:46:22 PM,-23.59457492828369,-70.3941421508789
10/2/2026 12:46:23 PM,-23.59457492828369,-70.3941421508789
10/2/2026 12:46:24 PM,-23.594573974609375,-70.3941421508789
10/2/2026 12:46:25 PM,-23.59457302093506,-70.3941421508789
10/2/2026 12:46:26 PM,-23.594572067260742,-70.3941421508789
10/2/2026 12:46:27 PM,-23.594572067260742,-70.3941421508789
10/2/2026 12:46:28 PM,-23.594572067260742,-70.3941421508789
10/2/2026 12:46:29 PM,-23.594572067260742,-70.3941421508789
10/2/2026 12:46:30 PM,-23.594572067260742,-70.3941421508789
10/2/2026 12:46:31 PM,-23.594572067260742,-70.3941421508789
10/2/2026 12:46:32 PM,-23.594572067260742,-70.3941421508789
10/2/2026 12:46:33 PM,-23.594572067260742,-70.3941421508789
10/2/2026 12:46:34 PM,-23.594572067260742,-70.3941421508789
10/2/2026 12:46:35 PM,-23.594572067260742,-70.3941421508789
10/2/2026 12:46:36 PM,-23.594572067260742,-70.3941421508789
10/2/2026 12:46:37 PM,-23.594572067260742,-70.3941421508789
10/2/2026 12:46:38 PM,-23.594572067260742,-70.3941421508789
10/2/2026 12:46:39 PM,-23.594572067260742,-70.3941421508789
10/2/2026 12:46:40 PM,-23.594572067260742,-70.3941421508789
10/2/2026 12:46:41 PM,-23.594572067260742,-70.3941421508789
10/2/2026 12:46:42 PM,-23.594572067260742,-70.3941421508789
10/2/2026 12:46:43 PM,-23.594572067260742,-70.3941421508789
10/2/2026 12:46:44 PM,-23.594572067260742,-70.3941421508789
10/2/2026 12:46:45 PM,-23.594572067260742,-70.3941421508789
10/2/2026 12:46:46 PM,-23.594572067260742,-70.3941421508789
10/2/2026 12:46:47 PM,-23.594572067260742,-70.3941421508789
10/2/2026 12:46:48 PM,-23.594572067260742,-70.3941421508789
10/2/2026 12:46:49 PM,-23.594572067260742,-70.3941421508789
10/2/2026 12:46:50 PM,-23.594572067260742,-70.3941421508789
10/2/2026 12:46:51 PM,-23.594572067260742,-70.3941421508789
10/2/2026 12:46:52 PM,-23.594572067260742,-70.3941421508789
10/2/2026 12:46:53 PM,-23.594572067260742,-70.3941421508789
10/2/2026 12:46:54 PM,-23.594572067260742,-70.3941421508789
10/2/2026 12:46:55 PM,-23.594572067260742,-70.3941421508789
10/2/2026 12:46:56 PM,-23.594572067260742,-70.3941421508789
10/2/2026 12:46:57 PM,-23.594572067260742,-70.3941421508789
10/2/2026 12:46:58 PM,-23.594572067260742,-70.3941421508789
10/2/2026 12:46:59 PM,-23.594572067260742,-70.3941421508789
10/2/2026 12:47:00 PM,-23.594572067260742,-70.3941421508789
10/2/2026 12:47:01 PM,-23.594572067260742,-70.3941421508789
10/2/2026 12:47:02 PM,-23.594572067260742,-70.3941421508789
10/2/2026 12:47:03 PM,-23.594572067260742,-70.3941421508789
10/2/2026 12:47:04 PM,-23.594572067260742,-70.3941421508789
10/2/2026 12:47:05 PM,-23.594572067260742,-70.3941421508789
10/2/2026 12:47:06 PM,-23.594572067260742,-70.3941421508789
10/2/2026 12:47:07 PM,-23.594572067260742,-70.3941421508789
10/2/2026 12:47:08 PM,-23.594572067260742,-70.3941421508789
10/2/2026 12:47:09 PM,-23.594572067260742,-70.3941421508789
10/2/2026 12:47:10 PM,-23.594572067260742,-70.3941421508789
10/2/2026 12:47:11 PM,-23.594572067260742,-70.3941421508789
10/2/2026 12:47:12 PM,-23.594572067260742,-70.3941421508789
10/2/2026 12:47:13 PM,-23.594572067260742,-70.3941421508789
10/2/2026 12:47:14 PM,-23.594572067260742,-70.3941421508789
10/2/2026 12:47:15 PM,-23.594572067260742,-70.3941421508789
10/2/2026 12:47:16 PM,-23.594572067260742,-70.3941421508789
10/2/2026 12:47:17 PM,-23.594572067260742,-70.3941421508789
10/2/2026 12:47:18 PM,-23.594572067260742,-70.3941421508789
10/2/2026 12:47:19 PM,-23.594572067260742,-70.3941421508789
10/2/2026 12:47:20 PM,-23.594572067260742,-70.3941421508789
10/2/2026 12:47:21 PM,-23.594572067260742,-70.3941421508789
10/2/2026 12:47:22 PM,-23.594572067260742,-70.3941421508789
10/2/2026 12:47:23 PM,-23.594572067260742,-70.3941421508789
10/2/2026 12:47:24 PM,-23.594572067260742,-70.3941421508789
10/2/2026 12:47:25 PM,-23.594572067260742,-70.3941421508789
10/2/2026 12:47:26 PM,-23.594572067260742,-70.3941421508789
10/2/2026 12:47:27 PM,-23.594572067260742,-70.3941421508789
10/2/2026 12:47:28 PM,-23.594572067260742,-70.3941421508789
10/2/2026 12:47:29 PM,-23.594572067260742,-70.3941421508789
10/2/2026 12:47:30 PM,-23.594572067260742,-70.3941421508789
10/2/2026 12:47:31 PM,-23.594572067260742,-70.3941421508789
10/2/2026 12:47:32 PM,-23.594572067260742,-70.3941421508789
10/2/2026 12:47:33 PM,-23.594572067260742,-70.3941421508789
10/2/2026 12:47:34 PM,-23.594572067260742,-70.3941421508789
10/2/2026 12:47:35 PM,-23.594572067260742,-70.3941421508789
10/2/2026 12:47:36 PM,-23.594572067260742,-70.3941421508789
10/2/2026 12:47:37 PM,-23.594572067260742,-70.3941421508789
10/2/2026 12:47:38 PM,-23.594572067260742,-70.3941421508789
10/2/2026 12:47:39 PM,-23.594572067260742,-70.3941421508789
10/2/2026 12:47:40 PM,-23.594572067260742,-70.3941421508789
10/2/2026 12:47:41 PM,-23.594572067260742,-70.3941421508789
10/2/2026 12:47:42 PM,-23.594572067260742,-70.3941421508789
10/2/2026 12:47:43 PM,-23.594572067260742,-70.3941421508789
10/2/2026 12:47:44 PM,-23.594572067260742,-70.3941421508789
10/2/2026 12:47:45 PM,-23.594572067260742,-70.3941421508789
10/2/2026 12:47:46 PM,-23.594572067260742,-70.3941421508789
10/2/2026 12:47:47 PM,-23.594572067260742,-70.3941421508789
10/2/2026 12:47:48 PM,-23.594572067260742,-70.3941421508789
10/2/2026 12:47:49 PM,-23.594572067260742,-70.3941421508789
10/2/2026 12:47:50 PM,-23.594572067260742,-70.3941421508789
10/2/2026 12:47:51 PM,-23.594572067260742,-70.3941421508789
10/2/2026 12:47:52 PM,-23.594572067260742,-70.3941421508789
10/2/2026 12:47:53 PM,-23.594572067260742,-70.3941421508789
10/2/2026 12:47:54 PM,-23.594572067260742,-70.3941421508789
10/2/2026 12:47:55 PM,-23.594572067260742,-70.3941421508789
10/2/2026 12:47:56 PM,-23.594572067260742,-70.3941421508789
10/2/2026 12:47:57 PM,-23.594572067260742,-70.3941421508789
10/2/2026 12:47:58 PM,-23.594572067260742,-70.3941421508789
10/2/2026 12:47:59 PM,-23.594572067260742,-70.3941421508789
10/2/2026 12:48:00 PM,-23.594572067260742,-70.3941421508789
10/2/2026 12:48:01 PM,-23.594572067260742,-70.3941421508789
10/2/2026 12:48:02 PM,-23.594572067260742,-70.3941421508789
10/2/2026 12:48:03 PM,-23.594572067260742,-70.3941421508789
10/2/2026 12:48:04 PM,-23.594572067260742,-70.3941421508789
10/2/2026 12:48:05 PM,-23.594572067260742,-70.3941421508789
10/2/2026 12:48:06 PM,-23.594572067260742,-70.3941421508789
10/2/2026 12:48:07 PM,-23.594572067260742,-70.3941421508789
10/2/2026 12:48:08 PM,-23.594572067260742,-70.3941421508789
10/2/2026 12:48:09 PM,-23.594572067260742,-70.3941421508789
10/2/2026 12:48:10 PM,-23.594572067260742,-70.3941421508789
10/2/2026 12:48:11 PM,-23.594572067260742,-70.3941421508789
10/2/2026 12:48:12 PM,-23.594572067260742,-70.3941421508789
10/2/2026 12:48:13 PM,-23.594572067260742,-70.3941421508789
10/2/2026 12:48:14 PM,-23.594572067260742,-70.3941421508789
10/2/2026 12:48:15 PM,-23.594572067260742,-70.3941421508789
10/2/2026 12:48:16 PM,-23.594572067260742,-70.3941421508789
10/2/2026 12:48:17 PM,-23.594572067260742,-70.3941421508789
10/2/2026 12:48:18 PM,-23.594572067260742,-70.3941421508789
10/2/2026 12:48:19 PM,-23.594572067260742,-70.3941421508789
10/2/2026 12:48:20 PM,-23.594572067260742,-70.3941421508789
10/2/2026 12:48:21 PM,-23.594572067260742,-70.3941421508789
10/2/2026 12:48:22 PM,-23.594572067260742,-70.3941421508789
10/2/2026 12:48:23 PM,-23.594572067260742,-70.3941421508789
10/2/2026 12:48:24 PM,-23.594572067260742,-70.3941421508789
10/2/2026 12:48:25 PM,-23.594572067260742,-70.3941421508789
10/2/2026 12:48:26 PM,-23.594572067260742,-70.3941421508789
10/2/2026 12:48:27 PM,-23.594572067260742,-70.3941421508789
10/2/2026 12:48:28 PM,-23.594572067260742,-70.3941421508789
10/2/2026 12:48:29 PM,-23.594572067260742,-70.3941421508789
10/2/2026 12:48:30 PM,-23.594572067260742,-70.3941421508789
10/2/2026 12:48:31 PM,-23.594572067260742,-70.3941421508789
10/2/2026 12:48:32 PM,-23.594572067260742,-70.3941421508789
10/2/2026 12:48:33 PM,-23.594572067260742,-70.3941421508789
10/2/2026 12:48:34 PM,-23.594572067260742,-70.3941421508789
10/2/2026 12:48:35 PM,-23.594572067260742,-70.3941421508789
10/2/2026 12:48:36 PM,-23.594572067260742,-70.3941421508789
10/2/2026 12:48:37 PM,-23.594572067260742,-70.3941421508789
10/2/2026 12:48:38 PM,-23.594572067260742,-70.3941421508789
10/2/2026 12:48:39 PM,-23.594572067260742,-70.3941421508789
10/2/2026 12:48:40 PM,-23.594572067260742,-70.3941421508789
10/2/2026 12:48:41 PM,-23.594572067260742,-70.3941421508789
10/2/2026 12:48:42 PM,-23.594572067260742,-70.3941421508789
10/2/2026 12:48:43 PM,-23.594572067260742,-70.3941421508789
10/2/2026 12:48:44 PM,-23.594572067260742,-70.3941421508789
10/2/2026 12:48:45 PM,-23.594572067260742,-70.3941421508789
10/2/2026 12:48:46 PM,-23.594572067260742,-70.3941421508789
10/2/2026 12:48:47 PM,-23.594572067260742,-70.3941421508789
10/2/2026 12:48:48 PM,-23.594572067260742,-70.3941421508789
10/2/2026 12:48:49 PM,-23.594572067260742,-70.3941421508789
10/2/2026 12:48:50 PM,-23.594572067260742,-70.3941421508789
10/2/2026 12:48:51 PM,-23.594572067260742,-70.3941421508789
10/2/2026 12:48:52 PM,-23.594572067260742,-70.3941421508789
10/2/2026 12:48:53 PM,-23.594572067260742,-70.3941421508789
10/2/2026 12:48:54 PM,-23.594572067260742,-70.3941421508789
10/2/2026 12:48:55 PM,-23.594572067260742,-70.3941421508789
10/2/2026 12:48:56 PM,-23.594572067260742,-70.3941421508789
10/2/2026 12:48:57 PM,-23.594572067260742,-70.3941421508789
10/2/2026 12:48:58 PM,-23.594572067260742,-70.3941421508789
10/2/2026 12:48:59 PM,-23.594572067260742,-70.3941421508789
10/2/2026 12:49:00 PM,-23.594572067260742,-70.3941421508789
10/2/2026 12:49:01 PM,-23.594572067260742,-70.3941421508789
10/2/2026 12:49:02 PM,-23.594572067260742,-70.3941421508789
10/2/2026 12:49:03 PM,-23.594572067260742,-70.3941421508789
10/2/2026 12:49:04 PM,-23.594572067260742,-70.3941421508789
10/2/2026 12:49:05 PM,-23.594572067260742,-70.3941421508789
10/2/2026 12:49:06 PM,-23.594572067260742,-70.3941421508789
10/2/2026 12:49:07 PM,-23.594572067260742,-70.3941421508789
10/2/2026 12:49:08 PM,-23.594572067260742,-70.3941421508789
10/2/2026 12:49:09 PM,-23.594572067260742,-70.3941421508789
10/2/2026 12:49:10 PM,-23.594572067260742,-70.3941421508789
10/2/2026 12:49:11 PM,-23.594572067260742,-70.3941421508789
10/2/2026 12:49:12 PM,-23.594572067260742,-70.3941421508789
10/2/2026 12:49:13 PM,-23.594572067260742,-70.3941421508789
10/2/2026 12:49:14 PM,-23.594572067260742,-70.3941421508789
10/2/2026 12:49:15 PM,-23.594572067260742,-70.3941421508789
10/2/2026 12:49:16 PM,-23.594572067260742,-70.3941421508789
10/2/2026 12:49:17 PM,-23.594572067260742,-70.3941421508789
10/2/2026 12:49:18 PM,-23.594572067260742,-70.3941421508789
10/2/2026 12:49:19 PM,-23.594572067260742,-70.3941421508789
10/2/2026 12:49:20 PM,-23.594572067260742,-70.3941421508789
10/2/2026 12:49:21 PM,-23.594572067260742,-70.3941421508789
10/2/2026 12:49:22 PM,-23.594572067260742,-70.3941421508789
10/2/2026 12:49:23 PM,-23.594572067260742,-70.3941421508789
10/2/2026 12:49:24 PM,-23.594572067260742,-70.3941421508789
10/2/2026 12:49:25 PM,-23.594572067260742,-70.3941421508789
10/2/2026 12:49:26 PM,-23.594572067260742,-70.3941421508789
10/2/2026 12:49:27 PM,-23.594572067260742,-70.3941421508789
10/2/2026 12:49:28 PM,-23.594572067260742,-70.3941421508789
10/2/2026 12:49:29 PM,-23.594572067260742,-70.3941421508789
10/2/2026 12:49:30 PM,-23.594572067260742,-70.3941421508789
10/2/2026 12:49:31 PM,-23.594572067260742,-70.3941421508789
10/2/2026 12:49:32 PM,-23.594572067260742,-70.3941421508789
10/2/2026 12:49:33 PM,-23.594572067260742,-70.3941421508789
10/2/2026 12:49:34 PM,-23.594572067260742,-70.3941421508789
10/2/2026 12:49:35 PM,-23.594572067260742,-70.3941421508789
10/2/2026 12:49:36 PM,-23.594572067260742,-70.3941421508789
10/2/2026 12:49:37 PM,-23.594572067260742,-70.3941421508789
10/2/2026 12:49:38 PM,-23.594572067260742,-70.3941421508789
10/2/2026 12:49:39 PM,-23.594572067260742,-70.3941421508789
10/2/2026 12:49:40 PM,-23.594572067260742,-70.3941421508789
10/2/2026 12:49:41 PM,-23.594572067260742,-70.3941421508789
10/2/2026 12:49:42 PM,-23.594572067260742,-70.3941421508789
10/2/2026 12:49:43 PM,-23.594572067260742,-70.3941421508789
10/2/2026 12:49:44 PM,-23.594572067260742,-70.3941421508789
10/2/2026 12:49:45 PM,-23.594572067260742,-70.3941421508789
10/2/2026 12:49:46 PM,-23.594572067260742,-70.3941421508789
10/2/2026 12:49:47 PM,-23.594572067260742,-70.3941421508789
10/2/2026 12:49:48 PM,-23.594572067260742,-70.3941421508789
10/2/2026 12:49:49 PM,-23.594572067260742,-70.3941421508789
10/2/2026 12:49:50 PM,-23.594572067260742,-70.3941421508789
10/2/2026 12:49:51 PM,-23.594572067260742,-70.3941421508789
10/2/2026 12:49:52 PM,-23.594572067260742,-70.3941421508789
10/2/2026 12:49:53 PM,-23.594572067260742,-70.3941421508789
10/2/2026 12:49:54 PM,-23.594572067260742,-70.3941421508789
10/2/2026 12:49:55 PM,-23.594572067260742,-70.3941421508789
10/2/2026 12:49:56 PM,-23.594572067260742,-70.3941421508789
10/2/2026 12:49:57 PM,-23.594572067260742,-70.3941421508789
10/2/2026 12:49:58 PM,-23.594572067260742,-70.3941421508789
10/2/2026 12:49:59 PM,-23.594572067260742,-70.3941421508789
10/2/2026 12:50:00 PM,-23.594572067260742,-70.3941421508789
10/2/2026 12:50:01 PM,-23.594572067260742,-70.3941421508789
10/2/2026 12:50:02 PM,-23.594572067260742,-70.3941421508789
10/2/2026 12:50:03 PM,-23.594572067260742,-70.3941421508789
10/2/2026 12:50:04 PM,-23.594572067260742,-70.3941421508789
10/2/2026 12:50:05 PM,-23.594572067260742,-70.3941421508789
10/2/2026 12:50:06 PM,-23.594572067260742,-70.3941421508789
10/2/2026 12:50:07 PM,-23.594572067260742,-70.3941421508789
10/2/2026 12:50:08 PM,-23.594572067260742,-70.3941421508789
10/2/2026 12:50:09 PM,-23.594572067260742,-70.3941421508789
10/2/2026 12:50:10 PM,-23.594572067260742,-70.3941421508789
10/2/2026 12:50:11 PM,-23.594572067260742,-70.3941421508789
10/2/2026 12:50:12 PM,-23.594572067260742,-70.3941421508789
10/2/2026 12:50:13 PM,-23.594572067260742,-70.3941421508789
10/2/2026 12:50:14 PM,-23.594572067260742,-70.3941421508789
10/2/2026 12:50:15 PM,-23.594572067260742,-70.3941421508789
10/2/2026 12:50:16 PM,-23.594572067260742,-70.3941421508789
10/2/2026 12:50:17 PM,-23.594572067260742,-70.3941421508789
10/2/2026 12:50:18 PM,-23.594572067260742,-70.3941421508789
10/2/2026 12:50:19 PM,-23.594572067260742,-70.3941421508789
10/2/2026 12:50:20 PM,-23.594572067260742,-70.3941421508789
10/2/2026 12:50:21 PM,-23.594572067260742,-70.3941421508789
10/2/2026 12:50:22 PM,-23.594572067260742,-70.3941421508789
10/2/2026 12:50:23 PM,-23.594572067260742,-70.3941421508789
10/2/2026 12:50:24 PM,-23.594572067260742,-70.3941421508789
10/2/2026 12:50:25 PM,-23.594572067260742,-70.3941421508789
10/2/2026 12:50:26 PM,-23.594572067260742,-70.3941421508789
10/2/2026 12:50:27 PM,-23.594572067260742,-70.3941421508789
10/2/2026 12:50:28 PM,-23.594572067260742,-70.3941421508789
10/2/2026 12:50:29 PM,-23.594572067260742,-70.3941421508789
10/2/2026 12:50:30 PM,-23.594572067260742,-70.3941421508789
10/2/2026 12:50:31 PM,-23.594572067260742,-70.3941421508789
10/2/2026 12:50:32 PM,-23.594572067260742,-70.3941421508789
10/2/2026 12:50:33 PM,-23.594572067260742,-70.3941421508789
10/2/2026 12:50:34 PM,-23.594572067260742,-70.3941421508789
10/2/2026 12:50:35 PM,-23.594572067260742,-70.3941421508789
10/2/2026 12:50:36 PM,-23.594572067260742,-70.3941421508789
10/2/2026 12:50:37 PM,-23.594572067260742,-70.3941421508789
10/2/2026 12:50:38 PM,-23.594572067260742,-70.3941421508789
10/2/2026 12:50:39 PM,-23.594572067260742,-70.3941421508789
10/2/2026 12:50:40 PM,-23.594572067260742,-70.3941421508789
10/2/2026 12:50:41 PM,-23.594572067260742,-70.3941421508789
10/2/2026 12:50:42 PM,-23.594572067260742,-70.3941421508789
10/2/2026 12:50:43 PM,-23.594572067260742,-70.3941421508789
10/2/2026 12:50:44 PM,-23.594572067260742,-70.3941421508789
10/2/2026 12:50:45 PM,-23.594572067260742,-70.3941421508789
10/2/2026 12:50:46 PM,-23.594572067260742,-70.3941421508789
10/2/2026 12:50:47 PM,-23.594572067260742,-70.3941421508789
10/2/2026 12:50:48 PM,-23.594572067260742,-70.3941421508789
10/2/2026 12:50:49 PM,-23.594572067260742,-70.3941421508789
10/2/2026 12:50:50 PM,-23.594572067260742,-70.3941421508789
10/2/2026 12:50:51 PM,-23.594572067260742,-70.3941421508789
10/2/2026 12:50:52 PM,-23.594572067260742,-70.39414596557617
10/2/2026 12:50:53 PM,-23.594572067260742,-70.39414978027344
10/2/2026 12:50:54 PM,-23.594572067260742,-70.39414978027344
10/2/2026 12:50:55 PM,-23.59457302093506,-70.39414978027344
10/2/2026 12:50:56 PM,-23.59457492828369,-70.3941535949707
10/2/2026 12:50:57 PM,-23.594575881958008,-70.39415740966797
10/2/2026 12:50:58 PM,-23.594576835632324,-70.39415740966797
10/2/2026 12:50:59 PM,-23.594578742980957,-70.39415740966797
10/2/2026 12:51:00 PM,-23.594579696655273,-70.39415740966797
10/2/2026 12:51:01 PM,-23.594579696655273,-70.39415740966797
10/2/2026 12:51:02 PM,-23.594578742980957,-70.39415740966797
10/2/2026 12:51:03 PM,-23.59457778930664,-70.39415740966797
10/2/2026 12:51:04 PM,-23.59457778930664,-70.39415740966797
10/2/2026 12:51:05 PM,-23.594576835632324,-70.39415740966797
10/2/2026 12:51:06 PM,-23.594575881958008,-70.39416122436523
10/2/2026 12:51:07 PM,-23.594575881958008,-70.3941650390625
10/2/2026 12:51:08 PM,-23.594575881958008,-70.3941650390625
10/2/2026 12:51:09 PM,-23.594575881958008,-70.3941650390625
10/2/2026 12:51:10 PM,-23.594575881958008,-70.3941650390625
10/2/2026 12:51:11 PM,-23.59457492828369,-70.3941650390625
10/2/2026 12:51:12 PM,-23.594573974609375,-70.3941650390625
10/2/2026 12:51:13 PM,-23.594573974609375,-70.3941650390625
10/2/2026 12:51:14 PM,-23.59457492828369,-70.3941650390625
10/2/2026 12:51:15 PM,-23.594575881958008,-70.3941650390625
10/2/2026 12:51:16 PM,-23.594576835632324,-70.3941650390625
10/2/2026 12:51:17 PM,-23.59457778930664,-70.3941650390625
10/2/2026 12:51:18 PM,-23.59457778930664,-70.3941650390625
10/2/2026 12:51:19 PM,-23.59457778930664,-70.3941650390625
10/2/2026 12:51:20 PM,-23.594576835632324,-70.39416885375977
10/2/2026 12:51:21 PM,-23.594575881958008,-70.39417266845703
10/2/2026 12:51:22 PM,-23.59457492828369,-70.39417266845703
10/2/2026 12:51:23 PM,-23.594573974609375,-70.39417266845703
10/2/2026 12:51:24 PM,-23.59457302093506,-70.39417266845703
10/2/2026 12:51:25 PM,-23.594571113586426,-70.39417266845703
10/2/2026 12:51:26 PM,-23.59457015991211,-70.3941764831543
10/2/2026 12:51:27 PM,-23.594569206237793,-70.39418029785156
10/2/2026 12:51:28 PM,-23.594568252563477,-70.39418029785156
10/2/2026 12:51:29 PM,-23.594568252563477,-70.39418029785156
10/2/2026 12:51:30 PM,-23.594568252563477,-70.39418029785156
10/2/2026 12:51:31 PM,-23.594568252563477,-70.39418029785156
10/2/2026 12:51:32 PM,-23.594568252563477,-70.39418029785156
10/2/2026 12:51:33 PM,-23.594568252563477,-70.39418029785156
10/2/2026 12:51:34 PM,-23.594568252563477,-70.39418029785156
10/2/2026 12:51:35 PM,-23.594568252563477,-70.39418029785156
10/2/2026 12:51:36 PM,-23.594568252563477,-70.39418029785156
10/2/2026 12:51:37 PM,-23.594568252563477,-70.39418029785156
10/2/2026 12:51:38 PM,-23.594568252563477,-70.39418029785156
10/2/2026 12:51:39 PM,-23.594568252563477,-70.39418029785156
10/2/2026 12:51:40 PM,-23.59456729888916,-70.3941764831543
10/2/2026 12:51:41 PM,-23.594565391540527,-70.39416885375977
10/2/2026 12:51:42 PM,-23.594563484191895,-70.39415740966797
10/2/2026 12:51:43 PM,-23.59456157684326,-70.3941421508789
10/2/2026 12:51:44 PM,-23.594558715820312,-70.39412689208984
10/2/2026 12:51:45 PM,-23.594555854797363,-70.39411544799805
10/2/2026 12:51:46 PM,-23.594552040100098,-70.39410018920898
10/2/2026 12:51:47 PM,-23.594545364379883,-70.39408111572266
10/2/2026 12:51:48 PM,-23.594536781311035,-70.39406967163086
10/2/2026 12:51:49 PM,-23.594526290893555,-70.39405822753906
10/2/2026 12:51:50 PM,-23.594514846801758,-70.39404678344727
10/2/2026 12:51:51 PM,-23.594502449035645,-70.39404296875
10/2/2026 12:51:52 PM,-23.59449005126953,-70.39404296875
10/2/2026 12:51:53 PM,-23.594480514526367,-70.39404296875
10/2/2026 12:51:54 PM,-23.594470977783203,-70.39404678344727
10/2/2026 12:51:55 PM,-23.594460487365723,-70.39405059814453
10/2/2026 12:51:56 PM,-23.59445095062256,-70.3940544128418
10/2/2026 12:51:57 PM,-23.594441413879395,-70.39405822753906
10/2/2026 12:51:58 PM,-23.594430923461914,-70.39405822753906
10/2/2026 12:51:59 PM,-23.594419479370117,-70.39406204223633
10/2/2026 12:52:00 PM,-23.59440803527832,-70.3940658569336
10/2/2026 12:52:01 PM,-23.594398498535156,-70.39406967163086
10/2/2026 12:52:02 PM,-23.594390869140625,-70.39407730102539
10/2/2026 12:52:03 PM,-23.594382286071777,-70.39408111572266
10/2/2026 12:52:04 PM,-23.59437370300293,-70.39408111572266
10/2/2026 12:52:05 PM,-23.594364166259766,-70.39408111572266
10/2/2026 12:52:06 PM,-23.594353675842285,-70.39408493041992
10/2/2026 12:52:07 PM,-23.59434413909912,-70.39408874511719
10/2/2026 12:52:08 PM,-23.59433650970459,-70.39408874511719
10/2/2026 12:52:09 PM,-23.594332695007324,-70.39408874511719
10/2/2026 12:52:10 PM,-23.594331741333008,-70.39408874511719
10/2/2026 12:52:11 PM,-23.594331741333008,-70.39408874511719
10/2/2026 12:52:12 PM,-23.594331741333008,-70.39408874511719
10/2/2026 12:52:13 PM,-23.594331741333008,-70.39408874511719
10/2/2026 12:52:14 PM,-23.594331741333008,-70.39408874511719
10/2/2026 12:52:15 PM,-23.594331741333008,-70.39408874511719
10/2/2026 12:52:16 PM,-23.594331741333008,-70.39408493041992
10/2/2026 12:52:17 PM,-23.594331741333008,-70.39408111572266
10/2/2026 12:52:18 PM,-23.594332695007324,-70.39408111572266
10/2/2026 12:52:19 PM,-23.59433364868164,-70.39408111572266
10/2/2026 12:52:20 PM,-23.59433364868164,-70.39408111572266
10/2/2026 12:52:21 PM,-23.594332695007324,-70.39408111572266
10/2/2026 12:52:22 PM,-23.594331741333008,-70.39408111572266
10/2/2026 12:52:23 PM,-23.594331741333008,-70.39408111572266
10/2/2026 12:52:24 PM,-23.594331741333008,-70.39408111572266
10/2/2026 12:52:25 PM,-23.594331741333008,-70.39408111572266
10/2/2026 12:52:26 PM,-23.594331741333008,-70.39408111572266
10/2/2026 12:52:27 PM,-23.594331741333008,-70.39408111572266
10/2/2026 12:52:28 PM,-23.594331741333008,-70.39408111572266
10/2/2026 12:52:29 PM,-23.594331741333008,-70.39408111572266
10/2/2026 12:52:30 PM,-23.594331741333008,-70.39408111572266
10/2/2026 12:52:31 PM,-23.594331741333008,-70.39408111572266
10/2/2026 12:52:32 PM,-23.594331741333008,-70.39408111572266
10/2/2026 12:52:33 PM,-23.594331741333008,-70.39408111572266
10/2/2026 12:52:34 PM,-23.594331741333008,-70.39408111572266
10/2/2026 12:52:35 PM,-23.594331741333008,-70.39408111572266
10/2/2026 12:52:36 PM,-23.594331741333008,-70.39408111572266
10/2/2026 12:52:37 PM,-23.594331741333008,-70.39408111572266
10/2/2026 12:52:38 PM,-23.594331741333008,-70.39408111572266
10/2/2026 12:52:39 PM,-23.594331741333008,-70.39408111572266
10/2/2026 12:52:40 PM,-23.594331741333008,-70.39408111572266
10/2/2026 12:52:41 PM,-23.594331741333008,-70.39408111572266
10/2/2026 12:52:42 PM,-23.594331741333008,-70.39408111572266
10/2/2026 12:52:43 PM,-23.594331741333008,-70.39408111572266
10/2/2026 12:52:44 PM,-23.594331741333008,-70.39408111572266
10/2/2026 12:52:45 PM,-23.594331741333008,-70.39408111572266
10/2/2026 12:52:46 PM,-23.594331741333008,-70.39408111572266
10/2/2026 12:52:47 PM,-23.594331741333008,-70.39408111572266
10/2/2026 12:52:48 PM,-23.594331741333008,-70.39408111572266
10/2/2026 12:52:49 PM,-23.594331741333008,-70.39408111572266
10/2/2026 12:52:50 PM,-23.594331741333008,-70.39408111572266
10/2/2026 12:52:51 PM,-23.594331741333008,-70.39408111572266
10/2/2026 12:52:52 PM,-23.594332695007324,-70.39408111572266
10/2/2026 12:52:53 PM,-23.59433364868164,-70.39408111572266
10/2/2026 12:52:54 PM,-23.594334602355957,-70.39408111572266
10/2/2026 12:52:55 PM,-23.59433650970459,-70.39408111572266
10/2/2026 12:52:56 PM,-23.594337463378906,-70.39408111572266
10/2/2026 12:52:57 PM,-23.594338417053223,-70.39407730102539
10/2/2026 12:52:58 PM,-23.59433937072754,-70.39407348632812
10/2/2026 12:52:59 PM,-23.594338417053223,-70.39407348632812
10/2/2026 12:53:00 PM,-23.594337463378906,-70.39407348632812
10/2/2026 12:53:01 PM,-23.594337463378906,-70.39407348632812
10/2/2026 12:53:02 PM,-23.594337463378906,-70.39407348632812
10/2/2026 12:53:03 PM,-23.594337463378906,-70.39407348632812
10/2/2026 12:53:04 PM,-23.594337463378906,-70.39407348632812
10/2/2026 12:53:05 PM,-23.594337463378906,-70.39407348632812
10/2/2026 12:53:06 PM,-23.594337463378906,-70.39407348632812
10/2/2026 12:53:07 PM,-23.594337463378906,-70.39407348632812
10/2/2026 12:53:08 PM,-23.594337463378906,-70.39407348632812
10/2/2026 12:53:09 PM,-23.594337463378906,-70.39407348632812
10/2/2026 12:53:10 PM,-23.594337463378906,-70.39407348632812
10/2/2026 12:53:11 PM,-23.594337463378906,-70.39407348632812
10/2/2026 12:53:12 PM,-23.594337463378906,-70.39407348632812
10/2/2026 12:53:13 PM,-23.594337463378906,-70.39407348632812
10/2/2026 12:53:14 PM,-23.594337463378906,-70.39407348632812
10/2/2026 12:53:15 PM,-23.594338417053223,-70.39407348632812
10/2/2026 12:53:16 PM,-23.594340324401855,-70.39407348632812
10/2/2026 12:53:17 PM,-23.594343185424805,-70.39407348632812
10/2/2026 12:53:18 PM,-23.59434700012207,-70.39407730102539
10/2/2026 12:53:19 PM,-23.594350814819336,-70.39408111572266
10/2/2026 12:53:20 PM,-23.594353675842285,-70.39408493041992
10/2/2026 12:53:21 PM,-23.5943546295166,-70.39408874511719
10/2/2026 12:53:22 PM,-23.594355583190918,-70.39408874511719
10/2/2026 12:53:23 PM,-23.59435749053955,-70.39408874511719
10/2/2026 12:53:24 PM,-23.594358444213867,-70.39408874511719
10/2/2026 12:53:25 PM,-23.59435749053955,-70.39408874511719
10/2/2026 12:53:26 PM,-23.594356536865234,-70.39408874511719
10/2/2026 12:53:27 PM,-23.594356536865234,-70.39408874511719
10/2/2026 12:53:28 PM,-23.594356536865234,-70.39408874511719
10/2/2026 12:53:29 PM,-23.594355583190918,-70.39408874511719
10/2/2026 12:53:30 PM,-23.5943546295166,-70.39409255981445
10/2/2026 12:53:31 PM,-23.594355583190918,-70.39409637451172
10/2/2026 12:53:32 PM,-23.59435749053955,-70.39409637451172
10/2/2026 12:53:33 PM,-23.594359397888184,-70.39409637451172
10/2/2026 12:53:34 PM,-23.5943603515625,-70.39409637451172
10/2/2026 12:53:35 PM,-23.5943603515625,-70.39409637451172
10/2/2026 12:53:36 PM,-23.594359397888184,-70.39409637451172
10/2/2026 12:53:37 PM,-23.594358444213867,-70.39409637451172
10/2/2026 12:53:38 PM,-23.594358444213867,-70.39409255981445
10/2/2026 12:53:39 PM,-23.594358444213867,-70.39408874511719
10/2/2026 12:53:40 PM,-23.594358444213867,-70.39408874511719
10/2/2026 12:53:41 PM,-23.594358444213867,-70.39408874511719
10/2/2026 12:53:42 PM,-23.594358444213867,-70.39408874511719
10/2/2026 12:53:43 PM,-23.594358444213867,-70.39408874511719
10/2/2026 12:53:44 PM,-23.594358444213867,-70.39408874511719
10/2/2026 12:53:45 PM,-23.594358444213867,-70.39408874511719
10/2/2026 12:53:46 PM,-23.594358444213867,-70.39408874511719
10/2/2026 12:53:47 PM,-23.594358444213867,-70.39408874511719
10/2/2026 12:53:48 PM,-23.594358444213867,-70.39408874511719
10/2/2026 12:53:49 PM,-23.594358444213867,-70.39408874511719
10/2/2026 12:53:50 PM,-23.594358444213867,-70.39408874511719
10/2/2026 12:53:51 PM,-23.594358444213867,-70.39408874511719
10/2/2026 12:53:52 PM,-23.594358444213867,-70.39408874511719
10/2/2026 12:53:53 PM,-23.594358444213867,-70.39408874511719
10/2/2026 12:53:54 PM,-23.594358444213867,-70.39408874511719
10/2/2026 12:53:55 PM,-23.594358444213867,-70.39408874511719
10/2/2026 12:53:56 PM,-23.594358444213867,-70.39408874511719
10/2/2026 12:53:57 PM,-23.594358444213867,-70.39408874511719
10/2/2026 12:53:58 PM,-23.594358444213867,-70.39408874511719
10/2/2026 12:53:59 PM,-23.594358444213867,-70.39408874511719
10/2/2026 12:54:00 PM,-23.594358444213867,-70.39408874511719
10/2/2026 12:54:01 PM,-23.594358444213867,-70.39408874511719
10/2/2026 12:54:02 PM,-23.594358444213867,-70.39408874511719
10/2/2026 12:54:03 PM,-23.594358444213867,-70.39408874511719
10/2/2026 12:54:04 PM,-23.594358444213867,-70.39408874511719
10/2/2026 12:54:05 PM,-23.594358444213867,-70.39408874511719
10/2/2026 12:54:06 PM,-23.594358444213867,-70.39408874511719
10/2/2026 12:54:07 PM,-23.594358444213867,-70.39408874511719
10/2/2026 12:54:08 PM,-23.594358444213867,-70.39408874511719
10/2/2026 12:54:09 PM,-23.594358444213867,-70.39408874511719
10/2/2026 12:54:10 PM,-23.594358444213867,-70.39408874511719
10/2/2026 12:54:11 PM,-23.594358444213867,-70.39408874511719
10/2/2026 12:54:12 PM,-23.59435749053955,-70.39408874511719
10/2/2026 12:54:13 PM,-23.594356536865234,-70.39408874511719
10/2/2026 12:54:14 PM,-23.594356536865234,-70.39408874511719
10/2/2026 12:54:15 PM,-23.594356536865234,-70.39408874511719
10/2/2026 12:54:16 PM,-23.594356536865234,-70.39408874511719
10/2/2026 12:54:17 PM,-23.59435749053955,-70.39408874511719
10/2/2026 12:54:18 PM,-23.594358444213867,-70.39408874511719
10/2/2026 12:54:19 PM,-23.594358444213867,-70.39408874511719
10/2/2026 12:54:20 PM,-23.594358444213867,-70.39408874511719
10/2/2026 12:54:21 PM,-23.594358444213867,-70.39408874511719
10/2/2026 12:54:22 PM,-23.594358444213867,-70.39408874511719
10/2/2026 12:54:23 PM,-23.594358444213867,-70.39408874511719
10/2/2026 12:54:24 PM,-23.594358444213867,-70.39409637451172
10/2/2026 12:54:25 PM,-23.594358444213867,-70.39409637451172
10/2/2026 12:54:26 PM,-23.594358444213867,-70.39409637451172
10/2/2026 12:54:27 PM,-23.594358444213867,-70.39409637451172
10/2/2026 12:54:28 PM,-23.594358444213867,-70.39409637451172
10/2/2026 12:54:29 PM,-23.594358444213867,-70.39409637451172
10/2/2026 12:54:30 PM,-23.594358444213867,-70.39409637451172
10/2/2026 12:54:31 PM,-23.59435749053955,-70.39409637451172
10/2/2026 12:54:32 PM,-23.594356536865234,-70.39409637451172
10/2/2026 12:54:33 PM,-23.594356536865234,-70.39409637451172
10/2/2026 12:54:34 PM,-23.594356536865234,-70.39409637451172
10/2/2026 12:54:35 PM,-23.594356536865234,-70.39409637451172
10/2/2026 12:54:36 PM,-23.594356536865234,-70.39409637451172
10/2/2026 12:54:37 PM,-23.594356536865234,-70.39409637451172
10/2/2026 12:54:38 PM,-23.594356536865234,-70.39409637451172
10/2/2026 12:54:39 PM,-23.594356536865234,-70.39409637451172
10/2/2026 12:54:40 PM,-23.594356536865234,-70.39409637451172
10/2/2026 12:54:41 PM,-23.594356536865234,-70.39409637451172
10/2/2026 12:54:42 PM,-23.594356536865234,-70.39409637451172
10/2/2026 12:54:43 PM,-23.594356536865234,-70.39409637451172
10/2/2026 12:54:44 PM,-23.594356536865234,-70.39409637451172
10/2/2026 12:54:45 PM,-23.594356536865234,-70.39409637451172
10/2/2026 12:54:46 PM,-23.594356536865234,-70.39409637451172
10/2/2026 12:54:47 PM,-23.594356536865234,-70.39409637451172
10/2/2026 12:54:48 PM,-23.594356536865234,-70.39409637451172
10/2/2026 12:54:49 PM,-23.594356536865234,-70.39409637451172
10/2/2026 12:54:50 PM,-23.594356536865234,-70.39409637451172
10/2/2026 12:54:51 PM,-23.594356536865234,-70.39409637451172
10/2/2026 12:54:52 PM,-23.594356536865234,-70.39409637451172
10/2/2026 12:54:53 PM,-23.594356536865234,-70.39409637451172
10/2/2026 12:54:54 PM,-23.594356536865234,-70.39409637451172
10/2/2026 12:54:55 PM,-23.594356536865234,-70.39409637451172
10/2/2026 12:54:56 PM,-23.594356536865234,-70.39409637451172
10/2/2026 12:54:57 PM,-23.594356536865234,-70.39409637451172
10/2/2026 12:54:58 PM,-23.594356536865234,-70.39409637451172
10/2/2026 12:54:59 PM,-23.594356536865234,-70.39409637451172
10/2/2026 12:55:00 PM,-23.594356536865234,-70.39409637451172
10/2/2026 12:55:01 PM,-23.594356536865234,-70.39409637451172
10/2/2026 12:55:02 PM,-23.594356536865234,-70.39409637451172
10/2/2026 12:55:03 PM,-23.594356536865234,-70.39409637451172
10/2/2026 12:55:04 PM,-23.594356536865234,-70.39409637451172
10/2/2026 12:55:05 PM,-23.594356536865234,-70.39409637451172
10/2/2026 12:55:06 PM,-23.594356536865234,-70.39409637451172
10/2/2026 12:55:07 PM,-23.594356536865234,-70.39409637451172
10/2/2026 12:55:08 PM,-23.594356536865234,-70.39409637451172
10/2/2026 12:55:09 PM,-23.594356536865234,-70.39409637451172
10/2/2026 12:55:10 PM,-23.594358444213867,-70.39409637451172
10/2/2026 12:55:11 PM,-23.594358444213867,-70.39409637451172
10/2/2026 12:55:12 PM,-23.594358444213867,-70.39409637451172
10/2/2026 12:55:13 PM,-23.594358444213867,-70.39409637451172
10/2/2026 12:55:14 PM,-23.594358444213867,-70.39409637451172
10/2/2026 12:55:15 PM,-23.594358444213867,-70.39409637451172
10/2/2026 12:55:16 PM,-23.594358444213867,-70.39409637451172
10/2/2026 12:55:17 PM,-23.594358444213867,-70.39409637451172
10/2/2026 12:55:18 PM,-23.594358444213867,-70.39409637451172
10/2/2026 12:55:19 PM,-23.594358444213867,-70.39409637451172
10/2/2026 12:55:20 PM,-23.594358444213867,-70.39409637451172
10/2/2026 12:55:21 PM,-23.594358444213867,-70.39409637451172
10/2/2026 12:55:22 PM,-23.594358444213867,-70.39409637451172
10/2/2026 12:55:23 PM,-23.594358444213867,-70.39409637451172
10/2/2026 12:55:24 PM,-23.594358444213867,-70.39409637451172
10/2/2026 12:55:25 PM,-23.594358444213867,-70.39409637451172
10/2/2026 12:55:26 PM,-23.594358444213867,-70.39409637451172
10/2/2026 12:55:27 PM,-23.594358444213867,-70.39409637451172
10/2/2026 12:55:28 PM,-23.594358444213867,-70.39409637451172
10/2/2026 12:55:29 PM,-23.594358444213867,-70.39409637451172
10/2/2026 12:55:30 PM,-23.594358444213867,-70.39409637451172
10/2/2026 12:55:31 PM,-23.594358444213867,-70.39409637451172
10/2/2026 12:55:32 PM,-23.594358444213867,-70.39409637451172
10/2/2026 12:55:33 PM,-23.594358444213867,-70.39409637451172
10/2/2026 12:55:34 PM,-23.594358444213867,-70.39409637451172
10/2/2026 12:55:35 PM,-23.594358444213867,-70.39409637451172
10/2/2026 12:55:36 PM,-23.594358444213867,-70.39409637451172
10/2/2026 12:55:37 PM,-23.594358444213867,-70.39409637451172
10/2/2026 12:55:38 PM,-23.594358444213867,-70.39409637451172
10/2/2026 12:55:39 PM,-23.594358444213867,-70.39409637451172
10/2/2026 12:55:40 PM,-23.594358444213867,-70.39409637451172
10/2/2026 12:55:41 PM,-23.594358444213867,-70.39409637451172
10/2/2026 12:55:42 PM,-23.594358444213867,-70.39409637451172
10/2/2026 12:55:43 PM,-23.594358444213867,-70.39409637451172
10/2/2026 12:55:44 PM,-23.594358444213867,-70.39409637451172
10/2/2026 12:55:45 PM,-23.594358444213867,-70.39409637451172
10/2/2026 12:55:46 PM,-23.594358444213867,-70.39409637451172
10/2/2026 12:55:47 PM,-23.594358444213867,-70.39409637451172
10/2/2026 12:55:48 PM,-23.594358444213867,-70.39409637451172
10/2/2026 12:55:49 PM,-23.594358444213867,-70.39409637451172
10/2/2026 12:55:50 PM,-23.594358444213867,-70.39409637451172
10/2/2026 12:55:51 PM,-23.594358444213867,-70.39409637451172
10/2/2026 12:55:52 PM,-23.594358444213867,-70.39409637451172
10/2/2026 12:55:53 PM,-23.594358444213867,-70.39409637451172
10/2/2026 12:55:54 PM,-23.594358444213867,-70.39409637451172
10/2/2026 12:55:55 PM,-23.594358444213867,-70.39409637451172
10/2/2026 12:55:56 PM,-23.594358444213867,-70.39409637451172
10/2/2026 12:55:57 PM,-23.594358444213867,-70.39409637451172
10/2/2026 12:55:58 PM,-23.594358444213867,-70.39409637451172
10/2/2026 12:55:59 PM,-23.594358444213867,-70.39409637451172
10/2/2026 12:56:00 PM,-23.594358444213867,-70.39409637451172
10/2/2026 12:56:01 PM,-23.594358444213867,-70.39409637451172
10/2/2026 12:56:02 PM,-23.594358444213867,-70.39409637451172
10/2/2026 12:56:03 PM,-23.594358444213867,-70.39409637451172
10/2/2026 12:56:04 PM,-23.594358444213867,-70.39409637451172
10/2/2026 12:56:05 PM,-23.594358444213867,-70.39409637451172
10/2/2026 12:56:06 PM,-23.594358444213867,-70.39409637451172
10/2/2026 12:56:07 PM,-23.594358444213867,-70.39409637451172
10/2/2026 12:56:08 PM,-23.594358444213867,-70.39409637451172
10/2/2026 12:56:09 PM,-23.594358444213867,-70.39409637451172
10/2/2026 12:56:10 PM,-23.594358444213867,-70.39409637451172
10/2/2026 12:56:11 PM,-23.594358444213867,-70.39409637451172
10/2/2026 12:56:12 PM,-23.594358444213867,-70.39409637451172
10/2/2026 12:56:13 PM,-23.594358444213867,-70.39409637451172
10/2/2026 12:56:14 PM,-23.594358444213867,-70.39409637451172
10/2/2026 12:56:15 PM,-23.594358444213867,-70.39409637451172
10/2/2026 12:56:16 PM,-23.594358444213867,-70.39409637451172
10/2/2026 12:56:17 PM,-23.594358444213867,-70.39409637451172
10/2/2026 12:56:18 PM,-23.594358444213867,-70.39409637451172
10/2/2026 12:56:19 PM,-23.594358444213867,-70.39409637451172
10/2/2026 12:56:20 PM,-23.594358444213867,-70.39409637451172
10/2/2026 12:56:21 PM,-23.594358444213867,-70.39409637451172
10/2/2026 12:56:22 PM,-23.594358444213867,-70.39409637451172
10/2/2026 12:56:23 PM,-23.594358444213867,-70.39409637451172
10/2/2026 12:56:24 PM,-23.594358444213867,-70.39409637451172
10/2/2026 12:56:25 PM,-23.594358444213867,-70.39409637451172
10/2/2026 12:56:26 PM,-23.594358444213867,-70.39409637451172
10/2/2026 12:56:27 PM,-23.594358444213867,-70.39409637451172
10/2/2026 12:56:28 PM,-23.594358444213867,-70.39409637451172
10/2/2026 12:56:29 PM,-23.594358444213867,-70.39409637451172
10/2/2026 12:56:30 PM,-23.594358444213867,-70.39409637451172
10/2/2026 12:56:31 PM,-23.594358444213867,-70.39409637451172
10/2/2026 12:56:32 PM,-23.594358444213867,-70.39409637451172
10/2/2026 12:56:33 PM,-23.594358444213867,-70.39409637451172
10/2/2026 12:56:34 PM,-23.594358444213867,-70.39409637451172
10/2/2026 12:56:35 PM,-23.594358444213867,-70.39409637451172
10/2/2026 12:56:36 PM,-23.594358444213867,-70.39409637451172
10/2/2026 12:56:37 PM,-23.594358444213867,-70.39409637451172
10/2/2026 12:56:38 PM,-23.594358444213867,-70.39409637451172
10/2/2026 12:56:39 PM,-23.594358444213867,-70.39409637451172
10/2/2026 12:56:40 PM,-23.594358444213867,-70.39409637451172
10/2/2026 12:56:41 PM,-23.594358444213867,-70.39409637451172
10/2/2026 12:56:42 PM,-23.594358444213867,-70.39409637451172
10/2/2026 12:56:43 PM,-23.594358444213867,-70.39409637451172
10/2/2026 12:56:44 PM,-23.594358444213867,-70.39409637451172
10/2/2026 12:56:45 PM,-23.594358444213867,-70.39409637451172
10/2/2026 12:56:46 PM,-23.594358444213867,-70.39409637451172
10/2/2026 12:56:47 PM,-23.594358444213867,-70.39409637451172
10/2/2026 12:56:48 PM,-23.594358444213867,-70.39409637451172
10/2/2026 12:56:49 PM,-23.594358444213867,-70.39409637451172
10/2/2026 12:56:50 PM,-23.594358444213867,-70.39409637451172
10/2/2026 12:56:51 PM,-23.594358444213867,-70.39409637451172
10/2/2026 12:56:52 PM,-23.594358444213867,-70.39409637451172
10/2/2026 12:56:53 PM,-23.594358444213867,-70.39409637451172
10/2/2026 12:56:54 PM,-23.594358444213867,-70.39409637451172
10/2/2026 12:56:55 PM,-23.594358444213867,-70.39409637451172
10/2/2026 12:56:56 PM,-23.594358444213867,-70.39409637451172
10/2/2026 12:56:57 PM,-23.594357013702393,-70.39409637451172
10/2/2026 12:56:58 PM,-23.594356536865234,-70.39409637451172
10/2/2026 12:56:59 PM,-23.594356536865234,-70.39409637451172
10/2/2026 12:57:00 PM,-23.594356536865234,-70.39409637451172
10/2/2026 12:57:01 PM,-23.594356536865234,-70.39409637451172
10/2/2026 12:57:02 PM,-23.594356536865234,-70.39409637451172
10/2/2026 12:57:03 PM,-23.594356536865234,-70.39409637451172
10/2/2026 12:57:04 PM,-23.594356536865234,-70.39409637451172
10/2/2026 12:57:05 PM,-23.594356536865234,-70.39409637451172
10/2/2026 12:57:06 PM,-23.594356536865234,-70.39410209655762
10/2/2026 12:57:07 PM,-23.594356536865234,-70.39410400390625
10/2/2026 12:57:08 PM,-23.594356536865234,-70.39410400390625
10/2/2026 12:57:09 PM,-23.594356536865234,-70.39410400390625
10/2/2026 12:57:10 PM,-23.594356536865234,-70.39410400390625
10/2/2026 12:57:11 PM,-23.594356536865234,-70.39409828186035
10/2/2026 12:57:12 PM,-23.594356536865234,-70.39410209655762
10/2/2026 12:57:13 PM,-23.594356536865234,-70.39410400390625
10/2/2026 12:57:14 PM,-23.594356536865234,-70.39410400390625
10/2/2026 12:57:15 PM,-23.594356536865234,-70.39410400390625
10/2/2026 12:57:16 PM,-23.594356536865234,-70.39410400390625
10/2/2026 12:57:17 PM,-23.594356536865234,-70.39410400390625
10/2/2026 12:57:18 PM,-23.594356536865234,-70.39410400390625
10/2/2026 12:57:19 PM,-23.594356536865234,-70.39410400390625
10/2/2026 12:57:20 PM,-23.594356536865234,-70.39410400390625
10/2/2026 12:57:21 PM,-23.594356536865234,-70.39410400390625
10/2/2026 12:57:22 PM,-23.594356536865234,-70.39410400390625
10/2/2026 12:57:23 PM,-23.594356536865234,-70.39410400390625
10/2/2026 12:57:24 PM,-23.594356536865234,-70.39410400390625
10/2/2026 12:57:25 PM,-23.594356536865234,-70.39410400390625
10/2/2026 12:57:26 PM,-23.594356536865234,-70.39410400390625
10/2/2026 12:57:27 PM,-23.594356536865234,-70.39410400390625
10/2/2026 12:57:28 PM,-23.594356536865234,-70.39410400390625
10/2/2026 12:57:29 PM,-23.594356536865234,-70.39410400390625
10/2/2026 12:57:30 PM,-23.594356536865234,-70.39410400390625
10/2/2026 12:57:31 PM,-23.594356536865234,-70.39410400390625
10/2/2026 12:57:32 PM,-23.594356536865234,-70.39410400390625
10/2/2026 12:57:33 PM,-23.594356536865234,-70.39410400390625
10/2/2026 12:57:34 PM,-23.594356536865234,-70.39410400390625
10/2/2026 12:57:35 PM,-23.594356536865234,-70.39410400390625
10/2/2026 12:57:36 PM,-23.594356536865234,-70.39410400390625
10/2/2026 12:57:37 PM,-23.594356536865234,-70.39410400390625
10/2/2026 12:57:38 PM,-23.594356536865234,-70.39410400390625
10/2/2026 12:57:39 PM,-23.594356536865234,-70.39410400390625
10/2/2026 12:57:40 PM,-23.594356536865234,-70.39410400390625
10/2/2026 12:57:41 PM,-23.594356536865234,-70.39410400390625
10/2/2026 12:57:42 PM,-23.594356536865234,-70.39410400390625
10/2/2026 12:57:43 PM,-23.594356536865234,-70.39410400390625
10/2/2026 12:57:44 PM,-23.594356536865234,-70.39410400390625
10/2/2026 12:57:45 PM,-23.594356536865234,-70.39410400390625
10/2/2026 12:57:46 PM,-23.59435796737671,-70.39410400390625
10/2/2026 12:57:47 PM,-23.594358444213867,-70.39410400390625
10/2/2026 12:57:48 PM,-23.594358444213867,-70.39410400390625
10/2/2026 12:57:49 PM,-23.594358444213867,-70.39410400390625
10/2/2026 12:57:50 PM,-23.594358444213867,-70.39410400390625
10/2/2026 12:57:51 PM,-23.594357013702393,-70.39410400390625
10/2/2026 12:57:52 PM,-23.59435796737671,-70.39410400390625
10/2/2026 12:57:53 PM,-23.594358444213867,-70.39410400390625
10/2/2026 12:57:54 PM,-23.594358444213867,-70.39410400390625
10/2/2026 12:57:55 PM,-23.594358444213867,-70.39410400390625
10/2/2026 12:57:56 PM,-23.594358444213867,-70.39410400390625
10/2/2026 12:57:57 PM,-23.594358444213867,-70.39410400390625
10/2/2026 12:57:58 PM,-23.594359874725342,-70.39410400390625
10/2/2026 12:57:59 PM,-23.5943603515625,-70.39410400390625
10/2/2026 12:58:00 PM,-23.5943603515625,-70.39410400390625
10/2/2026 12:58:01 PM,-23.5943603515625,-70.39410400390625
10/2/2026 12:58:02 PM,-23.5943603515625,-70.39410400390625
10/2/2026 12:58:03 PM,-23.594361782073975,-70.39410400390625
10/2/2026 12:58:04 PM,-23.594362258911133,-70.39410400390625
10/2/2026 12:58:05 PM,-23.594362258911133,-70.39410972595215
10/2/2026 12:58:06 PM,-23.594362258911133,-70.39411163330078
10/2/2026 12:58:07 PM,-23.594362258911133,-70.39411163330078
10/2/2026 12:58:08 PM,-23.594362258911133,-70.39411163330078
10/2/2026 12:58:09 PM,-23.594362258911133,-70.39411163330078
10/2/2026 12:58:10 PM,-23.594362258911133,-70.39411163330078
10/2/2026 12:58:11 PM,-23.594362258911133,-70.39411163330078
10/2/2026 12:58:12 PM,-23.594362258911133,-70.39411163330078
10/2/2026 12:58:13 PM,-23.594362258911133,-70.39411163330078
10/2/2026 12:58:14 PM,-23.594362258911133,-70.39411163330078
10/2/2026 12:58:15 PM,-23.594362258911133,-70.39411163330078
10/2/2026 12:58:16 PM,-23.594362258911133,-70.39411163330078
10/2/2026 12:58:17 PM,-23.594362258911133,-70.39411163330078
10/2/2026 12:58:18 PM,-23.594362258911133,-70.39411163330078
10/2/2026 12:58:19 PM,-23.594362258911133,-70.39411163330078
10/2/2026 12:58:20 PM,-23.594362258911133,-70.39411163330078
10/2/2026 12:58:21 PM,-23.594362258911133,-70.39411163330078
10/2/2026 12:58:22 PM,-23.594362258911133,-70.39411163330078
10/2/2026 12:58:23 PM,-23.594362258911133,-70.39411163330078
10/2/2026 12:58:24 PM,-23.594362258911133,-70.39411163330078
10/2/2026 12:58:25 PM,-23.594362258911133,-70.39411163330078
10/2/2026 12:58:26 PM,-23.594362258911133,-70.39411163330078
10/2/2026 12:58:27 PM,-23.594362258911133,-70.39411163330078
10/2/2026 12:58:28 PM,-23.594362258911133,-70.39411163330078
10/2/2026 12:58:29 PM,-23.594362258911133,-70.39411163330078
10/2/2026 12:58:30 PM,-23.594362258911133,-70.39411163330078
10/2/2026 12:58:31 PM,-23.594362258911133,-70.39411163330078
10/2/2026 12:58:32 PM,-23.594362258911133,-70.39411163330078
10/2/2026 12:58:33 PM,-23.594362258911133,-70.39411163330078
10/2/2026 12:58:34 PM,-23.594362258911133,-70.39411163330078
10/2/2026 12:58:35 PM,-23.594362258911133,-70.39411163330078
10/2/2026 12:58:36 PM,-23.594362258911133,-70.39411163330078
10/2/2026 12:58:37 PM,-23.594362258911133,-70.39411163330078
10/2/2026 12:58:38 PM,-23.594362258911133,-70.39411163330078
10/2/2026 12:58:39 PM,-23.594362258911133,-70.39411163330078
10/2/2026 12:58:40 PM,-23.594362258911133,-70.39411163330078
10/2/2026 12:58:41 PM,-23.594362258911133,-70.39411163330078
10/2/2026 12:58:42 PM,-23.594362258911133,-70.39411163330078
10/2/2026 12:58:43 PM,-23.594362258911133,-70.39411163330078
10/2/2026 12:58:44 PM,-23.594362258911133,-70.39411163330078
10/2/2026 12:58:45 PM,-23.594362258911133,-70.39411163330078
10/2/2026 12:58:46 PM,-23.594362258911133,-70.39411163330078
10/2/2026 12:58:47 PM,-23.594362258911133,-70.39411163330078
10/2/2026 12:58:48 PM,-23.594362258911133,-70.39411163330078
10/2/2026 12:58:49 PM,-23.594362258911133,-70.39411163330078
10/2/2026 12:58:50 PM,-23.594362258911133,-70.39411163330078
10/2/2026 12:58:51 PM,-23.594362258911133,-70.39411163330078
10/2/2026 12:58:52 PM,-23.594362258911133,-70.39411163330078
10/2/2026 12:58:53 PM,-23.594362258911133,-70.39411163330078
10/2/2026 12:58:54 PM,-23.594362258911133,-70.39411163330078
10/2/2026 12:58:55 PM,-23.594362258911133,-70.39411163330078
10/2/2026 12:58:56 PM,-23.594362258911133,-70.39411163330078
10/2/2026 12:58:57 PM,-23.594362258911133,-70.39411163330078
10/2/2026 12:58:58 PM,-23.594362258911133,-70.39411163330078
10/2/2026 12:58:59 PM,-23.594362258911133,-70.39411163330078
10/2/2026 12:59:00 PM,-23.594362258911133,-70.39411163330078
10/2/2026 12:59:01 PM,-23.594362258911133,-70.39411163330078
10/2/2026 12:59:02 PM,-23.594362258911133,-70.39411163330078
10/2/2026 12:59:03 PM,-23.594362258911133,-70.39411163330078
10/2/2026 12:59:04 PM,-23.594362258911133,-70.39411163330078
10/2/2026 12:59:05 PM,-23.594362258911133,-70.39411163330078
10/2/2026 12:59:06 PM,-23.594362258911133,-70.39411163330078
10/2/2026 12:59:07 PM,-23.594362258911133,-70.39411163330078
10/2/2026 12:59:08 PM,-23.594362258911133,-70.39411163330078
10/2/2026 12:59:09 PM,-23.594362258911133,-70.39411163330078
10/2/2026 12:59:10 PM,-23.594362258911133,-70.39411163330078
10/2/2026 12:59:11 PM,-23.594362258911133,-70.39411163330078
10/2/2026 12:59:12 PM,-23.594362258911133,-70.39411163330078
10/2/2026 12:59:13 PM,-23.594362258911133,-70.39411163330078
10/2/2026 12:59:14 PM,-23.594362258911133,-70.39411163330078
10/2/2026 12:59:15 PM,-23.594362258911133,-70.39411163330078
10/2/2026 12:59:16 PM,-23.594362258911133,-70.39411163330078
10/2/2026 12:59:17 PM,-23.594362258911133,-70.39411163330078
10/2/2026 12:59:18 PM,-23.594362258911133,-70.39411163330078
10/2/2026 12:59:19 PM,-23.594362258911133,-70.39411163330078
10/2/2026 12:59:20 PM,-23.594362258911133,-70.39411163330078
10/2/2026 12:59:21 PM,-23.594362258911133,-70.39411163330078
10/2/2026 12:59:22 PM,-23.594362258911133,-70.39411163330078
10/2/2026 12:59:23 PM,-23.594362258911133,-70.39411163330078
10/2/2026 12:59:24 PM,-23.594362258911133,-70.39411163330078
10/2/2026 12:59:25 PM,-23.594362258911133,-70.39411163330078
10/2/2026 12:59:26 PM,-23.594362258911133,-70.39411163330078
10/2/2026 12:59:27 PM,-23.594362258911133,-70.39411163330078
10/2/2026 12:59:28 PM,-23.594362258911133,-70.39411163330078
10/2/2026 12:59:29 PM,-23.594362258911133,-70.39411735534668
10/2/2026 12:59:30 PM,-23.594363689422607,-70.39411926269531
10/2/2026 12:59:31 PM,-23.594364166259766,-70.39411926269531
10/2/2026 12:59:32 PM,-23.59436559677124,-70.39411926269531
10/2/2026 12:59:33 PM,-23.594367504119873,-70.39411926269531
10/2/2026 12:59:34 PM,-23.59436798095703,-70.39411926269531
10/2/2026 12:59:35 PM,-23.594369411468506,-70.39411926269531
10/2/2026 12:59:36 PM,-23.59437131881714,-70.39412498474121
10/2/2026 12:59:37 PM,-23.594371795654297,-70.39412689208984
10/2/2026 12:59:38 PM,-23.594371795654297,-70.39412689208984
10/2/2026 12:59:39 PM,-23.594371795654297,-70.39412689208984
10/2/2026 12:59:40 PM,-23.594371795654297,-70.39412689208984
10/2/2026 12:59:41 PM,-23.594371795654297,-70.39412689208984
10/2/2026 12:59:42 PM,-23.594371795654297,-70.39412689208984
10/2/2026 12:59:43 PM,-23.594371795654297,-70.39412689208984
10/2/2026 12:59:44 PM,-23.594371795654297,-70.39412689208984
10/2/2026 12:59:45 PM,-23.594371795654297,-70.39412689208984
10/2/2026 12:59:46 PM,-23.594371795654297,-70.39412689208984
10/2/2026 12:59:47 PM,-23.594371795654297,-70.39412689208984
10/2/2026 12:59:48 PM,-23.594371795654297,-70.39412689208984
10/2/2026 12:59:49 PM,-23.594371795654297,-70.39412689208984
10/2/2026 12:59:50 PM,-23.594371795654297,-70.39412689208984
10/2/2026 12:59:51 PM,-23.594371795654297,-70.39412689208984
10/2/2026 12:59:52 PM,-23.594371795654297,-70.39412689208984
10/2/2026 12:59:53 PM,-23.594371795654297,-70.39412689208984
10/2/2026 12:59:54 PM,-23.594371795654297,-70.39412689208984
10/2/2026 12:59:55 PM,-23.594371795654297,-70.39412689208984
10/2/2026 12:59:56 PM,-23.594371795654297,-70.39412689208984
