Timestamp,stress-1 => (Aggregate=TimeAverage2),stressRate-1 => (Aggregate=TimeAverage2),stressRange-1 => (Aggregate=TimeAverage2),stressRateRange-1 => (Aggregate=TimeAverage2),microDamage-1 => (Aggregate=TimeAverage2)
9/16/2026 11:00:16 AM,-0.5756899901628494,0.004600000068545343,0,0,0
9/16/2026 11:00:17 AM,-0.5820400111675262,0.02270000033825636,0,0,0
9/16/2026 11:00:18 AM,-0.5754600472450256,-0.0023000000342726697,0,0,0
9/16/2026 11:00:19 AM,-0.5795400433540344,-0.07270000108331443,0,0,0
9/16/2026 11:00:20 AM,-0.564770024895668,-0.018100000269711015,0,0,0
9/16/2026 11:00:21 AM,-0.5684200241565704,0.018100000269711015,0,0,0
9/16/2026 11:00:22 AM,-0.5840799794197082,-0.02270000033825636,4.370730062484742,72.50880166625977,0.00545999987795949
9/16/2026 11:00:23 AM,-0.572960019826889,-0.018100000098347665,3.634270051956177,60.29120138549805,0.004539999898523092
9/16/2026 11:00:24 AM,-0.5752299906015396,0.07040000274032354,0,0,0
9/16/2026 11:00:25 AM,-0.5775000154972076,-0.02270000033825636,0,0,0
9/16/2026 11:00:26 AM,-0.5845400385856628,0.12040000365674496,0,0,0
9/16/2026 11:00:27 AM,-0.5747700451612472,0.12960000006854533,0,0,0
9/16/2026 11:00:28 AM,-0.5677300275564194,0.013500000029802322,0,0,0
9/16/2026 11:00:29 AM,-0.5943400292396545,-0.1204000034853816,0,0,0
9/16/2026 11:00:30 AM,-0.6170700401067734,0.004600000068545343,0,0,0
9/16/2026 11:00:31 AM,-0.6786800409555436,0.018100000269711015,0,0,0
9/16/2026 11:00:32 AM,-0.733650015592575,0.004600000068545343,0,0,0
9/16/2026 11:00:33 AM,-0.7579600249528885,0.05000000074505806,0,0,0
9/16/2026 11:00:34 AM,-0.23542003214359286,-0.736,0,0,0
9/16/2026 11:00:35 AM,4.923660015016795,-8.9565,0,0,0
9/16/2026 11:00:36 AM,-0.06240000721812248,0.5651999999657273,0,0,0
9/16/2026 11:00:37 AM,-0.4204000108242035,-0.11580000155419112,0,0,0
9/16/2026 11:00:38 AM,-0.9582100241184234,2.0388000512123106,0,0,0
9/16/2026 11:00:39 AM,0.05230001115798946,0.2951000094711781,0,0,0
9/16/2026 11:00:40 AM,0.24545001560449603,-0.7200999766886235,0,0,0
9/16/2026 11:00:41 AM,-0.5775999994874,-0.19770000380277633,0,0,0
9/16/2026 11:00:42 AM,-4.054170127749443,-7.163099739074707,0.7504900245666504,7.228900421142578,0.0004599999897181988
9/16/2026 11:00:43 AM,-19.47720993423462,-10.35880009651184,15.564510509490965,149.92110873413085,0.009539999786764383
9/16/2026 11:00:44 AM,-17.190130369186402,-26.171999490261076,0,0,0
9/16/2026 11:00:45 AM,-6.577250084400178,-2.1892000880241396,0,0,0
9/16/2026 11:00:46 AM,-2.5091001191139224,-41.50220179986954,0,0,0
9/16/2026 11:00:47 AM,-6.304750256180763,61.61230002164841,0,0,0
9/16/2026 11:00:48 AM,0.49822002071142196,0.05230000077933073,0,0,0
9/16/2026 11:00:49 AM,0.5638800284862518,-8.673617379884035E-19,0,0,0
9/16/2026 11:00:50 AM,0.5920700070858002,0.02270000033825636,0,0,0
9/16/2026 11:00:51 AM,0.6309200539588928,0,0,0,0
9/16/2026 11:00:52 AM,0.6627600235939026,0,0,0,0
9/16/2026 11:00:53 AM,0.6990799889564514,-0.0023000000342726706,0,0,0
9/16/2026 11:00:54 AM,0.6925000250339508,-0.05460000098496676,0,0,0
9/16/2026 11:00:55 AM,0.7068400141000747,-0.09310000307857991,0,0,0
9/16/2026 11:00:56 AM,0.738190041065216,0.05230000077933073,0,0,0
9/16/2026 11:00:57 AM,0.7488800038099289,0.07500000111758709,0,0,0
9/16/2026 11:00:58 AM,0.7545400552749635,0.020400000303983687,0,0,0
9/16/2026 11:00:59 AM,0.735460043668747,-0.0977000033184886,0,0,0
9/16/2026 11:01:00 AM,0.7602300498485566,-0.03850000074505806,0,0,0
9/16/2026 11:01:01 AM,0.7675000429153442,0.16580000077933071,0,0,0
9/16/2026 11:01:02 AM,0.7620400453805923,-8.673617379884035E-19,0,0,0
9/16/2026 11:01:03 AM,0.7577300251722336,0.04770000071078539,0,0,0
9/16/2026 11:01:04 AM,0.7645400457382202,-0.02500000037252903,0,0,0
9/16/2026 11:01:05 AM,0.7415800350904465,-0.034200000509619716,0,0,0
9/16/2026 11:01:06 AM,0.7218099970817565,0.011500000171363357,0,0,0
9/16/2026 11:01:07 AM,0.7027000125646591,0.02500000037252903,0,0,0
9/16/2026 11:01:08 AM,0.6675000190734864,-0.004600000068545343,0,0,0
9/16/2026 11:01:09 AM,0.6606600255966187,-0.02500000037252903,0,0,0
9/16/2026 11:01:10 AM,0.6161200355291366,-0.020400000303983687,0,0,0
9/16/2026 11:01:11 AM,0.5961200275421142,-0.05000000260770321,0,0,0
9/16/2026 11:01:12 AM,0.5649700247049331,0.11580000155419112,0,0,0
9/16/2026 11:01:13 AM,0.5204600400924684,-0.06810000270605088,0,0,0
9/16/2026 11:01:14 AM,0.5195400409698487,-0.004600000068545341,0,0,0
9/16/2026 11:01:15 AM,0.5088500484228135,-0.040800000607967374,0,0,0
9/16/2026 11:01:16 AM,0.48362001425027845,0.1250000037252903,0,0,0
9/16/2026 11:01:17 AM,0.4602300081253052,0.12040000365674496,0,0,0
9/16/2026 11:01:18 AM,0.46658001697063445,-0.0023000000342726706,0,0,0
9/16/2026 11:01:19 AM,0.4388500136137009,-0.0023000000342726697,0,0,0
9/16/2026 11:01:20 AM,0.41954004418849944,-0.04540000067651272,0,0,0
9/16/2026 11:01:21 AM,0.4095399968624115,0.0273000004068017,0,0,0
9/16/2026 11:01:22 AM,0.38816000097990033,0.02500000037252903,0,0,0
9/16/2026 11:01:23 AM,0.3575000017881393,0.020400000303983687,0,0,0
9/16/2026 11:01:24 AM,0.3506600069403648,0.12500000558793545,0,0,0
9/16/2026 11:01:25 AM,0.31089001506567,-0.02270000033825636,0,0,0
9/16/2026 11:01:26 AM,0.28931002074480056,0.0273000004068017,0,0,0
9/16/2026 11:01:27 AM,0.2583900055289268,0.020400000303983687,0,0,0
9/16/2026 11:01:28 AM,0.24342000627517701,0.006900000102818013,0,0,0
9/16/2026 11:01:29 AM,0.240890000551939,0.043100000642240045,0,0,0
9/16/2026 11:01:30 AM,0.21181000524759294,-0.020400000303983687,0,0,0
9/16/2026 11:01:31 AM,0.1988500033915043,-0.01810000026971102,0,0,0
9/16/2026 11:01:32 AM,0.4086300141811371,-0.004600000068545345,0,0,0
9/16/2026 11:01:33 AM,0.5704299924373627,0.05000000074505806,0,0,0
9/16/2026 11:01:34 AM,0.5413500201702118,-0.004600000068545343,0,0,0
9/16/2026 11:01:35 AM,0.5093100479841233,-0.0023000000342726706,0,0,0
9/16/2026 11:01:36 AM,0.485920016169548,-0.05460000098496676,0,0,0
9/16/2026 11:01:37 AM,0.4924700328707695,-0.168100004196167,0,0,0
9/16/2026 11:01:38 AM,0.44319002574682237,-0.09319998973608018,0,0,0
9/16/2026 11:01:39 AM,0.4731300066113472,-1.9343999145030977,0,0,0
9/16/2026 11:01:40 AM,0.3874800059199333,-0.27580001670122145,0,0,0
9/16/2026 11:01:41 AM,0.3803000219911337,7.246800052344799,0,0,0
9/16/2026 11:01:42 AM,0.07977000181376935,0.23620000351965426,0,0,0
9/16/2026 11:01:43 AM,0.06650000293552875,0.020100000128149987,0,0,0
9/16/2026 11:01:44 AM,7.56890049892664,-8.864300507426261,0,0,0
9/16/2026 11:01:45 AM,25.293930873870853,57.462800870895386,0,0,0
9/16/2026 11:01:46 AM,20.190660568237305,2.955800537109376,0,0,0
9/16/2026 11:01:47 AM,12.678200735092165,-5.733799988865853,0,0,0
9/16/2026 11:01:48 AM,13.529610170364379,-7.943600396513939,0,0,0
9/16/2026 11:01:49 AM,19.702880291461945,-91.53120413272083,0,0,0
9/16/2026 11:01:50 AM,3.3943401603698735,-0.10460000155866146,0,0,0
9/16/2026 11:01:51 AM,3.4143100872039795,-0.013499998338520523,0,0,0
9/16/2026 11:01:52 AM,3.2826501051187513,-0.35049999014288186,30.27297191619873,415.4787066650391,0.00545999987795949
9/16/2026 11:01:53 AM,1.9985799881219863,-7.1682999372482294,25.172031593322753,345.4713055419922,0.004539999898523092
9/16/2026 11:01:54 AM,4.034280139923096,-20.63089988708496,0,0,0
9/16/2026 11:01:55 AM,3.5371500234603883,-5.6426998224258424,0,0,0
9/16/2026 11:01:56 AM,1.4547900071144104,-12.617000333786011,0,0,0
9/16/2026 11:01:57 AM,2.179950018167496,-7.477599757194519,0,0,0
9/16/2026 11:01:58 AM,1.9640400671958922,-5.922199913680553,0,0,0
9/16/2026 11:01:59 AM,2.2945701417922972,-0.02240000151097775,0,0,0
9/16/2026 11:02:00 AM,2.403450086593628,0.03960000294446947,0,0,0
9/16/2026 11:02:01 AM,2.418619969367981,-0.7784000198841096,0,0,0
9/16/2026 11:02:02 AM,3.150550080776215,-11.326400188028812,0,0,0
9/16/2026 11:02:03 AM,36.583789695739746,-515.7800873718262,0,0,0
9/16/2026 11:02:04 AM,21.737601360321047,130.65850261306764,0,0,0
9/16/2026 11:02:05 AM,11.454220370292663,-2.066000007629395,0,0,0
9/16/2026 11:02:06 AM,33.20960251140595,-125.29599771118164,0,0,0
9/16/2026 11:02:07 AM,39.032068603515626,-42.028599357128144,0,0,0
9/16/2026 11:02:08 AM,18.136300256729125,36.319300742387775,0,0,0
9/16/2026 11:02:09 AM,10.29120018196106,1.9745001072883606,0,0,0
9/16/2026 11:02:10 AM,10.068240119934082,-1.535600084543228,5.157980224609375,85.70490112304687,0.005884911626577377
9/16/2026 11:02:11 AM,17.97081071472168,-27.885099636077882,106.97202465820313,1777.4451232910155,0.12204794982075691
9/16/2026 11:02:12 AM,27.93194096374512,-10.279000186204911,0,0,0
9/16/2026 11:02:13 AM,28.932941204071042,0.2439000217914581,0,0,0
9/16/2026 11:02:14 AM,19.50907083129883,34.536299700737,0,0,0
9/16/2026 11:02:15 AM,3.5342999229431156,-10.80960042476654,0,0,0
9/16/2026 11:02:16 AM,12.856560499191284,9.638200035095213,0,0,0
9/16/2026 11:02:17 AM,10.124610053062439,-55.78910042095185,0,0,0
9/16/2026 11:02:18 AM,14.3766507062912,-33.46850117015839,0,0,0
9/16/2026 11:02:19 AM,41.0203719406128,-17.688099826812746,0,0,0
9/16/2026 11:02:20 AM,40.89626052093506,-21.71359996986389,0,0,0
9/16/2026 11:02:21 AM,41.31084042358398,-9.642200114250183,0,0,0
9/16/2026 11:02:22 AM,38.756140083312985,-27.55279974460602,0,0,0
9/16/2026 11:02:23 AM,41.23042055511475,-0.2321999306678772,0,0,0
9/16/2026 11:02:24 AM,39.76439191436768,1.2641001739501951,2.5909500350952146,9.273600280761718,0.0004599999897181988
9/16/2026 11:02:25 AM,21.353191345214842,24.930501003205777,53.734050727844235,192.32640582275388,0.009539999786764383
9/16/2026 11:02:26 AM,22.81008081817627,-1.131900044977665,0,0,0
9/16/2026 11:02:27 AM,19.38400030517578,-13.348100574254989,0,0,0
9/16/2026 11:02:28 AM,17.043670852661133,3.7767000865936278,0,0,0
9/16/2026 11:02:29 AM,21.733951538085936,-15.474399622917176,0,0,0
9/16/2026 11:02:30 AM,23.41647036743164,43.97640148258209,0,0,0
9/16/2026 11:02:31 AM,20.502139751434328,14.701,0,0,0
9/16/2026 11:02:32 AM,25.524870502471924,-5.118900380373001,0,0,0
9/16/2026 11:02:33 AM,26.677281005859374,6.950300015211106,0,0,0
9/16/2026 11:02:34 AM,28.38519078445435,-15.308400338172913,0,0,0
9/16/2026 11:02:35 AM,22.990051326751708,-5.059800155639648,0,0,0
9/16/2026 11:02:36 AM,19.838380298614503,46.55379882049561,0,0,0
9/16/2026 11:02:37 AM,18.280710735321044,0.8666000010967254,0,0,0
9/16/2026 11:02:38 AM,28.464831478118896,-29.779100752115248,1.254420108795166,9.195400421142578,0.0004599999897181988
9/16/2026 11:02:39 AM,32.021770980834965,0.13369999670982352,26.01558225631714,190.70460873413086,0.009539999786764383
9/16/2026 11:02:40 AM,30.59858085632324,0.6432000377178191,0,0,0
9/16/2026 11:02:41 AM,32.68196067047119,42.31610107421875,0,0,0
9/16/2026 11:02:42 AM,33.038572750091554,-11.067200035095215,0,0,0
9/16/2026 11:02:43 AM,26.20854108428955,10.711999746799467,0,0,0
9/16/2026 11:02:44 AM,21.863610767364502,7.429800289630891,0,0,0
9/16/2026 11:02:45 AM,25.4525013999939,-25.223700622558592,0,0,0
9/16/2026 11:02:46 AM,20.833601543426514,-54.85470079803466,0,0,0
9/16/2026 11:02:47 AM,19.683251106262208,-28.103599771499635,0,0,0
9/16/2026 11:02:48 AM,40.6471416091919,-31.429100692749024,0,0,0
9/16/2026 11:02:49 AM,35.927131088256836,1.2900003814697267,0,0,0
9/16/2026 11:02:50 AM,34.954840576171875,-4.06529991722107,0,0,0
9/16/2026 11:02:51 AM,42.589250251770025,38.37240036392212,0,0,0
9/16/2026 11:02:52 AM,45.8175234375,-24.205100017547608,2.0235400772094727,8.86419985961914,0.0004599999897181988
9/16/2026 11:02:53 AM,46.32106963348389,-11.330299964904786,41.96646160125732,183.83579708862302,0.009539999786764383
9/16/2026 11:02:54 AM,40.39422166442871,42.56900111013651,0,0,0
9/16/2026 11:02:55 AM,37.296811630249024,39.031298482239244,0,0,0
9/16/2026 11:02:56 AM,37.393532585144044,-0.23440001034736632,0,0,0
9/16/2026 11:02:57 AM,41.90388893890381,-10.361300424218179,0,0,0
9/16/2026 11:02:58 AM,46.22024034118652,-0.6877999826669693,0,0,0
9/16/2026 11:02:59 AM,39.02691097259521,-6.550700047135353,0,0,0
9/16/2026 11:03:00 AM,37.841313667297364,-2.7011000400781633,0,0,0
9/16/2026 11:03:01 AM,39.41965172576904,-0.5836999545097351,0,0,0
9/16/2026 11:03:02 AM,41.39212912750244,-2.5495998582839965,0,0,0
9/16/2026 11:03:03 AM,45.853142677307126,-26.23509915161133,0,0,0
9/16/2026 11:03:04 AM,43.16085160827637,-15.990400228500365,0,0,0
9/16/2026 11:03:05 AM,50.140829696655274,-57.337500087738036,0,0,0
9/16/2026 11:03:06 AM,47.419641662597655,20.00970020389557,0,0,0
9/16/2026 11:03:07 AM,46.44609049987793,22.076900719642637,13.166790916442872,78.76050000000001,0.00545999987795949
9/16/2026 11:03:08 AM,49.64718145751954,-32.95990228772163,10.948210762023926,65.4895,0.004539999898523092
9/16/2026 11:03:09 AM,43.56049100494385,0.6028000750541687,0,0,0
9/16/2026 11:03:10 AM,53.3951918258667,-8.9901989235878,0,0,0
9/16/2026 11:03:11 AM,55.34792129516602,-18.896399456501005,0,0,0
9/16/2026 11:03:12 AM,54.59924207305908,45.36140138494968,0,0,0
9/16/2026 11:03:13 AM,45.81918037796021,-2.049999970316887,0,0,0
9/16/2026 11:03:14 AM,13.460029826164247,2.635100534915923,0,0,0
9/16/2026 11:03:15 AM,-0.6043599967956541,-11.937600210189819,0,0,0
9/16/2026 11:03:16 AM,-16.571370826721193,-26.156699596881865,0,0,0
9/16/2026 11:03:17 AM,-15.3532503490448,-12.218599548339844,0,0,0
9/16/2026 11:03:18 AM,-18.151751220703126,8.804700497627259,0,0,0
9/16/2026 11:03:19 AM,-16.408731255531315,17.347000809669495,0,0,0
9/16/2026 11:03:20 AM,-2.9895900511145594,33.19710242462158,0,0,0
9/16/2026 11:03:21 AM,16.026860565185547,6.144400341987607,4.133789901733398,15.688300842285155,0.0004599999897181988
9/16/2026 11:03:22 AM,12.367480147361755,-19.26330142879486,85.73120796203612,325.3617174682617,0.009539999786764383
9/16/2026 11:03:23 AM,14.442249534130097,57.33640048217774,0,0,0
9/16/2026 11:03:24 AM,-1.416080183625221,-32.97120100402832,0,0,0
9/16/2026 11:03:25 AM,8.513380079269409,40.45710028076172,0,0,0
9/16/2026 11:03:26 AM,16.16958057022095,170.3817027797699,0,0,0
9/16/2026 11:03:27 AM,-5.816860434532165,104.94229849052428,0,0,0
9/16/2026 11:03:28 AM,-9.704930063247682,7.7919997940063475,0,0,0
9/16/2026 11:03:29 AM,-3.5229600553512572,-47.054602012634284,0,0,0
9/16/2026 11:03:30 AM,-19.762749917984006,-4.937299247741697,0,0,0
9/16/2026 11:03:31 AM,-2.835160255432129,-228.96169522094726,0,0,0
9/16/2026 11:03:32 AM,1.0807300641536715,6.072700006097556,0,0,0
9/16/2026 11:03:33 AM,1.2140200288295748,3.0040000484883786,0,0,0
9/16/2026 11:03:34 AM,1.1679100296497344,-0.11320000541210173,0,0,0
9/16/2026 11:03:35 AM,2.7268700275421143,-0.18640000438690185,4.342860168457031,51.71320336914062,0.0004599999897181988
9/16/2026 11:03:36 AM,1.84451002907753,2.270899956703186,90.06714349365234,1072.4868698730468,0.009539999786764383
9/16/2026 11:03:37 AM,1.6496800305843353,1.033,0,0,0
9/16/2026 11:03:38 AM,1.5767900624275208,-0.8231999962329865,0,0,0
9/16/2026 11:03:39 AM,1.3976400866508483,4.7626000263094905,0,0,0
9/16/2026 11:03:40 AM,2.116840068101883,6.090300004899501,0,0,0
9/16/2026 11:03:41 AM,2.948400060176849,1.547100019454956,0,0,0
9/16/2026 11:03:42 AM,2.522540011405945,1.6162999558448792,0,0,0
9/16/2026 11:03:43 AM,3.887550269603729,27.999999515533446,0,0,0
9/16/2026 11:03:44 AM,3.6665602097511294,15.34860036405921,0,0,0
9/16/2026 11:03:45 AM,3.802010194301605,0.0658000009804964,0,0,0
9/16/2026 11:03:46 AM,3.7454302968978883,0,0,0,0
9/16/2026 11:03:47 AM,3.6949701175689698,-0.05230000077933073,0,0,0
9/16/2026 11:03:48 AM,3.6533901948928835,-0.0273000004068017,0,0,0
9/16/2026 11:03:49 AM,3.612700011730194,-0.043100000642240045,0,0,0
9/16/2026 11:03:50 AM,3.5588500576019286,-0.02270000033825636,0.37145003509521485,11.973799438476563,0.0004599999897181988
9/16/2026 11:03:51 AM,3.532010105133057,0.07270000108331443,7.703550727844238,248.3261883544922,0.009539999786764383
9/16/2026 11:03:52 AM,3.473620241641999,-0.07500000111758709,0,0,0
9/16/2026 11:03:53 AM,3.4372399516105654,0.02270000033825636,0,0,0
9/16/2026 11:03:54 AM,3.3804301681518556,0.0023000000342726706,0,0,0
9/16/2026 11:03:55 AM,3.343850143432617,-0.04770000257343054,0,0,0
9/16/2026 11:03:56 AM,3.3179301681518556,-0.029600002303719522,0,0,0
9/16/2026 11:03:57 AM,3.2683901071548465,0.02500000037252903,0,0,0
9/16/2026 11:03:58 AM,3.2415801868438723,0.05230000077933073,0,0,0
9/16/2026 11:03:59 AM,3.213390029430389,0.06350000094622374,0,0,0
9/16/2026 11:04:00 AM,3.1806600065231323,-0.06810000101476907,0,0,0
9/16/2026 11:04:01 AM,3.1513501482009887,0.006900000102818013,0,0,0
9/16/2026 11:04:02 AM,3.1193100109100342,0.07270000108331443,0,0,0
9/16/2026 11:04:03 AM,3.095890081882477,0.07270000108331443,0,0,0
9/16/2026 11:04:04 AM,3.0636200585365296,0.05230000077933073,0,0,0
9/16/2026 11:04:05 AM,3.036120144367218,0.02270000033825636,0,0,0
9/16/2026 11:04:06 AM,3.0111200489997865,0,0,0,0
9/16/2026 11:04:07 AM,2.970890081882477,0.0023000000342726706,0,0,0
9/16/2026 11:04:08 AM,2.956349976539612,0.07270000108331443,0,0,0
9/16/2026 11:04:09 AM,2.9193099632263184,0.02500000037252903,0,0,0
9/16/2026 11:04:10 AM,2.903850086212158,-0.018100000098347665,0,0,0
9/16/2026 11:04:11 AM,2.879539995670319,0.06810000270605088,0,0,0
9/16/2026 11:04:12 AM,2.861350078105927,0.05000000074505806,0,0,0
9/16/2026 11:04:13 AM,2.83589009141922,0.02270000033825636,0,0,0
9/16/2026 11:04:14 AM,2.816580115318298,-0.02270000033825636,0,0,0
9/16/2026 11:04:15 AM,2.7890800819396975,0,0,0,0
9/16/2026 11:04:16 AM,2.7613500432968143,0.02270000033825636,0,0,0
9/16/2026 11:04:17 AM,2.7381601305007934,-0.02270000033825636,0,0,0
9/16/2026 11:04:18 AM,2.707270105838776,0,0,0,0
9/16/2026 11:04:19 AM,2.693390167713165,0.0273000004068017,0,0,0
9/16/2026 11:04:20 AM,2.661120144367218,0.04770000071078539,0,0,0
9/16/2026 11:04:21 AM,2.626810052394867,0.125,0,0,0
9/16/2026 11:04:22 AM,2.6127001309394835,-0.02500000037252903,0,0,0
9/16/2026 11:04:23 AM,2.577500104904175,0.004600000068545341,0,0,0
9/16/2026 11:04:24 AM,2.565890110492706,0.09770000145584344,0,0,0
9/16/2026 11:04:25 AM,2.5308900356292727,0.02500000037252903,0,0,0
9/16/2026 11:04:26 AM,2.504080115318298,-0.0023000000342726715,0,0,0
9/16/2026 11:04:27 AM,2.478850133895874,-0.05000000074505806,0,0,0
9/16/2026 11:04:28 AM,2.4527000451087955,0.029600000441074373,0,0,0
9/16/2026 11:04:29 AM,1.0462499799728393,-16.610800560846926,0,0,0
9/16/2026 11:04:30 AM,-28.98232300567627,-173.98700562477111,0,0,0
9/16/2026 11:04:31 AM,-8.41463024520874,-3.8903003463745116,0,0,0
9/16/2026 11:04:32 AM,-12.583620222091675,6.9943001165390015,0,0,0
9/16/2026 11:04:33 AM,-16.95089003562927,75.91620138549806,0,0,0
9/16/2026 11:04:34 AM,-9.03484022331238,-24.55229923760891,0,0,0
9/16/2026 11:04:35 AM,-1.0064901020526886,-0.2566000056862831,0,0,0
9/16/2026 11:04:36 AM,-1.1631000185012816,-3.6421998810172083,0,0,0
9/16/2026 11:04:37 AM,-0.001230103611946167,-17.374200174331662,0,0,0
9/16/2026 11:04:38 AM,-1.6335700353384017,5.270100002288817,16.191200225830077,197.0324072265625,0.002959999933838844
9/16/2026 11:04:39 AM,-6.061250260353088,86.21030131530762,38.50880053710937,468.61761718749995,0.007039999842643738
9/16/2026 11:04:40 AM,-19.07658053779602,34.47459896087647,0,0,0
9/16/2026 11:04:41 AM,-29.45890093612671,-1.9912992677688603,0,0,0
9/16/2026 11:04:42 AM,-31.688000839233396,26.313399626731872,0,0,0
9/16/2026 11:04:43 AM,-19.347300542831423,-20.01730015563965,0,0,0
9/16/2026 11:04:44 AM,-15.396010414123536,8.471399622917176,0,0,0
9/16/2026 11:04:45 AM,-4.929490088462829,-3.3986999327242375,0,0,0
9/16/2026 11:04:46 AM,-4.633710284233093,-1.0422000224888324,0,0,0
9/16/2026 11:04:47 AM,-5.166620106220246,1.0778000067472457,0,0,0
9/16/2026 11:04:48 AM,-3.53039006280899,1.6391000263094901,0,0,0
9/16/2026 11:04:49 AM,-3.2900500612258914,-2.0856999107003213,0,0,0
9/16/2026 11:04:50 AM,-11.36217987537384,20.166600259780882,0,0,0
9/16/2026 11:04:51 AM,-14.761470539093018,42.51880043411255,0,0,0
9/16/2026 11:04:52 AM,-13.016790561676025,-4.551799957275391,8.622480880737305,34.365599548339844,0.002959999933838844
9/16/2026 11:04:53 AM,-16.019140731811525,48.97309972381592,20.50752209472656,81.73439892578125,0.007039999842643738
9/16/2026 11:04:54 AM,-13.006920879364014,-14.50429928970337,0,0,0
9/16/2026 11:04:55 AM,-13.629700618743897,-18.424399600982664,0,0,0
9/16/2026 11:04:56 AM,-24.639171867370607,48.2451003112793,0,0,0
9/16/2026 11:04:57 AM,-12.99338026046753,-22.126500348567966,0,0,0
9/16/2026 11:04:58 AM,-15.356510553359987,8.592500229358674,0,0,0
9/16/2026 11:04:59 AM,-11.382550498962404,31.24169974899292,0,0,0
9/16/2026 11:05:00 AM,-7.44589024400711,15.753500000000003,0,0,0
9/16/2026 11:05:01 AM,-1.633840148448944,7.996900052070618,0,0,0
9/16/2026 11:05:02 AM,-1.4391301119327546,-11.97100035572052,0,0,0
9/16/2026 11:05:03 AM,1.7821501331329346,-18.857100353240966,0,0,0
9/16/2026 11:05:04 AM,15.962500707626345,-292.85140551948547,0,0,0
9/16/2026 11:05:05 AM,-14.19493087387085,64.70050305175782,0,0,0
9/16/2026 11:05:06 AM,-9.748590265274048,-31.772698684692386,36.77800225830078,479.54962890624995,0.052528852462768554
9/16/2026 11:05:07 AM,-9.10067026603222,129.70619861477613,87.47200537109374,1140.55046875,0.12493348693847656
9/16/2026 11:05:08 AM,-0.6768400129079819,-0.14079999719560146,0,0,0
9/16/2026 11:05:09 AM,-0.7022700129747391,0.0069000002741813615,0,0,0
9/16/2026 11:05:10 AM,-0.7002299906015396,-0.020400000303983687,0,0,0
9/16/2026 11:05:11 AM,-0.717530030965805,0.07500000111758709,0,0,0
9/16/2026 11:05:12 AM,-0.3682499978989363,0.35659998820722105,0,0,0
9/16/2026 11:05:13 AM,-2.4195701464414596,-17.620800001025202,0,0,0
9/16/2026 11:05:14 AM,-5.747100200653076,-9.673200112342833,0,0,0
9/16/2026 11:05:15 AM,-3.181660071849823,23.892000528335572,0,0,0
9/16/2026 11:05:16 AM,-1.6009100937843324,13.05430048561096,0,0,0
9/16/2026 11:05:17 AM,-5.327640292316675,77.6488009033203,0,0,0
9/16/2026 11:05:18 AM,-0.9525700285732746,41.614598316192634,0,0,0
9/16/2026 11:05:19 AM,-1.9686500298976897,-7.8792001732215295,0,0,0
9/16/2026 11:05:20 AM,-1.9775000810623167,-0.05920000071078539,0,0,0
9/16/2026 11:05:21 AM,-1.9859200189113615,-0.16350000074505805,13.37476040649414,153.04679638671874,0.002959999933838844
9/16/2026 11:05:22 AM,-2.0009201183319094,0.04540000067651272,31.810240966796872,364.00319140625,0.007039999842643738
9/16/2026 11:05:23 AM,-2.0200001001358032,-0.07730000132322311,0,0,0
9/16/2026 11:05:24 AM,-2.0284201517105105,-0.07500000298023224,0,0,0
9/16/2026 11:05:25 AM,-2.0377301373481753,-0.09080000304430724,0,0,0
9/16/2026 11:05:26 AM,-2.0586500091552735,0.043100000642240045,0,0,0
9/16/2026 11:05:27 AM,-3.077970251083374,-40.97039923773706,0,0,0
9/16/2026 11:05:28 AM,-2.525920202732086,0.12730000003427266,0,0,0
9/16/2026 11:05:29 AM,-2.539079973697662,-0.0273000004068017,0,0,0
9/16/2026 11:05:30 AM,-2.5368400840759278,-0.04310000047087669,0,0,0
9/16/2026 11:05:31 AM,-2.549080061435699,0.09770000314712525,0,0,0
9/16/2026 11:05:32 AM,-2.5459199671745303,0.04770000071078539,0,0,0
9/16/2026 11:05:33 AM,-2.5609201803207395,0.09540000328421594,0,0,0
9/16/2026 11:05:34 AM,-2.582730094432831,-0.04770000071078539,0,0,0
9/16/2026 11:05:35 AM,-2.5886499805450445,0.02270000033825636,0,0,0
9/16/2026 11:05:36 AM,-2.6102301278114317,0.011500000171363354,13.67926109313965,170.46340728759768,0.007959999822080135
9/16/2026 11:05:37 AM,-2.6120400829315185,0.16120000426471234,3.505740280151367,43.686601867675776,0.0020399999544024466
9/16/2026 11:05:38 AM,-2.617960174560547,-0.043100000642240045,0,0,0
9/16/2026 11:05:39 AM,-2.6206900095939636,0.02270000033825636,0,0,0
9/16/2026 11:05:40 AM,-2.6334200515747073,0.0273000004068017,0,0,0
9/16/2026 11:05:41 AM,-2.6525001525878906,0.04770000071078539,0,0,0
9/16/2026 11:05:42 AM,-2.650460094928741,-0.05230000077933073,0,0,0
9/16/2026 11:05:43 AM,-2.6656900749206542,8.673617379884035E-19,0,0,0
9/16/2026 11:05:44 AM,-2.672730019569397,-0.043100000642240045,0,0,0
9/16/2026 11:05:45 AM,-2.690460056781769,0.07500000111758709,0,0,0
9/16/2026 11:05:46 AM,-2.69319011926651,-0.07959999932348728,0,0,0
9/16/2026 11:05:47 AM,-2.7034201040267942,-0.04770000071078539,0,0,0
9/16/2026 11:05:48 AM,-2.730460137844086,-8.673617379884035E-19,0,0,0
9/16/2026 11:05:49 AM,-2.7279600806236264,0.020400000303983687,0,0,0
9/16/2026 11:05:50 AM,-2.747040062427521,0.02500000037252903,0,0,0
9/16/2026 11:05:51 AM,-2.7375501742362975,-0.46600000985711815,0,0,0
9/16/2026 11:05:52 AM,-2.5005101022720337,-3.7409000807702544,0,0,0
9/16/2026 11:05:53 AM,-2.0875000953674316,-0.0931000013872981,0,0,0
9/16/2026 11:05:54 AM,-2.4359300775527952,-0.33720000108331444,0,0,0
9/16/2026 11:05:55 AM,-2.5262900290489196,-3.0113999869823456,0,0,0
9/16/2026 11:05:56 AM,-2.687999961853028,-11.067199798166753,0,0,0
9/16/2026 11:05:57 AM,-2.9159199719429014,0.07500000298023224,0,0,0
9/16/2026 11:05:58 AM,-2.651010159492493,20.12529962068796,0,0,0
9/16/2026 11:05:59 AM,-2.9279801659584046,0.26579999160766604,0,0,0
9/16/2026 11:06:00 AM,-2.791640019893646,0.3043000030145049,0,0,0
9/16/2026 11:06:01 AM,-2.806120017051697,-0.0023000000342726715,0,0,0
9/16/2026 11:06:02 AM,-2.8213801593780516,-0.20000000298023224,0,0,0
9/16/2026 11:06:03 AM,-2.835920048236847,0.04770000071078539,0,0,0
9/16/2026 11:06:04 AM,-4.391420056343079,6.044299904294312,0,0,0
9/16/2026 11:06:05 AM,-6.113720101833343,-1.119000023841858,0,0,0
9/16/2026 11:06:06 AM,-3.932350167274475,-5.445699999965727,2.063120220184326,35.93440045166015,0.002959999933838844
9/16/2026 11:06:07 AM,-3.657270034313202,0.02270000033825636,4.90688052368164,85.46560107421874,0.007039999842643738
9/16/2026 11:06:08 AM,-3.660460085391998,0,0,0,0
9/16/2026 11:06:09 AM,-3.6715801453590395,0.020400000303983687,0,0,0
9/16/2026 11:06:10 AM,-3.667210241317749,0.009200000137090686,0,0,0
9/16/2026 11:06:11 AM,-3.5400002002716064,0.04540000067651272,0,0,0
9/16/2026 11:06:12 AM,-3.5452300705909727,0.004600000068545341,0,0,0
9/16/2026 11:06:13 AM,-3.539769967556,0.02270000033825636,0,0,0
9/16/2026 11:06:14 AM,-3.5472700200080873,0.02270000033825636,0,0,0
9/16/2026 11:06:15 AM,-3.5087502512931823,0.11150000149011612,0,0,0
9/16/2026 11:06:16 AM,-2.9643700394630432,0.13850000037252902,0,0,0
9/16/2026 11:06:17 AM,-3.004539995670319,0.040800000607967374,0,0,0
9/16/2026 11:06:18 AM,-3,-0.3339000010788441,0,0,0
9/16/2026 11:06:19 AM,-3.0079600520133973,-0.0069000002741813615,0,0,0
9/16/2026 11:06:20 AM,-2.9647700390815737,0.07270000294595957,0,0,0
9/16/2026 11:06:21 AM,-3.0036500616073605,-0.02270000033825636,0,0,0
9/16/2026 11:06:22 AM,-3.02181015253067,0.0023000000342726706,0,0,0
9/16/2026 11:06:23 AM,-3.019310095310211,0.0273000004068017,0,0,0
9/16/2026 11:06:24 AM,-3.523430048942566,-7.252000284329056,0,0,0
9/16/2026 11:06:25 AM,-5.220940082550049,2.138200010687113,0,0,0
9/16/2026 11:06:26 AM,-4.800110298156739,-4.418099810652435,0,0,0
9/16/2026 11:06:27 AM,-4.070520175933838,0.013800000034272671,0,0,0
9/16/2026 11:06:28 AM,-2.9995400004386905,-0.0045999997258186305,0,0,0
9/16/2026 11:06:29 AM,-2.9875000715255737,0.11810000345110894,0,0,0
9/16/2026 11:06:30 AM,-3.00091999912262,0.02270000033825636,0,0,0
9/16/2026 11:06:31 AM,-3.0222700438499452,-0.03850000057369471,0,0,0
9/16/2026 11:06:32 AM,-2.9998000597953793,0.0931000013872981,0,0,0
9/16/2026 11:06:33 AM,-3.051350016117096,0.018100000269711015,1.59250009059906,12.450000762939453,0.004999999888241291
9/16/2026 11:06:34 AM,-3.019310095310211,-0.07040000104904175,0,0,0
9/16/2026 11:06:35 AM,-3.010230114936829,0.004600000068545341,0,0,0
9/16/2026 11:06:36 AM,-3.047300193309784,0.04540000067651272,0,0,0
9/16/2026 11:06:37 AM,-3.0497401204109194,0.0273000004068017,0,0,0
9/16/2026 11:06:38 AM,-3.0084200625419615,0.02270000033825636,0,0,0
9/16/2026 11:06:39 AM,-3.05365012216568,-0.10460000155866146,0,0,0
9/16/2026 11:06:40 AM,-3.045890021324158,0.02730000226944685,0,0,0
9/16/2026 11:06:41 AM,-3.026380202293396,-0.04770000071078539,0,0,0
9/16/2026 11:06:42 AM,-3.0520400099754332,0.02500000037252903,0,0,0
9/16/2026 11:06:43 AM,-3.0176999831199645,-0.02500000037252903,0,0,0
9/16/2026 11:06:44 AM,-3.0172999835014345,0.0273000004068017,0,0,0
9/16/2026 11:06:45 AM,-3.03806005859375,0.054600001916289324,0,0,0
9/16/2026 11:06:46 AM,-3.031020065307617,0.04540000143647194,0,0,0
9/16/2026 11:06:47 AM,-3.0359200143814085,-0.04440000066161155,0,0,0
9/16/2026 11:06:48 AM,-3.0265801048278806,-0.025000000372529026,0,0,0
9/16/2026 11:06:49 AM,-3.025460154533386,0.05460000267624855,0,0,0
9/16/2026 11:06:50 AM,-3.023060121536255,-0.07960000118613243,0,0,0
9/16/2026 11:06:51 AM,-3.034899991035461,-0.08520000126957893,0,0,0
9/16/2026 11:06:52 AM,-3.0350000858306885,-0.05000000074505806,0,0,0
9/16/2026 11:06:53 AM,-3.029540102005005,0.014800000220537186,0,0,0
9/16/2026 11:06:54 AM,-3.033520051956177,0,0,0,0
9/16/2026 11:06:55 AM,-3.026480129241943,0.09900000037252903,0,0,0
9/16/2026 11:06:56 AM,-3.0350000858306885,0.05659999898076057,0,0,0
9/16/2026 11:06:57 AM,-3.0300002098083496,-0.03060000121593475,0,0,0
9/16/2026 11:06:58 AM,-3.0524001531600953,0.10000000149011612,0,0,0
9/16/2026 11:06:59 AM,-3.0435200424194337,0.10000000149011612,0,0,0
9/16/2026 11:07:00 AM,-3.049540012359619,0.02500000037252903,0,0,0
9/16/2026 11:07:01 AM,-3.0395400924682616,0.0546000008136034,0,0,0
9/16/2026 11:07:02 AM,-3.0429600076675416,0.020400000303983687,0,0,0
9/16/2026 11:07:03 AM,-3.0449999570846558,-0.06940000213682651,0,0,0
9/16/2026 11:07:04 AM,-3.0454600162506105,-0.03060000121593475,0,0,0
9/16/2026 11:07:05 AM,-3.0153000802993772,-0.1092000016272068,0,0,0
9/16/2026 11:07:06 AM,-2.9451000766754145,-0.16480000135302542,0,0,0
9/16/2026 11:07:07 AM,-2.966380043029785,-0.1510000014901161,0,0,0
9/16/2026 11:07:08 AM,-2.9804601268768307,0.039800000593066216,0,0,0
9/16/2026 11:07:09 AM,-2.9920400781631464,0.0602000008970499,0,0,0
9/16/2026 11:07:10 AM,-2.9730600986480713,0.05000000074505806,0,0,0
9/16/2026 11:07:11 AM,-2.9759200935363768,0.12960000193119048,0,0,0
9/16/2026 11:07:12 AM,-2.9964800872802737,-0.029600000441074373,0,0,0
9/16/2026 11:07:13 AM,-2.980459959030151,0.03520000052452087,0,0,0
9/16/2026 11:07:14 AM,-2.9905600442886353,-0.0010000000149011645,0,0,0
9/16/2026 11:07:15 AM,-3.008880110740662,0.09540000142157078,0,0,0
9/16/2026 11:07:16 AM,-3.0129601068496705,0.07500000111758709,0,0,0
9/16/2026 11:07:17 AM,-3.029440055847168,0.03060000045597553,0,0,0
9/16/2026 11:07:18 AM,-3.027600128173828,0.07500000111758709,0,0,0
9/16/2026 11:07:19 AM,-3.0185200662612917,0.0546000008136034,0,0,0
9/16/2026 11:07:20 AM,-3.0204601106643674,0.015799999132752422,0,0,0
9/16/2026 11:07:21 AM,-3.0220401468276976,0.028599999666213988,0,0,0
9/16/2026 11:07:22 AM,-3.0199000759124757,0.0658000009804964,0,0,0
9/16/2026 11:07:23 AM,-3.0126000719070434,-0.10460000342130661,0,0,0
9/16/2026 11:07:24 AM,-3.024440131187439,-0.010200000151991842,0,0,0
9/16/2026 11:07:25 AM,-3.0338800868988036,0.0694000010341406,0,0,0
9/16/2026 11:07:26 AM,-3.0510199756622316,0.020400000303983687,0,0,0
9/16/2026 11:07:27 AM,-3.03066003036499,0.06940000213682651,0,0,0
9/16/2026 11:07:28 AM,-3.025920165061951,0.06580000174045564,0,0,0
9/16/2026 11:07:29 AM,-3.0310201139450075,-0.10559999971091748,0,0,0
9/16/2026 11:07:30 AM,-3.026480129241943,0.08520000126957893,0,0,0
9/16/2026 11:07:31 AM,-3.032960136413574,0.02500000037252903,0,0,0
9/16/2026 11:07:32 AM,-3.0414799957275394,0.010200000151991843,0,0,0
9/16/2026 11:07:33 AM,-3.0425000190734863,-0.06020000275969505,0,0,0
9/16/2026 11:07:34 AM,-3.03898010635376,-0.014800000220537186,0,0,0
9/16/2026 11:07:35 AM,-3.0375999994277953,-0.04440000176429748,0,0,0
9/16/2026 11:07:36 AM,-3.0379600830078126,0.04899999997019768,0,0,0
9/16/2026 11:07:37 AM,-3.0404600210189816,0.03060000045597553,0,0,0
9/16/2026 11:07:38 AM,-3.0385200471878053,0.0023000000342726715,0,0,0
9/16/2026 11:07:39 AM,-3.0429599590301515,0.05920000088214874,0,0,0
9/16/2026 11:07:40 AM,-3.0405599966049195,0.05560000082850456,0,0,0
9/16/2026 11:07:41 AM,-3.0450000762939453,0.12039999993145467,0,0,0
9/16/2026 11:07:42 AM,-3.041939984321594,0.014800000220537186,0,0,0
9/16/2026 11:07:43 AM,-3.049999952316284,0.07960000118613243,0,0,0
9/16/2026 11:07:44 AM,-3.0296401262283323,0.020400000303983687,0,0,0
9/16/2026 11:07:45 AM,-3.0378599882125856,0.08980000320076942,0,0,0
9/16/2026 11:07:46 AM,-3.0465800857543943,-0.029600000441074373,0,0,0
9/16/2026 11:07:47 AM,-3.0300002098083496,-0.02500000037252903,0,0,0
9/16/2026 11:07:48 AM,-3.0379600124359127,-0.0602000008970499,0,0,0
9/16/2026 11:07:49 AM,-3.042040030479431,-0.014800000220537185,0,0,0
9/16/2026 11:07:50 AM,-3.027600057601929,-0.03520000052452087,0,0,0
9/16/2026 11:07:51 AM,-3.0373000240325925,0,0,0,0
9/16/2026 11:07:52 AM,-3.03806010723114,-0.04440000176429748,0,0,0
9/16/2026 11:07:53 AM,-3.051940045356751,-0.03060000121593475,0,0,0
9/16/2026 11:07:54 AM,-3.055560030937195,0.010200000151991845,0,0,0
9/16/2026 11:07:55 AM,-3.0449999570846558,-0.005600000083446504,0,0,0
9/16/2026 11:07:56 AM,-3.052960068702698,0.020400000303983687,0,0,0
9/16/2026 11:07:57 AM,-3.03806005859375,0,0,0,0
9/16/2026 11:07:58 AM,-3.0394400463104247,-0.02500000037252903,0,0,0
9/16/2026 11:07:59 AM,-3.045559991836548,0.0546000008136034,0,0,0
9/16/2026 11:08:00 AM,-3.0369401082992553,0.020400000303983687,0,0,0
9/16/2026 11:08:01 AM,-3.060230067253113,-0.056900002881884584,0,0,0
9/16/2026 11:08:02 AM,-3.0475000143051147,0.08980000430345535,0,0,0
9/16/2026 11:08:03 AM,-2.896850128173828,-0.3293000035583973,0,0,0
9/16/2026 11:08:04 AM,-3.1432802295684814,0.3499999940395355,0,0,0
9/16/2026 11:08:05 AM,-3.896040099143982,0.32140000437200067,0,0,0
9/16/2026 11:08:06 AM,-3.936349995613098,0.08190000325441361,0,0,0
9/16/2026 11:08:07 AM,-3.934210163116455,0.018100001029670236,0,0,0
9/16/2026 11:08:08 AM,-3.9439801483154295,-0.014800000220537185,0,0,0
9/16/2026 11:08:09 AM,-3.9444401855468745,0.004600000068545341,0,0,0
9/16/2026 11:08:10 AM,-3.947599966049194,0.054600001916289324,0,0,0
9/16/2026 11:08:11 AM,-3.936940095424652,0.05560000158846378,0,0,0
9/16/2026 11:08:12 AM,-3.9504600362777706,-0.045400002539157866,0,0,0
9/16/2026 11:08:13 AM,-3.9570401115417475,0.04540000067651272,0,0,0
9/16/2026 11:08:14 AM,-3.9420401744842524,0.02500000037252903,0,0,0
9/16/2026 11:08:15 AM,-3.949210137844086,0.04210000062733889,0,0,0
9/16/2026 11:08:16 AM,-3.8248801560401917,0.5640999941676855,0,0,0
9/16/2026 11:08:17 AM,-3.346780029296875,-0.04439999294281008,0,0,0
9/16/2026 11:08:18 AM,-3.097660050392151,0.15860000236332417,0,0,0
9/16/2026 11:08:19 AM,-3.099770089149475,-0.02500000037252903,0,0,0
9/16/2026 11:08:20 AM,-3.0922400798797605,-0.07040000104904175,0,0,0
9/16/2026 11:08:21 AM,-3.081839921951294,-0.012500000186264515,0,0,0
9/16/2026 11:08:22 AM,-3.087960105895996,-0.039800000593066216,0,0,0
9/16/2026 11:08:23 AM,-3.100100048065185,-0.03980000059306621,0,0,0
9/16/2026 11:08:24 AM,-3.1521000337600706,-0.1204000017940998,0,0,0
9/16/2026 11:08:25 AM,-3.177500009536743,-0.02500000037252903,0,0,0
9/16/2026 11:08:26 AM,-3.181150071144104,0.07730000115185975,0,0,0
9/16/2026 11:08:27 AM,-3.2081901049613952,-0.004600000068545343,0,0,0
9/16/2026 11:08:28 AM,-3.210230032444,0.06710000286251305,0,0,0
9/16/2026 11:08:29 AM,-3.215920162677765,0.02270000033825636,0,0,0
9/16/2026 11:08:30 AM,-3.250000238418579,0.0319000006467104,0,0,0
9/16/2026 11:08:31 AM,-3.243420185089111,0.02040000199526549,0,0,0
9/16/2026 11:08:32 AM,-3.2555601978302,0.03520000052452087,0,0,0
9/16/2026 11:08:33 AM,-3.2454601125717164,-0.007900000117719174,0,0,0
9/16/2026 11:08:34 AM,-3.257960062980652,0.09540000142157078,0,0,0
9/16/2026 11:08:35 AM,-3.2595399799346927,-0.1092000016272068,0,0,0
9/16/2026 11:08:36 AM,-3.257499933242798,-0.08060000120103358,0,0,0
9/16/2026 11:08:37 AM,-3.2607200603485107,0.0480000012293458,0,0,0
9/16/2026 11:08:38 AM,-3.3279601154327394,0.30200001236796375,0,0,0
9/16/2026 11:08:39 AM,-3.345920076370239,-0.07960000228881836,0,0,0
9/16/2026 11:08:40 AM,-2.6936101031303403,0.8743999987840653,0,0,0
9/16/2026 11:08:41 AM,-4.135230212211609,10.732499999254943,0,0,0
9/16/2026 11:08:42 AM,-4.046720074653626,-9.4185,0,0,0
9/16/2026 11:08:43 AM,-4.002770086765289,-3.017600017547607,0,0,0
9/16/2026 11:08:44 AM,-3.8512802257537837,7.555199729681014,0,0,0
9/16/2026 11:08:45 AM,-3.9199000520706173,-0.12700000189244748,0,0,0
9/16/2026 11:08:46 AM,-3.9150002002716064,0.04540000067651272,0,0,0
9/16/2026 11:08:47 AM,-3.9821002664566043,0.531199996471405,0,0,0
9/16/2026 11:08:48 AM,-4.664670232772827,-3.2392000501155858,0,0,0
9/16/2026 11:08:49 AM,-3.6294602341651916,-1.853499988079071,12.079300910949708,56.43640121459961,0.007959999822080135
9/16/2026 11:08:50 AM,-3.66704014968872,-0.19080000022053717,3.0957002334594725,14.463600311279295,0.0020399999544024466
9/16/2026 11:08:51 AM,-3.6619401569366454,-0.10460000173002482,0,0,0
9/16/2026 11:08:52 AM,-3.6794400539398193,-0.07600000375509261,0,0,0
9/16/2026 11:08:53 AM,-3.6776001529693603,0.015800000235438347,0,0,0
9/16/2026 11:08:54 AM,-3.6669401631355285,0.02500000037252903,0,0,0
9/16/2026 11:08:55 AM,-3.6654600915908815,0.02730000226944685,0,0,0
9/16/2026 11:08:56 AM,-3.6763502435684208,-0.13190000196546317,0,0,0
9/16/2026 11:08:57 AM,-3.62382017993927,-0.28850000057369474,0,0,0
9/16/2026 11:08:58 AM,-3.731270131587982,-0.10229999966174363,0,0,0
9/16/2026 11:08:59 AM,-3.8436499757766724,0.1092000016272068,0,0,0
9/16/2026 11:09:00 AM,-3.8594401693344116,0.221400000333786,0,0,0
9/16/2026 11:09:01 AM,-3.846120087146759,-0.018100001960992818,0,0,0
9/16/2026 11:09:02 AM,-3.8556901321411132,-0.12039999993145466,0,0,0
9/16/2026 11:09:03 AM,-3.816820022583008,-0.041999998226761814,0,0,0
9/16/2026 11:09:04 AM,-2.593130082130432,5.913099670410156,0,0,0
9/16/2026 11:09:05 AM,-3.9404901218414308,-10.413199653625488,0,0,0
9/16/2026 11:09:06 AM,-3.5456900811195373,-1.327999976158142,0,0,0
9/16/2026 11:09:07 AM,-3.5562902278900146,0.6700999881476164,0,0,0
9/16/2026 11:09:08 AM,-3.4836500806808472,0.2046000067740679,0,0,0
9/16/2026 11:09:09 AM,-3.5029302301406857,0.08620000128448009,0,0,0
9/16/2026 11:09:10 AM,-3.482040195941925,-0.02270000033825636,0,0,0
9/16/2026 11:09:11 AM,-3.4771000924110416,-0.10200000100582839,0,0,0
9/16/2026 11:09:12 AM,-3.5677601628303526,0.252000008828938,0,0,0
9/16/2026 11:09:13 AM,-3.635459941387176,-0.005600000083446504,3.9561198329925538,58.82440121459961,0.007959999822080135
9/16/2026 11:09:14 AM,-3.6444400653839106,0.10000000149011612,1.0138799571990966,15.075600311279295,0.0020399999544024466
9/16/2026 11:09:15 AM,-3.651480140209198,-0.0819000012204051,0,0,0
9/16/2026 11:09:16 AM,-3.6511201915740967,-0.020400000303983687,0,0,0
9/16/2026 11:09:17 AM,-3.6174600558280945,0.7539000025838614,0,0,0
9/16/2026 11:09:18 AM,-3.1295400552749637,0.1733999972641468,0,0,0
9/16/2026 11:09:19 AM,-3.166540055274963,-7.297700047105551,0,0,0
9/16/2026 11:09:20 AM,-3.2531201515197754,0.11940000474452972,0,0,0
9/16/2026 11:09:21 AM,-3.3404601521492006,0.16350000581890345,0,0,0
9/16/2026 11:09:22 AM,-3.346580075740814,-0.006900000102818013,0,0,0
9/16/2026 11:09:23 AM,-3.33431005525589,-0.0546000008136034,0,0,0
9/16/2026 11:09:24 AM,-3.3165802235603334,-0.09080000135302543,0,0,0
9/16/2026 11:09:25 AM,-3.398270089149475,-0.0035999995395541197,0,0,0
9/16/2026 11:09:26 AM,-3.6600000858306885,-0.23390000027418137,0,0,0
9/16/2026 11:09:27 AM,-3.628160105228424,0.10230000152438878,0.8362000141143798,11.469999999999999,0.002959999933838844
9/16/2026 11:09:28 AM,-3.6327601227760313,0.05230000077933073,1.9888000335693359,27.279999999999998,0.007039999842643738
9/16/2026 11:09:29 AM,-3.671550199508667,-0.022700002029538157,0,0,0
9/16/2026 11:09:30 AM,-3.6120703535079954,0.011200001686811453,0,0,0
9/16/2026 11:09:31 AM,-3.6204300804138185,-0.21810000866651535,0,0,0
9/16/2026 11:09:32 AM,-3.615200177192688,-0.004600000068545341,0,0,0
9/16/2026 11:09:33 AM,-3.5716100454330446,-0.16350000040233137,0,0,0
9/16/2026 11:09:34 AM,-3.5720400018692016,-0.024999998509883877,0,0,0
9/16/2026 11:09:35 AM,-3.5522401776313783,-0.04109999892115593,0,0,0
9/16/2026 11:09:36 AM,-1.531780044555664,-35.160001355588435,0,0,0
9/16/2026 11:09:37 AM,-2.6813601269721987,-22.295600928284227,0,0,0
9/16/2026 11:09:38 AM,-3.4031401128768923,-0.26020000760257245,0,0,0
9/16/2026 11:09:39 AM,-2.957730094432831,0.0546000008136034,0,0,0
9/16/2026 11:09:40 AM,-2.956350106716156,0.07040000104904175,0,0,0
9/16/2026 11:09:41 AM,-2.93500018119812,-0.0546000008136034,0,0,0
9/16/2026 11:09:42 AM,-2.93916010427475,-0.0015999969616532286,0,0,0
9/16/2026 11:09:43 AM,-3.278190276622772,-0.34939999133348465,0,0,0
9/16/2026 11:09:44 AM,-3.287630172729492,0.012500001117587086,6.652600112915039,84.38960180664063,0.002959999933838844
9/16/2026 11:09:45 AM,-3.306580292701721,0.15790000497549772,15.822400268554686,200.710404296875,0.007039999842643738
9/16/2026 11:09:46 AM,-3.2975000143051147,0.07270000108331443,0,0,0
9/16/2026 11:09:47 AM,-3.29454008769989,0.10690000176429748,0,0,0
9/16/2026 11:09:48 AM,-3.16808025932312,0.10560000419616698,0,0,0
9/16/2026 11:09:49 AM,-3.091600126743317,-5.818400094151497,0,0,0
9/16/2026 11:09:50 AM,-3.0869500308036804,-0.12269999945163726,0,0,0
9/16/2026 11:09:51 AM,-3.149090112686157,-1.1088999853730201,0,0,0
9/16/2026 11:09:52 AM,-3.3924401621818543,0.014699999213218684,0,0,0
9/16/2026 11:09:53 AM,-3.233450140476227,1.1632000294923783,0,0,0
9/16/2026 11:09:54 AM,-3.292700197696686,0.28129998931288713,0,0,0
9/16/2026 11:09:55 AM,-3.3054902505874635,0.011500000685453413,0,0,0
9/16/2026 11:09:56 AM,-3.24123028922081,-0.764599950492382,0,0,0
9/16/2026 11:09:57 AM,-2.544140018224716,-4.59919983547926,0,0,0
9/16/2026 11:09:58 AM,-3.5495701370239257,-0.6226000242829323,0,0,0
9/16/2026 11:09:59 AM,-3.4147402491569516,2.0068000833392143,0,0,0
9/16/2026 11:10:00 AM,-3.2202900338172915,0.18389999766647816,0,0,0
9/16/2026 11:10:01 AM,-3.2486699848175054,0.12010000705718994,0,0,0
9/16/2026 11:10:02 AM,-3.067759946346283,0.5615000105500222,0,0,0
9/16/2026 11:10:03 AM,-3.0115800375938417,-0.45660000866651534,0,0,0
9/16/2026 11:10:04 AM,-2.963189991950989,-0.18419999715685845,0,0,0
9/16/2026 11:10:05 AM,-2.98785018491745,-0.6391000071465969,0,0,0
9/16/2026 11:10:06 AM,-3.229170095920563,-6.27510009098053,0,0,0
9/16/2026 11:10:07 AM,-3.296880145072937,-3.5153999961614613,8.071440273284912,27.581401214599612,0.007959999822080135
9/16/2026 11:10:08 AM,-3.4947900638580327,-1.5369999703168868,2.0685600700378415,7.0686003112792966,0.0020399999544024466
9/16/2026 11:10:09 AM,-9.2331404504776,40.034200328826905,0,0,0
9/16/2026 11:10:10 AM,-2.439490126848221,6.102799635529518,0,0,0
9/16/2026 11:10:11 AM,-2.4541999957561496,0.7000000178813934,0,0,0
9/16/2026 11:10:12 AM,-3.063590112686157,-0.22010000717639924,0,0,0
9/16/2026 11:10:13 AM,-3.038220082759857,0.17929999759793283,0,0,0
9/16/2026 11:10:14 AM,-3.100020056724548,0.24810000230371954,0,0,0
9/16/2026 11:10:15 AM,-3.9075401210784912,0.36799992847442614,0,0,0
9/16/2026 11:10:16 AM,-3.7249700827598575,-2.8555000953674314,0,0,0
9/16/2026 11:10:17 AM,-3.4281301226615906,0.3269000282287597,0,0,0
9/16/2026 11:10:18 AM,-3.0990900521278384,2.024600043296814,0,0,0
9/16/2026 11:10:19 AM,-3.09337021446228,-10.78559997367859,0,0,0
9/16/2026 11:10:20 AM,-3.8558600223064423,-2.4668996448516847,0,0,0
9/16/2026 11:10:21 AM,-0.35963002228736873,-27.17830043411255,0,0,0
9/16/2026 11:10:22 AM,-5.671910343647003,2.802000043869018,0,0,0
9/16/2026 11:10:23 AM,-2.6381401772499085,-13.109799986839295,0,0,0
9/16/2026 11:10:24 AM,-2.583990093231201,5.554300045490265,0,0,0
9/16/2026 11:10:25 AM,-3.941770034313202,10.777200216770172,0,0,0
9/16/2026 11:10:26 AM,-3.2118302536010743,3.3104000997543332,0,0,0
9/16/2026 11:10:27 AM,-3.7156802492141723,-2.070299925327301,7.685380546569824,90.14700607299805,0.007959999822080135
9/16/2026 11:10:28 AM,-3.7666401519775388,1.3446000249385834,1.9696201400756834,23.10300155639648,0.0020399999544024466
9/16/2026 11:10:29 AM,-3.3907499904632568,2.378900058507919,0,0,0
9/16/2026 11:10:30 AM,-3.3089400253295898,-2.056,0,0,0
9/16/2026 11:10:31 AM,-3.5334001030921938,0.05950002384185793,0,0,0
9/16/2026 11:10:32 AM,-2.1493000144958496,-7.777699991226197,0,0,0
9/16/2026 11:10:33 AM,-2.7852501342296603,-7.20889990901947,0,0,0
9/16/2026 11:10:34 AM,-2.904020136117935,-0.13110005426406882,0,0,0
9/16/2026 11:10:35 AM,-3.7096600432395936,1.0560999588966369,0,0,0
9/16/2026 11:10:36 AM,-3.4199499640464786,5.916600138664245,0,0,0
9/16/2026 11:10:37 AM,-4.759390169143677,8.494100029468537,0,0,0
9/16/2026 11:10:38 AM,-4.066400217533111,6.067300131797791,0,0,0
9/16/2026 11:10:39 AM,-3.2192299861907956,6.8754997963905335,0,0,0
9/16/2026 11:10:40 AM,-3.6231400833129883,-2.8876000194549563,0,0,0
9/16/2026 11:10:41 AM,-3.5636802968978882,-0.4465000091791153,0,0,0
9/16/2026 11:10:42 AM,-3.77888015127182,0.34540000921487807,1.7774800338745116,22.510800903320312,0.002959999933838844
9/16/2026 11:10:43 AM,-3.7603301901817323,0.6563000021576881,1.2250200233459472,15.514200622558592,0.0020399999544024466
9/16/2026 11:10:44 AM,-3.023389983177185,0.10060001301765445,0,0,0
9/16/2026 11:10:45 AM,-3.0294200801849365,0.014000006437301649,0,0,0
9/16/2026 11:10:46 AM,-2.837120009422302,-1.2483001141548158,0,0,0
9/16/2026 11:10:47 AM,-3.160499944210053,10.043999675273895,0,0,0
9/16/2026 11:10:48 AM,-3.10062012052536,7.348499796390533,0,0,0
9/16/2026 11:10:49 AM,-2.4402801651954653,-6.54409987449646,0,0,0
9/16/2026 11:10:50 AM,-3.4679500689506533,2.548500095367431,0,0,0
9/16/2026 11:10:51 AM,-2.9800601375103,3.0655999112129213,0,0,0
9/16/2026 11:10:52 AM,-2.1027500541210173,-0.25230004549026497,0,0,0
9/16/2026 11:10:53 AM,-2.67204002571106,8.312500071525575,0,0,0
9/16/2026 11:10:54 AM,-2.880700135707855,1.0076999435424803,0,0,0
9/16/2026 11:10:55 AM,-3.370920231342316,1.7749999046325682,0,0,0
9/16/2026 11:10:56 AM,-3.273960096359253,-9.27220027732849,1.898839988708496,17.064400451660156,0.002959999933838844
9/16/2026 11:10:57 AM,-3.0757500524520878,-6.119200108528137,4.516159973144531,40.58560107421875,0.007039999842643738
9/16/2026 11:10:58 AM,-2.7687001390457158,-1.3070000972747802,0,0,0
9/16/2026 11:10:59 AM,-2.000160032749176,3.6660001797676087,0,0,0
9/16/2026 11:11:00 AM,-3.697860142230988,7.180700169086456,0,0,0
9/16/2026 11:11:01 AM,-3.4292101058959963,1.602699991226196,0,0,0
9/16/2026 11:11:02 AM,-3.215940134525299,-0.6956998958587641,0,0,0
9/16/2026 11:11:03 AM,-3.4425201377868655,-2.4803999824523926,0,0,0
9/16/2026 11:11:04 AM,-4.650490045547485,27.16490093612671,0,0,0
9/16/2026 11:11:05 AM,-5.003960114002227,0.017100758552550777,0,0,0
9/16/2026 11:11:06 AM,-2.6949701058864597,-3.333700050830841,0,0,0
9/16/2026 11:11:07 AM,-2.086520032644272,8.944800034523011,0,0,0
9/16/2026 11:11:08 AM,-2.8272901515960696,-3.418100109338761,0,0,0
9/16/2026 11:11:09 AM,-2.25230011844635,-70.7274030058384,0,0,0
9/16/2026 11:11:10 AM,-0.0629300557374955,340.3338881130219,20.154641174316406,236.53361083984373,0.002959999933838844
9/16/2026 11:11:11 AM,-1.6309100666046144,6.037399930953981,47.935362792968746,562.56642578125,0.007039999842643738
9/16/2026 11:11:12 AM,1.6435100840330124,513.2973061122894,0,0,0
9/16/2026 11:11:13 AM,59.83521996045113,-208.16269822883606,0,0,0
9/16/2026 11:11:14 AM,46.891204316139216,-10.165002807617178,0,0,0
9/16/2026 11:11:15 AM,91.73826349687577,5.194796142578106,0,0,0
9/16/2026 11:11:16 AM,37.69098101469874,-579.3450980625153,0,0,0
9/16/2026 11:11:17 AM,-0.4716900099813938,-6.831899866819382,0,0,0
9/16/2026 11:11:18 AM,1.3408900284767151,-12.165200401067734,0,0,0
9/16/2026 11:11:19 AM,1.1960300500392913,-13.049100270748138,0,0,0
9/16/2026 11:11:20 AM,-1.1952100138664246,-0.6261000304222106,0,0,0
9/16/2026 11:11:21 AM,0.05146999031305312,6.544100164413452,0,0,0
9/16/2026 11:11:22 AM,-0.8167800642848015,-7.781900173187256,0,0,0
9/16/2026 11:11:23 AM,-1.4162300689220426,10.737900004386903,0,0,0
9/16/2026 11:11:24 AM,-1.3125700293779372,2.0040999084711073,59.26364343261719,1004.3872578124999,2.9715003967285156
9/16/2026 11:11:25 AM,-0.951840019583702,-3.811300022959709,140.9513681640625,2388.8129375,7.067352294921875
9/16/2026 11:11:26 AM,-1.9990901906490326,12.662799957275391,0,0,0
9/16/2026 11:11:27 AM,-1.5095800473690033,-24.28849952316284,0,0,0
9/16/2026 11:11:28 AM,-1.479900051355362,-5.60469951057434,0,0,0
9/16/2026 11:11:29 AM,-1.072610038995743,-0.15700000596046448,0,0,0
9/16/2026 11:11:30 AM,-0.7938099958896637,6.8548000931739805,0,0,0
9/16/2026 11:11:31 AM,-1.2820499866008759,-18.783200767040253,0,0,0
9/16/2026 11:11:32 AM,-1.941850076675415,-4.2343998273611065,0,0,0
9/16/2026 11:11:33 AM,-1.2462299953699112,0.027699987053871167,0,0,0
9/16/2026 11:11:34 AM,-1.285120064854622,1.0044000887870788,0,0,0
9/16/2026 11:11:35 AM,-1.904980046749115,-1.2115000178813935,0,0,0
9/16/2026 11:11:36 AM,-0.8252900007367134,-4.563700115919113,0,0,0
9/16/2026 11:11:37 AM,-1.2646100155115128,0.7250000238418579,0,0,0
9/16/2026 11:11:38 AM,-0.5235000187754631,-3.711000136613846,0,0,0
9/16/2026 11:11:39 AM,-0.8607300084829331,-0.303600043296814,0,0,0
9/16/2026 11:11:40 AM,-1.2491600391864774,0.5449999761581421,0,0,0
9/16/2026 11:11:41 AM,-1.500400061249733,-8.590400173187255,0,0,0
9/16/2026 11:11:42 AM,-0.4468100208640099,-13.361899877786636,0,0,0
9/16/2026 11:11:43 AM,-1.4258300104141235,-3.1932999584674837,0,0,0
9/16/2026 11:11:44 AM,-1.4976900947093963,10.100100402832032,0,0,0
9/16/2026 11:11:45 AM,-1.1852600076198578,-3.5764999761581424,0,0,0
9/16/2026 11:11:46 AM,-0.9614300556182861,-0.18340007042884815,0,0,0
9/16/2026 11:11:47 AM,-1.196710080265999,1.5225999653339386,0,0,0
9/16/2026 11:11:48 AM,-1.1739500077962877,-7.144900160312653,0,0,0
9/16/2026 11:11:49 AM,-0.9098700184822082,4.344100021362305,1.1055600395202636,12.491200225830077,0.002959999933838844
9/16/2026 11:11:50 AM,-1.250639963746071,11.463599636077882,2.6294400939941407,29.708800537109372,0.007039999842643738
9/16/2026 11:11:51 AM,-0.8685100469589233,11.96029999780655,0,0,0
9/16/2026 11:11:52 AM,-0.23399003410339358,5.056399778842926,0,0,0
9/16/2026 11:11:53 AM,-0.9109900499582291,-3.1392000746726993,0,0,0
9/16/2026 11:11:54 AM,-1.1661900470256805,2.456299961090088,0,0,0
9/16/2026 11:11:55 AM,-1.269140044093132,6.509700134277344,0,0,0
9/16/2026 11:11:56 AM,-1.4342299890518189,-1.4987999849319458,0,0,0
9/16/2026 11:11:57 AM,-0.30935002291202546,-7.828900088787079,0,0,0
9/16/2026 11:11:58 AM,-1.5140600523948669,3.8395001187324524,0,0,0
9/16/2026 11:11:59 AM,-1.837949999332428,-18.589198215484622,0,0,0
9/16/2026 11:12:00 AM,-1.3791700611114504,13.856000190734864,0,0,0
9/16/2026 11:12:01 AM,-1.8543501601219177,5.5892001819610595,0,0,0
9/16/2026 11:12:02 AM,-1.5383100908994674,3.292800082206726,0,0,0
9/16/2026 11:12:03 AM,1.9070701184272765,13.884899575233458,0,0,0
9/16/2026 11:12:04 AM,-1.4365399965047836,-2.6188000564575193,0,0,0
9/16/2026 11:12:05 AM,-2.3230699892044067,-0.9916001148223879,11.904180698394777,149.76740728759768,0.007959999822080135
9/16/2026 11:12:06 AM,-4.0283900737762455,22.885999592781065,3.0508201789855955,38.38260186767578,0.0020399999544024466
9/16/2026 11:12:07 AM,-5.265700024604797,28.377200181961058,0,0,0
9/16/2026 11:12:08 AM,-0.2984999976158142,-13.26589990901947,0,0,0
9/16/2026 11:12:09 AM,-1.178170036315918,0.8953000202775,0,0,0
9/16/2026 11:12:10 AM,-2.0033802077770235,1.642500031411648,0,0,0
9/16/2026 11:12:11 AM,-3.243120223760605,-0.31309998786449433,0,0,0
9/16/2026 11:12:12 AM,-1.714870114326477,-13.486599922180176,0,0,0
9/16/2026 11:12:13 AM,-1.7986401159763337,-3.556700038909912,0,0,0
9/16/2026 11:12:14 AM,-1.5533500471115111,0.13370008659362775,0,0,0
9/16/2026 11:12:15 AM,-1.8323100516796114,2.5630000476837163,0,0,0
9/16/2026 11:12:16 AM,-2.118250011920929,-3.037099922180176,0,0,0
9/16/2026 11:12:17 AM,-2.9881200551986695,3.5866995658874514,0,0,0
9/16/2026 11:12:18 AM,-3.5068201928138736,6.959098535537719,0,0,0
9/16/2026 11:12:19 AM,-1.4944400327205658,2.5060999127030374,0,0,0
9/16/2026 11:12:20 AM,-1.8906300988197327,1.8845000238418579,6.144999980926514,45,0.004999999888241291
9/16/2026 11:12:21 AM,-1.9134200880527497,-3.137200038909912,0,0,0
9/16/2026 11:12:22 AM,-1.520230034828186,-2.446700047969818,0,0,0
9/16/2026 11:12:23 AM,-1.7299200410842897,6.0034998018741605,0,0,0
9/16/2026 11:12:24 AM,-1.5831701152324678,-2.7653000886440275,0,0,0
9/16/2026 11:12:25 AM,-1.7274400160312653,-5.472500212669373,0,0,0
9/16/2026 11:12:26 AM,-1.0638600409030914,0.8558998613357545,0,0,0
9/16/2026 11:12:27 AM,-3.4611401452124118,11.79059992980957,0,0,0
9/16/2026 11:12:28 AM,-0.04953000295162201,7.0941993077993395,0,0,0
9/16/2026 11:12:29 AM,-1.436169984817505,5.826600200533867,0,0,0
9/16/2026 11:12:30 AM,-1.4443399934768677,-0.6036000065803528,0,0,0
9/16/2026 11:12:31 AM,-1.5778000128269198,1.818200002193451,0,0,0
9/16/2026 11:12:32 AM,-2.403789969086647,3.6265,0,0,0
9/16/2026 11:12:33 AM,-1.1153199903964996,1.0380999221801759,0,0,0
9/16/2026 11:12:34 AM,-1.2169800530672075,-1.238199917793274,0,0,0
9/16/2026 11:12:35 AM,-1.690570041656494,-5.789700251579284,13.305140121459962,100.33580242919922,0.007959999822080135
9/16/2026 11:12:36 AM,-2.0999100834727287,-6.6096000432968145,3.4098600311279297,25.714200622558593,0.0020399999544024466
9/16/2026 11:12:37 AM,-1.6045300714373587,1.38439990901947,0,0,0
9/16/2026 11:12:38 AM,-1.2085700559616088,-5.440799583435059,0,0,0
9/16/2026 11:12:39 AM,-2.5428701221942904,2.8486003551483154,0,0,0
9/16/2026 11:12:40 AM,-2.308560061454773,-3.38670018196106,0,0,0
9/16/2026 11:12:41 AM,-4.52832032942772,0.3549000778198244,0,0,0
9/16/2026 11:12:42 AM,-1.670370006084442,-0.5321999793052673,0,0,0
9/16/2026 11:12:43 AM,-2.024240074157715,1.618299939155579,0,0,0
9/16/2026 11:12:44 AM,-1.610330075979233,2.375199954509735,0,0,0
9/16/2026 11:12:45 AM,-2.01940016579628,5.440900134563446,0,0,0
9/16/2026 11:12:46 AM,-1.979310073852539,1.0814002263545992,0,0,0
9/16/2026 11:12:47 AM,-1.6560099834203719,-2.2256999609470367,0,0,0
9/16/2026 11:12:48 AM,-1.3058300306797028,-1.2932999134063723,0,0,0
9/16/2026 11:12:49 AM,-0.34094000436365607,-5.069500089883804,4.167060485839844,38.725401214599614,0.007959999822080135
9/16/2026 11:12:50 AM,-0.3464000223278999,-4.396999971628189,1.0679401245117186,9.924600311279296,0.0020399999544024466
9/16/2026 11:12:51 AM,-0.9685300190448761,-7.301599969863892,0,0,0
9/16/2026 11:12:52 AM,-1.1514800076484681,-0.6061999673843383,0,0,0
9/16/2026 11:12:53 AM,-1.4975500462055207,-4.727599922180176,0,0,0
9/16/2026 11:12:54 AM,-2.407530201911926,7.430799925327301,0,0,0
9/16/2026 11:12:55 AM,-2.2048700211048127,0.861099986433983,0,0,0
9/16/2026 11:12:56 AM,-2.1199201295375825,1.0153000358343125,0,0,0
9/16/2026 11:12:57 AM,-2.187620130062103,1.104200038909912,0,0,0
9/16/2026 11:12:58 AM,-2.55034006023407,0.8788000046610832,0,0,0
9/16/2026 11:12:59 AM,-2.393559982299805,0.3132000097632408,0,0,0
9/16/2026 11:13:00 AM,-2.0989301872253416,-0.3907999929785728,0,0,0
9/16/2026 11:13:01 AM,-1.835090103149414,-0.32930000811815263,0,0,0
9/16/2026 11:13:02 AM,-2.006840123653412,-0.22270000890642405,0,0,0
9/16/2026 11:13:03 AM,-2.0144202082157134,0.06980000292509794,0,0,0
9/16/2026 11:13:04 AM,-1.9608400428295136,-0.5151999889016151,0,0,0
9/16/2026 11:13:05 AM,-1.7707900178432467,-1.0046000449433923,0,0,0
9/16/2026 11:13:06 AM,-1.4720700266361235,-0.02500000037252903,0,0,0
9/16/2026 11:13:07 AM,-1.4906100254058838,-0.003499998874962315,0,0,0
9/16/2026 11:13:08 AM,-1.7558901081085205,-1.0011000216826798,0,0,0
9/16/2026 11:13:09 AM,-1.7320100767612456,-0.06580000080913306,0,0,0
9/16/2026 11:13:10 AM,-1.6813800654411317,0.1908000026717782,0,0,0
9/16/2026 11:13:11 AM,-1.7138500289916991,-0.12270000182837248,0,0,0
9/16/2026 11:13:12 AM,-1.6879600050449373,0.013800000548362732,0,0,0
9/16/2026 11:13:13 AM,-1.7000000476837158,0.15430000551044942,0,0,0
9/16/2026 11:13:14 AM,-1.6970400450229643,-0.07040000274032354,0,0,0
9/16/2026 11:13:15 AM,-1.676809956073761,-0.07730000115185975,0,0,0
9/16/2026 11:13:16 AM,-1.689340057849884,0.013800000205636025,0,0,0
9/16/2026 11:13:17 AM,-1.7136200346946715,0.28850000429898504,0,0,0
9/16/2026 11:13:18 AM,-1.665890015125275,0.06610000319033861,0,0,0
9/16/2026 11:13:19 AM,-1.6429600479602815,0.13160000534355643,0,0,0
9/16/2026 11:13:20 AM,-1.6879900591373442,-0.14080000209808352,0,0,0
9/16/2026 11:13:21 AM,-1.6949700524806977,-0.0023000000342726723,0,0,0
9/16/2026 11:13:22 AM,-1.6347401044368743,0.1454000003039837,0,0,0
9/16/2026 11:13:23 AM,-1.6238600285053253,-0.04770000071078539,0,0,0
9/16/2026 11:13:24 AM,-2.0023001135587695,0.13680000203847886,0,0,0
9/16/2026 11:13:25 AM,-1.1343200455904008,0.6695,0,0,0
9/16/2026 11:13:26 AM,-1.4976200714409351,0.5239999684095382,0,0,0
9/16/2026 11:13:27 AM,-0.6788200508654118,-11.149799939155578,0,0,0
9/16/2026 11:13:28 AM,-1.1605599982738497,0.66829999743402,0,0,0
9/16/2026 11:13:29 AM,-0.5186000136137009,-3.2274999761581418,0,0,0
9/16/2026 11:13:30 AM,1.1701001083850862,-0.6267000160217285,0,0,0
9/16/2026 11:13:31 AM,-1.778980064868927,-7.717099779129028,0,0,0
9/16/2026 11:13:32 AM,-2.4902001218795777,-7.407700003147125,0,0,0
9/16/2026 11:13:33 AM,-3.2854003195762638,-2.7038995275497437,0,0,0
9/16/2026 11:13:34 AM,-2.0081400730609893,-2.477699766516685,0,0,0
9/16/2026 11:13:35 AM,-1.9102301404476167,-4.545400100231171,14.726001518249513,124.69340728759767,0.007959999822080135
9/16/2026 11:13:36 AM,-1.8784800069332124,0.24600001788139342,3.774000389099121,31.95660186767578,0.0020399999544024466
9/16/2026 11:13:37 AM,-1.7156900327205657,0.5121000162363052,0,0,0
9/16/2026 11:13:38 AM,-1.6455400242805482,1.704,0,0,0
9/16/2026 11:13:39 AM,-2.134040023565292,-0.9455000650882721,0,0,0
9/16/2026 11:13:40 AM,-1.8308400099277498,3.7058000326156617,0,0,0
9/16/2026 11:13:41 AM,-2.151580142498016,-1.6515000348091122,0,0,0
9/16/2026 11:13:42 AM,-2.3816300368309022,-0.7313002729415892,0,0,0
9/16/2026 11:13:43 AM,-1.1976800408363342,-3.0126001348495484,0,0,0
9/16/2026 11:13:44 AM,1.0724298834800723,23.074799661159513,0,0,0
9/16/2026 11:13:45 AM,-2.367030050754547,0.9077999670505523,0,0,0
9/16/2026 11:13:46 AM,-2.2806401009559627,0.32740004110336307,0,0,0
9/16/2026 11:13:47 AM,-2.612940032720566,-2.7053000454902647,0,0,0
9/16/2026 11:13:48 AM,-2.2942999913692477,1.6284002132415765,0,0,0
9/16/2026 11:13:49 AM,-2.7112800197601317,8.24290089225769,0,0,0
9/16/2026 11:13:50 AM,-2.0883501925468444,5.400800082206726,0,0,0
9/16/2026 11:13:51 AM,-2.2448001194000247,3.8936999068260194,0,0,0
9/16/2026 11:13:52 AM,-2.618880132496357,-1.6833000693321227,22.55068145751953,324.0913951416016,0.007959999822080135
9/16/2026 11:13:53 AM,-0.9488000414967537,-10.411199991226196,5.779320373535156,83.05859875488281,0.0020399999544024466
9/16/2026 11:13:54 AM,-1.5261600024700166,-0.09749999999999992,0,0,0
9/16/2026 11:13:55 AM,-2.4090601620674135,9.917600138664247,0,0,0
9/16/2026 11:13:56 AM,-2.505560076236725,3.914900112628937,0,0,0
9/16/2026 11:13:57 AM,-2.9062900304794312,-1.941100067138672,0,0,0
9/16/2026 11:13:58 AM,-2.065040083885193,9.172200216770172,0,0,0
9/16/2026 11:13:59 AM,-1.9322601618766786,6.038200038909912,0,0,0
9/16/2026 11:14:00 AM,-2.206190113067627,4.395799939155578,0,0,0
9/16/2026 11:14:01 AM,-3.1886900906562805,6.781199881076812,0,0,0
9/16/2026 11:14:02 AM,-3.0541400675773622,4.734500155925751,0,0,0
9/16/2026 11:14:03 AM,32.037862617969516,-38.6339997625351,0,0,0
9/16/2026 11:14:04 AM,12.440850558698179,67.39860314369201,0,0,0
9/16/2026 11:14:05 AM,-0.11465001946687703,-5.337999956130981,0,0,0
9/16/2026 11:14:06 AM,9.224360336303711,24.965600692749025,43.099083251953125,293.06961083984373,0.16526176309585572
9/16/2026 11:14:07 AM,11.700330289840698,-25.481800298690796,102.50592773437499,697.03042578125,0.39305500411987304
9/16/2026 11:14:08 AM,10.92044991493225,14.117899982452393,0,0,0
9/16/2026 11:14:09 AM,12.443690479278565,14.474999809265137,0,0,0
9/16/2026 11:14:10 AM,19.539960805892942,-11.8617001619339,0,0,0
9/16/2026 11:14:11 AM,20.861670568466188,19.400000381469724,0,0,0
9/16/2026 11:14:12 AM,23.80003050994873,-44.64050080680847,0,0,0
9/16/2026 11:14:13 AM,21.075051038742068,-22.23750043296814,0,0,0
9/16/2026 11:14:14 AM,12.684550886154176,12.878000357627869,0,0,0
9/16/2026 11:14:15 AM,16.129430473327638,-17.789899497985843,0,0,0
9/16/2026 11:14:16 AM,22.723670745849606,-7.182800346374513,0,0,0
9/16/2026 11:14:17 AM,7.64006037569046,53.64809925460815,0,0,0
9/16/2026 11:14:18 AM,1.9319801149368288,17.86070018196106,0,0,0
9/16/2026 11:14:19 AM,4.128090306758881,9.375700277328493,0,0,0
9/16/2026 11:14:20 AM,4.727910078048706,-6.573699954986572,9.551920135498046,50.541999999999994,0.002959999933838844
9/16/2026 11:14:21 AM,7.3400399065017705,13.538700622558592,22.718080322265624,120.208,0.007039999842643738
9/16/2026 11:14:22 AM,5.462460029602052,-7.764000190734864,0,0,0
9/16/2026 11:14:23 AM,4.499380254745484,-37.124699272155766,0,0,0
9/16/2026 11:14:24 AM,2.6841601004600526,-12.876800537109377,0,0,0
9/16/2026 11:14:25 AM,4.701630225658416,2.064400004386902,0,0,0
9/16/2026 11:14:26 AM,4.113330234527588,6.34580017375946,0,0,0
9/16/2026 11:14:27 AM,5.594730412483216,-15.665699558258057,0,0,0
9/16/2026 11:14:28 AM,5.222700156211853,-2.2700000000000005,0,0,0
9/16/2026 11:14:29 AM,4.768960072994233,-3.234599852561951,0,0,0
9/16/2026 11:14:30 AM,4.368819942951203,-11.778300320625306,0,0,0
9/16/2026 11:14:31 AM,5.681010254859925,1.4352001819610591,0,0,0
9/16/2026 11:14:32 AM,5.511380124092102,0.06670003890991222,0,0,0
9/16/2026 11:14:33 AM,4.3992102406024935,-7.67659983444214,0,0,0
9/16/2026 11:14:34 AM,3.339069949388504,32.30110050201416,0,0,0
9/16/2026 11:14:35 AM,4.632810338497162,10.108500381469728,8.318200607299804,79.08259878540039,0.007959999822080135
9/16/2026 11:14:36 AM,3.1403501250743866,11.462099804878235,2.1318001556396484,20.2673996887207,0.0020399999544024466
9/16/2026 11:14:37 AM,1.8961800997257232,-0.5633000822067263,0,0,0
9/16/2026 11:14:38 AM,3.6938102049827575,-11.831100101947783,0,0,0
9/16/2026 11:14:39 AM,2.0510900745391845,-14.615300546169282,0,0,0
9/16/2026 11:14:40 AM,1.419750034093857,4.080099995613098,0,0,0
9/16/2026 11:14:41 AM,0.5778200545310974,0.49400038146972636,0,0,0
9/16/2026 11:14:42 AM,-0.9188600397109985,-7.928600112915039,0,0,0
9/16/2026 11:14:43 AM,-1.0200000703334808,-8.03060050201416,0,0,0
9/16/2026 11:14:44 AM,0.043429925680160505,7.783400745391846,0,0,0
9/16/2026 11:14:45 AM,-3.001330101013184,-2.156899402618408,0,0,0
9/16/2026 11:14:46 AM,-7.157900180101395,28.241501188278196,0,0,0
9/16/2026 11:14:47 AM,-2.1055200788974764,-17.473300104141238,0,0,0
9/16/2026 11:14:48 AM,-3.8592001452445985,51.8738985004425,0,0,0
9/16/2026 11:14:49 AM,-1.9962401275634765,-0.3350000219345093,9.157980850219728,171.37880242919923,0.007959999822080135
9/16/2026 11:14:50 AM,-1.6333400139808656,-4.459699870109558,2.3470202178955075,43.921200622558594,0.0020399999544024466
9/16/2026 11:14:51 AM,-2.2264600723981856,5.2013998136520385,0,0,0
9/16/2026 11:14:52 AM,-0.771879969239235,5.0317999391555785,0,0,0
9/16/2026 11:14:53 AM,-1.076660035133362,-3.6595002384185786,0,0,0
9/16/2026 11:14:54 AM,-0.8972800273895263,-12.626000381469726,0,0,0
9/16/2026 11:14:55 AM,0.053480005264282204,-12.646400268554686,0,0,0
9/16/2026 11:14:56 AM,84.08296230983734,-325.8551859283447,0,0,0
9/16/2026 11:14:57 AM,40.37504111337662,1254.629419921875,0,0,0
9/16/2026 11:14:58 AM,93.2091809052229,240.3501850585937,0,0,0
9/16/2026 11:14:59 AM,59.58246197360754,628.15180859375,0,0,0
9/16/2026 11:15:00 AM,41.96382137060166,-142.54579724121092,0,0,0
9/16/2026 11:15:01 AM,2.7871000876426697,9.691799484252929,0,0,0
9/16/2026 11:15:02 AM,-1.018040090084076,6.76760020828247,0,0,0
9/16/2026 11:15:03 AM,-0.44748002552986144,3.13900009727478,225.86104040527346,2953.398838867188,202.75629504394533
9/16/2026 11:15:04 AM,-0.1750400109551847,10.726199750900268,57.88398522949218,756.9012099609374,51.96266857910156
9/16/2026 11:15:05 AM,-1.6693801303822546,5.004000047683716,0,0,0
9/16/2026 11:15:06 AM,-1.37076014149189,-8.686799964904784,0,0,0
9/16/2026 11:15:07 AM,0.9807200008034707,12.346000762939454,0,0,0
9/16/2026 11:15:08 AM,-0.7443400114774704,-9.785799816131592,0,0,0
9/16/2026 11:15:09 AM,0.5037600072957577,-22.897200891494748,0,0,0
9/16/2026 11:15:10 AM,-1.0047400408703833,-1.1082002334594718,0,0,0
9/16/2026 11:15:11 AM,-0.2199000117778778,-3.0501999435424803,0,0,0
9/16/2026 11:15:12 AM,-0.33958001542091365,21.403200229644774,0,0,0
9/16/2026 11:15:13 AM,-0.2899800291061402,20.787000190734865,0,0,0
9/16/2026 11:15:14 AM,-0.8714000533819198,26.062200035095216,0,0,0
9/16/2026 11:15:15 AM,-2.9698201105594637,1.7907997741699218,0,0,0
9/16/2026 11:15:16 AM,0.21347999836504458,3.3782004165649404,0,0,0
9/16/2026 11:15:17 AM,-0.10297993791848414,51.046799392700194,6.294440383911133,41.83960180664062,0.002959999933838844
9/16/2026 11:15:18 AM,-1.645880010008812,34.01920032119751,4.338060264587402,28.835401245117186,0.0020399999544024466
9/16/2026 11:15:19 AM,-0.1663399952054024,-0.1659998302459722,0,0,0
9/16/2026 11:15:20 AM,-1.5706800434589385,7.01039974117279,0,0,0
9/16/2026 11:15:21 AM,-1.140860053539276,-3.066200130462647,0,0,0
9/16/2026 11:15:22 AM,-1.0169200179576874,2.524999713897705,0,0,0
9/16/2026 11:15:23 AM,-2.0917600402832033,8.22540002632141,0,0,0
9/16/2026 11:15:24 AM,-1.0138200035840272,16.83060068130493,0,0,0
9/16/2026 11:15:25 AM,-2.497960156440735,-1.0831999359130866,0,0,0
9/16/2026 11:15:26 AM,-1.0186600508093833,9.391399883270264,0,0,0
9/16/2026 11:15:27 AM,-1.8876200585365295,17.541000286102296,0,0,0
9/16/2026 11:15:28 AM,-2.548820091068745,17.475800437927248,0,0,0
9/16/2026 11:15:29 AM,0.736780054718256,-6.329799816131592,0,0,0
9/16/2026 11:15:30 AM,-0.8104000454694031,-7.632800033569335,0,0,0
9/16/2026 11:15:31 AM,-0.25800001633167263,26.97320037174225,2.5855601806640625,47.74480090332031,0.002959999933838844
9/16/2026 11:15:32 AM,-2.9551400916576385,0.894599995613098,6.1494404296875,113.55520214843749,0.007039999842643738
9/16/2026 11:15:33 AM,-1.215500000476837,20.302600305557252,0,0,0
9/16/2026 11:15:34 AM,-1.5582601070404052,10.202199800491332,0,0,0
9/16/2026 11:15:35 AM,-1.7736000819206237,9.077199893951416,0,0,0
9/16/2026 11:15:36 AM,-1.0961400330066682,2.835200040817262,0,0,0
9/16/2026 11:15:37 AM,-1.5247000737190246,-14.072199947357177,0,0,0
9/16/2026 11:15:38 AM,-0.8642000107765198,-13.034199470520019,0,0,0
9/16/2026 11:15:39 AM,-1.1380200392603874,0.4854003677368164,0,0,0
9/16/2026 11:15:40 AM,-1.4939400337040425,3.4480001430511473,0,0,0
9/16/2026 11:15:41 AM,-2.5701400241851804,3.5125995445251474,0,0,0
9/16/2026 11:15:42 AM,-1.509220013141632,15.263599922180177,0,0,0
9/16/2026 11:15:43 AM,-1.158700050354004,-5.59319994354248,0,0,0
9/16/2026 11:15:44 AM,-1.7772400724887847,-7.6120000915527335,0,0,0
9/16/2026 11:15:45 AM,-2.9528000812530517,-7.934600093841551,0,0,0
9/16/2026 11:15:46 AM,-2.6113200397491454,-10.927399743080139,7.534140121459961,85.41080242919922,0.007959999822080135
9/16/2026 11:15:47 AM,-0.6459000273644924,-3.5744001235961917,1.9308600311279296,21.889200622558594,0.0020399999544024466
9/16/2026 11:15:48 AM,-2.05589999294281,0.8282002277374265,0,0,0
9/16/2026 11:15:49 AM,0.17093998479843148,-20.14419965362549,0,0,0
9/16/2026 11:15:50 AM,-1.4120800340175628,-8.296799821853638,0,0,0
9/16/2026 11:15:51 AM,-0.5031400154829024,-0.9753996009826675,0,0,0
9/16/2026 11:15:52 AM,-0.04762000685930251,16.440000169754025,0,0,0
9/16/2026 11:15:53 AM,-0.8698000385165214,5.854400172233582,0,0,0
9/16/2026 11:15:54 AM,0.3908400321602821,6.299199871063233,0,0,0
9/16/2026 11:15:55 AM,-0.6680199556350708,6.755000142097472,0,0,0
9/16/2026 11:15:56 AM,-0.11036004924774168,23.39440026473999,0,0,0
9/16/2026 11:15:57 AM,-2.2480801672935486,-3.582200035095215,0,0,0
9/16/2026 11:15:58 AM,-1.2869200274944306,13.26679958343506,0,0,0
9/16/2026 11:15:59 AM,-3.852560157775879,10.67879988670349,0,0,0
9/16/2026 11:16:00 AM,-3.1394401807785033,-13.96840014743805,7.856520668029786,77.68960485839844,0.007959999822080135
9/16/2026 11:16:01 AM,-1.6027000010013581,-9.662199799537659,2.013480171203613,19.910401245117185,0.0020399999544024466
9/16/2026 11:16:02 AM,-2.160320029735565,-13.636199823379517,0,0,0
9/16/2026 11:16:03 AM,-3.080920037269592,3.5513998861312865,0,0,0
9/16/2026 11:16:04 AM,-3.7491801052093505,5.896200031280517,0,0,0
9/16/2026 11:16:05 AM,-0.910200054705143,12.551800350189207,0,0,0
9/16/2026 11:16:06 AM,-1.5231800484657287,5.622800342559815,0,0,0
9/16/2026 11:16:07 AM,-0.7800200290679932,1.2074002609252918,0,0,0
9/16/2026 11:16:08 AM,1.012860063314438,8.027200233459471,0,0,0
9/16/2026 11:16:09 AM,-0.4643000135421753,23.14919975280762,0,0,0
9/16/2026 11:16:10 AM,-0.08465995550155636,-5.898799913406372,0,0,0
9/16/2026 11:16:11 AM,-1.2499199433326722,-6.0836002578735355,0,0,0
9/16/2026 11:16:12 AM,-1.4907799971103668,-15.65499990272522,0,0,0
9/16/2026 11:16:13 AM,-2.194440052986145,1.1712000350952154,0,0,0
9/16/2026 11:16:14 AM,-0.6604600058197976,-0.4624001216888427,2.760200225830078,22.170400451660154,0.002959999933838844
9/16/2026 11:16:15 AM,-5.729980048656464,9.629200611114502,6.564800537109375,52.72960107421875,0.007039999842643738
9/16/2026 11:16:16 AM,-1.9604200003147125,-3.9954000539779666,0,0,0
9/16/2026 11:16:17 AM,-2.821640210151672,-7.6157999610900875,0,0,0
9/16/2026 11:16:18 AM,-0.7552799862623214,-20.540399671554564,0,0,0
9/16/2026 11:16:19 AM,-1.1009600148200989,-15.419800009727478,0,0,0
9/16/2026 11:16:20 AM,-0.2578600080609321,-11.218399978637695,0,0,0
9/16/2026 11:16:21 AM,-1.5234601171016693,8.90799990081787,0,0,0
9/16/2026 11:16:22 AM,-0.9081400336027146,16.673600021362304,0,0,0
9/16/2026 11:16:23 AM,-0.31737995958328247,3.3531998481750493,0,0,0
9/16/2026 11:16:24 AM,-1.9044800186157227,-10.414200086593628,0,0,0
9/16/2026 11:16:25 AM,-0.5963800022602082,-16.095799770355224,0,0,0
9/16/2026 11:16:26 AM,-0.8149800339490174,-4.042800148010253,0,0,0
9/16/2026 11:16:27 AM,-2.409520037651062,-8.305200519561767,0,0,0
9/16/2026 11:16:28 AM,-3.380760056495667,3.6126000175476074,2.5352401580810544,37.917601806640626,0.002959999933838844
9/16/2026 11:16:29 AM,-3.2630999794006343,-2.012400169372558,6.029760375976562,90.18240429687499,0.007039999842643738
9/16/2026 11:16:30 AM,-1.6513599707484243,-0.7682000389099111,0,0,0
9/16/2026 11:16:31 AM,-2.632980091899633,13.031400360107423,0,0,0
9/16/2026 11:16:32 AM,-2.174860058546066,-5.2984000740051265,0,0,0
9/16/2026 11:16:33 AM,-2.1197400012016296,2.0995999221801753,0,0,0
9/16/2026 11:16:34 AM,-1.6810200705528258,-6.943799583435058,0,0,0
9/16/2026 11:16:35 AM,-1.3456400834321975,-12.937999519348143,0,0,0
9/16/2026 11:16:36 AM,-0.5291200097203255,-15.847000003814697,0,0,0
9/16/2026 11:16:37 AM,-1.6649400763511655,1.5116002120971688,0,0,0
9/16/2026 11:16:38 AM,-1.361600052833557,-9.082800151824951,0,0,0
9/16/2026 11:16:39 AM,-1.435160032749176,-4.3456001501083374,0,0,0
9/16/2026 11:16:40 AM,-0.9446800245568157,-13.215399909496307,0,0,0
9/16/2026 11:16:41 AM,-3.9533603574670853,-18.8168002910614,0,0,0
9/16/2026 11:16:42 AM,-2.800340219020843,-16.615600025177002,0,0,0
9/16/2026 11:16:43 AM,-0.6644200110435485,-2.9542001304626457,3.1198402709960935,39.87119909667969,0.002959999933838844
9/16/2026 11:16:44 AM,0.5653600079417229,-13.15919947052002,7.42016064453125,94.8287978515625,0.007039999842643738
9/16/2026 11:16:45 AM,-0.1390600126683712,8.941799964904785,0,0,0
9/16/2026 11:16:46 AM,-4.847340050697326,4.247400260925293,0,0,0
9/16/2026 11:16:47 AM,-3.188320011138916,2.0544000854492195,0,0,0
9/16/2026 11:16:48 AM,-2.598799994945526,-3.823999626159667,0,0,0
9/16/2026 11:16:49 AM,-1.511540036201477,10.29299981689453,0,0,0
9/16/2026 11:16:50 AM,2.0641601629257202,-1.6942013702392593,0,0,0
9/16/2026 11:16:51 AM,-2.8750800952911377,-21.466800155639646,0,0,0
9/16/2026 11:16:52 AM,-0.778200009688735,-11.478800155639648,0,0,0
9/16/2026 11:16:53 AM,-1.3620200611874462,-5.430199991226196,0,0,0
9/16/2026 11:16:54 AM,-1.036820020675659,-8.862600065231323,0,0,0
9/16/2026 11:16:55 AM,-2.7263200888633725,-0.13419984817504815,0,0,0
9/16/2026 11:16:56 AM,-2.49218003821373,7.364999999999999,0,0,0
9/16/2026 11:16:57 AM,-1.9933201036453245,-28.709200225830077,5.18888020324707,63.95080090332031,0.002959999933838844
9/16/2026 11:16:58 AM,-1.843860113620758,32.68639930725098,12.341120483398436,152.09920214843748,0.007039999842643738
9/16/2026 11:16:59 AM,-0.6896600518226624,-12.21179995727539,0,0,0
9/16/2026 11:17:00 AM,-1.1140800483226778,-36.31300019073486,0,0,0
9/16/2026 11:17:01 AM,-1.2121399886012076,22.58159954071045,0,0,0
9/16/2026 11:17:02 AM,-2.2440399837493894,-16.828000190734862,0,0,0
9/16/2026 11:17:03 AM,-2.45472011423111,-12.754400218963623,0,0,0
9/16/2026 11:17:04 AM,0.08582009673118596,1.4504000759124756,0,0,0
9/16/2026 11:17:05 AM,-1.5786200537681578,-2.6762001304626457,0,0,0
9/16/2026 11:17:06 AM,-3.437500176429748,-15.837599834442138,0,0,0
9/16/2026 11:17:07 AM,-0.6166600087881088,-3.5931998682022095,0,0,0
9/16/2026 11:17:08 AM,-2.7139601063728334,3.635399932861328,0,0,0
9/16/2026 11:17:09 AM,-4.221340131759644,-5.452200176239013,0,0,0
9/16/2026 11:17:10 AM,-2.407640012741089,-6.6026003074645985,0,0,0
9/16/2026 11:17:11 AM,-0.37940001153945924,3.962399978637695,0,0,0
9/16/2026 11:17:12 AM,-0.5054200091362,9.503200130462645,3.122800338745117,36.363601806640624,0.002959999933838844
9/16/2026 11:17:13 AM,-1.106080014705658,20.92000057220459,7.427200805664062,86.486404296875,0.007039999842643738
9/16/2026 11:17:14 AM,-1.9139000978469847,11.944200042724608,0,0,0
9/16/2026 11:17:15 AM,-3.7822201895713805,13.314600303649902,0,0,0
9/16/2026 11:17:16 AM,-1.024240041255951,-9.84779967880249,0,0,0
9/16/2026 11:17:17 AM,-2.4494001874923708,-17.486200225830075,0,0,0
9/16/2026 11:17:18 AM,-1.6362600586414335,2.3022004165649417,0,0,0
9/16/2026 11:17:19 AM,-2.106360126018524,-18.304999900817872,0,0,0
9/16/2026 11:17:20 AM,-2.747540009379387,6.621599922180176,0,0,0
9/16/2026 11:17:21 AM,-0.4500599781870842,3.260600116729736,0,0,0
9/16/2026 11:17:22 AM,-1.9104999556541442,-2.3713999824523926,0,0,0
9/16/2026 11:17:23 AM,0.4837600659132003,18.096200325012205,0,0,0
9/16/2026 11:17:24 AM,-1.3619600553512572,17.166800342559814,0,0,0
9/16/2026 11:17:25 AM,-0.5853000320196151,-6.623199989318847,0,0,0
9/16/2026 11:17:26 AM,-2.250580010652542,18.12200009727478,0,0,0
9/16/2026 11:17:27 AM,-2.4397000474929804,1.9573998794555667,7.076440273284913,86.16700607299805,0.007959999822080135
9/16/2026 11:17:28 AM,-2.7283601303100586,3.55580015563965,1.8135600700378416,22.083001556396482,0.0020399999544024466
9/16/2026 11:17:29 AM,-1.848320089817047,14.245600677490234,0,0,0
9/16/2026 11:17:30 AM,-2.033100109577179,4.991600315093994,0,0,0
9/16/2026 11:17:31 AM,-2.205560029506683,-6.062600116729737,0,0,0
9/16/2026 11:17:32 AM,-1.1353601350784301,-10.00839976787567,0,0,0
9/16/2026 11:17:33 AM,0.24666000768542287,-26.54340036010742,0,0,0
9/16/2026 11:17:34 AM,-2.0832400085777043,19.9972006111145,0,0,0
9/16/2026 11:17:35 AM,-2.0753400630950924,3.7059999999999995,0,0,0
9/16/2026 11:17:36 AM,-1.9498200964927672,-15.515799678802491,0,0,0
9/16/2026 11:17:37 AM,-1.2799000663757325,-28.151000564575195,0,0,0
9/16/2026 11:17:38 AM,-1.647500159740448,-13.361800298690795,0,0,0
9/16/2026 11:17:39 AM,-1.9771000790596007,11.286200225830079,0,0,0
9/16/2026 11:17:40 AM,-2.644060082912445,-4.511200106620789,0,0,0
9/16/2026 11:17:41 AM,-1.6995199744701384,-12.630400268554686,5.675480091094971,68.49580242919922,0.007959999822080135
9/16/2026 11:17:42 AM,-3.4310600576400754,-3.350999904632568,1.4545200233459472,17.554200622558593,0.0020399999544024466
9/16/2026 11:17:43 AM,-2.369980126619339,7.28219994354248,0,0,0
9/16/2026 11:17:44 AM,-1.6006000742912292,-3.4752002296447757,0,0,0
9/16/2026 11:17:45 AM,-1.4572000737190245,7.071799795150756,0,0,0
9/16/2026 11:17:46 AM,-0.8486800349354744,10.629599781990052,0,0,0
9/16/2026 11:17:47 AM,-2.2197800750732424,1.3607998418807985,0,0,0
9/16/2026 11:17:48 AM,-1.0343599833212793,12.429400455474854,0,0,0
9/16/2026 11:17:49 AM,-2.067160006523132,35.85659992218017,0,0,0
9/16/2026 11:17:50 AM,-0.4679000329971313,10.036000003814696,0,0,0
9/16/2026 11:17:51 AM,-1.5675000548362732,-9.045400314331054,0,0,0
9/16/2026 11:17:52 AM,-1.863720100879669,12.618399503707886,0,0,0
9/16/2026 11:17:53 AM,-1.5541601099967957,4.776200134277343,0,0,0
9/16/2026 11:17:54 AM,-1.9501201219558715,-23.293400268554688,0,0,0
9/16/2026 11:17:55 AM,-2.050620131492615,-23.302599731445312,2.0986400451660154,33.27040045166015,0.002959999933838844
9/16/2026 11:17:56 AM,-2.302800061702728,-0.1889998092651366,4.991360107421874,79.12960107421874,0.007039999842643738
9/16/2026 11:17:57 AM,-2.7314001235961913,8.311399696350097,0,0,0
9/16/2026 11:17:58 AM,-1.0700000710487367,4.971199796676636,0,0,0
9/16/2026 11:17:59 AM,-1.890140105009079,-2.378999809265137,0,0,0
9/16/2026 11:18:00 AM,-2.6986601305007936,8.569399505615234,0,0,0
9/16/2026 11:18:01 AM,-2.947900197982788,-3.1757999649047832,0,0,0
9/16/2026 11:18:02 AM,-0.8945800313949586,-22.857,0,0,0
9/16/2026 11:18:03 AM,-4.927940074920654,-26.910799766540528,0,0,0
9/16/2026 11:18:04 AM,-5.136200086593628,12.566399688720702,0,0,0
9/16/2026 11:18:05 AM,-2.1077600264549257,20.912199922561644,0,0,0
9/16/2026 11:18:06 AM,-1.8460600221157075,-13.439000523567199,0,0,0
9/16/2026 11:18:07 AM,-2.331040023088455,-18.63460021209717,0,0,0
9/16/2026 11:18:08 AM,-0.5043000495433807,-5.74619994354248,0,0,0
9/16/2026 11:18:09 AM,-0.34778004169464105,10.238000238418579,0,0,0
9/16/2026 11:18:10 AM,-1.7906601023674011,10.324200086593628,8.632620212554933,66.78440121459961,0.007959999822080135
9/16/2026 11:18:11 AM,-3.466360230445862,7.9121999912261956,2.212380054473877,17.115600311279294,0.0020399999544024466
9/16/2026 11:18:12 AM,-2.4344600782394408,-2.8447999649047855,0,0,0
9/16/2026 11:18:13 AM,-1.5510401398539542,6.611400268554687,0,0,0
9/16/2026 11:18:14 AM,-2.012900171756744,-6.435999610900879,0,0,0
9/16/2026 11:18:15 AM,-2.4129000179767606,11.884599773406983,0,0,0
9/16/2026 11:18:16 AM,-2.8809000589847567,-8.402199846267699,0,0,0
9/16/2026 11:18:17 AM,-1.613880037307739,14.228200130462646,0,0,0
9/16/2026 11:18:18 AM,-0.5524799907803535,31.979199279785156,0,0,0
9/16/2026 11:18:19 AM,-2.6952400586605068,3.434999902725219,0,0,0
9/16/2026 11:18:20 AM,-3.318320147514343,-29.206001237869263,0,0,0
9/16/2026 11:18:21 AM,-0.8800400379300117,4.713000010490418,0,0,0
9/16/2026 11:18:22 AM,-0.16716007766127577,20.538399670124054,0,0,0
9/16/2026 11:18:23 AM,-1.8797200975418091,-16.039600116729737,0,0,0
9/16/2026 11:18:24 AM,-2.530539974689484,0.9953995132446263,7.565980091094971,122.1461975708008,0.007959999822080135
9/16/2026 11:18:25 AM,-4.6283202695846555,10.713600105285643,1.9390200233459471,31.303799377441404,0.0020399999544024466
9/16/2026 11:18:26 AM,-1.2590600479263812,5.749799964904784,0,0,0
9/16/2026 11:18:27 AM,-3.4169002270698545,2.036399791717529,0,0,0
9/16/2026 11:18:28 AM,-3.91892022562027,-35.457600303649905,0,0,0
9/16/2026 11:18:29 AM,-4.611940223693847,-30.087999618530272,0,0,0
9/16/2026 11:18:30 AM,0.42102001333236694,-2.8663998870849605,0,0,0
9/16/2026 11:18:31 AM,-1.5815000805854798,-4.734599925994872,0,0,0
9/16/2026 11:18:32 AM,-2.2133400201797486,15.267200420379638,0,0,0
9/16/2026 11:18:33 AM,-1.8890600938796998,-3.741799583435059,0,0,0
9/16/2026 11:18:34 AM,-3.391100180625916,-9.646599731445313,0,0,0
9/16/2026 11:18:35 AM,-3.540620166778564,17.522799964904785,0,0,0
9/16/2026 11:18:36 AM,-4.387300290107727,-14.196800346374514,0,0,0
9/16/2026 11:18:37 AM,-3.3405401735305786,-0.7464000024795532,0,0,0
9/16/2026 11:18:38 AM,-2.94870024728775,5.241199800491334,7.538120212554932,87.08240121459961,0.007959999822080135
9/16/2026 11:18:39 AM,-2.2483400263786315,16.605400169372558,1.9318800544738768,22.317600311279296,0.0020399999544024466
9/16/2026 11:18:40 AM,-1.9055400245189666,1.4496008720397953,0,0,0
9/16/2026 11:18:41 AM,-3.183580100059509,-16.776799671173094,0,0,0
9/16/2026 11:18:42 AM,-1.6277400453090667,-0.9427996749877927,0,0,0
9/16/2026 11:18:43 AM,-2.4914399828910825,-5.97079957962036,0,0,0
9/16/2026 11:18:44 AM,-1.6702200410366057,4.841799913406371,0,0,0
9/16/2026 11:18:45 AM,-2.1787001080513,9.431999765396117,0,0,0
9/16/2026 11:18:46 AM,-1.4236200704574584,24.806599922180176,0,0,0
9/16/2026 11:18:47 AM,-1.0597400348186492,-37.90920099639892,0,0,0
9/16/2026 11:18:48 AM,-1.4120200448036195,-7.281999618530274,0,0,0
9/16/2026 11:18:49 AM,-1.3489800081253052,-0.22139974021911657,0,0,0
9/16/2026 11:18:50 AM,-1.3496400376223028,20.81220042037964,0,0,0
9/16/2026 11:18:51 AM,-3.3174600597340613,-2.3773998870849606,0,0,0
9/16/2026 11:18:52 AM,-1.2159600439071654,-11.964799674987793,0,0,0
9/16/2026 11:18:53 AM,-2.477520048379898,21.65540007400513,8.425660030364991,83.26160485839844,0.007959999822080135
9/16/2026 11:18:54 AM,-2.1473401246070862,4.993200042724608,2.1593400077819824,21.338401245117186,0.0020399999544024466
9/16/2026 11:18:55 AM,-1.498720052242279,21.76639931488037,0,0,0
9/16/2026 11:18:56 AM,-1.181340011358261,-17.053400268554686,0,0,0
9/16/2026 11:18:57 AM,-1.6625800433158875,9.023599922180175,0,0,0
9/16/2026 11:18:58 AM,-1.8468600730895997,16.359399696350096,0,0,0
9/16/2026 11:18:59 AM,-0.11582003378868103,-5.545000381469727,0,0,0
9/16/2026 11:19:00 AM,-0.7946400207281112,2.8012000350952144,0,0,0
9/16/2026 11:19:01 AM,-1.4525399978160858,-6.8595997314453125,0,0,0
9/16/2026 11:19:02 AM,-2.786539960384369,3.614399696350098,0,0,0
9/16/2026 11:19:03 AM,-1.9627400574684142,-2.1869998875260355,0,0,0
9/16/2026 11:19:04 AM,-3.613440107345581,19.263599808961153,0,0,0
9/16/2026 11:19:05 AM,-2.259660045146942,6.232599830627442,0,0,0
9/16/2026 11:19:06 AM,-1.0463400483131409,7.554200130462647,0,0,0
9/16/2026 11:19:07 AM,-1.6895801186561583,4.470600021362305,7.6973200607299805,138.4641975708008,0.007959999822080135
9/16/2026 11:19:08 AM,-2.749180127620697,4.021800148010254,1.9726800155639648,35.4857993774414,0.0020399999544024466
9/16/2026 11:19:09 AM,15.325301272153855,767.6820313568114,0,0,0
9/16/2026 11:19:10 AM,25.938061235427853,640.4608084716797,0,0,0
9/16/2026 11:19:11 AM,57.057163150310515,-181.23559277343745,0,0,0
9/16/2026 11:19:12 AM,147.888164093256,-125.39180234146116,0,0,0
9/16/2026 11:19:13 AM,52.04162041378021,975.7066049804687,0,0,0
9/16/2026 11:19:14 AM,0.08721998238563533,612.421383907318,0,0,0
9/16/2026 11:19:15 AM,0.26416001505404707,-7.248000566482543,0,0,0
9/16/2026 11:19:16 AM,-0.8455199739933015,-4.6356002159118646,0,0,0
9/16/2026 11:19:17 AM,-2.4876400740146636,26.407600582122804,0,0,0
9/16/2026 11:19:18 AM,-0.29387999033927914,11.727600553512573,0,0,0
9/16/2026 11:19:19 AM,0.7550600657165051,-16.29240036392212,0,0,0
9/16/2026 11:19:20 AM,0.36984001472592354,32.86980001068115,0,0,0
9/16/2026 11:19:21 AM,0.15482000024616718,16.239400266647337,178.8532540893555,2226.213,14.327377517700196
9/16/2026 11:19:22 AM,-1.0065400653183458,12.389,158.18177246093748,1968.9119999999998,12.671449462890624
9/16/2026 11:19:23 AM,-0.8062400870323181,-2.0720000953674313,0,0,0
9/16/2026 11:19:24 AM,-0.4323600482940674,-12.070599922180175,0,0,0
9/16/2026 11:19:25 AM,-1.7719800679683686,2.431000755310059,0,0,0
9/16/2026 11:19:26 AM,-0.9963600064516067,1.3320006237030038,0,0,0
9/16/2026 11:19:27 AM,-2.8038601911664007,2.582000003814697,0,0,0
9/16/2026 11:19:28 AM,50.01808089065552,-24.960819511413604,0,0,0
9/16/2026 11:19:29 AM,17.02032050704956,189.77659863281244,0,0,0
9/16/2026 11:19:30 AM,18.804600102901457,546.4047780761719,0,0,0
9/16/2026 11:19:31 AM,12.649340070724486,-556.0866184234619,0,0,0
9/16/2026 11:19:32 AM,0.10187999629974365,-30.54380048751831,0,0,0
9/16/2026 11:19:33 AM,-0.2844200105816126,4.047000047683715,0,0,0
9/16/2026 11:19:34 AM,-1.3148200497627258,-14.790600305557252,0,0,0
9/16/2026 11:19:35 AM,0.1783000005483627,-14.373200225830077,72.37200451660156,988.492,14.874388427734374
9/16/2026 11:19:36 AM,-0.3585599989891052,-5.752399703979491,172.12801074218748,2351.008,35.376923828125
9/16/2026 11:19:37 AM,-1.4973400621414186,6.311800441741943,0,0,0
9/16/2026 11:19:38 AM,-2.2863400931358338,12.29540012741089,0,0,0
9/16/2026 11:19:39 AM,-0.4719000058174133,13.659200418472288,0,0,0
9/16/2026 11:19:40 AM,-1.3845000479221345,-7.85599980545044,0,0,0
9/16/2026 11:19:41 AM,-1.2714600166752936,20.741399787902832,0,0,0
9/16/2026 11:19:42 AM,-1.1742200582586229,-2.9689996223449713,0,0,0
9/16/2026 11:19:43 AM,-2.117920104026794,9.624400244712827,0,0,0
9/16/2026 11:19:44 AM,-1.4436600475311279,-19.15339931488037,0,0,0
9/16/2026 11:19:45 AM,-0.9394400577545166,2.4284002685546877,0,0,0
9/16/2026 11:19:46 AM,-2.6240201888084416,-16.266999809265137,0,0,0
9/16/2026 11:19:47 AM,0.2740599958896637,18.446599639892575,0,0,0
9/16/2026 11:19:48 AM,0.4017200729846955,9.887199989318848,0,0,0
9/16/2026 11:19:49 AM,-0.6786399791240693,2.6573999347686765,0,0,0
9/16/2026 11:19:50 AM,0.2694199874401093,-6.714000072479248,0,0,0
9/16/2026 11:19:51 AM,-1.2738199951648712,-4.010199920654296,2.8312401580810547,34.46920135498047,0.002959999933838844
9/16/2026 11:19:52 AM,-0.4568200055360794,-19.26880043411255,1.9512601089477537,23.75580093383789,0.0020399999544024466
9/16/2026 11:19:53 AM,-0.3563400195837021,13.025999900817872,0,0,0
9/16/2026 11:19:54 AM,-0.5814600112438202,-8.33299966430664,0,0,0
9/16/2026 11:19:55 AM,-0.4484399900436401,-13.83240036201477,0,0,0
9/16/2026 11:19:56 AM,-1.2808600971698763,-15.115200134277343,0,0,0
9/16/2026 11:19:57 AM,0.3275200220346451,4.7006000175476075,0,0,0
9/16/2026 11:19:58 AM,-0.6412600549161435,6.899000476837158,0,0,0
9/16/2026 11:19:59 AM,0.2486200174838305,17.49980015182495,0,0,0
9/16/2026 11:20:00 AM,0.1726599975824356,-4.425599540710449,0,0,0
9/16/2026 11:20:01 AM,-0.2505999891757965,11.615600534439086,0,0,0
9/16/2026 11:20:02 AM,-0.7389400136470794,31.69480035400391,0,0,0
9/16/2026 11:20:03 AM,-0.4186600317955017,0.8857998180389406,0,0,0
9/16/2026 11:20:04 AM,0.6225600589513779,-7.9011998481750485,0,0,0
9/16/2026 11:20:05 AM,-0.031480033695697796,3.862600303649903,3.045839988708496,33.10760180664062,0.002959999933838844
9/16/2026 11:20:06 AM,-1.1880200455188752,-10.229800338745116,7.244159973144531,78.742404296875,0.007039999842643738
9/16/2026 11:20:07 AM,-2.5814000821113585,9.029000000000002,0,0,0
9/16/2026 11:20:08 AM,-0.240560054063797,6.990400169372559,0,0,0
9/16/2026 11:20:09 AM,-0.5218400384187698,-20.829599925994874,0,0,0
9/16/2026 11:20:10 AM,1.4791400101184844,-14.548599922180175,0,0,0
9/16/2026 11:20:11 AM,-0.864840103149414,-17.043599922180174,0,0,0
9/16/2026 11:20:12 AM,0.876960016965866,7.032800247192384,0,0,0
9/16/2026 11:20:13 AM,0.4814000208973884,-10.901000095367433,0,0,0
9/16/2026 11:20:14 AM,-0.32119999933242804,1.3030003776550307,0,0,0
9/16/2026 11:20:15 AM,-0.44096001017093656,-6.625199844360351,0,0,0
9/16/2026 11:20:16 AM,-0.2883000071048737,-6.7602002258300775,0,0,0
9/16/2026 11:20:17 AM,-1.1255801200866697,-9.739600120544434,0,0,0
9/16/2026 11:20:18 AM,0.13352000236511233,8.86300057220459,0,0,0
9/16/2026 11:20:19 AM,-1.3162800390720368,-5.676799770355224,3.075440101623535,33.67,0.002959999933838844
9/16/2026 11:20:20 AM,-0.3622600231170654,-1.5866000175476076,7.314560241699218,80.08,0.007039999842643738
9/16/2026 11:20:21 AM,-0.8408800573348999,-18.43519960784912,0,0,0
9/16/2026 11:20:22 AM,-0.23960000860691066,-30.628200513839722,0,0,0
9/16/2026 11:20:23 AM,-1.8406600198745728,-3.8186004943847647,0,0,0
9/16/2026 11:20:24 AM,-0.2014800083786249,-7.2031999711990355,0,0,0
9/16/2026 11:20:25 AM,-0.5605199848935007,-15.387000190734863,0,0,0
9/16/2026 11:20:26 AM,-0.48464000988006595,-8.352398933410644,0,0,0
9/16/2026 11:20:27 AM,-0.7683800309896468,-7.9161997966766355,0,0,0
9/16/2026 11:20:28 AM,-2.1784401144981382,-5.618999928474427,0,0,0
9/16/2026 11:20:29 AM,-1.4733800921440123,20.942600677490233,0,0,0
9/16/2026 11:20:30 AM,-0.4603000218868255,25.712600481033324,0,0,0
9/16/2026 11:20:31 AM,-0.21928001510724426,-21.286599495887756,0,0,0
9/16/2026 11:20:32 AM,-1.0965400600433348,11.068600212097168,0,0,0
9/16/2026 11:20:33 AM,-2.732219985485077,21.120400731086733,0.44321001052856446,4.386100280761719,0.0004599999897181988
9/16/2026 11:20:34 AM,-1.443040018081665,-5.936800175189973,9.19179021835327,90.9639058227539,0.009539999786764383
9/16/2026 11:20:35 AM,-1.9504600560665128,-28.392599733352665,0,0,0
9/16/2026 11:20:36 AM,-0.799580040693283,-3.0716004905700682,0,0,0
9/16/2026 11:20:37 AM,-1.794400083065033,4.718600009918213,0,0,0
9/16/2026 11:20:38 AM,-0.8129200341701507,6.808199947357177,0,0,0
9/16/2026 11:20:39 AM,-2.393540111541748,-3.4896001167297364,0,0,0
9/16/2026 11:20:40 AM,-2.597540099143982,8.691400455474854,0,0,0
9/16/2026 11:20:41 AM,-2.7193800010681155,11.538800155639649,0,0,0
9/16/2026 11:20:42 AM,-1.99374011015892,33.46779939270019,0,0,0
9/16/2026 11:20:43 AM,-1.6013201007246969,-6.209599950790405,0,0,0
9/16/2026 11:20:44 AM,-2.2094600987434387,20.256199706077574,0,0,0
9/16/2026 11:20:45 AM,-1.7723399732112883,22.05040036010742,0,0,0
9/16/2026 11:20:46 AM,-0.7880600693225861,14.783399982452393,0,0,0
9/16/2026 11:20:47 AM,0.055720030784606966,8.32180015182495,0,0,0
9/16/2026 11:20:48 AM,0.0788799837827682,-0.6096000175476082,5.945940187454224,73.73730166625977,0.00545999987795949
9/16/2026 11:20:49 AM,-0.7134200680851936,1.8187998886108394,4.944060155868531,61.31270138549805,0.004539999898523092
9/16/2026 11:20:50 AM,-0.713500004529953,-1.9043998861312867,0,0,0
9/16/2026 11:20:51 AM,-1.2579399847388268,-11.854399692535399,0,0,0
9/16/2026 11:20:52 AM,-0.6647199759483337,6.436600112915039,0,0,0
9/16/2026 11:20:53 AM,-0.24711999106407168,2.043999904632569,0,0,0
9/16/2026 11:20:54 AM,-1.4304399764537812,-5.620800056457519,0,0,0
9/16/2026 11:20:55 AM,-0.1652799925804138,5.310799961090089,0,0,0
9/16/2026 11:20:56 AM,-0.7618400924205779,-7.431200035095213,0,0,0
9/16/2026 11:20:57 AM,-1.2190000398159024,-11.621200148582458,0,0,0
9/16/2026 11:20:58 AM,-0.522800027012825,8.447999927043917,0,0,0
9/16/2026 11:20:59 AM,0.43665998744964607,-4.39079981803894,0,0,0
9/16/2026 11:21:00 AM,0.6723600097894669,-16.782399883270266,0,0,0
9/16/2026 11:21:01 AM,-1.1635400528609754,-0.973000095367432,0,0,0
9/16/2026 11:21:02 AM,-0.5490200294703245,23.93259954071045,3.7564800624847416,42.53340083312989,0.00545999987795949
9/16/2026 11:21:03 AM,-1.9568601009845734,16.303200321197508,3.1235200519561768,35.366600692749024,0.004539999898523092
9/16/2026 11:21:04 AM,-1.5939801365137098,3.9096003112792967,0,0,0
9/16/2026 11:21:05 AM,-2.295720032632351,-18.079399751663207,0,0,0
9/16/2026 11:21:06 AM,-0.7890800545215606,24.417800537109372,0,0,0
9/16/2026 11:21:07 AM,0.07513998818397521,21.52720013809204,0,0,0
9/16/2026 11:21:08 AM,-1.4353200776576995,7.373200035095214,0,0,0
9/16/2026 11:21:09 AM,-0.6010000352859497,11.479000049591065,0,0,0
9/16/2026 11:21:10 AM,-1.477100031375885,6.7038006229400615,0,0,0
9/16/2026 11:21:11 AM,-0.4991800356507301,25.798000858306885,0,0,0
9/16/2026 11:21:12 AM,-0.7570800127983093,-3.391399641036987,0,0,0
9/16/2026 11:21:13 AM,0.25489999330043794,-16.578,0,0,0
9/16/2026 11:21:14 AM,0.061179951846599634,2.2286000671386716,0,0,0
9/16/2026 11:21:15 AM,-2.035400105714798,-0.39559992408752453,0,0,0
9/16/2026 11:21:16 AM,-1.5026000781059263,2.200600065231323,4.695600208282471,59.54130166625977,0.00545999987795949
9/16/2026 11:21:17 AM,-2.2035400955677034,6.620599830627441,3.904400173187256,49.50870138549805,0.004539999898523092
9/16/2026 11:21:18 AM,-1.3933400449752806,-27.026800533294676,0,0,0
9/16/2026 11:21:19 AM,-1.5309601309299468,18.26720041656494,0,0,0
9/16/2026 11:21:20 AM,-0.8906600704193115,-5.509800247192383,0,0,0
9/16/2026 11:21:21 AM,-2.1709800847172733,-13.229000186920166,0,0,0
9/16/2026 11:21:22 AM,-1.4671200726926328,-19.182400268554684,0,0,0
9/16/2026 11:21:23 AM,-0.8135999847650527,-0.519999816894531,0,0,0
9/16/2026 11:21:24 AM,-1.2112599868774412,20.57300076293945,0,0,0
9/16/2026 11:21:25 AM,-2.8041800918579103,11.50960026359558,0,0,0
9/16/2026 11:21:26 AM,-3.2855601205825806,0.0484002609252947,0,0,0
9/16/2026 11:21:27 AM,-2.1643000268936157,-25.93679995727539,0,0,0
9/16/2026 11:21:28 AM,-1.4015400695800782,-3.563999996185302,0,0,0
9/16/2026 11:21:29 AM,-1.2778600361347197,21.865400264739993,0,0,0
9/16/2026 11:21:30 AM,-1.4121000266075132,-25.447999618530275,5.8749601249694825,82.88280166625977,0.00545999987795949
9/16/2026 11:21:31 AM,-1.980120060443878,14.46340060043335,4.885040103912353,68.91720138549805,0.004539999898523092
9/16/2026 11:21:32 AM,-2.2955400874614713,20.212000288009644,0,0,0
9/16/2026 11:21:33 AM,-2.543520115375519,16.57500047302246,0,0,0
9/16/2026 11:21:34 AM,-1.91480011510849,4.709000568389891,0,0,0
9/16/2026 11:21:35 AM,-1.9003200683593748,22.088000007629393,0,0,0
9/16/2026 11:21:36 AM,-1.5208800797462463,-1.9966003274917608,0,0,0
9/16/2026 11:21:37 AM,-0.9218400149345397,-18.367600212097166,0,0,0
9/16/2026 11:21:38 AM,-0.17279997396469116,-16.365799629211427,0,0,0
9/16/2026 11:21:39 AM,-2.43273996925354,25.365799962997436,0,0,0
9/16/2026 11:21:40 AM,-0.4223000030517577,-23.344799770355223,0,0,0
9/16/2026 11:21:41 AM,0.5618800283670425,-5.763600116729737,0,0,0
9/16/2026 11:21:42 AM,-0.9294000210762023,1.1602001342773436,0,0,0
9/16/2026 11:21:43 AM,-1.3512399988770485,15.453599572181702,0,0,0
9/16/2026 11:21:44 AM,-0.8424400138556957,5.1177996711730955,0.3795,4.899,0.0004599999897181988
9/16/2026 11:21:45 AM,0.23358005940914156,8.183799583435057,7.8705,101.601,0.009539999786764383
9/16/2026 11:21:46 AM,-1.0259801158905029,-0.16120042419433478,0,0,0
9/16/2026 11:21:47 AM,0.109459996342659,21.524800748825076,0,0,0
9/16/2026 11:21:48 AM,-2.5617599124908446,-4.140000235557556,0,0,0
9/16/2026 11:21:49 AM,-1.169180102109909,-24.40600019073486,0,0,0
9/16/2026 11:21:50 AM,-1.7191800673007964,-8.904999999999998,0,0,0
9/16/2026 11:21:51 AM,-5.928340502738952,29.615599731445315,0,0,0
9/16/2026 11:21:52 AM,-1.8845200749635693,-7.888200325012208,0,0,0
9/16/2026 11:21:53 AM,-0.5437200322151184,-6.529000095367431,0,0,0
9/16/2026 11:21:54 AM,-1.2611400456428528,-17.51440026473999,0,0,0
9/16/2026 11:21:55 AM,-2.7074200444221495,-18.12880034637451,0,0,0
9/16/2026 11:21:56 AM,-1.358340028643608,1.3567997741699225,0,0,0
9/16/2026 11:21:57 AM,-0.9408600279092789,-0.35400024032592703,0,0,0
9/16/2026 11:21:58 AM,-0.6699800131917,-8.44800000190735,0.5198000526428223,6.019100280761719,0.0004599999897181988
9/16/2026 11:21:59 AM,0.0869999478459359,-3.325600208282471,10.780201091766356,124.8309058227539,0.009539999786764383
9/16/2026 11:22:00 AM,-1.7659401159286499,-8.36480090713501,0,0,0
9/16/2026 11:22:01 AM,0.8431000225543975,-40.88580168151856,0,0,0
9/16/2026 11:22:02 AM,-1.0206200413703919,-10.91900038909912,0,0,0
9/16/2026 11:22:03 AM,-1.4374800486564636,22.17840045928955,0,0,0
9/16/2026 11:22:04 AM,-0.06498000967502592,7.9469998092651375,0,0,0
9/16/2026 11:22:05 AM,-2.0719800897836684,-12.298200237751006,0,0,0
9/16/2026 11:22:06 AM,-2.6795201796293258,0.37700008773803706,0,0,0
9/16/2026 11:22:07 AM,-2.4214801082611084,0.9310000076293932,0,0,0
9/16/2026 11:22:08 AM,-1.1261199579238892,-15.506800537109374,0,0,0
9/16/2026 11:22:09 AM,-2.327120039463043,6.960799774169921,0,0,0
9/16/2026 11:22:10 AM,-3.767379995822907,-8.01859992980957,0,0,0
9/16/2026 11:22:11 AM,-2.494540124416351,13.157200614929197,0,0,0
9/16/2026 11:22:12 AM,-1.3732800738811493,-16.978200134277344,0,0,0
9/16/2026 11:22:13 AM,-1.9317400579452513,-0.2683996047973629,5.880420770645142,64.04580166625978,0.00545999987795949
9/16/2026 11:22:14 AM,-0.5127800388336181,6.788000242233276,4.889580640792847,53.25420138549805,0.004539999898523092
9/16/2026 11:22:15 AM,-0.8549000568389892,-10.597599782943727,0,0,0
9/16/2026 11:22:16 AM,-0.5250800192356109,-11.331599683761597,0,0,0
9/16/2026 11:22:17 AM,-1.949500054359436,5.7758000125885,0,0,0
9/16/2026 11:22:18 AM,-3.0668001226186754,14.563199939727781,0,0,0
9/16/2026 11:22:19 AM,-0.9364399989843368,21.225200325012207,0,0,0
9/16/2026 11:22:20 AM,-1.586840055465698,11.066000095367432,0,0,0
9/16/2026 11:22:21 AM,-0.44217997813224796,30.280600688934328,0,0,0
9/16/2026 11:22:22 AM,1.6979400403499603,-11.297799964904787,0,0,0
9/16/2026 11:22:23 AM,1.1344402145147323,-12.190200416564942,0,0,0
9/16/2026 11:22:24 AM,-2.162820028305054,10.882999785423278,0,0,0
9/16/2026 11:22:25 AM,-3.25242009305954,4.108200130462646,0,0,0
9/16/2026 11:22:26 AM,-0.6054800318032503,-3.5127998657226565,0,0,0
9/16/2026 11:22:27 AM,-3.3114600400924683,-9.244400829315186,5.656560333251954,69.77880166625977,0.00545999987795949
9/16/2026 11:22:28 AM,-0.5784000067710875,0.21899960708618238,4.7034402770996095,58.021201385498046,0.004539999898523092
9/16/2026 11:22:29 AM,-1.2095200927257537,18.211199466705324,0,0,0
9/16/2026 11:22:30 AM,-1.2280400714874269,15.884199661254883,0,0,0
9/16/2026 11:22:31 AM,-0.039339988946914706,0.8327999572753901,0,0,0
9/16/2026 11:22:32 AM,-2.281800124168396,7.978600399017333,0,0,0
9/16/2026 11:22:33 AM,-0.9681600005626678,-0.25180000495910715,0,0,0
9/16/2026 11:22:34 AM,-0.9909600156545638,-22.196600494384768,0,0,0
9/16/2026 11:22:35 AM,-0.909559978723526,12.253599922180177,0,0,0
9/16/2026 11:22:36 AM,-1.5748000346422195,-10.647600494384765,0,0,0
9/16/2026 11:22:37 AM,-2.4203401017189026,-8.543199661254882,0,0,0
9/16/2026 11:22:38 AM,-3.0991001815795896,28.487200897216795,0,0,0
9/16/2026 11:22:39 AM,-0.7130200410485267,-19.13520022201538,0,0,0
9/16/2026 11:22:40 AM,-0.20188000792264937,-19.518200042724608,0,0,0
9/16/2026 11:22:41 AM,-1.2053000897169113,17.551399837493896,0.48323004913330075,4.7379999999999995,0.0004599999897181988
9/16/2026 11:22:42 AM,-1.2493001012802125,-2.0220001888275148,10.021771018981934,98.262,0.009539999786764383
9/16/2026 11:22:43 AM,-0.869820055961609,18.450000663757322,0,0,0
9/16/2026 11:22:44 AM,0.9436600255966187,-11.62719982433319,0,0,0
9/16/2026 11:22:45 AM,-1.4056400146484374,21.05580034637451,0,0,0
9/16/2026 11:22:46 AM,-1.0755000054836272,23.741600303649903,0,0,0
9/16/2026 11:22:47 AM,-0.5311201678514479,10.609400260925293,0,0,0
9/16/2026 11:22:48 AM,-0.5496200757026671,-4.261199272155761,0,0,0
9/16/2026 11:22:49 AM,-2.15080007147789,-11.73059954071045,0,0,0
9/16/2026 11:22:50 AM,-1.7036800770759584,-16.705599922180177,0,0,0
9/16/2026 11:22:51 AM,-2.62254013633728,17.681799674987793,0,0,0
9/16/2026 11:22:52 AM,-1.3921400761604308,-6.620399410247803,0,0,0
9/16/2026 11:22:53 AM,-2.9330399942398073,5.289599925994873,0,0,0
9/16/2026 11:22:54 AM,-1.7854400720596313,-1.3759999046325682,0,0,0
9/16/2026 11:22:55 AM,-0.3582400026321411,-27.96620022583008,0.4703500175476074,4.508,0.0004599999897181988
9/16/2026 11:22:56 AM,0.15691997146606446,-8.806800251007079,9.754650363922119,93.49199999999999,0.009539999786764383
9/16/2026 11:22:57 AM,-0.6335800477117299,0.8441996612548834,0,0,0
9/16/2026 11:22:58 AM,-0.8860000406578183,6.694799814224243,0,0,0
9/16/2026 11:22:59 AM,-2.1713200945854183,-12.230999904632569,0,0,0
9/16/2026 11:23:00 AM,-1.6778400626182555,-13.629999618530274,0,0,0
9/16/2026 11:23:01 AM,-2.2792000830173493,-17.486,0,0,0
9/16/2026 11:23:02 AM,0.5210600103139877,-23.490200134277345,0,0,0
9/16/2026 11:23:03 AM,-1.0492000418752432,-0.8576001167297367,0,0,0
9/16/2026 11:23:04 AM,-0.6216399808600546,17.37520013809204,0,0,0
9/16/2026 11:23:05 AM,-0.2881200075447559,15.400999618530273,0,0,0
9/16/2026 11:23:06 AM,-2.024760107994079,14.622200416564942,0,0,0
9/16/2026 11:23:07 AM,-2.582620232582092,0.6851998519897471,0,0,0
9/16/2026 11:23:08 AM,-0.6708800686597823,-26.403199851989744,0,0,0
9/16/2026 11:23:09 AM,-1.7775599875450134,-22.687200607299804,0.4209000263214111,5.027800140380859,0.0004599999897181988
9/16/2026 11:23:10 AM,-2.6794401121139524,-17.42780015563965,8.729100545883178,104.27220291137695,0.009539999786764383
9/16/2026 11:23:11 AM,-0.8715200066566468,-41.08159954071045,0,0,0
9/16/2026 11:23:12 AM,-1.9494600496292116,-47.6670015258789,0,0,0
9/16/2026 11:23:13 AM,-2.188940100669861,28.826799674987793,0,0,0
9/16/2026 11:23:14 AM,-1.2229200143814087,-27.710600399017334,0,0,0
9/16/2026 11:23:15 AM,-1.0721400601863862,-22.11260010910034,0,0,0
9/16/2026 11:23:16 AM,-0.2521199904084206,-23.99700066757202,0,0,0
9/16/2026 11:23:17 AM,-1.1139000459909438,-4.607800300598145,0,0,0
9/16/2026 11:23:18 AM,-2.096050121426582,16.457999620437622,0,0,0
9/16/2026 11:23:19 AM,-0.4912000149488449,-15.47580025100708,0,0,0
9/16/2026 11:23:20 AM,-0.6120099974870682,33.001599636077884,0,0,0
9/16/2026 11:23:21 AM,-1.587240096271038,-2.297199892044068,0,0,0
9/16/2026 11:23:22 AM,-0.4131300062537193,5.9971000175476075,0,0,0
9/16/2026 11:23:23 AM,-2.138859944343567,-4.047699991226196,0.5635000438690185,6.3801998596191405,0.0004599999897181988
9/16/2026 11:23:24 AM,-1.2960301253199578,-0.5594996623992924,12.250000953674316,138.6999969482422,0.009999999776482582
9/16/2026 11:23:25 AM,-0.2874500118494034,15.437400070190431,5.56150043296814,62.969798614501954,0.004539999898523092
9/16/2026 11:23:26 AM,-0.22749996387958532,20.82950057220459,0,0,0
9/16/2026 11:23:27 AM,-0.7067500059604646,16.834400554656984,0,0,0
9/16/2026 11:23:28 AM,-1.4484800823926927,1.5613001775741573,0,0,0
9/16/2026 11:23:29 AM,-2.6172800347805025,23.57780007839203,0,0,0
9/16/2026 11:23:30 AM,-3.5249101495742803,9.79540024662018,0,0,0
9/16/2026 11:23:31 AM,-0.6226300892233849,-8.750300415992736,0,0,0
9/16/2026 11:23:32 AM,-0.6758900334239006,15.640800485610963,0,0,0
9/16/2026 11:23:33 AM,2.9340001463890073,17.187300243377685,0,0,0
9/16/2026 11:23:34 AM,-1.6073300812244418,8.317000909805298,0,0,0
9/16/2026 11:23:35 AM,-1.6490100716352463,-7.716999288558959,0,0,0
9/16/2026 11:23:36 AM,-1.4982800356149673,15.102,0,0,0
9/16/2026 11:23:37 AM,-2.1631501286029815,-12.737099393844606,0,0,0
9/16/2026 11:23:38 AM,0.32211001956462865,5.390100281715393,6.298109916687012,80.8899049987793,0.00545999987795949
9/16/2026 11:23:39 AM,-0.7952900496721267,-14.289999974250794,5.236889930725098,67.26010415649414,0.004539999898523092
9/16/2026 11:23:40 AM,0.28805002474784847,-7.011800148010255,0,0,0
9/16/2026 11:23:41 AM,1.2253600056171416,9.407199081420899,0,0,0
9/16/2026 11:23:42 AM,-1.097830028295517,-27.508500381469727,0,0,0
9/16/2026 11:23:43 AM,-2.2747800476551054,-27.95880034637451,0,0,0
9/16/2026 11:23:44 AM,-2.377900047302246,19.833499618530276,0,0,0
9/16/2026 11:23:45 AM,-3.1518500802516938,39.07810039901734,0,0,0
9/16/2026 11:23:46 AM,-2.2538099887371064,17.59399997806549,0,0,0
9/16/2026 11:23:47 AM,-1.0018300116062164,14.175000546455385,0,0,0
9/16/2026 11:23:48 AM,-3.056780244588852,-0.7727997741699209,0,0,0
9/16/2026 11:23:49 AM,-2.855630235671997,21.113100120544434,0,0,0
9/16/2026 11:23:50 AM,-2.514610027074814,17.13490002632141,0,0,0
9/16/2026 11:23:51 AM,-0.6175899441242217,0.4223997917175293,0,0,0
9/16/2026 11:23:52 AM,-2.750990016937256,13.904500139236449,8.149050104141235,70.67969833374023,0.00545999987795949
9/16/2026 11:23:53 AM,-3.3512000801563264,17.84469994735718,6.775950086593628,58.770298614501954,0.004539999898523092
9/16/2026 11:23:54 AM,-1.6741900140047072,-9.707300441741943,0,0,0
9/16/2026 11:23:55 AM,-1.0366099914908409,25.351599739074707,0,0,0
9/16/2026 11:23:56 AM,-2.237370140373707,3.792699081420898,0,0,0
9/16/2026 11:23:57 AM,-2.8454302015304567,-20.320600589752196,0,0,0
9/16/2026 11:23:58 AM,-3.921439965963364,18.28189926338196,0,0,0
9/16/2026 11:23:59 AM,-2.093560079336166,1.0028998136520386,0,0,0
9/16/2026 11:24:00 AM,-0.9126400088071823,7.723099947929382,0,0,0
9/16/2026 11:24:01 AM,-2.266910125732422,-11.65610064125061,0,0,0
9/16/2026 11:24:02 AM,-2.330550118327141,-22.88869965362549,0,0,0
9/16/2026 11:24:03 AM,-0.5136900428533554,-18.32049978733063,0,0,0
9/16/2026 11:24:04 AM,-2.179380207747221,6.394000216484069,0,0,0
9/16/2026 11:24:05 AM,1.1974799603521824,22.79169899368286,0,0,0
9/16/2026 11:24:06 AM,-2.3049999632835387,24.56649942779541,4.3052101249694825,68.14080166625978,0.00545999987795949
9/16/2026 11:24:07 AM,-2.5337701759338382,-10.331200662612915,3.5797901039123534,56.65920138549805,0.004539999898523092
9/16/2026 11:24:08 AM,0.9280899863243104,2.734099445343017,0,0,0
9/16/2026 11:24:09 AM,-0.8440300269126891,21.800800243377687,0,0,0
9/16/2026 11:24:10 AM,-2.3984200420379644,11.82250038909912,0,0,0
9/16/2026 11:24:11 AM,-1.6931500363349914,10.258399600982669,0,0,0
9/16/2026 11:24:12 AM,-0.11903999924659726,-6.655900510787965,0,0,0
9/16/2026 11:24:13 AM,-0.7729099647998809,-2.6101001129150387,0,0,0
9/16/2026 11:24:14 AM,-0.41286000359058384,18.850699895858764,0,0,0
9/16/2026 11:24:15 AM,-3.3291501613855363,15.73,0,0,0
9/16/2026 11:24:16 AM,-3.8042103203535085,-4.82170013809204,0,0,0
9/16/2026 11:24:17 AM,-1.934400053024292,-18.73109944534302,0,0,0
9/16/2026 11:24:18 AM,-3.406430020809174,0.9232005195617667,0,0,0
9/16/2026 11:24:19 AM,-5.731660133123398,23.45109963607788,0,0,0
9/16/2026 11:24:20 AM,-0.7035500426292419,-12.968300060272217,0.6819500350952148,7.691200561523438,0.0004599999897181988
9/16/2026 11:24:21 AM,-1.9584000899791718,-15.479699653625488,6.730550346374512,75.9088055419922,0.004539999898523092
9/16/2026 11:24:22 AM,-1.8725901222229004,-5.561900173187256,0,0,0
9/16/2026 11:24:23 AM,-2.8282700479030614,11.753300155639648,0,0,0
9/16/2026 11:24:24 AM,1.4051500479578973,-11.775200710296634,0,0,0
9/16/2026 11:24:25 AM,-1.0435200718045234,28.87770016002655,0,0,0
9/16/2026 11:24:26 AM,-2.3376999632120135,18.137999497413634,0,0,0
9/16/2026 11:24:27 AM,-1.3699301339387895,12.283900407791139,0,0,0
9/16/2026 11:24:28 AM,-1.5642701408863067,16.822699947357176,0,0,0
9/16/2026 11:24:29 AM,-1.6603000581264495,-16.802000190734862,0,0,0
9/16/2026 11:24:30 AM,0.5758399488925934,11.922099445343019,0,0,0
9/16/2026 11:24:31 AM,-2.57776005256176,-27.107699895858765,0,0,0
9/16/2026 11:24:32 AM,-1.9170800156891346,13.988900312423706,0,0,0
9/16/2026 11:24:33 AM,0.27762002250552176,4.721999530792236,0,0,0
9/16/2026 11:24:34 AM,-2.453320126056671,-20.009800537109374,0.4629900245666504,6.4308001403808595,0.0004599999897181988
9/16/2026 11:24:35 AM,-3.160559944152832,-5.698000114917756,9.602010509490967,133.36920291137696,0.009539999786764383
9/16/2026 11:24:36 AM,-1.9227000730037689,7.0222005195617685,0,0,0
9/16/2026 11:24:37 AM,-1.5698599984645842,-6.930000021934509,0,0,0
9/16/2026 11:24:38 AM,0.23692996311187747,8.091999761581421,0,0,0
9/16/2026 11:24:39 AM,-1.660790059685707,4.421399956703186,0,0,0
9/16/2026 11:24:40 AM,-1.2786399819254874,2.2501000175476067,0,0,0
9/16/2026 11:24:41 AM,-1.6217100806832314,20.57940017318726,0,0,0
9/16/2026 11:24:42 AM,-0.04001999616622917,24.044999237060544,0,0,0
9/16/2026 11:24:43 AM,-2.60827005982399,-24.195600399017334,0,0,0
9/16/2026 11:24:44 AM,-1.1959000145792962,18.43349951553345,0,0,0
9/16/2026 11:24:45 AM,-0.03663000822067254,-8.75589940261841,0,0,0
9/16/2026 11:24:46 AM,0.6296900400072336,-18.999800346374514,0,0,0
9/16/2026 11:24:47 AM,-0.8133900573700666,-25.66020041656494,0,0,0
9/16/2026 11:24:48 AM,-1.0658500317335127,1.2616002082824704,0.5273900070190429,7.707300140380859,0.0004599999897181988
9/16/2026 11:24:49 AM,-0.7436300050020218,-1.460299649238586,10.937610145568847,159.84270291137693,0.009539999786764383
9/16/2026 11:24:50 AM,-0.03406002998352048,2.60039971446991,0,0,0
9/16/2026 11:24:51 AM,-2.416630076646805,6.412400459289552,0,0,0
9/16/2026 11:24:52 AM,0.8747100002765655,-16.061099922180176,0,0,0
9/16/2026 11:24:53 AM,-0.37935998153686523,3.301200225830078,0,0,0
9/16/2026 11:24:54 AM,0.14941997194290163,15.44110050201416,0,0,0
9/16/2026 11:24:55 AM,-1.7477800480127335,-23.748400642395023,0,0,0
9/16/2026 11:24:56 AM,0.13230002486705777,-10.767601030349734,0,0,0
9/16/2026 11:24:57 AM,-1.5463600961863995,-13.664300199508666,0,0,0
9/16/2026 11:24:58 AM,-0.9237100857198238,-18.918100399017334,0,0,0
9/16/2026 11:24:59 AM,-1.6945800659656525,-3.2749999561309817,0,0,0
9/16/2026 11:25:00 AM,-2.570690101593733,16.45300007343292,0,0,0
9/16/2026 11:25:01 AM,0.3378499867916107,4.056499985694885,0,0,0
9/16/2026 11:25:02 AM,0.015889994382858263,-34.44250110816955,0.4192900333404541,5.888,0.0004599999897181988
9/16/2026 11:25:03 AM,-0.9384899764060974,14.14950015449524,8.695710691452026,122.112,0.009539999786764383
9/16/2026 11:25:04 AM,-1.673870057463646,-17.462400943756105,0,0,0
9/16/2026 11:25:05 AM,0.023100026607513424,19.743500095367434,0,0,0
9/16/2026 11:25:06 AM,-1.0316500811576843,-18.62040002250671,0,0,0
9/16/2026 11:25:07 AM,-0.20189999854564664,-26.63150057220459,0,0,0
9/16/2026 11:25:08 AM,0.9620000305771828,-27.865300918579102,0,0,0
9/16/2026 11:25:09 AM,-3.218810114145279,34.49090040779114,0,0,0
9/16/2026 11:25:10 AM,-3.055370106935501,55.36620141792297,0,0,0
9/16/2026 11:25:11 AM,29.718310915470123,38.31519775390623,0,0,0
9/16/2026 11:25:12 AM,121.6693174905777,-54.26712329101565,0,0,0
9/16/2026 11:25:13 AM,60.851731462121016,168.9321260986328,0,0,0
9/16/2026 11:25:14 AM,1.5663200234174728,377.1588158454895,0,0,0
9/16/2026 11:25:15 AM,1.127070060968399,21.918500392436982,0,0,0
9/16/2026 11:25:16 AM,-2.6104901871681214,-4.701300023555756,0,0,0
9/16/2026 11:25:17 AM,-2.1722700260877614,-15.664899887084964,148.536577331543,2033.7953466796876,90.5187786254883
9/16/2026 11:25:18 AM,-0.7481000233888626,7.568600331306458,123.50843609619142,1691.1045556640624,75.26653021240234
9/16/2026 11:25:19 AM,1.2596600859165192,-9.132600090980532,0,0,0
9/16/2026 11:25:20 AM,-4.021529836893082,5.237200016975403,0,0,0
9/16/2026 11:25:21 AM,-1.3073900130987166,4.227899835586547,0,0,0
9/16/2026 11:25:22 AM,-0.5916100074052811,-7.559899740219116,0,0,0
9/16/2026 11:25:23 AM,1.901000156491995,-3.342100450515747,0,0,0
9/16/2026 11:25:24 AM,-0.3919900523722172,-0.28220008659362783,0,0,0
9/16/2026 11:25:25 AM,-0.13539999961853028,-6.895199748992921,0,0,0
9/16/2026 11:25:26 AM,1.9331900042295458,-14.62100015068054,0,0,0
9/16/2026 11:25:27 AM,-0.11004999446868892,-58.60279968865216,0,0,0
9/16/2026 11:25:28 AM,-1.3394200845956803,8.031599654302001,0,0,0
9/16/2026 11:25:29 AM,-0.7444500268697738,-24.83300004386902,0,0,0
9/16/2026 11:25:30 AM,0.38619997429847713,-16.7286997051239,0,0,0
9/16/2026 11:25:31 AM,-0.7628399178981781,7.002400195121765,6.33087014579773,84.00210333251954,0.00545999987795949
9/16/2026 11:25:32 AM,1.4634800355434419,-14.996800129890442,5.264130121231079,69.8479027709961,0.004539999898523092
9/16/2026 11:25:33 AM,0.07938001608848577,-5.2487998262643805,0,0,0
9/16/2026 11:25:34 AM,-0.2206800108551979,11.523399996638299,0,0,0
9/16/2026 11:25:35 AM,-0.4937600315213203,4.755699917793274,0,0,0
9/16/2026 11:25:36 AM,-1.8346599953174592,-3.3029000520706178,0,0,0
9/16/2026 11:25:37 AM,-1.7987400829792022,-13.96669960975647,0,0,0
9/16/2026 11:25:38 AM,-0.1163900036811829,14.949100259780884,0,0,0
9/16/2026 11:25:39 AM,-1.0766199468374251,-10.907500190734863,0,0,0
9/16/2026 11:25:40 AM,0.07042000979185106,-12.078200126171113,0,0,0
9/16/2026 11:25:41 AM,-1.8396200187206269,27.078800537109373,0,0,0
9/16/2026 11:25:42 AM,-1.2159200811386108,-7.06080039024353,0,0,0
9/16/2026 11:25:43 AM,-2.3228800230026247,-4.905199895858765,0,0,0
9/16/2026 11:25:44 AM,-2.5485201592445375,38.190400363922116,0,0,0
9/16/2026 11:25:45 AM,-3.062230155363679,13.342399787902831,0.5630399894714355,4.7265,0.0004599999897181988
9/16/2026 11:25:46 AM,2.02374017457664,12.735299722671508,11.676959781646728,98.0235,0.009539999786764383
9/16/2026 11:25:47 AM,-2.403160078048706,11.05410001754761,0,0,0
9/16/2026 11:25:48 AM,-1.1593399171829224,-19.903999618530275,0,0,0
9/16/2026 11:25:49 AM,-3.5307800588607785,22.375500194549563,0,0,0
9/16/2026 11:25:50 AM,-0.9187000021934509,-3.0624997577667235,0,0,0
9/16/2026 11:25:51 AM,0.5683099532127381,-9.0152006149292,0,0,0
9/16/2026 11:25:52 AM,-1.0094801032543184,-28.09779981803894,0,0,0
9/16/2026 11:25:53 AM,-1.5677400765419007,-11.5468996963501,0,0,0
9/16/2026 11:25:54 AM,-0.4942200525105,-8.717199895858766,0,0,0
9/16/2026 11:25:55 AM,-0.5388399931192397,-20.41659963607788,0,0,0
9/16/2026 11:25:56 AM,1.4545199819803238,3.683900099754334,0,0,0
9/16/2026 11:25:57 AM,-1.3741799908280372,6.829700156211853,0,0,0
9/16/2026 11:25:58 AM,-2.595779965817928,-2.959799861907959,0,0,0
9/16/2026 11:25:59 AM,1.382510064125061,-8.761500476837158,0.43355000877380373,4.5125999298095705,0.0004599999897181988
9/16/2026 11:26:00 AM,1.4199999943971633,-5.990399557113646,8.99145018196106,93.58739854431153,0.009539999786764383
9/16/2026 11:26:01 AM,0.13369997799396513,-20.45260011291504,0,0,0
9/16/2026 11:26:02 AM,0.6584100208282471,-15.72620008659363,0,0,0
9/16/2026 11:26:03 AM,-2.5414399780705574,37.35940093612671,0,0,0
9/16/2026 11:26:04 AM,-0.9527900115028024,26.902000190734864,0,0,0
9/16/2026 11:26:05 AM,-0.10009993815422058,-33.90980149078369,0,0,0
9/16/2026 11:26:06 AM,-0.3318500661877915,23.74090093612671,0,0,0
9/16/2026 11:26:07 AM,-0.652980014144443,-4.877899600982666,0,0,0
9/16/2026 11:26:08 AM,3.2006399483680728,-11.748499662399292,0,0,0
9/16/2026 11:26:09 AM,-1.0946300445795059,0.3551998882293703,0,0,0
9/16/2026 11:26:10 AM,-2.431340052396059,-11.839099250793458,0,0,0
9/16/2026 11:26:11 AM,-2.6778701662123203,-1.19310006904602,0,0,0
9/16/2026 11:26:12 AM,-4.518820038318634,-38.41479890823364,0,0,0
9/16/2026 11:26:13 AM,-4.626340280175209,-4.456,0.5062300052642822,7.7993001403808595,0.0004599999897181988
9/16/2026 11:26:14 AM,0.2973400181531906,12.332000043869018,10.498770109176636,161.75070291137695,0.009539999786764383
9/16/2026 11:26:15 AM,-3.966040162563324,24.673199514389037,0,0,0
9/16/2026 11:26:16 AM,-1.6551700253486634,-5.431100017547608,0,0,0
9/16/2026 11:26:17 AM,-2.5380901198387145,-1.2755997390747082,0,0,0
9/16/2026 11:26:18 AM,-1.231350045621395,11.868201385498049,0,0,0
9/16/2026 11:26:19 AM,-0.4074300553798676,22.500299568176267,0,0,0
9/16/2026 11:26:20 AM,-1.8506600301265717,-5.924898544311522,0,0,0
9/16/2026 11:26:21 AM,-1.1836801824569703,-11.791399241447449,0,0,0
9/16/2026 11:26:22 AM,-2.8511402378082273,6.335000164985657,0,0,0
9/16/2026 11:26:23 AM,-0.13949999809265134,5.2489005546569825,0,0,0
9/16/2026 11:26:24 AM,0.4846100374907255,0.2126996097564694,0,0,0
9/16/2026 11:26:25 AM,-2.329510080099106,24.146099115371705,0,0,0
9/16/2026 11:26:26 AM,-3.4053002482652666,17.114799480438233,0,0,0
9/16/2026 11:26:27 AM,-4.54109998267889,-17.665499449729918,0.6532000350952148,8.054600280761719,0.0004599999897181988
9/16/2026 11:26:28 AM,-0.20515001040697098,22.407800789833068,13.546800727844237,167.0454058227539,0.009539999786764383
9/16/2026 11:26:29 AM,-1.2955601329803468,-31.010899307250977,0,0,0
9/16/2026 11:26:30 AM,-0.7832100412845612,33.146000381469726,0,0,0
9/16/2026 11:26:31 AM,0.052840006351470944,-6.180399879455566,0,0,0
9/16/2026 11:26:32 AM,0.8211700030565261,3.688699272155763,0,0,0
9/16/2026 11:26:33 AM,-2.1620301160812376,14.802700035095215,0,0,0
9/16/2026 11:26:34 AM,-3.0645601191520693,33.583,0,0,0
9/16/2026 11:26:35 AM,0.9295300111472607,19.60759954833984,0,0,0
9/16/2026 11:26:36 AM,-1.209930018134415,-42.16730110931397,0,0,0
9/16/2026 11:26:37 AM,-0.3646200290694833,-11.973000146865846,0,0,0
9/16/2026 11:26:38 AM,0.9473200135231019,-28.217200365066528,0,0,0
9/16/2026 11:26:39 AM,1.4903001531362534,-11.619600692749025,0,0,0
9/16/2026 11:26:40 AM,-0.25783999919891354,53.68529996490478,0,0,0
9/16/2026 11:26:41 AM,-1.0988400633037092,38.43970041656494,0.6486000175476074,8.390400421142578,0.0004599999897181988
9/16/2026 11:26:42 AM,-1.7569000860154627,2.111299964904785,13.451400363922119,174.00960873413086,0.009539999786764383
9/16/2026 11:26:43 AM,-2.6108298687934877,17.85339951324463,0,0,0
9/16/2026 11:26:44 AM,-2.7615701458454134,78.68010010528565,0,0,0
9/16/2026 11:26:45 AM,-3.2045202887058255,46.58789968872071,0,0,0
9/16/2026 11:26:46 AM,-3.337950210571289,48.22850114440918,0,0,0
9/16/2026 11:26:47 AM,-2.3475000810623166,48.05660145568847,0,0,0
9/16/2026 11:26:48 AM,-0.8166600494384765,10.499100017547608,0,0,0
9/16/2026 11:26:49 AM,1.9388901033401489,-19.197900554656982,0,0,0
9/16/2026 11:26:50 AM,-2.4137000164985656,-34.66670003509522,0,0,0
9/16/2026 11:26:51 AM,-3.18370011729002,-2.5969001731872554,0,0,0
9/16/2026 11:26:52 AM,-3.6509799360632895,12.582899443149566,0,0,0
9/16/2026 11:26:53 AM,-1.9290801758766174,12.96680028963089,0,0,0
9/16/2026 11:26:54 AM,-1.034710004866123,-29.394300302505496,0,0,0
9/16/2026 11:26:55 AM,-0.6295300326347351,-4.068600101947784,1.04489009475708,14.14960028076172,0.0004599999897181988
9/16/2026 11:26:56 AM,-2.350510131597519,-6.668600143909455,21.67011196517944,293.4504058227539,0.009539999786764383
9/16/2026 11:26:57 AM,-1.8970401022434236,10.600999038696289,0,0,0
9/16/2026 11:26:58 AM,-0.5627700785398483,-20.47469984436035,0,0,0
9/16/2026 11:26:59 AM,-2.6616701134443286,-7.364200086593629,0,0,0
9/16/2026 11:27:00 AM,-1.6345500487089157,-44.761299341201784,0,0,0
9/16/2026 11:27:01 AM,0.402400004029274,6.920999809265137,0,0,0
9/16/2026 11:27:02 AM,-0.3318300166130066,3.773599826812744,0,0,0
9/16/2026 11:27:03 AM,-3.2897501614093785,17.315201135635373,0,0,0
9/16/2026 11:27:04 AM,-1.2471100863218307,7.833100303649902,0,0,0
9/16/2026 11:27:05 AM,-0.663360008776188,11.501700086593628,0,0,0
9/16/2026 11:27:06 AM,-1.9622200863361359,30.816000572204594,0,0,0
9/16/2026 11:27:07 AM,-0.655630047261715,-10.502500762939453,0,0,0
9/16/2026 11:27:08 AM,-1.0572700645923616,19.685000190734865,0,0,0
9/16/2026 11:27:09 AM,-0.19761001729965214,-8.930799861907959,0.4282600193023682,6.826400421142578,0.0004599999897181988
9/16/2026 11:27:10 AM,1.0655300846099853,-40.54560020828247,8.88174040031433,141.57360873413086,0.009539999786764383
9/16/2026 11:27:11 AM,-1.4530501523017882,-19.01440102386475,0,0,0
9/16/2026 11:27:12 AM,-3.7034900279045107,24.903299377441407,0,0,0
9/16/2026 11:27:13 AM,-1.5939501138329506,-8.458000095367431,0,0,0
9/16/2026 11:27:14 AM,-2.5881902024149896,22.846099810361864,0,0,0
9/16/2026 11:27:15 AM,0.7744700434207916,-25.210300787210464,0,0,0
9/16/2026 11:27:16 AM,-4.054170174002648,-20.09110059738159,0,0,0
9/16/2026 11:27:17 AM,-0.634130073070526,-38.49639970397949,0,0,0
9/16/2026 11:27:18 AM,-3.5301001752316954,-28.660098611831668,0,0,0
9/16/2026 11:27:19 AM,-3.4565600218772885,10.910298614501958,0,0,0
9/16/2026 11:27:20 AM,-3.877180129885674,-50.22210037708283,0,0,0
9/16/2026 11:27:21 AM,2.6965201951265336,-0.4557999629974364,0,0,0
9/16/2026 11:27:22 AM,0.15719999408721924,-40.4906990814209,0,0,0
9/16/2026 11:27:23 AM,-0.7265501232147218,1.5603994102478018,0,0,0
9/16/2026 11:27:24 AM,-2.1924101130962375,15.057899879455565,9.40000057220459,157.25,0.004999999888241291
9/16/2026 11:27:25 AM,0.7619699652194977,-17.963799940824508,0,0,0
9/16/2026 11:27:26 AM,-3.4100202493667604,-19.49289924788475,0,0,0
9/16/2026 11:27:27 AM,-0.0374598164558409,-12.81420041656494,0,0,0
9/16/2026 11:27:28 AM,-2.8996800298690797,-62.64240112686157,0,0,0
9/16/2026 11:27:29 AM,-1.3930500540733337,61.10139983558654,0,0,0
9/16/2026 11:27:30 AM,-2.435350186347961,-39.733400671958925,0,0,0
9/16/2026 11:27:31 AM,5.728610590457917,65.16920311260223,0,0,0
9/16/2026 11:27:32 AM,-1.4800800696611405,1.5018998870849614,0,0,0
9/16/2026 11:27:33 AM,2.0310901206731797,11.05630025100708,0,0,0
9/16/2026 11:27:34 AM,-1.5825200856924055,-9.502100355148315,0,0,0
9/16/2026 11:27:35 AM,-0.9247600783109665,-6.661000051498414,0,0,0
9/16/2026 11:27:36 AM,-2.2388901510238646,4.610500253200532,0,0,0
9/16/2026 11:27:37 AM,-2.21619012260437,-4.705999847888947,0,0,0
9/16/2026 11:27:38 AM,-0.9318600721359253,3.6649000854492177,11.531520458221436,151.92450000000002,0.00545999987795949
9/16/2026 11:27:39 AM,-6.74666014200449,37.35939854431152,9.588480381011964,126.3255,0.004539999898523092
9/16/2026 11:27:40 AM,-0.7811100452542306,-21.891499999999997,0,0,0
9/16/2026 11:27:41 AM,-3.155340203285217,3.020399934768677,0,0,0
9/16/2026 11:27:42 AM,-2.054110136032105,-8.382400077819824,0,0,0
9/16/2026 11:27:43 AM,-0.9441701142787933,-0.1923001995086675,0,0,0
9/16/2026 11:27:44 AM,-1.113380014181137,10.309100017547609,0,0,0
9/16/2026 11:27:45 AM,-2.411000063657761,7.20890012550354,0,0,0
9/16/2026 11:27:46 AM,-3.1559901328086855,10.426099922180176,0,0,0
9/16/2026 11:27:47 AM,-1.524770119190216,-1.0466999435424806,0,0,0
9/16/2026 11:27:48 AM,-0.23071996092796326,-16.52209992218018,0,0,0
9/16/2026 11:27:49 AM,-3.823520079851151,-3.2516001863479613,0,0,0
9/16/2026 11:27:50 AM,-1.7730300643444061,-15.988599768161775,0,0,0
9/16/2026 11:27:51 AM,-1.688140016555786,-0.27110009646415706,0,0,0
9/16/2026 11:27:52 AM,-2.3692900815010067,0.005599976301193188,5.298930479049683,47.99340083312989,0.00545999987795949
9/16/2026 11:27:53 AM,-2.5672500557899474,8.248799891471863,4.406070398330689,39.90660069274902,0.004539999898523092
9/16/2026 11:27:54 AM,-2.9469800059795377,0.4169999861717225,0,0,0
9/16/2026 11:27:55 AM,-1.967110177278519,-6.597899744033814,0,0,0
9/16/2026 11:27:56 AM,-1.858630027294159,4.569700511932373,0,0,0
9/16/2026 11:27:57 AM,-1.9141500509977343,-29.5369996843338,0,0,0
9/16/2026 11:27:58 AM,-1.6745900832414626,1.73640002822876,0,0,0
9/16/2026 11:27:59 AM,-1.8026300423145294,1.331300008773804,0,0,0
9/16/2026 11:28:00 AM,-1.7557600808143616,10.117900173187257,0,0,0
9/16/2026 11:28:01 AM,-2.0676602067947387,-30.57940057659149,0,0,0
9/16/2026 11:28:02 AM,-1.6454300411418081,7.524800080299378,0,0,0
9/16/2026 11:28:03 AM,-0.7514500186424703,0.5749001035690308,0,0,0
9/16/2026 11:28:04 AM,-0.9373200114965439,-14.842700277328492,0,0,0
9/16/2026 11:28:05 AM,-0.5717900075912475,-3.4533003425598148,0,0,0
9/16/2026 11:28:06 AM,-4.16305014872551,3.8221995582580566,0.40296001052856445,3.5903001403808594,0.0004599999897181988
9/16/2026 11:28:07 AM,-2.9477901196479794,9.732099922180176,8.357040218353271,74.45970291137695,0.009539999786764383
9/16/2026 11:28:08 AM,-3.522000316143036,-12.834599922180177,0,0,0
9/16/2026 11:28:09 AM,-3.6052202353477476,9.640200061798096,0,0,0
9/16/2026 11:28:10 AM,-3.0112002105712894,1.1051000781059266,0,0,0
9/16/2026 11:28:11 AM,-1.7821800179481506,-7.586200108528137,0,0,0
9/16/2026 11:28:12 AM,-2.901030084133148,4.649800146341324,0,0,0
9/16/2026 11:28:13 AM,-2.3138600267171863,5.937399902582168,0,0,0
9/16/2026 11:28:14 AM,-1.5255500684976577,5.273900121688842,0,0,0
9/16/2026 11:28:15 AM,-1.3500699915885925,-17.914899501800537,0,0,0
9/16/2026 11:28:16 AM,-1.7174201023578644,-3.2086998081207274,0,0,0
9/16/2026 11:28:17 AM,-1.6505700831413268,-17.446297470092773,0,0,0
9/16/2026 11:28:18 AM,-2.232880034804344,-4.109200519561768,0,0,0
9/16/2026 11:28:19 AM,-0.03375996959209443,22.390500190734866,0,0,0
9/16/2026 11:28:20 AM,-3.5125199818611144,32.6511005897522,0,0,0
9/16/2026 11:28:21 AM,-2.3840201122611764,30.172600402832032,0.5968500175476074,6.511300140380859,0.0004599999897181988
9/16/2026 11:28:22 AM,-1.7042500652521848,15.930600259780885,5.8906501731872565,64.26370138549805,0.004539999898523092
9/16/2026 11:28:23 AM,-1.526210058927536,11.773499855041505,0,0,0
9/16/2026 11:28:24 AM,-0.4232499775886535,-12.3666998462677,0,0,0
9/16/2026 11:28:25 AM,-1.3932800719738008,6.101700108528138,0,0,0
9/16/2026 11:28:26 AM,-2.1626100182533263,3.7320003337860106,0,0,0
9/16/2026 11:28:27 AM,-2.148280107975006,1.4065999479293823,0,0,0
9/16/2026 11:28:28 AM,-2.4090300874710087,-5.764500190734863,0,0,0
9/16/2026 11:28:29 AM,-3.0945600824356077,14.700600208282472,0,0,0
9/16/2026 11:28:30 AM,-1.9434900805950166,10.664000286102295,0,0,0
9/16/2026 11:28:31 AM,-1.9169800767451524,14.618700277328493,0,0,0
9/16/2026 11:28:32 AM,-2.1511700027137994,4.514800016403198,0,0,0
9/16/2026 11:28:33 AM,-1.494500126838684,0.9307999572753902,0,0,0
9/16/2026 11:28:34 AM,-0.607910057067871,4.872199756622315,0,0,0
9/16/2026 11:28:35 AM,0.9826799774169921,30.301299311637877,0,0,0
9/16/2026 11:28:36 AM,-2.8248301169872283,1.1554999780654907,0.2465599842071533,4.0066002807617185,0.0004599999897181988
9/16/2026 11:28:37 AM,-1.5402200345993042,4.317299913406373,5.113439672470093,83.09340582275391,0.009539999786764383
9/16/2026 11:28:38 AM,-1.4730400688648224,-5.6299000778198245,0,0,0
9/16/2026 11:28:39 AM,-1.3272300565242767,6.2732000865936275,0,0,0
9/16/2026 11:28:40 AM,-1.4898000998497007,11.76139979171753,0,0,0
9/16/2026 11:28:41 AM,-3.2511701564788815,3.3413996448516854,0,0,0
9/16/2026 11:28:42 AM,-1.4335200626850129,-14.963700515747071,0,0,0
9/16/2026 11:28:43 AM,-1.6639499895572663,-1.5040998268127437,0,0,0
9/16/2026 11:28:44 AM,-1.5745099885463716,19.015200058937072,0,0,0
9/16/2026 11:28:45 AM,0.39416002178192133,-2.930699844360352,0,0,0
9/16/2026 11:28:46 AM,-2.081710127592087,43.07370037269592,0,0,0
9/16/2026 11:28:47 AM,-3.371620064973831,-22.842800771713257,0,0,0
9/16/2026 11:28:48 AM,-3.944050019264221,-9.621200134277345,0,0,0
9/16/2026 11:28:49 AM,-0.8642300696372985,-10.9173002948761,0,0,0
9/16/2026 11:28:50 AM,-2.1182200064659122,-12.861399934768675,0.580290033340454,5.7385,0.0004599999897181988
9/16/2026 11:28:51 AM,-1.9368600363731385,11.036900547027587,12.034710691452025,119.0115,0.009539999786764383
9/16/2026 11:28:52 AM,-0.703440013051033,5.059900466918947,0,0,0
9/16/2026 11:28:53 AM,0.20560999859869478,-2.6732000427246096,0,0,0
9/16/2026 11:28:54 AM,-1.2221700499057768,3.280499809265136,0,0,0
9/16/2026 11:28:55 AM,-0.7210100345015527,-10.780299746513368,0,0,0
9/16/2026 11:28:56 AM,0.7660099814534187,-8.469999880790711,0,0,0
9/16/2026 11:28:57 AM,-1.819970028400421,7.4708999824523925,0,0,0
9/16/2026 11:28:58 AM,-2.549130230665207,-5.439800087690353,0,0,0
9/16/2026 11:28:59 AM,-0.030530008733272523,-6.8920000777244566,0,0,0
9/16/2026 11:29:00 AM,-4.765420208930969,3.0088009185791007,0,0,0
9/16/2026 11:29:01 AM,-1.8220900292396545,-12.367699653625488,0,0,0
9/16/2026 11:29:02 AM,-2.003190021753311,17.109700078725815,0,0,0
9/16/2026 11:29:03 AM,-1.6993400760889052,0.2716001863479616,0,0,0
9/16/2026 11:29:04 AM,-1.5329900329113006,18.732299913406372,0.5460200386047364,6.325,0.0004599999897181988
9/16/2026 11:29:05 AM,-0.3623000096231699,6.736799774169922,11.32398080062866,131.17499999999998,0.009539999786764383
9/16/2026 11:29:06 AM,1.1215300841331481,-22.443600355148313,0,0,0
9/16/2026 11:29:07 AM,-2.239520091533661,-14.077399169921875,0,0,0
9/16/2026 11:29:08 AM,-1.4763200387954711,-3.5254000282287596,0,0,0
9/16/2026 11:29:09 AM,-1.261110032081604,-8.019000143051146,0,0,0
9/16/2026 11:29:10 AM,-2.0910200707912447,-13.175599834442139,0,0,0
9/16/2026 11:29:11 AM,-1.5267000365257262,-17.3913996887207,0,0,0
9/16/2026 11:29:12 AM,-2.1902900302410124,13.913299750328063,0,0,0
9/16/2026 11:29:13 AM,-1.7310000071525573,21.060899571418766,0,0,0
9/16/2026 11:29:14 AM,-2.1426499989032743,-3.884899956703186,0,0,0
9/16/2026 11:29:15 AM,-1.5795500077009201,-1.9293997402191168,0,0,0
9/16/2026 11:29:16 AM,-1.9826800787448882,-0.015200325012206584,0,0,0
9/16/2026 11:29:17 AM,-2.343520175933838,1.3794000740051269,0,0,0
9/16/2026 11:29:18 AM,-2.053460035324097,16.67300043296814,0,0,0
9/16/2026 11:29:19 AM,-1.6674200356006623,-3.9495002641677854,2.8473900833129884,53.07120249938965,0.00545999987795949
9/16/2026 11:29:20 AM,-1.952680207490921,-0.7628000106811523,2.3676100692749023,44.12880207824707,0.004539999898523092
9/16/2026 11:29:21 AM,-1.9663001325130463,-5.96539990901947,0,0,0
9/16/2026 11:29:22 AM,-1.473350047826767,-2.3907999911308293,0,0,0
9/16/2026 11:29:23 AM,-1.5728701268434524,-2.779499903321266,0,0,0
9/16/2026 11:29:24 AM,-3.1253600883483883,8.376400173187255,0,0,0
9/16/2026 11:29:25 AM,-1.3147600417137144,11.426400077819824,0,0,0
9/16/2026 11:29:26 AM,-2.2379000625610352,6.2675999221801755,0,0,0
9/16/2026 11:29:27 AM,-1.2658400359153748,6.136999904632568,0,0,0
9/16/2026 11:29:28 AM,-1.5336600165367127,1.968899839401245,0,0,0
9/16/2026 11:29:29 AM,-2.1257801246643067,0.6795997314453124,0,0,0
9/16/2026 11:29:30 AM,-2.0827801461219786,1.047200015068054,0,0,0
9/16/2026 11:29:31 AM,-2.159300066947937,-0.10440002918243396,0,0,0
9/16/2026 11:29:32 AM,-1.7893800683021546,1.774000142097473,0,0,0
9/16/2026 11:29:33 AM,-1.9742800269126892,-2.9895999817848207,2.055690187454224,38.43840083312988,0.00545999987795949
9/16/2026 11:29:34 AM,-1.766760027885437,0.6222000389099125,1.7093101558685304,31.961600692749023,0.004539999898523092
9/16/2026 11:29:35 AM,-1.4231400623321533,8.539999568939209,0,0,0
9/16/2026 11:29:36 AM,-1.7079201374053956,4.876000047683716,0,0,0
9/16/2026 11:29:37 AM,-1.6134600949287414,3.7498000335693358,0,0,0
9/16/2026 11:29:38 AM,-2.0411200776100156,-1.3091999425888061,0,0,0
9/16/2026 11:29:39 AM,-1.2495000326633454,14.294599922180176,0,0,0
9/16/2026 11:29:40 AM,-1.3842000021934509,-9.775800145030022,0,0,0
9/16/2026 11:29:41 AM,-1.8530800318717957,-13.010000074386596,0,0,0
9/16/2026 11:29:42 AM,-1.9063000407218933,-2.303199990272522,0,0,0
9/16/2026 11:29:43 AM,-2.2222801456451418,-2.1327999749183655,0,0,0
9/16/2026 11:29:44 AM,-2.40758003950119,-7.0445999469757075,0,0,0
9/16/2026 11:29:45 AM,-1.6498399989604948,6.058000214576721,0,0,0
9/16/2026 11:29:46 AM,-1.4978400374650955,-4.928999880790711,0,0,0
9/16/2026 11:29:47 AM,-1.5082999811172484,9.79940020751953,0.14627999210357664,4.14690007019043,0.0004599999897181988
9/16/2026 11:29:48 AM,-2.046920039176941,-4.167200062274933,3.033719836235046,86.00310145568848,0.009539999786764383
9/16/2026 11:29:49 AM,-0.8784800062179565,-8.20540012359619,0,0,0
9/16/2026 11:29:50 AM,-2.871140178203583,17.476200607299802,0,0,0
9/16/2026 11:29:51 AM,0.06690003824233992,12.993399894714354,0,0,0
9/16/2026 11:29:52 AM,-0.9273599338531494,15.308199081420897,0,0,0
9/16/2026 11:29:53 AM,-1.4409400179386138,24.035999570846556,0,0,0
9/16/2026 11:29:54 AM,-0.792940042257309,-11.872,0,0,0
9/16/2026 11:29:55 AM,-0.42540003657340997,2.017799674987793,0,0,0
9/16/2026 11:29:56 AM,-1.797540136814117,29.485400264739994,0,0,0
9/16/2026 11:29:57 AM,-1.4270200989246367,-29.87900057220459,0,0,0
9/16/2026 11:29:58 AM,-1.5846800718307494,6.228799957275392,0,0,0
9/16/2026 11:29:59 AM,-0.9870800247192383,-10.65639992904663,0,0,0
9/16/2026 11:30:00 AM,-1.1476199707984924,0.6839985790252712,0,0,0
9/16/2026 11:30:01 AM,-1.3878199987411501,-26.57820026493072,0.8712401123046875,12.737399719238281,0.0004599999897181988
9/16/2026 11:30:02 AM,1.323319983959198,3.788800537109375,18.068762329101563,264.1625941772461,0.009539999786764383
9/16/2026 11:30:03 AM,-1.1934400424957274,23.891400451660154,0,0,0
9/16/2026 11:30:04 AM,-0.5722600064277649,9.485399513244628,0,0,0
9/16/2026 11:30:05 AM,-2.5916001014709473,40.6472006072998,0,0,0
9/16/2026 11:30:06 AM,0.5210400848388673,3.6167995834350606,0,0,0
9/16/2026 11:30:07 AM,0.047480006337165814,-12.904400363922122,0,0,0
9/16/2026 11:30:08 AM,-1.728980100631714,-4.033400053977967,0,0,0
9/16/2026 11:30:09 AM,-1.0250599900484083,-34.34679929351807,0,0,0
9/16/2026 11:30:10 AM,1.24502004891634,6.570399509429931,0,0,0
9/16/2026 11:30:11 AM,0.6136000185012818,-36.71679977416992,0,0,0
9/16/2026 11:30:12 AM,-1.132580124139786,2.8639994277954095,0,0,0
9/16/2026 11:30:13 AM,-1.928020170211792,26.33839988708496,0,0,0
9/16/2026 11:30:14 AM,0.22615994977951048,-1.9410015182495108,0,0,0
9/16/2026 11:30:15 AM,1.9048999834060671,24.375799234390257,0.7981000175476074,9.4415,0.0004599999897181988
9/16/2026 11:30:16 AM,-3.5588602833747864,6.754400077819823,16.55190036392212,195.80849999999998,0.009539999786764383
9/16/2026 11:30:17 AM,-2.7129600353240964,10.368199844360351,0,0,0
9/16/2026 11:30:18 AM,-0.5465000035762786,33.41440026855469,0,0,0
9/16/2026 11:30:19 AM,-3.757540188789368,28.231799865722653,0,0,0
9/16/2026 11:30:20 AM,-0.08704004096984852,28.876999713897703,0,0,0
9/16/2026 11:30:21 AM,-2.869280119895935,54.18960125350952,0,0,0
9/16/2026 11:30:22 AM,-2.9473800233900547,56.06940084838867,0,0,0
9/16/2026 11:30:23 AM,0.879179970100522,31.705199987411497,0,0,0
9/16/2026 11:30:24 AM,-0.3405600805282595,82.28319833374023,0,0,0
9/16/2026 11:30:25 AM,-2.454620091199875,28.779400253295897,0,0,0
9/16/2026 11:30:26 AM,-5.978080425143242,23.04980072784424,0,0,0
9/16/2026 11:30:27 AM,-3.862920384407043,2.873799766540527,0,0,0
9/16/2026 11:30:28 AM,2.3819600191116335,-24.718,0,0,0
9/16/2026 11:30:29 AM,3.639079981803894,47.002999618530275,0,0,0
9/16/2026 11:30:30 AM,-0.3914200372695923,-13.40159987258911,1.0508700561523436,12.406200561523438,0.0004599999897181988
9/16/2026 11:30:31 AM,-2.149160082817078,0.4287997722625736,21.79413116455078,257.2938116455078,0.009539999786764383
9/16/2026 11:30:32 AM,-3.535120150566101,24.747800247192384,0,0,0
9/16/2026 11:30:33 AM,-4.139280067920685,17.618000427246095,0,0,0
9/16/2026 11:30:34 AM,-2.152660071134567,5.763600067138672,0,0,0
9/16/2026 11:30:35 AM,-2.50381999874115,10.617599685668946,0,0,0
9/16/2026 11:30:36 AM,-2.4105400123596192,0.2748000162541866,0,0,0
9/16/2026 11:30:37 AM,-2.528780186653137,0.07760000039637088,0,0,0
9/16/2026 11:30:38 AM,-2.6079601354599,0.19280000066757202,0,0,0
9/16/2026 11:30:39 AM,-2.165620118141174,0.7525999802350998,0,0,0
9/16/2026 11:30:40 AM,-2.0669001259803768,0.09480001258850096,0,0,0
9/16/2026 11:30:41 AM,-1.8785800828933714,1.5316001024246215,0,0,0
9/16/2026 11:30:42 AM,-2.272480049133301,2.155200005084276,0,0,0
9/16/2026 11:30:43 AM,-2.2095999875068664,-1.388400018826127,0,0,0
9/16/2026 11:30:44 AM,-2.2994600257873534,1.1753999571800233,0,0,0
9/16/2026 11:30:45 AM,-2.1657600450515746,-1.259000030040741,0,0,0
9/16/2026 11:30:46 AM,-1.7880000853538514,-2.248599935770035,0,0,0
9/16/2026 11:30:47 AM,-0.664380048751831,23.676399218559265,0,0,0
9/16/2026 11:30:48 AM,-0.7716200280189514,-2.423200074195862,0,0,0
9/16/2026 11:30:49 AM,-0.7321000401973725,2.3342000410556794,0,0,0
9/16/2026 11:30:50 AM,-1.0868200552463532,1.5927999917268751,0,0,0
9/16/2026 11:30:51 AM,-0.7434800415039062,-0.13100000347197055,0,0,0
9/16/2026 11:30:52 AM,-0.847460031747818,-0.7364000107049942,0,0,0
9/16/2026 11:30:53 AM,-0.9417400312423706,-0.6126000101566315,0,0,0
9/16/2026 11:30:54 AM,-0.8141200349330902,-1.4373999868631362,0,0,0
9/16/2026 11:30:55 AM,-1.229940041065216,-0.2069999940395355,0,0,0
9/16/2026 11:30:56 AM,-1.299740071773529,-0.07040000104904175,0,0,0
9/16/2026 11:30:57 AM,-0.39546001738309855,14.04640038177371,0,0,0
9/16/2026 11:30:58 AM,-0.6990800187587738,-0.005599997460842127,0,0,0
9/16/2026 11:30:59 AM,-0.6813800356388091,0.030599999696016317,0,0,0
9/16/2026 11:31:00 AM,-0.6632600054740905,0.07400000000000001,0,0,0
9/16/2026 11:31:01 AM,-0.6865400063991546,0.20359999972581863,0,0,0
9/16/2026 11:31:02 AM,-0.44814002323150637,-0.19500001180171966,0,0,0
9/16/2026 11:31:03 AM,-0.6827400538921355,-5.08360010266304,0,0,0
9/16/2026 11:31:04 AM,-1.2908200657367705,0.21539999294281004,0,0,0
9/16/2026 11:31:05 AM,-1.5385200228691103,0.06879998707771301,0,0,0
9/16/2026 11:31:06 AM,-1.528820056438446,-0.034200002372264865,0,0,0
9/16/2026 11:31:07 AM,-1.5186800174713135,0.20359999972581863,0,0,0
9/16/2026 11:31:08 AM,-1.5380600829124451,-0.10260000270605088,0,0,0
9/16/2026 11:31:09 AM,-1.5152000098228453,0.043400002509355544,0,0,0
9/16/2026 11:31:10 AM,-1.5328600282669067,0.15560000121593476,0,0,0
9/16/2026 11:31:11 AM,-1.5334200630187989,-0.02500000037252903,0.974610046863556,12.803700416564942,0.00545999987795949
9/16/2026 11:31:12 AM,-1.5322400531768798,0.17499999701976776,0.8103900389671326,10.646300346374511,0.004539999898523092
9/16/2026 11:31:13 AM,-1.4844400148391723,-0.199,0,0,0
9/16/2026 11:31:14 AM,-1.5148999857902528,0.18780000948905948,0,0,0
9/16/2026 11:31:15 AM,-1.5155599851608277,0.0223999996483326,0,0,0
9/16/2026 11:31:16 AM,-1.5133200225830077,-0.21580000287294387,0,0,0
9/16/2026 11:31:17 AM,-1.5537800436019897,0.17300000444054603,0,0,0
9/16/2026 11:31:18 AM,-1.4945800538063048,0.3954000136852264,0,0,0
9/16/2026 11:31:19 AM,-1.376200047492981,17.378200005412104,0,0,0
9/16/2026 11:31:20 AM,-1.2435101010799408,11.609000004470348,0,0,0
9/16/2026 11:31:21 AM,-1.359340020418167,0.07759999674558642,0,0,0
9/16/2026 11:31:22 AM,-1.4098000860214235,-0.011800009489059446,0,0,0
9/16/2026 11:31:23 AM,-1.4052000308036805,-0.11090000486373902,0,0,0
9/16/2026 11:31:24 AM,-1.4298000669479372,0.05890000274032354,0,0,0
9/16/2026 11:31:25 AM,-1.4206900756359102,0.16779999845474958,0,0,0
9/16/2026 11:31:26 AM,-1.4199700112342835,-0.14479998862743376,0,0,0
9/16/2026 11:31:27 AM,-1.4036500322818757,0.2520000054463744,0.49381002807617186,62.921104492187496,0.0004599999897181988
9/16/2026 11:31:28 AM,-1.4131900286674501,-0.07270000108331441,10.24119058227539,1304.9289931640624,0.009539999786764383
9/16/2026 11:31:29 AM,-2.4399601504802706,-9.193099999323488,0,0,0
9/16/2026 11:31:30 AM,-3.430660114765167,0.06119999922066927,0,0,0
9/16/2026 11:31:31 AM,-3.3865800595283506,-0.03850000057369471,0,0,0
9/16/2026 11:31:32 AM,-3.387270150661468,0.16120000426471234,0,0,0
9/16/2026 11:31:33 AM,-3.369540135383606,0.0365000025779009,0,0,0
9/16/2026 11:31:34 AM,-3.3309602475166322,-0.10439999729394911,0,0,0
9/16/2026 11:31:35 AM,-2.6950100688934326,-2.0728999999314546,0,0,0
9/16/2026 11:31:36 AM,-2.9780700750350952,0.1773000009506941,0,0,0
9/16/2026 11:31:37 AM,-2.86106006193161,0.07730000284314156,0,0,0
9/16/2026 11:31:38 AM,-2.4607401456832885,-12.97499980777502,0,0,0
9/16/2026 11:31:39 AM,-2.423130127429962,0.19800000378489493,0,0,0
9/16/2026 11:31:40 AM,-2.328160044670105,0.24049999157339336,0,0,0
9/16/2026 11:31:41 AM,-2.2620701131820677,-0.09540000328421594,0,0,0
9/16/2026 11:31:42 AM,-2.3004301252365114,-0.0273000004068017,0,0,0
9/16/2026 11:31:43 AM,-2.27181015253067,0.0773000030145049,0,0,0
9/16/2026 11:31:44 AM,-2.2575000524520874,-0.05460000267624855,0,0,0
9/16/2026 11:31:45 AM,-2.2618100538253785,-0.020400000303983687,0,0,0
9/16/2026 11:31:46 AM,-2.243850119590759,0.02270000033825636,2.3942101249694825,27.218101249694826,0.00545999987795949
9/16/2026 11:31:47 AM,-2.018200072288513,1.2328999794721602,1.9907901039123537,22.631901039123537,0.004539999898523092
9/16/2026 11:31:48 AM,-0.3041899347305298,14.969399814926089,0,0,0
9/16/2026 11:31:49 AM,-2.43500018119812,0.015800000064074993,0,0,0
9/16/2026 11:31:50 AM,-2.441810109615326,0.004600000239908691,0,0,0
9/16/2026 11:31:51 AM,-2.4304600663185116,-0.020400000303983687,0,0,0
9/16/2026 11:31:52 AM,-2.4277300148010257,0.04540000067651272,0,0,0
9/16/2026 11:31:53 AM,-2.4463801593780516,-0.04770000071078539,0,0,0
9/16/2026 11:31:54 AM,-2.4581899967193603,-0.0023000000342726706,0,0,0
9/16/2026 11:31:55 AM,-2.4593101415634155,-0.12040000179409982,0,0,0
9/16/2026 11:31:56 AM,-2.466119983673096,0.02500000037252903,0,0,0
9/16/2026 11:31:57 AM,-2.4400001764297485,0.07270000108331443,0,0,0
9/16/2026 11:31:58 AM,-2.439770171165466,-0.009200000137090682,0,0,0
9/16/2026 11:31:59 AM,-2.432500123977661,-0.13850000206381083,0,0,0
9/16/2026 11:32:00 AM,-2.4161201395988465,0.02270000033825636,0,0,0
9/16/2026 11:32:01 AM,-2.4104600853919984,0.0319000006467104,0,0,0
9/16/2026 11:32:02 AM,-2.4127300181388858,0.06810000270605088,0,0,0
9/16/2026 11:32:03 AM,-2.3997699818611147,-0.009200000137090682,0,0,0
9/16/2026 11:32:04 AM,-2.4008901486396788,-0.018099998407065866,0,0,0
9/16/2026 11:32:05 AM,-2.367040067195892,-0.05000000074505806,0,0,0
9/16/2026 11:32:06 AM,-2.360230138778687,-0.04770000071078539,0,0,0
9/16/2026 11:32:07 AM,-2.3595401339530944,-0.02500000037252903,0,0,0
9/16/2026 11:32:08 AM,-2.3536201395988465,0.08420000311732292,0,0,0
9/16/2026 11:32:09 AM,-2.338190089225769,0.09080000135302543,0,0,0
9/16/2026 11:32:10 AM,-2.3370400958061217,0,0,0,0
9/16/2026 11:32:11 AM,-2.3345400385856627,0.0273000004068017,0,0,0
9/16/2026 11:32:12 AM,-2.323620048999786,0.02270000033825636,0,0,0
9/16/2026 11:32:13 AM,-2.3161500616073605,0,0,0,0
9/16/2026 11:32:14 AM,-2.31204011964798,-0.0023000000342726706,0,0,0
9/16/2026 11:32:15 AM,-2.3113501148223876,-0.04540000067651272,0,0,0
9/16/2026 11:32:16 AM,-2.3004600710868837,0.020400000303983687,0,0,0
9/16/2026 11:32:17 AM,-2.3079601235389706,-0.018100000269711015,0,0,0
9/16/2026 11:32:18 AM,-2.306350130558014,0.08190000104904174,0,0,0
9/16/2026 11:32:19 AM,-2.2902300753593443,0.1408000004068017,0,0,0
9/16/2026 11:32:20 AM,-2.2897700867652895,-0.02500000037252903,0,0,0
9/16/2026 11:32:21 AM,-2.2752302088737486,0.09540000328421594,0,0,0
9/16/2026 11:32:22 AM,-2.2718100442886358,0.0023000000342726715,0,0,0
9/16/2026 11:32:23 AM,-2.2690802092552183,0.004600000068545341,0,0,0
9/16/2026 11:32:24 AM,-2.255230000495911,0.09540000142157078,0,0,0
9/16/2026 11:32:25 AM,-2.2520400576591495,-0.006900000274181366,0,0,0
9/16/2026 11:32:26 AM,-2.2388501243591308,-0.02270000202953816,0,0,0
9/16/2026 11:32:27 AM,-2.2279600915908815,-0.040800000607967374,0,0,0
9/16/2026 11:32:28 AM,-2.229540246963501,-0.004600000068545343,0,0,0
9/16/2026 11:32:29 AM,-2.189510003566742,-0.14540000589191915,0,0,0
9/16/2026 11:32:30 AM,-2.142930096626282,-0.10460000528395176,0,0,0
9/16/2026 11:32:31 AM,-2.114770134449005,0.07500000298023224,0,0,0
9/16/2026 11:32:32 AM,-2.105230251789093,-0.04770000071078539,0,0,0
9/16/2026 11:32:33 AM,-2.1125000715255737,0.07270000108331443,0,0,0
9/16/2026 11:32:34 AM,-2.0972700915336606,0.029600000441074373,0,0,0
9/16/2026 11:32:35 AM,-2.0845401468276976,0.07730000132322311,0,0,0
9/16/2026 11:32:36 AM,-2.090000033378601,0.09080000304430724,0,0,0
9/16/2026 11:32:37 AM,-2.081120101451874,0.07270000108331441,0,0,0
9/16/2026 11:32:38 AM,-2.074540048122406,-0.0658000009804964,0,0,0
9/16/2026 11:32:39 AM,-2.26679011964798,9.679600000813602,0,0,0
9/16/2026 11:32:40 AM,53.021924691200255,41.108901688903565,0,0,0
9/16/2026 11:32:41 AM,-2.230839992105961,774.0365044190138,0,0,0
9/16/2026 11:32:42 AM,1.6497200182080267,0.24770000369101763,0,0,0
9/16/2026 11:32:43 AM,66.10088185667992,-303.7250066647008,0,0,0
9/16/2026 11:32:44 AM,-0.878870015412569,215.5650914106369,0,0,0
9/16/2026 11:32:45 AM,-0.9183100007772446,558.363522772789,0,0,0
9/16/2026 11:32:46 AM,0.43012001863121996,-352.11741662597655,0,0,0
9/16/2026 11:32:47 AM,-0.2018100005686283,11.22759999935329,139.66133633422854,1582.9086533203126,60.952461227417
9/16/2026 11:32:48 AM,-0.19569000032544137,0.16349999736249446,116.1286569519043,1316.1914443359376,50.682083145141604
9/16/2026 11:32:49 AM,-0.2020400003492832,0.013500000029802322,0,0,0
9/16/2026 11:32:50 AM,-0.19250000268220901,-0.06580000267177821,0,0,0
9/16/2026 11:32:51 AM,-0.1827299977838993,-0.031900000475347044,0,0,0
9/16/2026 11:32:52 AM,-0.15292001035809516,31.68539943780005,0,0,0
9/16/2026 11:32:53 AM,70.17349696075917,224.8914938964844,0,0,0
9/16/2026 11:32:54 AM,42.39071929371357,488.3002811279297,0,0,0
9/16/2026 11:32:55 AM,0.46142000761628155,518.6996888805479,0,0,0
9/16/2026 11:32:56 AM,0.18123000263422728,-13.56710034455359,0,0,0
9/16/2026 11:32:57 AM,-0.06319000171869993,0.5152000212073327,0,0,0
9/16/2026 11:32:58 AM,-0.054540001660585403,-0.043100000642240045,0,0,0
9/16/2026 11:32:59 AM,-0.050660002041608095,0.0273000004068017,0,0,0
9/16/2026 11:33:00 AM,-0.024110000986605883,0.14770000220090151,0,0,0
9/16/2026 11:33:01 AM,-0.0577300028577447,0.015800000064074993,103.11210333251954,1862.8156333007814,1.8157636213302613
9/16/2026 11:33:02 AM,-0.04385000168532133,-0.09310000307857991,85.7379027709961,1548.9346108398438,1.5098107767105102
9/16/2026 11:33:03 AM,-0.02931000031903386,0.02500000037252903,0,0,0
9/16/2026 11:33:04 AM,-0.019310001366771756,-0.05000000074505806,0,0,0
9/16/2026 11:33:05 AM,-0.00477000033762306,0.0546000008136034,0,0,0
9/16/2026 11:33:06 AM,-0.002500000176951289,0.04540000067651272,0,0,0
9/16/2026 11:33:07 AM,0.002730000193230808,-0.07500000298023224,0,0,0
9/16/2026 11:33:08 AM,-0.0002300000162795187,-0.02500000037252903,0,0,0
9/16/2026 11:33:09 AM,-0.007270000281743705,-0.07500000298023224,0,0,0
9/16/2026 11:33:10 AM,0.0056900004027411345,-0.0023000000342726706,0,0,0
9/16/2026 11:33:11 AM,0.019770001377910375,-0.020400000303983687,0,0,0
9/16/2026 11:33:12 AM,0.028190001741051674,-0.0023000000342726715,0,0,0
9/16/2026 11:33:13 AM,0.03727000145241618,-0.0704000029116869,0,0,0
9/16/2026 11:33:14 AM,0.02730000049248338,0.04540000067651272,0,0,0
9/16/2026 11:33:15 AM,0.05431000153720379,0,0,0,0
9/16/2026 11:33:16 AM,32.93589289367199,-409.9205,0,0,0
9/16/2026 11:33:17 AM,-1.2997600701451302,644.1587938613891,0,0,0
9/16/2026 11:33:18 AM,7.850450380384922,-157.75450701141358,0,0,0
9/16/2026 11:33:19 AM,88.40533425998687,-723.702193335235,0,0,0
9/16/2026 11:33:20 AM,-0.6014600412845611,-0.18160000270605087,0,0,0
9/16/2026 11:33:21 AM,-0.3736500026583672,0.029600000441074373,0,0,0
9/16/2026 11:33:22 AM,-0.38066000676155093,0.04540000067651272,0,0,0
9/16/2026 11:33:23 AM,-0.3502299938201904,-0.040800000607967374,0,0,0
9/16/2026 11:33:24 AM,-0.35658000266551976,0.1135000016912818,97.55655166625978,1876.301673339844,1.1284490418434143
9/16/2026 11:33:25 AM,-0.3241700106263161,-13.367300281099974,81.11845138549805,1560.1482778320312,0.9383074450492859
9/16/2026 11:33:26 AM,56.192860746383666,-433.247606628418,0,0,0
9/16/2026 11:33:27 AM,0.8784100358486175,349.66812799072267,0,0,0
9/16/2026 11:33:28 AM,71.12703704428672,-492.0520905990601,0,0,0
9/16/2026 11:33:29 AM,111.02204454326629,-246.20771367645267,0,0,0
9/16/2026 11:33:30 AM,4.741189856886864,128.08748168945314,0,0,0
9/16/2026 11:33:31 AM,62.188068647384654,-2.175405120849647,0,0,0
9/16/2026 11:33:32 AM,-1.0494000796079637,-21.680501767002045,0,0,0
9/16/2026 11:33:33 AM,0.0540599953830242,0.9272999877408147,0,0,0
9/16/2026 11:33:34 AM,-0.1668100048303604,0.02500000037252903,0,0,0
9/16/2026 11:33:35 AM,-0.1672700111567974,0.05000000074505806,0,0,0
9/16/2026 11:33:36 AM,-0.15000000596046448,-0.013800000548362732,0,0,0
9/16/2026 11:33:37 AM,-0.17530000513792038,0.006099992766976342,0,0,0
9/16/2026 11:33:38 AM,2.7549298564195634,43.406699977979066,48.163643432617185,819.7572578124999,0.3838523464202881
9/16/2026 11:33:39 AM,46.76047925949097,1008.8678753051759,114.5513681640625,1949.6929375,0.9129461212158203
9/16/2026 11:33:40 AM,122.4426344230175,413.1175972290039,0,0,0
9/16/2026 11:33:41 AM,1.03671005743742,-142.63448779296874,0,0,0
9/16/2026 11:33:42 AM,-0.13620000794902445,-1.274999976158142,0,0,0
9/16/2026 11:33:43 AM,-0.01931000049971044,0.02500000037252903,0,0,0
9/16/2026 11:33:44 AM,-0.010460000740364194,0.04770000071078539,0,0,0
9/16/2026 11:33:45 AM,-0.013390000969171523,-0.020400000303983687,0,0,0
9/16/2026 11:33:46 AM,0.011350000591948628,0.02270000033825636,0,0,0
9/16/2026 11:33:47 AM,-0.21921999651379884,91.6869011234194,0,0,0
9/16/2026 11:33:48 AM,9.360010611534118,350.7162994384766,0,0,0
9/16/2026 11:33:49 AM,102.7897150144577,328.7556822509766,0,0,0
9/16/2026 11:33:50 AM,0.42669999825954436,-351.42928872521225,0,0,0
9/16/2026 11:33:51 AM,-0.3218000013977289,5.222700191445649,0,0,0
9/16/2026 11:33:52 AM,-0.10549000237882138,0.050300001434981825,0,0,0
9/16/2026 11:33:53 AM,-0.18387999737262725,0.3132000114321709,0,0,0
9/16/2026 11:33:54 AM,-0.21773999986052514,-0.05430000098049641,0,0,0
9/16/2026 11:33:55 AM,-0.642960042476654,0.1908000030145049,0,0,0
9/16/2026 11:33:56 AM,-0.6518100340366364,0.05230000077933073,195.23889514160157,2417.332677734375,43.01538221740723
9/16/2026 11:33:57 AM,-0.6393100432157517,0.07270000108331443,50.03609875488281,619.517419921875,11.024042678833007
9/16/2026 11:33:58 AM,-0.6243100006580352,0.043100000642240045,0,0,0
9/16/2026 11:33:59 AM,-0.6058900154829026,0.004600000068545343,0,0,0
9/16/2026 11:34:00 AM,-0.578190017580986,-0.02500000037252903,0,0,0
9/16/2026 11:34:01 AM,-0.5900000333786011,0.02500000037252903,0,0,0
9/16/2026 11:34:02 AM,-0.5897700308561326,0.02500000037252903,0,0,0
9/16/2026 11:34:03 AM,-0.5875000059604645,-0.01350000037252903,0,0,0
9/16/2026 11:34:04 AM,-0.587960008263588,0.1135,0,0,0
9/16/2026 11:34:05 AM,-0.5843100090026856,0.05230000077933073,0,0,0
9/16/2026 11:34:06 AM,-0.5959200277328491,0.05230000077933073,0,0,0
9/16/2026 11:34:07 AM,-0.6018100193738938,0.04540000067651272,0,0,0
9/16/2026 11:34:08 AM,-0.5904600058794023,0,0,0,0
9/16/2026 11:34:09 AM,-0.5925000309944154,0.02500000037252903,0,0,0
9/16/2026 11:34:10 AM,-0.5947700288295745,0.02500000037252903,0,0,0
9/16/2026 11:34:11 AM,-0.5884200050830841,0,0,0,0
9/16/2026 11:34:12 AM,-0.5986200251579284,0.04540000067651272,0,0,0
9/16/2026 11:34:13 AM,-0.5975000262260437,-0.12730000393092633,0,0,0
9/16/2026 11:34:14 AM,-0.5838500365018845,-0.26580000565201045,0,0,0
9/16/2026 11:34:15 AM,-0.5627300295829772,0.020400000303983687,0,0,0
9/16/2026 11:34:16 AM,-0.5691099964380265,0.0023000000342726715,0,0,0
9/16/2026 11:34:17 AM,-0.5947700288295745,-0.02500000037252903,0,0,0
9/16/2026 11:34:18 AM,-0.5925000309944153,-0.0273000004068017,0,0,0
9/16/2026 11:34:19 AM,-0.5918100289106369,0.0273000004068017,0,0,0
9/16/2026 11:34:20 AM,-0.5777300180196763,0.04770000071078539,0,0,0
9/16/2026 11:34:21 AM,-0.5861500370502473,-0.0023000000342726697,0,0,0
9/16/2026 11:34:22 AM,-0.5845400087833404,-0.04540000067651272,0,0,0
9/16/2026 11:34:23 AM,-0.5920400286912919,-0.02500000037252903,0,0,0
9/16/2026 11:34:24 AM,-0.5863500070571899,0.036500000372529026,0,0,0
9/16/2026 11:34:25 AM,-0.5575000047683716,0.11810000006854535,0,0,0
9/16/2026 11:34:26 AM,-0.5597700026035308,0.10000000149011612,0,0,0
9/16/2026 11:34:27 AM,-0.5600000023841858,0.04540000067651272,0,0,0
9/16/2026 11:34:28 AM,-0.5613800010681153,-0.02500000037252903,0,0,0
9/16/2026 11:34:29 AM,-0.5797699862718582,0.0704000029116869,0,0,0
9/16/2026 11:34:30 AM,-0.5647700248956681,-0.14310000213235619,0,0,0
9/16/2026 11:34:31 AM,-0.5718100209236144,-8.673617379884035E-19,0,0,0
9/16/2026 11:34:32 AM,-0.562729999780655,0.02270000033825636,0,0,0
9/16/2026 11:34:33 AM,-0.567040025472641,0,0,0,0
9/16/2026 11:34:34 AM,-0.5600000023841858,-0.04770000071078539,0,0,0
9/16/2026 11:34:35 AM,-0.5572700049877166,-0.013800000034272671,0,0,0
9/16/2026 11:34:36 AM,-0.5502300117015838,-0.0588999991863966,0,0,0
9/16/2026 11:34:37 AM,-0.5543100078105927,0.02270000033825636,0,0,0
9/16/2026 11:34:38 AM,-0.5452300164699555,-0.0023000000342726715,0,0,0
9/16/2026 11:34:39 AM,-0.5427300188541412,0.0023000000342726706,0,0,0
9/16/2026 11:34:40 AM,-0.5481900136470794,0.02500000037252903,0,0,0
9/16/2026 11:34:41 AM,-0.5640799984931946,-0.02270000033825636,0,0,0
9/16/2026 11:34:42 AM,-0.5554600067138672,0.04540000067651272,0,0,0
9/16/2026 11:34:43 AM,-0.5550000071525574,0.0023000000342726706,0,0,0
9/16/2026 11:34:44 AM,-0.5504600114822388,0.02270000033825636,0,0,0
9/16/2026 11:34:45 AM,-0.5515800104141235,0.004600000068545341,0,0,0
9/16/2026 11:34:46 AM,-0.5370400242805481,0.040800000607967374,0,0,0
9/16/2026 11:34:47 AM,-0.5359200253486633,0.10000000521540642,0,0,0
9/16/2026 11:34:48 AM,-0.5681900271177291,0.004600000068545343,0,0,0
9/16/2026 11:34:49 AM,-0.5552000340223312,0.10000000149011612,0,0,0
9/16/2026 11:34:50 AM,-0.5222700383663178,-0.05000000074505806,0,0,0
9/16/2026 11:34:51 AM,-0.5231900374889374,-0.07270000294595957,0,0,0
9/16/2026 11:34:52 AM,-0.5422700192928314,0.0977000033184886,0,0,0
9/16/2026 11:34:53 AM,-0.5300000309944153,-0.029600000441074373,0,0,0
9/16/2026 11:34:54 AM,-0.5195400409698487,-0.020400000303983687,0,0,0
9/16/2026 11:34:55 AM,-0.5177300426959992,-0.02270000033825636,0,0,0
9/16/2026 11:34:56 AM,-0.5193100411891937,-0.006900000102818013,0,0,0
9/16/2026 11:34:57 AM,-0.5077300196886063,-0.04770000071078539,0,0,0
9/16/2026 11:34:58 AM,-0.5077300251722335,-0.05000000074505806,0,0,0
9/16/2026 11:34:59 AM,-0.5095400505065919,0.029600000441074373,0,0,0
9/16/2026 11:35:00 AM,-0.5100000500679016,0.02270000033825636,0,0,0
9/16/2026 11:35:01 AM,-0.5047700523138046,0.04770000071078539,0,0,0
9/16/2026 11:35:02 AM,-0.4952300072908401,-0.02500000037252903,0,0,0
9/16/2026 11:35:03 AM,-0.49954004377126693,-0.006900000102818011,0,0,0
9/16/2026 11:35:04 AM,-0.4915800201892853,-0.09080000135302543,0,0,0
9/16/2026 11:35:05 AM,-0.4918400267958641,0.05000000074505806,0,0,0
9/16/2026 11:35:06 AM,-0.49112003415822986,0.05000000074505806,0,0,0
9/16/2026 11:35:07 AM,-0.48772999817132956,-0.05230000077933073,0,0,0
9/16/2026 11:35:08 AM,-0.515690017580986,0.006900000102818013,0,0,0
9/16/2026 11:35:09 AM,-2.3944101449251174,9.233400191411375,0,0,0
9/16/2026 11:35:10 AM,-2.1005300014019013,1.5916000090092421,0,0,0
9/16/2026 11:35:11 AM,-1.583790093421936,0.3930999946817756,0,0,0
9/16/2026 11:35:12 AM,-1.2402700610160826,-9.738300197653473,0,0,0
9/16/2026 11:35:13 AM,-1.8869600639343262,-1.4609000530242922,0,0,0
9/16/2026 11:35:14 AM,-1.028360083937645,-1.3281000030487775,0,0,0
9/16/2026 11:35:15 AM,-0.9176300525069236,-0.1546000023037195,0,0,0
9/16/2026 11:35:16 AM,-0.34181000185012816,-0.170400004401803,0,0,0
9/16/2026 11:35:17 AM,-0.3286500144004822,-0.06810000101476908,1.343839988708496,11.011200225830077,0.002959999933838844
9/16/2026 11:35:18 AM,-0.38061999911069866,-0.4626000084355473,3.196159973144531,26.188800537109373,0.007039999842643738
9/16/2026 11:35:19 AM,-0.8966600252389908,-4.789700086593628,0,0,0
9/16/2026 11:35:20 AM,-0.7645400131940843,0.0319000006467104,0,0,0
9/16/2026 11:35:21 AM,-0.7597699934244156,0.06810000270605088,0,0,0
9/16/2026 11:35:22 AM,-0.7654600448608398,-0.004600000068545341,0,0,0
9/16/2026 11:35:23 AM,-0.7522700248956681,-0.02270000033825636,0,0,0
9/16/2026 11:35:24 AM,-0.7518100308179856,-0.02270000033825636,0,0,0
9/16/2026 11:35:25 AM,-0.7497700570821763,0.07270000294595957,0,0,0
9/16/2026 11:35:26 AM,-1.7576500091552736,-44.0224015256688,0,0,0
9/16/2026 11:35:27 AM,-1.0115801026821136,0.2747000057846308,0,0,0
9/16/2026 11:35:28 AM,-1.003190062046051,0.0273000004068017,0,0,0
9/16/2026 11:35:29 AM,-1.0029600512981416,-8.673617379884035E-19,0,0,0
9/16/2026 11:35:30 AM,-1.0040800259113312,-0.03420000068098307,0,0,0
9/16/2026 11:35:31 AM,-1.001119996190071,-0.09770000314712525,0,0,0
9/16/2026 11:35:32 AM,-0.9829599891901017,-0.04540000067651272,0,0,0
9/16/2026 11:35:33 AM,-0.9902300120592117,-0.006900000274181366,0,0,0
9/16/2026 11:35:34 AM,-0.9804600456953049,-0.10000000335276127,0,0,0
9/16/2026 11:35:35 AM,-0.9840800151824952,-0.06350000263750553,3.872539817810059,122.982,0.007959999822080135
9/16/2026 11:35:36 AM,-0.9750000238418579,0.06810000101476908,0.9924599533081054,31.517999999999997,0.0020399999544024466
9/16/2026 11:35:37 AM,-0.9727299962043763,0.05460000267624855,0,0,0
9/16/2026 11:35:38 AM,-0.9565800414085388,0.02500000037252903,0,0,0
9/16/2026 11:35:39 AM,-0.9597700383663177,-0.009200000308454036,0,0,0
9/16/2026 11:35:40 AM,-0.9527300152778626,-0.09310000307857991,0,0,0
9/16/2026 11:35:41 AM,-0.9661200295686722,0.10000000149011612,0,0,0
9/16/2026 11:35:42 AM,-0.9550300185680389,0.018400000274181365,0,0,0
9/16/2026 11:35:43 AM,-0.9777000483274461,0.125,0,0,0
9/16/2026 11:35:44 AM,-0.9470400477647782,0.17240000256896018,0,0,0
9/16/2026 11:35:45 AM,-0.9361500012874603,-0.163500004298985,0,0,0
9/16/2026 11:35:46 AM,-0.9468099938631058,0.12040000179409982,0,0,0
9/16/2026 11:35:47 AM,-0.9329600313901902,-0.004600000239908694,0,0,0
9/16/2026 11:35:48 AM,-0.9333900039196014,-0.06810000270605088,0,0,0
9/16/2026 11:35:49 AM,-0.9179600186347961,0.05000000074505806,0,0,0
9/16/2026 11:35:50 AM,-0.9020400338172913,0,0,0,0
9/16/2026 11:35:51 AM,-0.9097700264453887,0.0023000000342726706,0,0,0
9/16/2026 11:35:52 AM,-0.9122700240612029,-0.029600000441074373,0,0,0
9/16/2026 11:35:53 AM,-0.9102300260066987,8.673617379884035E-19,0,0,0
9/16/2026 11:35:54 AM,-0.9040800318717956,8.673617379884035E-19,0,0,0
9/16/2026 11:35:55 AM,-0.9357500396966933,-0.0273000004068017,0,0,0
9/16/2026 11:35:56 AM,-0.9963500901460649,0.0069000001028180135,0,0,0
9/16/2026 11:35:57 AM,-0.988650073170662,0.05000000074505806,0,0,0
9/16/2026 11:35:58 AM,-1.0068400530815125,-0.004600000068545343,0,0,0
9/16/2026 11:35:59 AM,-0.9747100484371185,0.0023000000342726715,0,0,0
9/16/2026 11:36:00 AM,-3.093490037679672,8.431400173187257,0,0,0
9/16/2026 11:36:01 AM,-5.229940149307251,-9.79980017308891,0,0,0
9/16/2026 11:36:02 AM,-5.196210284233094,-0.12700000189244748,0,0,0
9/16/2026 11:36:03 AM,-5.239220189094543,0.1135000033825636,0,0,0
9/16/2026 11:36:04 AM,-5.060860288619995,-0.12960000345110895,0,0,0
9/16/2026 11:36:05 AM,-4.99385011959076,-0.19310000304877756,0,0,0
9/16/2026 11:36:06 AM,-4.95131014919281,-0.1991999988555908,0,0,0
9/16/2026 11:36:07 AM,-4.483190070152283,-1.171199976861477,0,0,0
9/16/2026 11:36:08 AM,-4.490920008659363,0,2.5885202484130856,17.049600677490233,0.002959999933838844
9/16/2026 11:36:09 AM,-4.495230129241944,-0.0023000000342726706,6.156480590820312,40.55040161132812,0.007039999842643738
9/16/2026 11:36:10 AM,-4.510000228881836,0.02500000037252903,0,0,0
9/16/2026 11:36:11 AM,-4.493620114326477,-0.04770000071078539,0,0,0
9/16/2026 11:36:12 AM,-4.465890216827392,0.020400000303983687,0,0,0
9/16/2026 11:36:13 AM,-4.450920307159424,-0.0046000000685453395,0,0,0
9/16/2026 11:36:14 AM,-4.465690362930298,-0.0385000005736947,0,0,0
9/16/2026 11:36:15 AM,-4.455429977416992,0.07270000108331443,0,0,0
9/16/2026 11:36:16 AM,-4.451380079269409,-0.004600000068545341,0,0,0
9/16/2026 11:36:17 AM,-4.454080379486084,-0.04770000071078539,0,0,0
9/16/2026 11:36:18 AM,-4.432960134506225,8.673617379884035E-19,0,0,0
9/16/2026 11:36:19 AM,-4.444540161132813,8.673617379884035E-19,0,0,0
9/16/2026 11:36:20 AM,-4.4352299480438235,0.05690000271052122,0,0,0
9/16/2026 11:36:21 AM,-4.4506900634765625,0.03620000053942203,0,0,0
9/16/2026 11:36:22 AM,-4.45701049041748,-0.13620000202953816,0,0,0
9/16/2026 11:36:23 AM,-4.3843099966049195,0.04770000071078539,0,0,0
9/16/2026 11:36:24 AM,-4.3645400209426874,0.05000000074505806,0,0,0
9/16/2026 11:36:25 AM,-4.364080226898194,-0.07270000108331441,0,0,0
9/16/2026 11:36:26 AM,-4.340689929962159,0.12040000365674496,0,0,0
9/16/2026 11:36:27 AM,-4.377960284233094,-0.0023000000342726706,0,0,0
9/16/2026 11:36:28 AM,-4.374310006141663,-0.02270000033825636,0,0,0
9/16/2026 11:36:29 AM,-4.359310139656067,0,0,0,0
9/16/2026 11:36:30 AM,-4.342270204544068,0.02500000037252903,0,0,0
9/16/2026 11:36:31 AM,-4.333850033760071,-0.05230000077933073,0,0,0
9/16/2026 11:36:32 AM,-4.306120136260986,-0.02270000033825636,0,0,0
9/16/2026 11:36:33 AM,-4.285690318107605,0.0023000000342726706,0,0,0
9/16/2026 11:36:34 AM,-4.308420123100281,0.04770000071078539,0,0,0
9/16/2026 11:36:35 AM,-4.3177301197052005,0.0273000004068017,0,0,0
9/16/2026 11:36:36 AM,-4.306580341339112,0.05460000098496676,0,0,0
9/16/2026 11:36:37 AM,-4.31091996383667,0.06810000270605088,0,0,0
9/16/2026 11:36:38 AM,-4.31589035987854,-0.01350000037252903,0,0,0
9/16/2026 11:36:39 AM,-4.29046042728424,0.09079999966174364,0,0,0
9/16/2026 11:36:40 AM,-4.299540202140808,0.02270000033825636,0,0,0
9/16/2026 11:36:41 AM,-4.294770309448243,-0.05000000074505806,0,0,0
9/16/2026 11:36:42 AM,-4.277500152587891,-0.10230000152438878,0,0,0
9/16/2026 11:36:43 AM,-4.284310308456421,0.0273000004068017,0,0,0
9/16/2026 11:36:44 AM,-4.2708900451660154,0.0023000000342726706,0,0,0
9/16/2026 11:36:45 AM,-4.2456901178359985,0.02270000033825636,0,0,0
9/16/2026 11:36:46 AM,-4.255000114440918,-0.0273000004068017,0,0,0
9/16/2026 11:36:47 AM,-4.242040078163147,0.03650000054389238,0,0,0
9/16/2026 11:36:48 AM,-4.232270071029663,0.1316000019609928,0,0,0
9/16/2026 11:36:49 AM,-4.228620009422302,-0.06350000094622374,0,0,0
9/16/2026 11:36:50 AM,-3.280350002527237,0.8834999890848991,0,0,0
9/16/2026 11:36:51 AM,-3.9842501623630526,98.30229853355885,0,0,0
9/16/2026 11:36:52 AM,5.746680589675902,1078.6902827949523,0,0,0
9/16/2026 11:36:53 AM,65.14816415715218,-305.94259463119505,0,0,0
9/16/2026 11:36:54 AM,0.467349999845028,0.8916005439758363,0,0,0
9/16/2026 11:36:55 AM,-0.2753700129687786,13.306799826204777,0,0,0
9/16/2026 11:36:56 AM,-0.15449000862240791,0.34400000056624414,0,0,0
9/16/2026 11:36:57 AM,-0.4452300224304199,0.8218000223934651,0,0,0
9/16/2026 11:36:58 AM,-0.4613500219583511,-0.02500000037252903,0,0,0
9/16/2026 11:36:59 AM,-0.4334200187921524,-0.0273000004068017,173.31706048583985,2106.4946777343753,11.692642234802246
9/16/2026 11:37:00 AM,-0.43681001418828963,-0.015800000064074993,44.417940124511716,539.855419921875,2.9966068038940428
9/16/2026 11:37:01 AM,-0.42454001235961913,-0.013800000548362737,0,0,0
9/16/2026 11:37:02 AM,-0.4165800050497055,-0.07040000274032354,0,0,0
9/16/2026 11:37:03 AM,-0.40477002984285354,-0.07270000108331443,0,0,0
9/16/2026 11:37:04 AM,-0.39046000015735627,-0.05000000074505806,0,0,0
9/16/2026 11:37:05 AM,-0.39862000590562824,-0.006900000274181366,0,0,0
9/16/2026 11:37:06 AM,-0.37431000065803527,-0.10230000321567059,0,0,0
9/16/2026 11:37:07 AM,-0.365230009317398,-0.08850000131875277,0,0,0
9/16/2026 11:37:08 AM,-0.36408000904321675,0.02270000033825636,0,0,0
9/16/2026 11:37:09 AM,-0.3254800014011562,-0.004600000068545341,0,0,0
9/16/2026 11:37:10 AM,0.020000001415610313,-0.07040000104904175,0,0,0
9/16/2026 11:37:11 AM,0.02592000136896968,0.02500000037252903,0,0,0
9/16/2026 11:37:12 AM,0.04342000228911638,0.02270000033825636,0,0,0
9/16/2026 11:37:13 AM,53.75744156205654,-26.266298876546323,0,0,0
9/16/2026 11:37:14 AM,18.78073043626547,52.92792272949219,0,0,0
9/16/2026 11:37:15 AM,119.61216128730774,-637.380724975586,0,0,0
9/16/2026 11:37:16 AM,40.099180457115175,200.81747558593753,0,0,0
9/16/2026 11:37:17 AM,44.14861878728866,-81.70299894714357,0,0,0
9/16/2026 11:37:18 AM,-0.8395500536561012,-45.56810069423914,0,0,0
9/16/2026 11:37:19 AM,-0.4677300009727478,0,0,0,0
9/16/2026 11:37:20 AM,-0.4647700037956238,-0.004600000068545341,0,0,0
9/16/2026 11:37:21 AM,-0.4520400159358978,-0.018100000269711015,0,0,0
9/16/2026 11:37:22 AM,-0.44089001029729846,-0.020400000132620336,149.06293951416018,2079.3111611328127,2.4177626247406008
9/16/2026 11:37:23 AM,-0.42319002991914756,0.06580000267177821,38.20205987548828,532.8887900390624,0.619627607345581
9/16/2026 11:37:24 AM,-0.42385004144907,-0.02270000033825636,0,0,0
9/16/2026 11:37:25 AM,-0.40069002157449723,-0.02270000033825636,0,0,0
9/16/2026 11:37:26 AM,-0.3983900196552277,-0.0023000000342726715,0,0,0
9/16/2026 11:37:27 AM,-0.3897700143456459,0.0273000004068017,0,0,0
9/16/2026 11:37:28 AM,-0.16932999763078987,0.05000000074505806,0,0,0
9/16/2026 11:37:29 AM,0.01773000104352832,-0.02500000037252903,0,0,0
9/16/2026 11:37:30 AM,0.03046000211313367,0.015800000064074993,0,0,0
9/16/2026 11:37:31 AM,0.035690002039074895,-0.08850000301003456,0,0,0
9/16/2026 11:37:32 AM,0.052960002161562436,0.14540000216662885,0,0,0
9/16/2026 11:37:33 AM,0.06273000181466341,-0.0273000004068017,0,0,0
9/16/2026 11:37:34 AM,0.06569000136852264,-0.05230000077933073,0,0,0
9/16/2026 11:37:35 AM,0.08888000263273717,-0.02500000037252903,0,0,0
9/16/2026 11:37:36 AM,0.0925000086426735,-0.018100000269711015,0,0,0
9/16/2026 11:37:37 AM,0.102040005967021,0.020400000303983687,0,0,0
9/16/2026 11:37:38 AM,0.10069000558555126,-0.03850000057369471,0,0,0
9/16/2026 11:37:39 AM,0.11615000574290753,0.19080000284314155,0,0,0
9/16/2026 11:37:40 AM,0.12158000595867634,0,0,0,0
9/16/2026 11:37:41 AM,0.12342000626027584,-0.0023000000342726706,0,0,0
9/16/2026 11:37:42 AM,0.13500000536441803,-0.02270000033825636,0,0,0
9/16/2026 11:37:43 AM,0.13727000319957736,-0.006900000274181366,0,0,0
9/16/2026 11:37:44 AM,0.14115000832080843,-0.038500002264976504,0,0,0
9/16/2026 11:37:45 AM,0.16273000872135163,0.040800000607967374,0,0,0
9/16/2026 11:37:46 AM,0.14750000834465027,-0.12270000369101762,0,0,0
9/16/2026 11:37:47 AM,0.16500000655651093,-0.02270000033825636,0,0,0
9/16/2026 11:37:48 AM,0.17296000641584397,-0.05000000074505806,0,0,0
9/16/2026 11:37:49 AM,0.17865000236034392,0.0023000000342726706,0,0,0
9/16/2026 11:37:50 AM,0.09399000390432775,0.02270000033825636,0,0,0
9/16/2026 11:37:51 AM,0.0027300001718103886,0.02500000037252903,0,0,0
9/16/2026 11:37:52 AM,0.01796000099554658,0.020400000303983687,0,0,0
9/16/2026 11:37:53 AM,0.02796000077202916,0.004600000068545343,0,0,0
9/16/2026 11:37:54 AM,0.03750000149011612,0.02500000037252903,0,0,0
9/16/2026 11:37:55 AM,0.03819000151753426,0.09770000145584345,0,0,0
9/16/2026 11:37:56 AM,0.05000000074505806,-0.020400000303983687,0,0,0
9/16/2026 11:37:57 AM,0.05819000310450793,-0.004600000068545343,0,0,0
9/16/2026 11:37:58 AM,0.07000000402331354,-0.05000000074505806,0,0,0
9/16/2026 11:37:59 AM,0.06546000497043132,-0.07270000108331443,0,0,0
9/16/2026 11:38:00 AM,0.09319000494480133,-0.07500000298023224,0,0,0
9/16/2026 11:38:01 AM,0.09819000796973706,0.04770000071078539,0,0,0
9/16/2026 11:38:02 AM,0.10750000923871995,-0.07270000108331443,0,0,0
9/16/2026 11:38:03 AM,0.11046000641584397,-0.0023000000342726706,0,0,0
9/16/2026 11:38:04 AM,0.11454000252485276,-0.02270000033825636,0,0,0
9/16/2026 11:38:05 AM,0.12365000604093075,0.07500000298023224,0,0,0
9/16/2026 11:38:06 AM,0.13569000539183618,-0.0319000006467104,0,0,0
9/16/2026 11:38:07 AM,0.15023001319169998,-0.09310000307857991,0,0,0
9/16/2026 11:38:08 AM,0.15773000672459603,-0.05000000074505806,0,0,0
9/16/2026 11:38:09 AM,0.16569000589847566,-0.006900000274181366,0,0,0
9/16/2026 11:38:10 AM,0.17295999965071676,-0.05890000256896019,0,0,0
9/16/2026 11:38:11 AM,0.16546000611782072,0.19770000311732291,0,0,0
9/16/2026 11:38:12 AM,0.1897699978351593,0.07500000298023224,0,0,0
9/16/2026 11:38:13 AM,0.19046000531315804,0.09540000311285257,0,0,0
9/16/2026 11:38:14 AM,0.21184000864624977,0.0977000033184886,0,0,0
9/16/2026 11:38:15 AM,-0.008349995136260988,1.5364999761581422,0,0,0
9/16/2026 11:38:16 AM,-0.47089001148939136,0.1135,0,0,0
9/16/2026 11:38:17 AM,-0.4486500205397606,-0.04310000047087669,0,0,0
9/16/2026 11:38:18 AM,-0.4581600236296654,0.11810000345110894,0,0,0
9/16/2026 11:38:19 AM,-0.4388500271439552,0.04770000071078539,0,0,0
9/16/2026 11:38:20 AM,-0.28123001071810727,0.029600000441074373,0,0,0
9/16/2026 11:38:21 AM,-0.16612000411748884,0.04080000043660402,0,0,0
9/16/2026 11:38:22 AM,-0.15000000596046448,-0.04310000233352185,0,0,0
9/16/2026 11:38:23 AM,-0.13977000081539154,-0.0546000008136034,0,0,0
9/16/2026 11:38:24 AM,-0.1390800078958273,-0.04540000067651272,2.507400075912476,26.78540121459961,0.007959999822080135
9/16/2026 11:38:25 AM,-0.10977000707387924,0.0273000004068017,0.642600019454956,6.864600311279297,0.0020399999544024466
9/16/2026 11:38:26 AM,-0.10454000392556191,0.02500000037252903,0,0,0
9/16/2026 11:38:27 AM,-0.0925000011920929,0.04540000067651272,0,0,0
9/16/2026 11:38:28 AM,-0.09135000126063823,0.0023000000342726715,0,0,0
9/16/2026 11:38:29 AM,-0.06750000268220901,0,0,0,0
9/16/2026 11:38:30 AM,-0.07454000307619572,-0.02270000033825636,0,0,0
9/16/2026 11:38:31 AM,-0.0545400033518672,-0.04770000257343054,0,0,0
9/16/2026 11:38:32 AM,-0.04908000245690346,0.04770000071078539,0,0,0
9/16/2026 11:38:33 AM,-0.03681000154837966,0.02270000033825636,0,0,0
9/16/2026 11:38:34 AM,-0.020230001367628574,-0.05230000077933073,0,0,0
9/16/2026 11:38:35 AM,-0.02112000086065382,-0.02270000033825636,0,0,0
9/16/2026 11:38:36 AM,0.00023000001627951848,-0.05230000077933073,0,0,0
9/16/2026 11:38:37 AM,0.007730000525712967,-0.02270000033825636,0,0,0
9/16/2026 11:38:38 AM,0.01773000104352832,0.02270000033825636,0,0,0
9/16/2026 11:38:39 AM,0.018420001070946455,-0.12040000179409982,0,0,0
9/16/2026 11:38:40 AM,0.03750000149011612,-0.02500000037252903,0,0,0
9/16/2026 11:38:41 AM,0.047300001822412015,0.020400000303983687,0,0,0
9/16/2026 11:38:42 AM,0.06816000203043222,0.07500000111758709,0,0,0
9/16/2026 11:38:43 AM,0.056610001571476457,0.004600000068545343,0,0,0
9/16/2026 11:38:44 AM,0.08842000272870064,0.04770000071078539,0,0,0
9/16/2026 11:38:45 AM,0.1022700060904026,-0.0273000004068017,0,0,0
9/16/2026 11:38:46 AM,0.10569000419974327,-0.13850000020116568,0,0,0
9/16/2026 11:38:47 AM,0.13092000655829908,0.13390000182390213,0,0,0
9/16/2026 11:38:48 AM,0.13000000268220901,-0.04540000236779452,0,0,0
9/16/2026 11:38:49 AM,0.1456900107562542,-0.043100000642240045,0,0,0
9/16/2026 11:38:50 AM,0.15523000910878182,0.04540000067651272,0,0,0
9/16/2026 11:38:51 AM,0.1504600129723549,-0.05000000074505806,0,0,0
9/16/2026 11:38:52 AM,0.15704000669717788,0.02500000037252903,0,0,0
9/16/2026 11:38:53 AM,0.16592000567913057,0,0,0,0
9/16/2026 11:38:54 AM,0.18318999734520913,-0.05230000077933073,0,0,0
9/16/2026 11:38:55 AM,0.19546000054478646,-0.13190000196546317,0,0,0
9/16/2026 11:38:56 AM,0.2020400115251541,-0.026000000387430187,0,0,0
9/16/2026 11:38:57 AM,0.207960007250309,0.03520000052452087,0,0,0
9/16/2026 11:38:58 AM,0.14978000995144247,-0.08520000126957894,0,0,0
9/16/2026 11:38:59 AM,0.01592000048048794,0.010200000151991843,0,0,0
9/16/2026 11:39:00 AM,0.02500000037252903,-0.014800000220537185,0,0,0
9/16/2026 11:39:01 AM,0.028420001313090325,-0.010200000151991843,0,0,0
9/16/2026 11:39:02 AM,0.0504600017517805,-0.03520000052452087,0,0,0
9/16/2026 11:39:03 AM,0.06592000411450863,-0.014800000220537186,0,0,0
9/16/2026 11:39:04 AM,0.0899000028371811,-0.005599998980760579,0,0,0
9/16/2026 11:39:05 AM,0.10250000655651093,0.0111999998241663,0,0,0
9/16/2026 11:39:06 AM,0.10694000673294067,-0.05560000158846378,0,0,0
9/16/2026 11:39:07 AM,0.1284200070798397,0,0,0,0
9/16/2026 11:39:08 AM,0.128520004093647,-0.03520000052452087,0,0,0
9/16/2026 11:39:09 AM,0.13250000774860382,0.0602000008970499,0,0,0
9/16/2026 11:39:10 AM,0.14786000937223434,-0.02500000037252903,0,0,0
9/16/2026 11:39:11 AM,0.16796000373363495,-0.0546000008136034,0,0,0
9/16/2026 11:39:12 AM,0.1839800003170967,-0.020400000303983687,0,0,0
9/16/2026 11:39:13 AM,0.19545999985933302,-0.06480000096559524,0,0,0
9/16/2026 11:39:14 AM,0.2054600096344948,0.014800000220537186,0,0,0
9/16/2026 11:39:15 AM,0.2029600089788437,0,0,0,0
9/16/2026 11:39:16 AM,0.2188800191879272,0.014800000220537185,0,0,0
9/16/2026 11:39:17 AM,0.1714600043296814,-0.004600000068545341,0,0,0
9/16/2026 11:39:18 AM,0.00046000003255903697,0.0546000008136034,0,0,0
9/16/2026 11:39:19 AM,0.01796000127121806,0.03980000059306621,0,0,0
9/16/2026 11:39:20 AM,0.0030600002165883777,-0.23880000355839728,0,0,0
9/16/2026 11:39:21 AM,-0.0019400001373142003,0.018400000274181365,0,0,0
9/16/2026 11:39:22 AM,-0.00704000049829483,0.021399999216198923,0,0,0
9/16/2026 11:39:23 AM,0.04072000150382518,0.09900000071525573,0,0,0
9/16/2026 11:39:24 AM,-0.46184002032876015,0.020400000303983687,0,0,0
9/16/2026 11:39:25 AM,-0.5870399887561798,-0.014800000220537185,0,0,0
9/16/2026 11:39:26 AM,-0.5745400183200836,0.009200001239776608,0,0,0
9/16/2026 11:39:27 AM,-0.5670399956703186,0.02600000114738941,0,0,0
9/16/2026 11:39:28 AM,-0.5535200085639953,-0.08520000126957893,0,0,0
9/16/2026 11:39:29 AM,-0.5476000142097472,-0.0602000008970499,0,0,0
9/16/2026 11:39:30 AM,-0.5280600328445435,-0.039800000593066216,0,0,0
9/16/2026 11:39:31 AM,-0.5200000405311584,0.029600000441074373,0,0,0
9/16/2026 11:39:32 AM,-0.5040800082683563,0.020400000303983687,0,0,0
9/16/2026 11:39:33 AM,-0.49852001023292536,0.014800000220537186,0,0,0
9/16/2026 11:39:34 AM,-0.4960200098752975,-0.06940000213682651,0,0,0
9/16/2026 11:39:35 AM,-0.48101999437808984,-0.040800001367926594,0,0,0
9/16/2026 11:39:36 AM,-0.4885200197696685,-0.009200001239776608,0,0,0
9/16/2026 11:39:37 AM,-0.4744400182962417,-0.020400001063942907,0,0,0
9/16/2026 11:39:38 AM,-0.4701000196933746,-0.03980000059306621,0,0,0
9/16/2026 11:39:39 AM,-0.44908002483844756,-0.005600000083446502,0,0,0
9/16/2026 11:39:40 AM,-0.4430600156784058,-0.004600000068545341,0,0,0
9/16/2026 11:39:41 AM,-0.4400000125169754,-0.08520000313222409,0,0,0
9/16/2026 11:39:42 AM,-0.43454001772403716,0.06480000096559524,0,0,0
9/16/2026 11:39:43 AM,-0.4304600216150284,-0.014800000220537186,0,0,0
9/16/2026 11:39:44 AM,-0.4150999976396561,0,0,0,0
9/16/2026 11:39:45 AM,-0.43184002304077146,-0.010200000151991845,0,0,0
9/16/2026 11:39:46 AM,-0.4355600228309632,-0.009200001239776608,0,0,0
9/16/2026 11:39:47 AM,-0.42010002267360685,-0.005600000843405721,0,0,0
9/16/2026 11:39:48 AM,-0.17472000509500502,1.5148000002205373,0,0,0
9/16/2026 11:39:49 AM,-0.09852000221610069,0.010200000151991843,0,0,0
9/16/2026 11:39:50 AM,-0.08454000285267829,0,0,0,0
9/16/2026 11:39:51 AM,-0.07010000476241113,0.02500000037252903,0,0,0
9/16/2026 11:39:52 AM,-0.06352000427246093,0.02500000037252903,0,0,0
9/16/2026 11:39:53 AM,-0.051580003038048744,-0.1092000016272068,0,0,0
9/16/2026 11:39:54 AM,-0.04454000264406204,0.08880000132322312,0,0,0
9/16/2026 11:39:55 AM,-0.03546000115573406,0.03520000052452087,0,0,0
9/16/2026 11:39:56 AM,-0.04000000283122063,0.0602000008970499,0,0,0
9/16/2026 11:39:57 AM,-0.0581200028732419,0.014800000220537185,0,0,0
9/16/2026 11:39:58 AM,-0.13658000469207765,-1.734723475976807E-18,0,0,0
9/16/2026 11:39:59 AM,-0.11704000386595725,0.005600000083446504,0,0,0
9/16/2026 11:40:00 AM,-0.10500001162290573,-0.07040000104904175,0,0,0
9/16/2026 11:40:01 AM,-0.10000000521540642,-0.014800000220537185,0,0,0
9/16/2026 11:40:02 AM,-0.09806000417470931,-0.07500000111758709,0,0,0
9/16/2026 11:40:03 AM,-0.08750000223517418,0.004600000068545341,0,0,0
9/16/2026 11:40:04 AM,-0.0870400041937828,-0.014800000220537186,0,0,0
9/16/2026 11:40:05 AM,-0.07250000536441803,0.0546000008136034,0,0,0
9/16/2026 11:40:06 AM,-0.07250000536441803,-0.024000001460313794,0,0,0
9/16/2026 11:40:07 AM,-0.05612000174820423,0.01380000054836273,0,0,0
9/16/2026 11:40:08 AM,-0.040100001156330105,0.0010000007748603816,0,0,0
9/16/2026 11:40:09 AM,-0.0434200009778142,-0.025999999284744266,0,0,0
9/16/2026 11:40:10 AM,-0.048520002916455265,0.03060000121593475,0,0,0
9/16/2026 11:40:11 AM,-0.02612000138312578,0.02960000044107437,0,0,0
9/16/2026 11:40:12 AM,-0.012960000917315483,-0.034200000509619716,0,0,0
9/16/2026 11:40:13 AM,-0.014540000796318054,-0.020400000303983687,0,0,0
9/16/2026 11:40:14 AM,0.0028599997889250514,-0.07500000298023224,0,0,0
9/16/2026 11:40:15 AM,0.02500000037252903,-0.014800000220537185,0,0,0
9/16/2026 11:40:16 AM,0.02944000110030174,-0.02500000037252903,0,0,0
9/16/2026 11:40:17 AM,0.03602000069618225,0.06480000282824039,0,0,0
9/16/2026 11:40:18 AM,0.04842000141739845,-0.02960000044107437,0,0,0
9/16/2026 11:40:19 AM,0.05990000274777413,0.08420000311732292,0,0,0
9/16/2026 11:40:20 AM,0.0720400013923645,-0.04440000066161156,0,0,0
9/16/2026 11:40:21 AM,0.07842000260949135,-0.08420000015199183,0,0,0
9/16/2026 11:40:22 AM,0.08000000193715096,0.009200002759695057,0,0,0
9/16/2026 11:40:23 AM,0.07704000255465507,-0.03980000059306621,0,0,0
9/16/2026 11:40:24 AM,0.08148000425100327,-0.04540000067651272,0,0,0
9/16/2026 11:40:25 AM,0.07796000236272811,0.06020000275969505,0,0,0
9/16/2026 11:40:26 AM,0.09398000198602677,0.010200000151991847,0,0,0
9/16/2026 11:40:27 AM,0.11240000373125075,-0.05560000082850456,0,0,0
9/16/2026 11:40:28 AM,0.12444000121951102,0.010200000151991843,0,0,0
9/16/2026 11:40:29 AM,0.12306000116467475,0.02500000037252903,0,0,0
9/16/2026 11:40:30 AM,0.1399000020623207,-0.03520000052452087,0,0,0
9/16/2026 11:40:31 AM,0.15000000596046448,0.10460000266134739,0,0,0
9/16/2026 11:40:32 AM,0.15796001023054124,0.015800000995397565,0,0,0
9/16/2026 11:40:33 AM,0.17046000134944916,-0.03980000059306621,0,0,0
9/16/2026 11:40:34 AM,0.18194000226259233,0.06940000289678573,0,0,0
9/16/2026 11:40:35 AM,0.18897999858856201,-0.019400000289082526,0,0,0
9/16/2026 11:40:36 AM,0.19046000158786774,-0.020400000303983687,0,0,0
9/16/2026 11:40:37 AM,0.1994400048851967,-0.014800000220537185,0,0,0
9/16/2026 11:40:38 AM,0.15886000585556032,-0.08520000313222409,0,0,0
9/16/2026 11:40:39 AM,0.007960000563412905,0,0,0,0
9/16/2026 11:40:40 AM,0.02046000074967742,0.02500000037252903,0,0,0
9/16/2026 11:40:41 AM,0.032400001414120194,-0.02500000037252903,0,0,0
9/16/2026 11:40:42 AM,0.052960003092885025,-0.05559999972581864,0,0,0
9/16/2026 11:40:43 AM,0.051020001292228695,0.020400001063942907,0,0,0
9/16/2026 11:40:44 AM,0.06730000230669975,0.010200000151991843,0,0,0
9/16/2026 11:40:45 AM,0.08556000339984893,0.02500000037252903,0,0,0
9/16/2026 11:40:46 AM,0.09092000406980513,-0.048999999627470966,0,0,0
9/16/2026 11:40:47 AM,-0.14410001325607297,0.062800003901124,0,0,0
9/16/2026 11:40:48 AM,-0.8027200622558593,0.16280000352859497,0,0,0
9/16/2026 11:40:49 AM,-0.9365800130367279,0.14840000449120996,0,0,0
9/16/2026 11:40:50 AM,-0.6949000078439713,3.2914001574516294,0,0,0
9/16/2026 11:40:51 AM,-2.23776003241539,-34.095999120771886,0,0,0
9/16/2026 11:40:52 AM,-1.4525000720024108,0.09900000444054605,0,0,0
9/16/2026 11:40:53 AM,-0.982600016593933,-0.06940000027418136,0,0,0
9/16/2026 11:40:54 AM,-0.9745400066375731,0,0,0,0
9/16/2026 11:40:55 AM,-0.7571600065231323,0.14760000109672544,0,0,0
9/16/2026 11:40:56 AM,-0.5046800110340118,0.026799997434020006,0,0,0
9/16/2026 11:40:57 AM,-0.32024000978469847,-1.7385999480336904,0,0,0
9/16/2026 11:40:58 AM,-0.19509999883174894,-1.075599961310625,0,0,0
9/16/2026 11:40:59 AM,-0.1839800003170967,0.03420000161230564,17.555780242919923,95.16180242919923,0.007959999822080135
9/16/2026 11:41:00 AM,-0.19545999985933302,5.2013997761309145,4.499220062255859,24.388200622558593,0.0020399999544024466
9/16/2026 11:41:01 AM,-0.24072000551223754,3.529199844360351,0,0,0
9/16/2026 11:41:02 AM,-0.23714001393318174,0.014800000220537185,0,0,0
9/16/2026 11:41:03 AM,-0.23500000685453415,0.0602000008970499,0,0,0
9/16/2026 11:41:04 AM,-0.23046000814437867,0,0,0,0
9/16/2026 11:41:05 AM,-0.2111200014948845,-0.014800000220537185,0,0,0
9/16/2026 11:41:06 AM,-0.20954000878334045,-0.029600001543760295,0,0,0
9/16/2026 11:41:07 AM,-0.19101999968290329,-0.08060000196099282,0,0,0
9/16/2026 11:41:08 AM,-0.18454000282287597,0,0,0,0
9/16/2026 11:41:09 AM,-0.1844400073289871,-0.11940000474452973,0,0,0
9/16/2026 11:41:10 AM,-0.18306000727415087,0.06940000027418136,0,0,0
9/16/2026 11:41:11 AM,-0.1680600066781044,0.05000000074505806,0,0,0
9/16/2026 11:41:12 AM,-0.1620400093793869,0.13059999525547028,0,0,0
9/16/2026 11:41:13 AM,-0.14750000834465027,0.254600010484457,0,0,0
9/16/2026 11:41:14 AM,-0.14260001164674757,1.734723475976807E-18,0,0,0
9/16/2026 11:41:15 AM,-0.14684000289440152,-0.03980000059306621,0,0,0
9/16/2026 11:41:16 AM,-0.13964000701904294,-0.04540000067651272,0,0,0
9/16/2026 11:41:17 AM,-0.11964000153541565,0.05000000074505806,0,0,0
9/16/2026 11:41:18 AM,-0.5686400181353092,-5.769399884104728,0,0,0
9/16/2026 11:41:19 AM,-0.6815400369167327,-3.950999921739101,0,0,0
9/16/2026 11:41:20 AM,-0.4588800243139267,0.2582000068128109,0,0,0
9/16/2026 11:41:21 AM,-0.39336000072956084,0.17140000331401825,0,0,0
9/16/2026 11:41:22 AM,-0.3800000101327896,0.03060000045597553,0,0,0
9/16/2026 11:41:23 AM,-0.376479998588562,-0.07400000110268593,0,0,0
9/16/2026 11:41:24 AM,-0.4571000077724457,-0.7750000134110451,0,0,0
9/16/2026 11:41:25 AM,-0.4670400016307831,-0.10560000157356261,0,0,0
9/16/2026 11:41:26 AM,-0.4760200079679489,0.13420000310242175,0,0,0
9/16/2026 11:41:27 AM,-0.45306001496315,0.10919999907910824,0,0,0
9/16/2026 11:41:28 AM,-0.4444400082826614,0.04079999756813048,0,0,0
9/16/2026 11:41:29 AM,-0.44750000536441803,-0.01119999051094056,0,0,0
9/16/2026 11:41:30 AM,-0.446020006775856,-0.14339999613165855,0,0,0
9/16/2026 11:41:31 AM,-0.43224001717567445,-0.08880000022053719,0,0,0
9/16/2026 11:41:32 AM,-0.4219400148391724,0.1016000066846609,0,0,0
9/16/2026 11:41:33 AM,-0.4130600084066391,0.1612000076472759,0,0,0
9/16/2026 11:41:34 AM,-0.37204000282287597,-0.3934000099301338,0,0,0
9/16/2026 11:41:35 AM,-0.3585200068950653,-0.3749999888241291,0,0,0
9/16/2026 11:41:36 AM,-0.3751000059843064,0.40460001161694525,0,0,0
9/16/2026 11:41:37 AM,-0.35499998927116394,0.052000002980232246,0,0,0
9/16/2026 11:41:38 AM,-0.3774000065326691,-0.09179999984800814,0,0,0
9/16/2026 11:41:39 AM,-0.3889800103902817,0.2101999994069338,0,0,0
9/16/2026 11:41:40 AM,-0.40092002880573274,0.33880001249909397,0,0,0
9/16/2026 11:41:41 AM,-0.37306000792980193,0.4881999935507775,0,0,0
9/16/2026 11:41:42 AM,-0.36816000378131863,-0.316800012588501,0,0,0
9/16/2026 11:41:43 AM,-0.3336200096607208,0.15159999488294124,0,0,0
9/16/2026 11:41:44 AM,-0.33036001276969906,0.30199999994039534,0,0,0
9/16/2026 11:41:45 AM,-0.37822000849246984,-0.23320000237226485,0,0,0
9/16/2026 11:41:46 AM,-0.6109400243759155,0.824,0,0,0
9/16/2026 11:41:47 AM,-0.6581600279808044,0.156600004196167,0,0,0
9/16/2026 11:41:48 AM,-0.633980021238327,-0.17140000441670417,0,0,0
9/16/2026 11:41:49 AM,-0.616220020532608,0.03319999863207339,0,0,0
9/16/2026 11:41:50 AM,-0.6064800176620484,0.22340000188350678,0,0,0
9/16/2026 11:41:51 AM,-0.6209200038909912,-0.25660000982880593,0,0,0
9/16/2026 11:41:52 AM,-0.6489800245761871,0.6266000093370676,0,0,0
9/16/2026 11:41:53 AM,-0.632600034713745,0.3030000026524067,0,0,0
9/16/2026 11:41:54 AM,-0.5966800093650817,-0.5591999777704477,0,0,0
9/16/2026 11:41:55 AM,-0.3053800035715103,0.21939999878406524,0,0,0
9/16/2026 11:41:56 AM,-0.1717800078392029,0.971000011920929,0,0,0
9/16/2026 11:41:57 AM,-0.49356002199649807,-0.14200000074505806,0,0,0
9/16/2026 11:41:58 AM,-0.46250002202019097,-0.5235999538898467,0,0,0
9/16/2026 11:41:59 AM,-0.3951200202424079,1.04040008187294,0,0,0
9/16/2026 11:42:00 AM,-0.7574400172233581,2.51660005569458,0,0,0
9/16/2026 11:42:01 AM,-0.4584200166463852,2.4986000189781183,0,0,0
9/16/2026 11:42:02 AM,-0.7633600098490715,1.35059997177124,0,0,0
9/16/2026 11:42:03 AM,-0.7809199905395507,2.1193999328613278,0,0,0
9/16/2026 11:42:04 AM,-0.7277000402212143,5.259800151824951,0,0,0
9/16/2026 11:42:05 AM,-0.09353999930620194,-0.07939978981018037,0,0,0
9/16/2026 11:42:06 AM,-0.04206002032756806,7.155800245285034,0,0,0
9/16/2026 11:42:07 AM,-0.19615999871492387,8.713800251007079,0,0,0
9/16/2026 11:42:08 AM,-0.3660000023841858,-4.287399980545043,0,0,0
9/16/2026 11:42:09 AM,-0.569820016860962,-1.4770000953674316,0,0,0
9/16/2026 11:42:10 AM,-0.8015800337791443,1.0637999968528749,0,0,0
9/16/2026 11:42:11 AM,-1.682160095334053,5.837400123596192,0,0,0
9/16/2026 11:42:12 AM,-1.2405600349903105,1.1685998306274414,4.493419984817505,33.19320060729981,0.007959999822080135
9/16/2026 11:42:13 AM,-1.0158600380420684,-0.9500000734329223,1.1515799961090087,8.506800155639647,0.0020399999544024466
9/16/2026 11:42:14 AM,-1.1070800861120225,4.078000047683716,0,0,0
9/16/2026 11:42:15 AM,-0.6384600517749787,-0.2150000352859499,0,0,0
9/16/2026 11:42:16 AM,-0.5684800671935082,2.9474000058174137,0,0,0
9/16/2026 11:42:17 AM,-0.9447401220798493,-6.558200277328491,0,0,0
9/16/2026 11:42:18 AM,-1.3918800170421601,11.043200227737426,0,0,0
9/16/2026 11:42:19 AM,-1.6049199789762496,1.6470001907348637,0,0,0
9/16/2026 11:42:20 AM,-1.5879001054763795,-8.074799984931946,0,0,0
9/16/2026 11:42:21 AM,-1.2157201089859007,-10.947600017547607,0,0,0
9/16/2026 11:42:22 AM,-1.6878601560592648,-0.9574000778198242,0,0,0
9/16/2026 11:42:23 AM,0.8675400165319442,-14.359399696350096,0,0,0
9/16/2026 11:42:24 AM,-1.2897400321364403,9.401599830627442,0,0,0
9/16/2026 11:42:25 AM,-1.3559400491714477,-8.237000286102296,0,0,0
9/16/2026 11:42:26 AM,-1.021980048418045,-5.189800157785415,6.626700607299805,44.89440121459961,0.007959999822080135
9/16/2026 11:42:27 AM,0.04391999566555024,10.999999710083008,1.6983001556396484,11.505600311279297,0.0020399999544024466
9/16/2026 11:42:28 AM,-0.439180023431778,0.12840012025833097,0,0,0
9/16/2026 11:42:29 AM,-1.1260400671958923,0.6015999922752381,0,0,0
9/16/2026 11:42:30 AM,-1.5730600495338438,0.08060000196099282,0,0,0
9/16/2026 11:42:31 AM,-1.340300000190735,-0.972,0,0,0
9/16/2026 11:42:32 AM,-1.187020046710968,-0.5325999944806099,0,0,0
9/16/2026 11:42:33 AM,-1.6614200468063354,-1.425000000745058,0,0,0
9/16/2026 11:42:34 AM,-1.8183200893402098,0.11840000396966933,0,0,0
9/16/2026 11:42:35 AM,-1.8061200656890868,-0.18219999933242798,0,0,0
9/16/2026 11:42:36 AM,-1.7776000332832336,-0.30560000717639924,0,0,0
9/16/2026 11:42:37 AM,-1.7787800917625427,-0.13620000126957893,0,0,0
9/16/2026 11:42:38 AM,-1.8195400528907775,0.07500000111758709,0,0,0
9/16/2026 11:42:39 AM,-1.8050000667572021,0.2082000008970499,0,0,0
9/16/2026 11:42:40 AM,-1.8084201231002808,-0.1536000101566315,0,0,0
9/16/2026 11:42:41 AM,-1.811020085334778,0.14440000511705875,0,0,0
9/16/2026 11:42:42 AM,-1.8026000690460204,0.12040000331401823,0,0,0
9/16/2026 11:42:43 AM,-1.815819972515106,-0.1730000029206276,0,0,0
9/16/2026 11:42:44 AM,-1.81112015581131,-0.13620000541210175,0,0,0
9/16/2026 11:42:45 AM,-1.799080156326294,-0.045400002539157866,0,0,0
9/16/2026 11:42:46 AM,-1.7854600853919984,0.08520000126957893,0,0,0
9/16/2026 11:42:47 AM,-1.8240400838851927,-1.734723475976807E-18,0,0,0
9/16/2026 11:42:48 AM,-2.091600067138672,0.07500000111758709,0,0,0
9/16/2026 11:42:49 AM,-2.0595200271606444,-0.30519999241828916,0,0,0
9/16/2026 11:42:50 AM,-1.9019400339126586,-0.2391999952048063,0,0,0
9/16/2026 11:42:51 AM,-1.9010200591087343,0.049000001832842824,0,0,0
9/16/2026 11:42:52 AM,-1.8939800767898562,0.0500000026077032,0,0,0
9/16/2026 11:42:53 AM,-1.851520071029663,-0.16280000352859497,0,0,0
9/16/2026 11:42:54 AM,-1.6883400478363038,-0.13260000121593474,0,0,0
9/16/2026 11:42:55 AM,-1.6577800989151,0.13260000121593474,0,0,0
9/16/2026 11:42:56 AM,-2.742460223674774,12.06280038201809,0,0,0
9/16/2026 11:42:57 AM,-1.2511199989318846,0.13980000284314156,0,0,0
9/16/2026 11:42:58 AM,-4.66564009475708,0.08980000023543834,0,0,0
9/16/2026 11:42:59 AM,-4.0903801355361935,4.889800003528595,0,0,0
9/16/2026 11:43:00 AM,-1.8563800177574157,0.18060000717639924,0,0,0
9/16/2026 11:43:01 AM,-1.8804599947929381,0.03060000121593475,0,0,0
9/16/2026 11:43:02 AM,-1.8675000071525572,-0.05920000088214874,0,0,0
9/16/2026 11:43:03 AM,-1.8839800267219542,-0.040800000607967374,0,0,0
9/16/2026 11:43:04 AM,-1.8536201043128968,-0.03520000052452087,2.507120079040527,68.46480090332031,0.002959999933838844
9/16/2026 11:43:05 AM,-1.8684200415611265,0.05000000074505806,5.962880187988281,162.8352021484375,0.007039999842643738
9/16/2026 11:43:06 AM,-1.8576000761985778,-0.029600000441074373,0,0,0
9/16/2026 11:43:07 AM,-1.8415800561904907,-0.07960000228881836,0,0,0
9/16/2026 11:43:08 AM,-1.8403600330352783,0.09799999739229678,0,0,0
9/16/2026 11:43:09 AM,-1.869440064907074,0.1361999997496605,0,0,0
9/16/2026 11:43:10 AM,-1.8764800338745116,0.04540000067651272,0,0,0
9/16/2026 11:43:11 AM,-1.8565801014900207,0.09440000326931476,0,0,0
9/16/2026 11:43:12 AM,-1.8679601016044618,0.09540000328421593,0,0,0
9/16/2026 11:43:13 AM,-1.8595400986671449,0.07500000298023224,0,0,0
9/16/2026 11:43:14 AM,-1.854640079021454,0,0,0,0
9/16/2026 11:43:15 AM,-1.843320065498352,-0.10000000149011612,0,0,0
9/16/2026 11:43:16 AM,-1.8644400696754455,0.02960000044107437,0,0,0
9/16/2026 11:43:17 AM,-1.8879601068496703,0.08520000126957893,0,0,0
9/16/2026 11:43:18 AM,-2.185820123195648,-13.729600381538273,0,0,0
9/16/2026 11:43:19 AM,-1.3413800320625304,-0.0602000008970499,0,0,0
9/16/2026 11:43:20 AM,-1.212060049533844,-0.4893999959230423,0,0,0
9/16/2026 11:43:21 AM,-1.0067399935722352,-0.27079999491572376,0,0,0
9/16/2026 11:43:22 AM,-1.0413799958229064,0.11480000357329846,0,0,0
9/16/2026 11:43:23 AM,-1.0653600568771362,0.03060000045597553,0,0,0
9/16/2026 11:43:24 AM,-1.0960200276374816,0.014800000220537186,0,0,0
9/16/2026 11:43:25 AM,-1.0999000239372254,-0.02500000037252903,0,0,0
9/16/2026 11:43:26 AM,-1.2546600661277771,-6.875,1.626519966125488,12.979600677490234,0.002959999933838844
9/16/2026 11:43:27 AM,-1.3070400648117066,0.04440000176429748,3.8684799194335935,30.870401611328123,0.007039999842643738
9/16/2026 11:43:28 AM,-1.3144400577545166,0.08060000196099282,0,0,0
9/16/2026 11:43:29 AM,-1.3335200395584106,-0.014800000220537185,0,0,0
9/16/2026 11:43:30 AM,-1.319900052547455,0.004600000068545341,0,0,0
9/16/2026 11:43:31 AM,-1.3137200584411621,0.1851999971717596,0,0,0
9/16/2026 11:43:32 AM,-1.3252600474357603,-0.0546000008136034,0,0,0
9/16/2026 11:43:33 AM,-1.3345400385856627,-0.010200000151991842,0,0,0
9/16/2026 11:43:34 AM,-1.3354600377082824,-0.010200000151991843,0,0,0
9/16/2026 11:43:35 AM,-1.3401000332832336,0,0,0,0
9/16/2026 11:43:36 AM,-1.3453600282669067,0.27400000298023225,0,0,0
9/16/2026 11:43:37 AM,0.890380043029785,-17.512999952316285,0,0,0
9/16/2026 11:43:38 AM,-4.4305401630401615,-14.107999713897703,0,0,0
9/16/2026 11:43:39 AM,-0.22322008073329924,-33.032,0,0,0
9/16/2026 11:43:40 AM,-5.327340159416199,-1.1742002754211414,0,0,0
9/16/2026 11:43:41 AM,-7.740160297393798,7.51239865684509,0,0,0
9/16/2026 11:43:42 AM,-6.6286403217315675,6.150199073791503,0,0,0
9/16/2026 11:43:43 AM,-5.423760259628296,-14.690400268554688,0,0,0
9/16/2026 11:43:44 AM,13.558820573329927,-68.86639743041992,0,0,0
9/16/2026 11:43:45 AM,80.9954624633789,-94.84480389404295,52.528161987304685,185.63640722656248,0.5853042793273926
9/16/2026 11:43:46 AM,176.78218786621093,-110.52980229949951,124.93184472656249,441.51361718749996,1.3920750427246094
9/16/2026 11:43:47 AM,130.20170611572266,16.622199098169805,0,0,0
9/16/2026 11:43:48 AM,142.17012188720702,-19.726600509643553,0,0,0
9/16/2026 11:43:49 AM,147.9079434814453,-76.70560144805908,0,0,0
9/16/2026 11:43:50 AM,201.6765814819336,-34.5174027709961,0,0,0
9/16/2026 11:43:51 AM,231.9928829345703,27.8498024597168,0,0,0
9/16/2026 11:43:52 AM,201.91787030029298,18.67080093383789,0,0,0
9/16/2026 11:43:53 AM,166.52557843017578,-65.82580242919921,0,0,0
9/16/2026 11:43:54 AM,150.0324625854492,182.29360180664065,0,0,0
9/16/2026 11:43:55 AM,134.93696173095702,1.5157997264862049,0,0,0
9/16/2026 11:43:56 AM,169.67191064453124,46.26340307617187,0,0,0
9/16/2026 11:43:57 AM,167.24938092041015,15.998003112792958,0,0,0
9/16/2026 11:43:58 AM,165.71702032470702,37.62519967412948,0,0,0
9/16/2026 11:43:59 AM,170.89166839599608,-102.4154015185833,0,0,0
9/16/2026 11:44:00 AM,161.76762042236328,99.441,116.66177020263673,598.1542097167969,0.4916015532016754
9/16/2026 11:44:01 AM,161.16454193115234,-58.397802062988276,29.898242614746092,153.29580249023437,0.12598833775520324
9/16/2026 11:44:02 AM,163.17164196777344,-212.8750068511963,0,0,0
9/16/2026 11:44:03 AM,180.58000939941405,74.9929954223633,0,0,0
9/16/2026 11:44:04 AM,186.76710675048827,-79.32859767150879,0,0,0
9/16/2026 11:44:05 AM,155.05706475830078,-183.01600225830077,0,0,0
9/16/2026 11:44:06 AM,156.37149029541015,-280.6114042663574,0,0,0
9/16/2026 11:44:07 AM,155.33232708740235,-21.87780548095703,0,0,0
9/16/2026 11:44:08 AM,130.9923631286621,-201.5326049194336,0,0,0
9/16/2026 11:44:09 AM,135.6935443725586,-1.6145976257324186,0,0,0
9/16/2026 11:44:10 AM,146.92115625,-88.15560182189941,0,0,0
9/16/2026 11:44:11 AM,139.63838339233396,-179.54140008544923,0,0,0
9/16/2026 11:44:12 AM,147.31084381103517,-14.69679995727539,0,0,0
9/16/2026 11:44:13 AM,142.44320971679687,6.084999819755554,0,0,0
9/16/2026 11:44:14 AM,141.3704498901367,-0.22440000486373904,99.34478631591797,887.1022583007813,0.14380954265594484
9/16/2026 11:44:15 AM,147.11984991455077,43.54479991531372,25.46022161865234,227.34781494140623,0.03685571193695068
9/16/2026 11:44:16 AM,126.85944015502929,34.05180005455017,0,0,0
9/16/2026 11:44:17 AM,113.79500198364258,-0.19120013046264717,0,0,0
9/16/2026 11:44:18 AM,71.9724617614746,12.048800031661989,0,0,0
9/16/2026 11:44:19 AM,33.15786082077027,30.828799437522882,0,0,0
9/16/2026 11:44:20 AM,44.893080148696896,-138.42840045166017,0,0,0
9/16/2026 11:44:21 AM,10.938620351791382,3.771597259521485,0,0,0
9/16/2026 11:44:22 AM,28.877421494483947,-67.43800154113771,0,0,0
9/16/2026 11:44:23 AM,41.41748199462891,6.547600164413452,0,0,0
9/16/2026 11:44:24 AM,28.969181472778317,16.120400550842284,0,0,0
9/16/2026 11:44:25 AM,13.385820632934568,47.29739951324463,0,0,0
9/16/2026 11:44:26 AM,51.76576358795166,-354.17518698120114,0,0,0
9/16/2026 11:44:27 AM,32.36992226409912,-246.46439501953125,0,0,0
9/16/2026 11:44:28 AM,18.47478066253662,-33.89340155410767,99.6910443725586,1079.1371611328125,0.1458730691075325
9/16/2026 11:44:29 AM,14.250500537872313,-12.137799962997438,25.548961120605465,276.56279003906246,0.037384555399417874
9/16/2026 11:44:30 AM,5.440340210914611,20.075200420379637,0,0,0
9/16/2026 11:44:31 AM,9.167740278244018,-10.13040002822876,0,0,0
9/16/2026 11:44:32 AM,13.836880657196044,-3.681800104141235,0,0,0
9/16/2026 11:44:33 AM,13.666301067352293,3.8972001323699947,0,0,0
9/16/2026 11:44:34 AM,8.504100309371948,13.594800367355345,0,0,0
9/16/2026 11:44:35 AM,7.879600286483765,2.3558001151084897,0,0,0
9/16/2026 11:44:36 AM,16.594360675811767,-6.9044001693725585,0,0,0
9/16/2026 11:44:37 AM,15.041221130371094,8.926599735260009,0,0,0
9/16/2026 11:44:38 AM,8.07804043006897,2.501999735832215,0,0,0
9/16/2026 11:44:39 AM,8.709000078201294,-2.7890001201629637,0,0,0
9/16/2026 11:44:40 AM,10.15674008178711,6.801800150871276,0,0,0
9/16/2026 11:44:41 AM,10.353470211029054,5.940700134277344,0,0,0
9/16/2026 11:44:42 AM,9.095560631752013,-12.473200317382812,9.77487978744507,46.60580242919922,0.007959999822080135
9/16/2026 11:44:43 AM,-0.9731200165748597,-7.29680033159256,2.505119945526123,11.944200622558593,0.0020399999544024466
9/16/2026 11:44:44 AM,0.7457600145339965,-0.3020000355243683,0,0,0
9/16/2026 11:44:45 AM,2.1294400272369383,2.5460000467300414,0,0,0
9/16/2026 11:44:46 AM,-1.9128801507949826,7.714000095367432,0,0,0
9/16/2026 11:44:47 AM,-10.53076043319702,4.580600055217743,0,0,0
9/16/2026 11:44:48 AM,-15.002180679321288,0.22860002541542052,0,0,0
9/16/2026 11:44:49 AM,-15.138880569458006,2.398000035762787,0,0,0
9/16/2026 11:44:50 AM,-6.1151603393554685,64.08780087947845,0,0,0
9/16/2026 11:44:51 AM,41.907400569915765,13.191600692749022,0,0,0
9/16/2026 11:44:52 AM,46.08106231689453,-5.1537996816635125,0,0,0
9/16/2026 11:44:53 AM,39.98332272338867,0.7453999989032746,0,0,0
9/16/2026 11:44:54 AM,34.65528094482422,-0.5065999894142151,0,0,0
9/16/2026 11:44:55 AM,32.575639892578124,-1.5301999962329864,0,0,0
9/16/2026 11:44:56 AM,31.623520553588868,-0.40620000243186927,0,0,0
9/16/2026 11:44:57 AM,29.84097137832642,0.5886999428272249,21.343080993652343,117.39360180664062,0.002959999933838844
9/16/2026 11:44:58 AM,29.140920669555662,-2.291200008392334,50.76192236328124,279.206404296875,0.007039999842643738
9/16/2026 11:44:59 AM,47.40480234527588,-42.46699847412109,0,0,0
9/16/2026 11:45:00 AM,67.5920821685791,-37.317200988769535,0,0,0
9/16/2026 11:45:01 AM,48.380461639404295,31.737799583435056,0,0,0
9/16/2026 11:45:02 AM,27.755931858062745,5.76879965186119,0,0,0
9/16/2026 11:45:03 AM,26.307802169799803,1.574399986743927,0,0,0
9/16/2026 11:45:04 AM,26.540701835632326,-1.3425999715328216,0,0,0
9/16/2026 11:45:05 AM,26.741541343688965,-1.2503999867439268,0,0,0
9/16/2026 11:45:06 AM,30.258291477203368,-9.996599803686141,0,0,0
9/16/2026 11:45:07 AM,32.49500040817261,26.39110005378723,0,0,0
9/16/2026 11:45:08 AM,-14.232510375976561,81.62050173187255,0,0,0
9/16/2026 11:45:09 AM,0.3643200225830078,-26.754800537109375,0,0,0
9/16/2026 11:45:10 AM,-15.62806029510498,49.06419909667969,0,0,0
9/16/2026 11:45:11 AM,-21.6978409576416,-8.796400947570802,0,0,0
9/16/2026 11:45:12 AM,-18.956361137390136,4.029000385284425,0,0,0
9/16/2026 11:45:13 AM,-9.739870723515748,-12.04500049161911,0,0,0
9/16/2026 11:45:14 AM,-1.078800070285797,1.522099959373474,24.628680541992185,64.14320361328124,0.002959999933838844
9/16/2026 11:45:15 AM,-1.9645401482582092,-12.887500197172166,58.5763212890625,152.55680859375,0.007039999842643738
9/16/2026 11:45:16 AM,-2.6846801218986514,-5.2723000046610835,0,0,0
9/16/2026 11:45:17 AM,-3.1314701733589176,-1.0171999799609184,0,0,0
9/16/2026 11:45:18 AM,-4.324950172424316,1.4043000152111054,0,0,0
9/16/2026 11:45:19 AM,-4.783600157737732,1.9221000216826798,0,0,0
9/16/2026 11:45:20 AM,-4.902590001106263,0.6698000178858637,0,0,0
9/16/2026 11:45:21 AM,-4.535360105991364,0.5829999780654912,0,0,0
9/16/2026 11:45:22 AM,-3.5605199437141417,-1.976200054883957,0,0,0
9/16/2026 11:45:23 AM,-5.431520253658295,-12.223600138664246,0,0,0
9/16/2026 11:45:24 AM,-3.518050221920013,-4.153000168800354,0,0,0
9/16/2026 11:45:25 AM,-0.07265996837615996,-7.877100435256957,0,0,0
9/16/2026 11:45:26 AM,115.61162117004395,-103.14940290260314,0,0,0
9/16/2026 11:45:27 AM,141.7663179626465,-15.214599826812744,0,0,0
9/16/2026 11:45:28 AM,146.39443487548826,-3.5061000432968137,0,0,0
9/16/2026 11:45:29 AM,141.971698638916,-3.11220006275177,124.68942340087891,454.2772097167969,0.9041448178291321
9/16/2026 11:45:30 AM,141.01868344116212,9.689900389671326,31.95558087158203,116.42280249023436,0.23171550607681274
9/16/2026 11:45:31 AM,134.14768048095704,-7.086400389671325,0,0,0
9/16/2026 11:45:32 AM,136.65155450439454,11.05799964427948,0,0,0
9/16/2026 11:45:33 AM,140.61171960449218,-4.399000178813934,0,0,0
9/16/2026 11:45:34 AM,140.19360507202146,9.00389981365204,0,0,0
9/16/2026 11:45:35 AM,141.42091275024416,-1.413000132083893,0,0,0
9/16/2026 11:45:36 AM,142.41271676635742,1.8121000065803528,0,0,0
9/16/2026 11:45:37 AM,138.70408987426757,2.826300021648407,0,0,0
9/16/2026 11:45:38 AM,130.86183560180666,18.19830021238327,0,0,0
9/16/2026 11:45:39 AM,24.050330000549554,172.83260076951981,0,0,0
9/16/2026 11:45:40 AM,-0.9163900508284569,2.9014000172615053,0,0,0
9/16/2026 11:45:41 AM,-1.932320053577423,0.7275999836921692,0,0,0
9/16/2026 11:45:42 AM,-1.440020094871521,0.45109995752573007,0,0,0
9/16/2026 11:45:43 AM,-1.173579994082451,0.17180000849068167,0,0,0
9/16/2026 11:45:44 AM,-0.3305800211131573,-1.1374000163078308,116.77718145751953,388.44800000000004,0.4996547756195069
9/16/2026 11:45:45 AM,-4.862900210857392,20.950499299049376,29.927820373535155,99.55199999999999,0.12805222892761228
9/16/2026 11:45:46 AM,-27.404040828704836,-5.3097989521026605,0,0,0
9/16/2026 11:45:47 AM,-27.655910236358643,1.0634000867307187,0,0,0
9/16/2026 11:45:48 AM,-26.925030422210696,0.7629000262916088,0,0,0
9/16/2026 11:45:49 AM,-25.9727412071228,-0.6174999905973673,0,0,0
9/16/2026 11:45:50 AM,-25.450229858398437,-0.013800000205636025,0,0,0
9/16/2026 11:45:51 AM,-25.458640922546387,-0.08909999841451645,0,0,0
9/16/2026 11:45:52 AM,-24.962840843200684,-0.4539999780133367,0,0,0
9/16/2026 11:45:53 AM,-24.58288131713867,-1.4044000361785294,0,0,0
9/16/2026 11:45:54 AM,-27.719270599365235,-9.8581003074646,0,0,0
9/16/2026 11:45:55 AM,-25.817780471801758,-6.418500084400177,0,0,0
9/16/2026 11:45:56 AM,-24.07775087738037,-2.618799889564514,0,0,0
9/16/2026 11:45:57 AM,-21.336380069732666,-2.327500053092838,0,0,0
9/16/2026 11:45:58 AM,-21.276780357360842,-0.6690000178515911,0,0,0
9/16/2026 11:45:59 AM,-17.030480838775638,-6.428300119876862,0,0,0
9/16/2026 11:46:00 AM,-8.89754012298584,-9.080299824774265,0,0,0
9/16/2026 11:46:01 AM,-6.638279890060425,-0.3108999943137169,0,0,0
9/16/2026 11:46:02 AM,-6.499090141296387,-0.5827999842762948,11.035000801086426,76.72500610351562,0.004999999888241291
9/16/2026 11:46:03 AM,-5.968450382232666,-0.9671999978423119,0,0,0
9/16/2026 11:46:04 AM,-6.035920084953308,0.44510000866651533,0,0,0
9/16/2026 11:46:05 AM,-5.9945299949646,-0.08679999482631684,0,0,0
9/16/2026 11:46:06 AM,-6.763790447235108,-0.461999975413084,0,0,0
9/16/2026 11:46:07 AM,-6.266940194129943,0.36080002164840697,0,0,0
9/16/2026 11:46:08 AM,-4.826970084190368,-1.416300003014505,0,0,0
9/16/2026 11:46:09 AM,-5.480640169143677,-1.9006000469252466,0,0,0
9/16/2026 11:46:10 AM,-2.312310200214386,4.95420021033287,0,0,0
9/16/2026 11:46:11 AM,-1.4597701270580292,2.584900086045265,0,0,0
9/16/2026 11:46:12 AM,-1.3304300370216369,-0.1069000054895878,0,0,0
9/16/2026 11:46:13 AM,-0.9674900416135788,-0.901999996162951,0,0,0
9/16/2026 11:46:14 AM,-0.880550032734871,0.03420000033825636,0,0,0
9/16/2026 11:46:15 AM,-0.9676800174713135,0.17500000074505806,0,0,0
9/16/2026 11:46:16 AM,-1.3934300639629362,0.17500000074505806,0,0,0
9/16/2026 11:46:17 AM,-1.7686301178932191,0.1661000014692545,0,0,0
9/16/2026 11:46:18 AM,-2.170830129623413,0.20260001301765443,4.7600803947448735,24.755600303649903,0.007959999822080135
9/16/2026 11:46:19 AM,-2.567290038585663,2.2494000694006684,1.2199201011657714,6.344400077819824,0.0020399999544024466
9/16/2026 11:46:20 AM,-1.6467701258659362,-1.2962000187784433,0,0,0
9/16/2026 11:46:21 AM,-2.0478900570869447,3.0212000910490753,0,0,0
9/16/2026 11:46:22 AM,-1.447340071439743,-1.6500000469386578,0,0,0
9/16/2026 11:46:23 AM,-1.7609900772571565,2.045700025066733,0,0,0
9/16/2026 11:46:24 AM,-2.8789901537895206,-0.35260001846402883,0,0,0
9/16/2026 11:46:25 AM,-3.827429958343506,-0.7631999764963985,0,0,0
9/16/2026 11:46:26 AM,-3.609469993591309,1.617799976192415,0,0,0
9/16/2026 11:46:27 AM,-3.6550101165771487,-0.8603999714329839,0,0,0
9/16/2026 11:46:28 AM,-2.4853000359535216,2.6854000433310863,0,0,0
9/16/2026 11:46:29 AM,-2.7943500447273255,0.577599975399673,0,0,0
9/16/2026 11:46:30 AM,-3.270610056400299,0.5905000010281801,0,0,0
9/16/2026 11:46:31 AM,-3.419840217590332,0.026199994564056403,0,0,0
9/16/2026 11:46:32 AM,-4.36749003458023,1.3714999683499336,0,0,0
9/16/2026 11:46:33 AM,-4.773010162353515,0.44620000904798507,0,0,0
9/16/2026 11:46:34 AM,-8.919030793190002,15.501400503158571,0,0,0
9/16/2026 11:46:35 AM,-5.983470293998719,19.204800537109374,0,0,0
9/16/2026 11:46:36 AM,-3.8449501596987243,-9.349700180053711,0,0,0
9/16/2026 11:46:37 AM,18.677731283187867,86.0701944580078,0,0,0
9/16/2026 11:46:38 AM,42.42483290481567,-13.130299234867095,0,0,0
9/16/2026 11:46:39 AM,63.89652096557617,-0.6237999066710473,0,0,0
9/16/2026 11:46:40 AM,77.70652322387694,0.9185015563964853,0,0,0
9/16/2026 11:46:41 AM,148.61464837646486,-62.757101955413816,0,0,0
9/16/2026 11:46:42 AM,137.7707068786621,-5.954698818206786,140.1795887451172,500.8432097167969,1.501575716018677
9/16/2026 11:46:43 AM,99.90309400939942,86.84170349884035,35.92542224121094,128.35680249023437,0.38482593727111813
9/16/2026 11:46:44 AM,73.45891662597657,34.91030022144318,0,0,0
9/16/2026 11:46:45 AM,61.752789871215825,6.741499767065048,0,0,0
9/16/2026 11:46:46 AM,54.78053258514404,12.50190039229393,0,0,0
9/16/2026 11:46:47 AM,52.56761123657227,6.3045,0,0,0
9/16/2026 11:46:48 AM,54.8362027053833,-13.956099548339845,0,0,0
9/16/2026 11:46:49 AM,88.67527221679687,-115.90940007019043,0,0,0
9/16/2026 11:46:50 AM,103.28404086303712,-40.889399600982664,0,0,0
9/16/2026 11:46:51 AM,97.06101451110841,12.570400268554689,0,0,0
9/16/2026 11:46:52 AM,102.59731364440918,-4.669100208282471,0,0,0
9/16/2026 11:46:53 AM,106.80671528625489,-5.6990998783111575,0,0,0
9/16/2026 11:46:54 AM,99.17752269744874,6.964799825668335,0,0,0
9/16/2026 11:46:55 AM,66.37078449249267,143.20219792175294,0,0,0
9/16/2026 11:46:56 AM,48.81640931236744,30.62950152587891,27.843240722656247,227.13561083984374,0.002959999933838844
9/16/2026 11:46:57 AM,1.2721199991106988,-93.34649860572814,66.22176171875,540.2144257812499,0.007039999842643738
9/16/2026 11:46:58 AM,2.991260301887989,-70.24460293006898,0,0,0
9/16/2026 11:46:59 AM,-4.8191899528503415,80.63490121459962,0,0,0
9/16/2026 11:47:00 AM,26.00450026702881,19.024601026535034,0,0,0
9/16/2026 11:47:01 AM,-4.709070293426512,-166.38320575714113,0,0,0
9/16/2026 11:47:02 AM,-44.40517276763916,20.346000023841857,0,0,0
9/16/2026 11:47:03 AM,-22.141031710386276,-146.7067999649048,0,0,0
9/16/2026 11:47:04 AM,4.664589931726455,7.233100153446199,0,0,0
9/16/2026 11:47:05 AM,11.788780005931853,1.3999999394416809,0,0,0
9/16/2026 11:47:06 AM,-2.88799999666214,-1.1821998169422152,0,0,0
9/16/2026 11:47:07 AM,-5.282570175170898,-9.237800182104111,0,0,0
9/16/2026 11:47:08 AM,-22.23514220046997,66.9851999783516,0,0,0
9/16/2026 11:47:09 AM,-10.321380178451538,-15.190100545883178,0,0,0
9/16/2026 11:47:10 AM,-6.6620901441574105,5.30890018606186,34.15100225830078,208.54679638671874,0.04092638230323791
9/16/2026 11:47:11 AM,-7.509200468063354,2.822299950122833,81.22400537109374,496.00319140625,0.09733842277526855
9/16/2026 11:47:12 AM,-6.390550281047821,-6.220700251579284,0,0,0
9/16/2026 11:47:13 AM,-4.7342399392128,-12.323700695037843,0,0,0
9/16/2026 11:47:14 AM,-11.513170059204104,42.10789887428284,0,0,0
9/16/2026 11:47:15 AM,-5.987130152702331,-20.794100641250612,0,0,0
9/16/2026 11:47:16 AM,-4.716080226898193,2.4531000189781187,0,0,0
9/16/2026 11:47:17 AM,-4.172560042381287,-0.20910003685951234,0,0,0
9/16/2026 11:47:18 AM,-5.641200201034547,3.0600999971032143,0,0,0
9/16/2026 11:47:19 AM,-5.360790332794189,3.572199957489967,0,0,0
9/16/2026 11:47:20 AM,-4.590740260124207,-0.6833000201582908,0,0,0
9/16/2026 11:47:21 AM,-4.646380228996277,0.6473000087738037,0,0,0
9/16/2026 11:47:22 AM,-5.142730374336243,-4.320799865722656,0,0,0
9/16/2026 11:47:23 AM,-2.9024199645519255,13.87170004272461,0,0,0
9/16/2026 11:47:24 AM,-4.2706100707054135,18.283700607299807,0,0,0
9/16/2026 11:47:25 AM,-3.3421002020835875,12.99059963607788,0,0,0
9/16/2026 11:47:26 AM,-3.522230092704296,17.931199844360354,0,0,0
9/16/2026 11:47:27 AM,-8.200819883346558,37.326700035095215,0,0,0
9/16/2026 11:47:28 AM,2.4362703323364254,-61.55899894332886,0,0,0
9/16/2026 11:47:29 AM,-2.544989959716797,-20.717400554656983,0,0,0
9/16/2026 11:47:30 AM,-4.3650400876998905,-30.379400070190435,7.172080429077148,83.14639819335937,0.002959999933838844
9/16/2026 11:47:31 AM,-3.32431018447876,17.58729928970337,4.942920295715331,57.303598754882806,0.0020399999544024466
9/16/2026 11:47:32 AM,0.5797999775409698,-26.314699947357177,0,0,0
9/16/2026 11:47:33 AM,-1.982130026102066,-59.42740007019043,0,0,0
9/16/2026 11:47:34 AM,-0.05393998718261711,-8.225500205993653,0,0,0
9/16/2026 11:47:35 AM,-6.735330236434937,117.14289971923829,0,0,0
9/16/2026 11:47:36 AM,3.9182402477264406,-11.30240061378479,0,0,0
9/16/2026 11:47:37 AM,-6.681870324134827,60.02750234031677,0,0,0
9/16/2026 11:47:38 AM,-2.7977300570011145,-34.395100677490234,0,0,0
9/16/2026 11:47:39 AM,-3.6256301338672636,-34.91420100402832,0,0,0
9/16/2026 11:47:40 AM,-1.8461297807693486,7.493200372695924,0,0,0
9/16/2026 11:47:41 AM,-4.637770139217376,-2.840199895858765,0,0,0
9/16/2026 11:47:42 AM,-3.6072402420043943,-3.227199096679687,0,0,0
9/16/2026 11:47:43 AM,-1.146400044798851,-20.60019945526123,0,0,0
9/16/2026 11:47:44 AM,-1.1898800717629492,-5.909199703216553,7.950560745239257,91.64160180664062,0.002959999933838844
9/16/2026 11:47:45 AM,-1.218280071258545,-8.977199730873107,18.909441772460937,217.958404296875,0.007039999842643738
9/16/2026 11:47:46 AM,-1.3634399380683901,1.5927997741699231,0,0,0
9/16/2026 11:47:47 AM,2.9559401116371156,-8.612599452972411,0,0,0
9/16/2026 11:47:48 AM,-2.4119400229454038,24.237000762939452,0,0,0
9/16/2026 11:47:49 AM,-2.732380054712295,11.794599929809568,0,0,0
9/16/2026 11:47:50 AM,-1.0773799629211425,-4.98560011291504,0,0,0
9/16/2026 11:47:51 AM,-8.653500200271607,27.60520004272461,0,0,0
9/16/2026 11:47:52 AM,-4.483100203514098,-2.1970005798339853,0,0,0
9/16/2026 11:47:53 AM,-1.9449001076221464,13.425400459289552,0,0,0
9/16/2026 11:47:54 AM,-1.4253800373077405,30.640000381469726,0,0,0
9/16/2026 11:47:55 AM,-1.0743007431030276,21.701398956298817,0,0,0
9/16/2026 11:47:56 AM,-3.6751201305389403,57.97819848632813,0,0,0
9/16/2026 11:47:57 AM,-2.2070001306533813,-34.362599159240716,0,0,0
9/16/2026 11:47:58 AM,-25.578800495147703,-29.579801475524903,20.042161987304688,151.182,0.002959999933838844
9/16/2026 11:47:59 AM,-16.31772050476074,-34.65080149841309,47.6678447265625,359.568,0.007039999842643738
9/16/2026 11:48:00 AM,-9.60018020248413,-8.867000143051147,0,0,0
9/16/2026 11:48:01 AM,-14.962240409851074,0.9640002784729003,0,0,0
9/16/2026 11:48:02 AM,-5.51476017665863,-25.639799377441406,0,0,0
9/16/2026 11:48:03 AM,-0.6431401433944701,-117.25220042419433,0,0,0
9/16/2026 11:48:04 AM,1.223580060482025,0.5349998762607574,0,0,0
9/16/2026 11:48:05 AM,1.4479600496292113,-0.19440000772476196,0,0,0
9/16/2026 11:48:06 AM,1.4825000166893005,0.045400002539157866,0,0,0
9/16/2026 11:48:07 AM,-2.0125001626014707,140.76420161560176,0,0,0
9/16/2026 11:48:08 AM,0.3114999480247498,91.78920122504233,0,0,0
9/16/2026 11:48:09 AM,15.585940718650816,21.031600442677735,0,0,0
9/16/2026 11:48:10 AM,38.284420791625976,-8.355999332427977,0,0,0
9/16/2026 11:48:11 AM,11.601440266370773,109.15939669799805,0,0,0
9/16/2026 11:48:12 AM,-2.677960024833679,91.65659777069092,0,0,0
9/16/2026 11:48:13 AM,-8.338340152740479,-40.83120097351074,0,0,0
9/16/2026 11:48:14 AM,-1.9636999564170838,0.7365987701416019,0,0,0
9/16/2026 11:48:15 AM,-14.60192114830017,-28.186600311279296,74.099643157959,621.1984194335938,0.007959999822080135
9/16/2026 11:48:16 AM,-8.879540161132812,-15.508600105285643,18.99036080932617,159.20160498046874,0.0020399999544024466
9/16/2026 11:48:17 AM,-3.006379971027374,-14.946800159454348,0,0,0
9/16/2026 11:48:18 AM,-4.026880000829697,24.84280100250244,0,0,0
9/16/2026 11:48:19 AM,11.891060628890992,16.628800377845764,0,0,0
9/16/2026 11:48:20 AM,-11.830800543785095,12.245799766540527,0,0,0
9/16/2026 11:48:21 AM,-9.552199836730956,-53.10599885559082,0,0,0
9/16/2026 11:48:22 AM,-3.252300106048584,-22.528199081420897,0,0,0
9/16/2026 11:48:23 AM,-3.811520122528076,2.2944000520706176,0,0,0
9/16/2026 11:48:24 AM,-6.9256404504776,10.344999715805056,0,0,0
9/16/2026 11:48:25 AM,-7.12390017414093,-2.790200084328651,0,0,0
9/16/2026 11:48:26 AM,-9.874960502624512,0.20820000827312468,0,0,0
9/16/2026 11:48:27 AM,-9.593100505828858,-3.8480001146793366,0,0,0
9/16/2026 11:48:28 AM,-7.618160451889038,0.09919998931884799,0,0,0
9/16/2026 11:48:29 AM,-7.244480310440062,3.5205999946594235,5.96588020324707,48.544,0.002959999933838844
9/16/2026 11:48:30 AM,-5.748180282592774,-3.349400090932846,14.189120483398437,115.45599999999999,0.007039999842643738
9/16/2026 11:48:31 AM,-9.46366015625,-19.91440049803257,0,0,0
9/16/2026 11:48:32 AM,-9.170260820388794,-166.99060445404052,0,0,0
9/16/2026 11:48:33 AM,-3.8470200910568235,-98.34700248405338,0,0,0
9/16/2026 11:48:34 AM,-3.649640130996704,-0.11940000177919864,0,0,0
9/16/2026 11:48:35 AM,-3.6220400733947753,0.03880000057816505,0,0,0
9/16/2026 11:48:36 AM,-3.594540256500244,0.026000000387430187,0,0,0
9/16/2026 11:48:37 AM,-3.586580144882202,0.014800000220537186,0,0,0
9/16/2026 11:48:38 AM,-3.586940131187439,0.014800000220537185,0,0,0
9/16/2026 11:48:39 AM,-3.5994401302337646,0.03520000052452087,0,0,0
9/16/2026 11:48:40 AM,-3.6055602703094483,-0.0046000000685453395,0,0,0
9/16/2026 11:48:41 AM,-3.600000023841858,-0.05000000074505806,0,0,0
9/16/2026 11:48:42 AM,-3.5850000381469727,-0.05560000082850456,0,0,0
9/16/2026 11:48:43 AM,-3.5880600595474244,-0.014800000220537186,0,0,0
9/16/2026 11:48:44 AM,-3.586940131187439,0.06480000096559524,0,0,0
9/16/2026 11:48:45 AM,-3.604440125465393,0.03980000059306621,0,0,0
9/16/2026 11:48:46 AM,-3.615560022354126,-0.05460000267624855,0,0,0
9/16/2026 11:48:47 AM,-3.60546019744873,0,0,0,0
9/16/2026 11:48:48 AM,-3.588160105705261,0.02500000037252903,0,0,0
9/16/2026 11:48:49 AM,-3.5883203086853026,0,0,0,0
9/16/2026 11:48:50 AM,-3.6114803352355955,-0.01940000139176845,0,0,0
9/16/2026 11:48:51 AM,-9.822920175552367,36.488800450444224,0,0,0
9/16/2026 11:48:52 AM,-21.120060256958006,-6.341199415206909,0,0,0
9/16/2026 11:48:53 AM,-9.77474005317688,-7.915399879455565,0,0,0
9/16/2026 11:48:54 AM,-10.97126024723053,43.00739930725098,0,0,0
9/16/2026 11:48:55 AM,-0.45756006193161003,-43.60119831848145,0,0,0
9/16/2026 11:48:56 AM,28.27230143737793,-30.216200777053835,0,0,0
9/16/2026 11:48:57 AM,0.32350062561035164,85.25400150203704,0,0,0
9/16/2026 11:48:58 AM,-7.6143803215026855,0.47279999108612536,0,0,0
9/16/2026 11:48:59 AM,-7.563620069503784,0.03520000052452087,91.00270364379884,718.5094194335937,0.10725595390796662
9/16/2026 11:49:00 AM,-7.5539801406860345,0.010200000151991843,23.32230093383789,184.14060498046874,0.027487706780433652
9/16/2026 11:49:01 AM,-7.550560247421265,0.039800000593066216,0,0,0
9/16/2026 11:49:02 AM,-7.5400002002716064,0.03980000059306621,0,0,0
9/16/2026 11:49:03 AM,-7.543520519256591,0.03060000045597553,0,0,0
9/16/2026 11:49:04 AM,-7.541020320892334,-0.07500000111758709,0,0,0
9/16/2026 11:49:05 AM,-7.544440301895142,-0.05000000074505806,0,0,0
9/16/2026 11:49:06 AM,-7.544540445327758,0.004600000068545341,0,0,0
9/16/2026 11:49:07 AM,-7.516680425643921,0.010200000151991843,0,0,0
9/16/2026 11:49:08 AM,-7.489540237426757,-0.06480000096559524,0,0,0
9/16/2026 11:49:09 AM,-7.448720441818237,0.014800000220537186,0,0,0
9/16/2026 11:49:10 AM,-7.405660268783569,0.023999999254941937,0,0,0
9/16/2026 11:49:11 AM,-7.396480253219605,0.04179999986290931,0,0,0
9/16/2026 11:49:12 AM,-7.395000457763672,-0.09080000135302543,0,0,0
9/16/2026 11:49:13 AM,-7.395000457763672,0.014800000220537185,0,0,0
9/16/2026 11:49:14 AM,-7.398520299911499,-0.029600000441074373,0,0,0
9/16/2026 11:49:15 AM,-7.385000467300415,-0.03520000052452087,0,0,0
9/16/2026 11:49:16 AM,-7.368620233535767,0.06020000275969505,0,0,0
9/16/2026 11:49:17 AM,-7.351580320358277,-0.02500000037252903,0,0,0
9/16/2026 11:49:18 AM,-7.332500219345093,1.734723475976807E-18,0,0,0
9/16/2026 11:49:19 AM,-7.3261202144622795,0.014800000220537186,0,0,0
9/16/2026 11:49:20 AM,-7.313520402908324,0.014800000220537185,0,0,0
9/16/2026 11:49:21 AM,-7.311480073928832,0.08980000133812427,0,0,0
9/16/2026 11:49:22 AM,-7.316020221710204,-0.014800000220537188,0,0,0
9/16/2026 11:49:23 AM,-7.299080169677734,-0.08880000022053719,0,0,0
9/16/2026 11:49:24 AM,-7.287960056304931,-0.051,0,0,0
9/16/2026 11:49:25 AM,-7.300920406341552,0.06480000096559524,0,0,0
9/16/2026 11:49:26 AM,-7.31000018119812,0.03520000052452087,0,0,0
9/16/2026 11:49:27 AM,-7.319440158843994,-0.014800000220537185,0,0,0
9/16/2026 11:49:28 AM,-7.331940444946289,-0.0602000008970499,0,0,0
9/16/2026 11:49:29 AM,-7.352960546493531,0.02500000037252903,0,0,0
9/16/2026 11:49:30 AM,-7.359540502548217,-0.01940000139176845,0,0,0
9/16/2026 11:49:31 AM,-7.351480371475219,-0.0111999998241663,0,0,0
9/16/2026 11:49:32 AM,-7.337600141525268,0.02600000114738941,0,0,0
9/16/2026 11:49:33 AM,-7.315560070037841,0.034200000509619716,0,0,0
9/16/2026 11:49:34 AM,-7.294080337524415,-0.029600000441074373,0,0,0
9/16/2026 11:49:35 AM,-7.28556033706665,0,0,0,0
9/16/2026 11:49:36 AM,-7.267040292739868,-0.010200000151991845,0,0,0
9/16/2026 11:49:37 AM,-7.265000343322754,0.05000000074505806,0,0,0
9/16/2026 11:49:38 AM,-7.331640588760376,-0.08980000133812427,0,0,0
9/16/2026 11:49:39 AM,-7.350000619888306,0.07960000118613243,0,0,0
9/16/2026 11:49:40 AM,-7.362500429153442,0.04540000067651272,0,0,0
9/16/2026 11:49:41 AM,-7.367960174560546,-0.02500000037252903,0,0,0
9/16/2026 11:49:42 AM,-7.428580423355102,0.16480000618100166,0,0,0
9/16/2026 11:49:43 AM,-7.469440210342407,0.03520000052452087,0,0,0
9/16/2026 11:49:44 AM,-7.5452605152130126,-0.125,0,0,0
9/16/2026 11:49:45 AM,-7.550000429153442,-0.1148000017106533,0,0,0
9/16/2026 11:49:46 AM,-7.572300657272338,-0.030600000455975534,0,0,0
9/16/2026 11:49:47 AM,-7.6133205013275145,0.0602000008970499,0,0,0
9/16/2026 11:49:48 AM,-7.640000343322754,0.05000000074505806,0,0,0
9/16/2026 11:49:49 AM,-7.6683203296661375,-0.035200002387166016,0,0,0
9/16/2026 11:49:50 AM,-7.673520298004149,0.06480000206828117,0,0,0
9/16/2026 11:49:51 AM,-7.674080169677734,0.03060000121593475,0,0,0
9/16/2026 11:49:52 AM,-7.641579946517945,0.045400002539157866,0,0,0
9/16/2026 11:49:53 AM,-7.642500400543213,-0.07040000104904175,0,0,0
9/16/2026 11:49:54 AM,-7.754960317611694,0.0046000000685453395,0,0,0
9/16/2026 11:49:55 AM,-7.824960250854492,-0.014800000220537188,0,0,0
9/16/2026 11:49:56 AM,-7.878160257339477,0.08520000313222409,0,0,0
9/16/2026 11:49:57 AM,-7.850660440444946,-0.02960000044107437,0,0,0
9/16/2026 11:49:58 AM,-7.827500343322754,-0.051000001519918445,0,0,0
9/16/2026 11:49:59 AM,-7.8322003631591794,-0.10820000305771826,0,0,0
9/16/2026 11:50:00 AM,-7.885200418472289,0.01839999875426293,0,0,0
9/16/2026 11:50:01 AM,-7.859540502548217,0.040800000607967374,0,0,0
9/16/2026 11:50:02 AM,-7.91572060585022,-0.005600000083446502,0,0,0
9/16/2026 11:50:03 AM,-7.9239804058074945,0.08980000133812427,0,0,0
9/16/2026 11:50:04 AM,-7.9507202148437495,-0.029600000441074373,0,0,0
9/16/2026 11:50:05 AM,-7.969640541076661,0.02960000044107437,0,0,0
9/16/2026 11:50:06 AM,-7.924180313110351,-0.04440000066161156,0,0,0
9/16/2026 11:50:07 AM,-7.9089802036285395,0.08980000133812427,0,0,0
9/16/2026 11:50:08 AM,-7.905560222625732,-0.02500000037252903,0,0,0
9/16/2026 11:50:09 AM,-7.884080490112305,0.14900000298023225,0,0,0
9/16/2026 11:50:10 AM,-7.879540103912353,0.051,0,0,0
9/16/2026 11:50:11 AM,-7.899340133666992,-0.02040000030398369,0,0,0
9/16/2026 11:50:12 AM,-7.930260408401489,0.07500000111758709,0,0,0
9/16/2026 11:50:13 AM,-7.967040534973144,-0.004600000068545343,0,0,0
9/16/2026 11:50:14 AM,-7.9737803096771245,0.02960000044107437,0,0,0
9/16/2026 11:50:15 AM,-8.008520195007325,0.11480000281333923,0,0,0
9/16/2026 11:50:16 AM,-8.011020252227784,0.07040000180900097,0,0,0
9/16/2026 11:50:17 AM,-8.003520080566405,0.06480000096559524,0,0,0
9/16/2026 11:50:18 AM,-8.08459994125366,0.07040000104904175,0,0,0
9/16/2026 11:50:19 AM,-8.088060108184814,-0.04440000176429748,0,0,0
9/16/2026 11:50:20 AM,-8.164600341796875,0.11940000474452972,0,0,0
9/16/2026 11:50:21 AM,-8.38730025100708,0.9472000141143798,0,0,0
9/16/2026 11:50:22 AM,-8.894999980926514,0.5416000102758407,0,0,0
9/16/2026 11:50:23 AM,-8.946179916381837,0.10200000303983689,0,0,0
9/16/2026 11:50:24 AM,-8.994040447235108,0.06580000656843187,0,0,0
9/16/2026 11:50:25 AM,-9.010400608062744,-0.11019999647140502,0,0,0
9/16/2026 11:50:26 AM,-9.01220066833496,-0.006599997818469991,0,0,0
9/16/2026 11:50:27 AM,-9.04904027557373,0.09440000140666961,0,0,0
9/16/2026 11:50:28 AM,-9.144500553131103,-0.20980000346899033,0,0,0
9/16/2026 11:50:29 AM,-9.218720043182373,-0.9510000059604644,0,0,0
9/16/2026 11:50:30 AM,-9.267700210571288,0.12480002117156985,0,0,0
9/16/2026 11:50:31 AM,-9.211080451965332,0.15340002870559682,0,0,0
9/16/2026 11:50:32 AM,-9.220500648498536,-0.042400000214576745,0,0,0
9/16/2026 11:50:33 AM,-9.16016024017334,-0.009200000137090686,0,0,0
9/16/2026 11:50:34 AM,-9.23934042739868,-0.14900000298023225,0,0,0
9/16/2026 11:50:35 AM,-9.1986205368042,-0.25100000298023223,0,0,0
9/16/2026 11:50:36 AM,-9.231580055236815,0.039800000593066216,0,0,0
9/16/2026 11:50:37 AM,-9.207960468292237,0.11020000164210797,0,0,0
9/16/2026 11:50:38 AM,-9.199640560150147,-0.06020000275969505,0,0,0
9/16/2026 11:50:39 AM,-9.193420330047607,-0.11479999984800815,0,0,0
9/16/2026 11:50:40 AM,-9.190560070037842,-0.04440000176429748,0,0,0
9/16/2026 11:50:41 AM,-9.202500343322754,-0.03980000135302543,0,0,0
9/16/2026 11:50:42 AM,-9.247660335540772,-0.060200001999735825,0,0,0
9/16/2026 11:50:43 AM,-9.281839969635008,-0.006600001960992821,0,0,0
9/16/2026 11:50:44 AM,-9.356740253448486,0.1602000016272068,0,0,0
9/16/2026 11:50:45 AM,-9.35305997467041,-0.2184000032544136,0,0,0
9/16/2026 11:50:46 AM,-9.465120174407959,-0.21539999872446056,0,0,0
9/16/2026 11:50:47 AM,-9.63174006652832,0.008800004959106454,0,0,0
9/16/2026 11:50:48 AM,-9.603060256958008,0.13679999762773512,0,0,0
9/16/2026 11:50:49 AM,-9.627040523529054,0.1254000021368265,0,0,0
9/16/2026 11:50:50 AM,-9.615099773406982,-0.14080000092089173,0,0,0
9/16/2026 11:50:51 AM,-9.624899997711182,-0.16940000548958778,0,0,0
9/16/2026 11:50:52 AM,-9.592240009307861,-0.04180000104010105,0,0,0
9/16/2026 11:50:53 AM,-9.568060409545899,-0.028599999666213988,0,0,0
9/16/2026 11:50:54 AM,-9.559540409088134,-0.07600000113248825,0,0,0
9/16/2026 11:50:55 AM,-9.548060146331787,0.08520000313222409,0,0,0
9/16/2026 11:50:56 AM,-9.554900302886963,0,0,0,0
9/16/2026 11:50:57 AM,-9.56990036392212,-0.010200000151991845,0,0,0
9/16/2026 11:50:58 AM,-9.574080070495606,0.0602000008970499,0,0,0
9/16/2026 11:50:59 AM,-9.548060146331787,0.02500000037252903,0,0,0
9/16/2026 11:51:00 AM,-9.517140197753905,-0.02500000037252903,0,0,0
9/16/2026 11:51:01 AM,-9.482700363159179,0.01940000139176845,0,0,0
9/16/2026 11:51:02 AM,-9.458059993743896,0.08520000202953815,0,0,0
9/16/2026 11:51:03 AM,-9.430560600280762,0.020400000303983687,0,0,0
9/16/2026 11:51:04 AM,-9.417140769958497,0.039800000593066216,0,0,0
9/16/2026 11:51:05 AM,-9.40500020980835,0.010200000151991843,0,0,0
9/16/2026 11:51:06 AM,-9.37872036743164,0.03520000052452087,0,0,0
9/16/2026 11:51:07 AM,-9.334640312194823,-0.03520000052452087,0,0,0
9/16/2026 11:51:08 AM,-9.300560485839844,0.03520000052452087,0,0,0
9/16/2026 11:51:09 AM,-9.266580379486083,-0.010200000151991843,0,0,0
9/16/2026 11:51:10 AM,-9.273520538330079,-0.010200000151991845,0,0,0
9/16/2026 11:51:11 AM,-9.256120422363281,0.010200000151991843,0,0,0
9/16/2026 11:51:12 AM,-9.238520408630372,0.014800000220537185,0,0,0
9/16/2026 11:51:13 AM,-9.241020076751708,0.02500000037252903,0,0,0
9/16/2026 11:51:14 AM,-9.236480361938476,-0.014800000220537186,0,0,0
9/16/2026 11:51:15 AM,-9.238980506896972,0.039800000593066216,0,0,0
9/16/2026 11:51:16 AM,-9.251940238952637,-0.004600000068545341,0,0,0
9/16/2026 11:51:17 AM,-9.26388003540039,-0.010200000151991843,0,0,0
9/16/2026 11:51:18 AM,-9.281940254211424,0.02960000044107437,0,0,0
9/16/2026 11:51:19 AM,-9.291020267486571,0.03060000045597553,0,0,0
9/16/2026 11:51:20 AM,-9.278160167694091,-0.04440000066161155,0,0,0
9/16/2026 11:51:21 AM,-9.3012804145813,-0.015800000235438344,0,0,0
