Timestamp,stress-1 => (Aggregate=TimeAverage2),stressRate-1 => (Aggregate=TimeAverage2),stressRange-1 => (Aggregate=TimeAverage2),stressRateRange-1 => (Aggregate=TimeAverage2),microDamage-1 => (Aggregate=TimeAverage2)
10/2/2026 11:55:55 AM,0,0,0,0,0
10/2/2026 11:55:56 AM,0,0,0,0,0
10/2/2026 11:55:57 AM,0,0,0,0,0
10/2/2026 11:55:58 AM,0,0,0,0,0
10/2/2026 11:55:59 AM,0,0,0,0,0
10/2/2026 11:56:00 AM,0,0,0,0,0
10/2/2026 11:56:01 AM,0,0,0,0,0
10/2/2026 11:56:02 AM,0,0,0,0,0
10/2/2026 11:56:03 AM,0,0,0,0,0
10/2/2026 11:56:04 AM,0,0,0,0,0
10/2/2026 11:56:05 AM,0,0,0,0,0
10/2/2026 11:56:06 AM,0,0,0,0,0
10/2/2026 11:56:07 AM,0,0,0,0,0
10/2/2026 11:56:08 AM,0,0,0,0,0
10/2/2026 11:56:09 AM,0,0,0,0,0
10/2/2026 11:56:10 AM,0,0,0,0,0
10/2/2026 11:56:11 AM,0,0,0,0,0
10/2/2026 11:56:12 AM,0,0,0,0,0
10/2/2026 11:56:13 AM,0,0,0,0,0
10/2/2026 11:56:14 AM,0,0,0,0,0
10/2/2026 11:56:15 AM,0,0,0,0,0
10/2/2026 11:56:16 AM,0,0,0,0,0
10/2/2026 11:56:17 AM,0,0,0,0,0
10/2/2026 11:56:18 AM,0,0,0,0,0
10/2/2026 11:56:19 AM,0,0,0,0,0
10/2/2026 11:56:20 AM,0,0,0,0,0
10/2/2026 11:56:21 AM,0,0,0,0,0
10/2/2026 11:56:22 AM,0,0,0,0,0
10/2/2026 11:56:23 AM,0,0,0,0,0
10/2/2026 11:56:24 AM,0.12000000476837158,0.7749999761581421,0,0,0
10/2/2026 11:56:25 AM,0.16750000417232513,1.1250000298023224,0,0,0
10/2/2026 11:56:26 AM,0.08250000327825546,-0.17500001192092896,0,0,0
10/2/2026 11:56:27 AM,0.04750000685453415,0.20000004768371582,0,0,0
10/2/2026 11:56:28 AM,0.19750000722706318,2.3500000536441803,0,0,0
10/2/2026 11:56:29 AM,0.26500002294778824,0.4750000238418579,0,0,0
10/2/2026 11:56:30 AM,0.17749999836087227,-1.475000023841858,0,0,0
10/2/2026 11:56:31 AM,0.08750000223517418,0.45000001788139343,0,0,0
10/2/2026 11:56:32 AM,0.3175000250339508,-0.19999992847442627,0,0,0
10/2/2026 11:56:33 AM,0.4400000125169754,-0.4750000089406967,0,0,0
10/2/2026 11:56:34 AM,0.33500000834465027,-2.549999952316284,0,0,0
10/2/2026 11:56:35 AM,0.12749999947845936,3.299999952316284,0,0,0
10/2/2026 11:56:36 AM,0.45250001549720764,-1.4250000417232513,0,0,0
10/2/2026 11:56:37 AM,0.4674999862909317,-1.3499999791383743,0,0,0
10/2/2026 11:56:38 AM,0.3750000298023224,2.2000000029802322,0,0,0
10/2/2026 11:56:39 AM,0.82750004529953,0.9749999791383743,0,0,0
10/2/2026 11:56:40 AM,0.9475000500679016,-0.10000002384185791,0,0,0
10/2/2026 11:56:41 AM,1.007500022649765,1.600000023841858,0,0,0
10/2/2026 11:56:42 AM,0.8300000131130219,2.074999988079071,0,0,0
10/2/2026 11:56:43 AM,0.5750000476837158,0.6499999761581421,0,0,0
10/2/2026 11:56:44 AM,0.5850000083446503,2.925000011920929,0,0,0
10/2/2026 11:56:45 AM,0.5950000286102295,0.6499999761581421,0,0,0
10/2/2026 11:56:46 AM,0.5375000387430191,-1.1500000953674316,0,0,0
10/2/2026 11:56:47 AM,0.5750000476837158,-1.375,0,0,0
10/2/2026 11:56:48 AM,0.6700000166893005,0.04999998211860657,0,0,0
10/2/2026 11:56:49 AM,0.6475000232458115,-1.949999988079071,0,0,0
10/2/2026 11:56:50 AM,0.807500034570694,-0.14999999105930328,0,0,0
10/2/2026 11:56:51 AM,0.6875000298023224,2.0750000029802322,0,0,0
10/2/2026 11:56:52 AM,1.3575000166893005,1.4250000417232513,0,0,0
10/2/2026 11:56:53 AM,1.2600000500679016,-3.225000113248825,0,0,0
10/2/2026 11:56:54 AM,1.0725000500679016,-1.5,0,0,0
10/2/2026 11:56:55 AM,1.215000033378601,0.1499999761581421,0,0,0
10/2/2026 11:56:56 AM,2.122500002384186,-4.850000023841858,0,0,0
10/2/2026 11:56:57 AM,2.3350000381469727,1.324999988079071,0,0,0
10/2/2026 11:56:58 AM,4.977499961853027,-8.049999952316284,0,0,0
10/2/2026 11:56:59 AM,5.212500095367432,7.1000001430511475,0,0,0
10/2/2026 11:57:00 AM,4.985000431537628,3.4000000953674316,0,0,0
10/2/2026 11:57:01 AM,7.480000138282776,-18.72499990463257,0,0,0
10/2/2026 11:57:02 AM,10.55250072479248,-15.874999761581421,0,0,0
10/2/2026 11:57:03 AM,10.30750036239624,-3.1250001192092896,0,0,0
10/2/2026 11:57:04 AM,2.5925000607967377,10.025000095367432,0,0,0
10/2/2026 11:57:05 AM,9.80500078201294,7.675000190734863,0,0,0
10/2/2026 11:57:06 AM,9.115000247955322,17.825000286102295,6.022500038146973,41.97500228881836,0.004999999888241291
10/2/2026 11:57:07 AM,16.30750036239624,18.550000190734863,6.022500038146973,41.97500228881836,0.004999999888241291
10/2/2026 11:57:08 AM,7.392500400543213,-3.0249996185302734,0,0,0
10/2/2026 11:57:09 AM,9.418750524520874,-1.1499996185302734,0,0,0
10/2/2026 11:57:10 AM,11.435000658035278,6.149999499320984,0,0,0
10/2/2026 11:57:11 AM,13.592500686645508,5.024999976158142,0,0,0
10/2/2026 11:57:12 AM,15.90000033378601,14.162500023841858,0,0,0
10/2/2026 11:57:13 AM,14.202500820159912,-1.7125003337860107,0,0,0
10/2/2026 11:57:14 AM,12.381250143051147,10.050000190734863,0,0,0
10/2/2026 11:57:15 AM,9.956250190734863,8.137500166893005,0,0,0
10/2/2026 11:57:16 AM,7.781250238418579,-10.425000369548798,0,0,0
10/2/2026 11:57:17 AM,4.363750100135803,-7.099999964237213,0,0,0
10/2/2026 11:57:18 AM,3.226250112056732,10.537500619888306,0,0,0
10/2/2026 11:57:19 AM,1.2825000584125519,10.374999642372131,0,0,0
10/2/2026 11:57:20 AM,0.6762500107288361,3.387499988079071,13.979999542236328,41.02500057220459,0.007499999832361937
10/2/2026 11:57:21 AM,-0.9625000730156898,0.8874999284744263,4.659999847412109,13.675000190734863,0.0024999999441206455
10/2/2026 11:57:22 AM,-2.073750153183937,-0.8250000476837158,0,0,0
10/2/2026 11:57:23 AM,-0.10874998569488525,-6.525000035762787,0,0,0
10/2/2026 11:57:24 AM,-0.6287500262260437,0.48749998211860657,0,0,0
10/2/2026 11:57:25 AM,-1.492500051856041,-3.7374999821186066,0,0,0
10/2/2026 11:57:26 AM,4.885000318288803,-18.7874995470047,0,0,0
10/2/2026 11:57:27 AM,5.42000025510788,13.450000286102295,0,0,0
10/2/2026 11:57:28 AM,5.396250069141388,-13.099999904632568,0,0,0
10/2/2026 11:57:29 AM,5.470000207424164,14.887500286102295,0,0,0
10/2/2026 11:57:30 AM,2.205000162124634,6.312500238418579,0,0,0
10/2/2026 11:57:31 AM,5.737500190734863,-3.687500238418579,0,0,0
10/2/2026 11:57:32 AM,4.835000157356262,-4.362499713897705,0,0,0
10/2/2026 11:57:33 AM,12.591250777244568,-13.562499523162842,0,0,0
10/2/2026 11:57:34 AM,6.63625031709671,9.974999904632568,14.864999771118164,107.13750457763672,0.007499999832361937
10/2/2026 11:57:35 AM,2.100000023841858,3.899999737739563,4.954999923706055,35.712501525878906,0.0024999999441206455
10/2/2026 11:57:36 AM,1.4087500870227814,8.637500166893005,0,0,0
10/2/2026 11:57:37 AM,2.4762501418590546,11.587499618530273,0,0,0
10/2/2026 11:57:38 AM,5.931250214576721,-6.987499952316284,0,0,0
10/2/2026 11:57:39 AM,3.0525001287460327,-10.475000202655792,0,0,0
10/2/2026 11:57:40 AM,3.4100001454353333,4.437499940395355,0,0,0
10/2/2026 11:57:41 AM,5.750000238418579,-9.412500143051147,0,0,0
10/2/2026 11:57:42 AM,4.315000295639038,-16.274999618530273,0,0,0
10/2/2026 11:57:43 AM,4.793750166893005,-4.000000357627869,0,0,0
10/2/2026 11:57:44 AM,4.053750067949295,1.6249998807907104,0,0,0
10/2/2026 11:57:45 AM,1.2350000143051147,4.862500071525574,0,0,0
10/2/2026 11:57:46 AM,1.5100000500679016,1.7249999046325684,0,0,0
10/2/2026 11:57:47 AM,1.4275000095367432,6.5500001311302185,0,0,0
10/2/2026 11:57:48 AM,1.5950001180171967,1.9250001907348633,0,0,0
10/2/2026 11:57:49 AM,0.36500000208616257,2.1000001430511475,1.9025001525878906,16.850000381469727,0.0024999999441206455
10/2/2026 11:57:50 AM,0.8575000464916229,-1.0749999284744263,5.707500457763672,50.55000114440918,0.007499999832361937
10/2/2026 11:57:51 AM,1.0975000262260437,3.8250001668930054,0,0,0
10/2/2026 11:57:52 AM,1.2625000476837158,0.8999998569488525,0,0,0
10/2/2026 11:57:53 AM,0.10999999940395355,0.04999995231628418,0,0,0
10/2/2026 11:57:54 AM,1.197500079870224,-1.925000011920929,0,0,0
10/2/2026 11:57:55 AM,0.38750001788139343,-3.150000214576721,0,0,0
10/2/2026 11:57:56 AM,0.14750000834465027,-1.4500001072883606,0,0,0
10/2/2026 11:57:57 AM,-1.487500011920929,1.4750001430511475,0,0,0
10/2/2026 11:57:58 AM,-0.4500000365078449,-0.6749999523162842,0,0,0
10/2/2026 11:57:59 AM,-0.15999996662139893,-0.25,0,0,0
10/2/2026 11:58:00 AM,-0.6850000023841858,2.325000047683716,0,0,0
10/2/2026 11:58:01 AM,-1.3250001072883606,0.8999999761581421,0,0,0
10/2/2026 11:58:02 AM,-0.17000004649162292,-3.850000023841858,0,0,0
10/2/2026 11:58:03 AM,-1.1550000309944153,6.125,0,0,0
10/2/2026 11:58:04 AM,2.2725001722574234,0.3000001907348633,0,0,0
10/2/2026 11:58:05 AM,0.45500000938773155,15.099999904632568,0,0,0
10/2/2026 11:58:06 AM,3.2225000858306885,7.350000381469727,0,0,0
10/2/2026 11:58:07 AM,10.4350004196167,-8.400000214576721,0,0,0
10/2/2026 11:58:08 AM,1.492500051856041,26.40000057220459,0,0,0
10/2/2026 11:58:09 AM,13.887499809265137,-8.049999237060547,0,0,0
10/2/2026 11:58:10 AM,14.36000108718872,-3.1500000953674316,0,0,0
10/2/2026 11:58:11 AM,17.1850004196167,5.674999952316284,0,0,0
10/2/2026 11:58:12 AM,12.945000648498535,21.049999594688416,15.540000915527344,82.5,0.007499999832361937
10/2/2026 11:58:13 AM,10.15250015258789,-19.925000190734863,5.180000305175781,27.5,0.0024999999441206455
10/2/2026 11:58:14 AM,8.650000095367432,12.675000190734863,0,0,0
10/2/2026 11:58:15 AM,5.487500190734863,-2.125,0,0,0
10/2/2026 11:58:16 AM,6.092500448226929,16.02500057220459,0,0,0
10/2/2026 11:58:17 AM,7.390000343322754,33.47500038146973,0,0,0
10/2/2026 11:58:18 AM,3.8350000977516174,9.700000047683716,0,0,0
10/2/2026 11:58:19 AM,2.6375001817941666,-8.124999806284904,0,0,0
10/2/2026 11:58:20 AM,0.48000000417232513,-4.9750001430511475,0,0,0
10/2/2026 11:58:21 AM,-0.07500001043081284,4.675000190734863,0,0,0
10/2/2026 11:58:22 AM,-0.10999998450279236,-6.750000238418579,0,0,0
10/2/2026 11:58:23 AM,1.365000069141388,13.375000476837158,0,0,0
10/2/2026 11:58:24 AM,6.88500003516674,-22.524999141693115,0,0,0
10/2/2026 11:58:25 AM,-1.0775000154972076,18.87500023841858,0,0,0
10/2/2026 11:58:26 AM,0.8400000259280205,-4.900000095367432,4.046250343322754,25.337501525878906,0.0024999999441206455
10/2/2026 11:58:27 AM,3.815000057220459,-1.4499998092651367,12.138751029968262,76.01250457763672,0.007499999832361937
10/2/2026 11:58:28 AM,1.317500114440918,7.474999904632568,0,0,0
10/2/2026 11:58:29 AM,8.955000400543213,-4.850000381469727,0,0,0
10/2/2026 11:58:30 AM,7.500000238418579,10.175000190734863,0,0,0
10/2/2026 11:58:31 AM,13.5625,-3.200000047683716,0,0,0
10/2/2026 11:58:32 AM,12.297500133514404,-1.6500000953674316,0,0,0
10/2/2026 11:58:33 AM,8.232500433921814,-16.324999809265137,0,0,0
10/2/2026 11:58:34 AM,11.722500324249268,-3.7749996185302734,0,0,0
10/2/2026 11:58:35 AM,12.405000686645508,4.675000190734863,0,0,0
10/2/2026 11:58:36 AM,9.350000143051147,16.049999713897705,0,0,0
10/2/2026 11:58:37 AM,10.059999942779541,-14.899999618530273,0,0,0
10/2/2026 11:58:38 AM,9.080000638961792,-1.1749992370605469,0,0,0
10/2/2026 11:58:39 AM,9.640000343322754,5.950000166893005,0,0,0
10/2/2026 11:58:40 AM,6.555000066757202,7.549999952316284,0,0,0
10/2/2026 11:58:41 AM,9.520000457763672,-5.224999904632568,8.103750228881836,79.16250228881836,0.007499999832361937
10/2/2026 11:58:42 AM,7.105000019073486,0.8250002861022949,2.7012500762939453,26.387500762939453,0.0024999999441206455
10/2/2026 11:58:43 AM,4.677500247955322,15.275000393390656,0,0,0
10/2/2026 11:58:44 AM,6.892500162124634,-17.950000286102295,0,0,0
10/2/2026 11:58:45 AM,7.447500228881836,-1.6500000953674316,0,0,0
10/2/2026 11:58:46 AM,5.830000400543213,-1.5500001907348633,0,0,0
10/2/2026 11:58:47 AM,6.767500400543213,-1.6500000953674316,0,0,0
10/2/2026 11:58:48 AM,3.470000147819519,-4.899999618530273,0,0,0
10/2/2026 11:58:49 AM,6.200000047683716,-5.199999809265137,0,0,0
10/2/2026 11:58:50 AM,5.860000133514404,-11.724999904632568,0,0,0
10/2/2026 11:58:51 AM,5.987500190734863,3.4499998092651367,0,0,0
10/2/2026 11:58:52 AM,7.912500381469727,-7.275000095367432,0,0,0
10/2/2026 11:58:53 AM,5.022500038146973,0.09999990463256836,0,0,0
10/2/2026 11:58:54 AM,8.125,6.400000095367432,0,0,0
10/2/2026 11:58:55 AM,4.652500033378601,6.050000190734863,6.641249656677246,58.08750343322754,0.007499999832361937
10/2/2026 11:58:56 AM,7.325000047683716,21.625000476837158,2.213749885559082,19.36250114440918,0.0024999999441206455
10/2/2026 11:58:57 AM,4.052500128746033,-39.57499980926514,0,0,0
10/2/2026 11:58:58 AM,1.5950000248849392,-4.1999993324279785,0,0,0
10/2/2026 11:58:59 AM,-2.4725000709295273,4.924999237060547,0,0,0
10/2/2026 11:59:00 AM,0.510000042617321,4.450000047683716,0,0,0
10/2/2026 11:59:01 AM,-0.6225000470876694,-0.17500019073486328,0,0,0
10/2/2026 11:59:02 AM,-1.1900000870227814,-9.625000238418579,0,0,0
10/2/2026 11:59:03 AM,0.7825000286102295,-6.000000238418579,0,0,0
10/2/2026 11:59:04 AM,0.4225000236183405,6.7500001192092896,0,0,0
10/2/2026 11:59:05 AM,0.7925000339746475,-2.5500000715255737,0,0,0
10/2/2026 11:59:06 AM,0.027500003576278687,7.200000286102295,0,0,0
10/2/2026 11:59:07 AM,0.5675000250339508,-2.174999952316284,0,0,0
10/2/2026 11:59:08 AM,1.3575000762939453,-9.15000033378601,0,0,0
10/2/2026 11:59:09 AM,-0.36750001460313797,2.0749998092651367,5.853750228881836,61.98750114440918,0.007499999832361937
10/2/2026 11:59:10 AM,0.257500022649765,-0.6500000953674316,1.9512500762939453,20.662500381469727,0.0024999999441206455
10/2/2026 11:59:11 AM,2.9574999809265137,-18.574999809265137,0,0,0
10/2/2026 11:59:12 AM,3.8350000381469727,-14.800000190734863,0,0,0
10/2/2026 11:59:13 AM,5.617500305175781,4.950000762939453,0,0,0
10/2/2026 11:59:14 AM,4.340000364929438,-21.374999523162842,0,0,0
10/2/2026 11:59:15 AM,2.814999997615814,-1.3500001430511475,0,0,0
10/2/2026 11:59:16 AM,1.2575000524520874,-14.599999904632568,0,0,0
10/2/2026 11:59:17 AM,2.9850000143051147,-1.524999976158142,0,0,0
10/2/2026 11:59:18 AM,4.552500247955322,1.2750000953674316,0,0,0
10/2/2026 11:59:19 AM,1.930000126361847,3.0999999046325684,0,0,0
10/2/2026 11:59:20 AM,1.9200000762939453,0.3000001907348633,0,0,0
10/2/2026 11:59:21 AM,0.43500006198883057,1.9499998092651367,0,0,0
10/2/2026 11:59:22 AM,0.33250007033348083,8.150000214576721,0,0,0
10/2/2026 11:59:23 AM,1.0950000584125519,-13.625000476837158,2.7850003242492676,19.150001525878906,0.0024999999441206455
10/2/2026 11:59:24 AM,0.6375000327825546,-1.825000286102295,2.7850003242492676,19.150001525878906,0.0024999999441206455
10/2/2026 11:59:25 AM,1.0450000166893005,10.474999904632568,0,0,0
10/2/2026 11:59:26 AM,1.3675000071525574,-11.974999904632568,0,0,0
10/2/2026 11:59:27 AM,1.0824999660253525,-12.099999904632568,0,0,0
10/2/2026 11:59:28 AM,1.2425000667572021,1.2999999523162842,0,0,0
10/2/2026 11:59:29 AM,3.6375000178813934,-18.75,0,0,0
10/2/2026 11:59:30 AM,3.4574999809265137,-3.462499976158142,0,0,0
10/2/2026 11:59:31 AM,2.482500046491623,-0.01249992847442627,0,0,0
10/2/2026 11:59:32 AM,2.290000081062317,11.200000286102295,0,0,0
10/2/2026 11:59:33 AM,0.3837500289082527,3.1875,0,0,0
10/2/2026 11:59:34 AM,0.512500025331974,-4.924999952316284,0,0,0
10/2/2026 11:59:35 AM,1.0737500488758087,-7.225000023841858,0,0,0
10/2/2026 11:59:36 AM,0.40625001210719347,-0.16250014305114746,0,0,0
10/2/2026 11:59:37 AM,1.4474999848753214,-0.5374999046325684,2.140000104904175,11.90000057220459,0.0024999999441206455
10/2/2026 11:59:38 AM,1.8200000170618296,4.725000262260437,6.420000314712524,35.70000171661377,0.007499999832361937
10/2/2026 11:59:39 AM,2.8187500834465027,13.637499988079071,0,0,0
10/2/2026 11:59:40 AM,1.9375001043081284,-6.312500059604645,0,0,0
10/2/2026 11:59:41 AM,3.9675002098083496,2.8000001907348633,0,0,0
10/2/2026 11:59:42 AM,5.09000027179718,-8.887500286102295,0,0,0
10/2/2026 11:59:43 AM,4.062500059604645,2.700000047683716,0,0,0
10/2/2026 11:59:44 AM,5.376249969005585,-1.2000000476837158,0,0,0
10/2/2026 11:59:45 AM,3.625000089406967,17.27500081062317,0,0,0
10/2/2026 11:59:46 AM,3.7162501513957977,-1.6874998807907104,0,0,0
10/2/2026 11:59:47 AM,5.181250214576721,-22.66249966621399,0,0,0
10/2/2026 11:59:48 AM,2.3675000965595245,9.799999952316284,0,0,0
10/2/2026 11:59:49 AM,2.1662501394748688,4.162499666213989,0,0,0
10/2/2026 11:59:50 AM,1.8387500643730164,3.9375,0,0,0
10/2/2026 11:59:51 AM,2.080000087618828,8.037500381469727,0,0,0
10/2/2026 11:59:52 AM,0.4162500202655792,0.7250001430511475,7.68000054359436,59.21250343322754,0.007499999832361937
10/2/2026 11:59:53 AM,1.3250000327825546,11.150000095367432,2.56000018119812,19.73750114440918,0.0024999999441206455
10/2/2026 11:59:54 AM,2.2087501883506775,7.400000214576721,0,0,0
10/2/2026 11:59:55 AM,2.2087500393390656,5.487500071525574,0,0,0
10/2/2026 11:59:56 AM,1.085000030696392,-2.7250000834465027,0,0,0
10/2/2026 11:59:57 AM,2.663750134408474,-5.900000333786011,0,0,0
10/2/2026 11:59:58 AM,2.386250078678131,-2.3000001907348633,0,0,0
10/2/2026 11:59:59 AM,2.701250046491623,3.1750001907348633,0,0,0
10/2/2026 12:00:00 PM,3.5987501740455627,4.500000238418579,0,0,0
10/2/2026 12:00:01 PM,1.8400000520050526,1.725000023841858,0,0,0
10/2/2026 12:00:02 PM,6.637500364333391,-5.800000011920929,0,0,0
10/2/2026 12:00:03 PM,4.228750169277191,-6.075000286102295,0,0,0
10/2/2026 12:00:04 PM,3.8062500953674316,7.400000095367432,0,0,0
10/2/2026 12:00:05 PM,1.480000078678131,4.925000011920929,0,0,0
10/2/2026 12:00:06 PM,3.2750000953674316,-11.849999845027924,0,0,0
10/2/2026 12:00:07 PM,3.9537500739097595,-10.012500047683716,2.390000104904175,15.287500381469727,0.0024999999441206455
10/2/2026 12:00:08 PM,4.567500054836273,-6.012499809265137,2.390000104904175,15.287500381469727,0.0024999999441206455
10/2/2026 12:00:09 PM,1.715000107884407,25.387500047683716,0,0,0
10/2/2026 12:00:10 PM,2.961250066757202,-8.362499952316284,0,0,0
10/2/2026 12:00:11 PM,3.6762500405311584,-8.787500381469727,0,0,0
10/2/2026 12:00:12 PM,5.53000009059906,0.4500000476837158,0,0,0
10/2/2026 12:00:13 PM,4.190000057220459,2.6374999284744263,0,0,0
10/2/2026 12:00:14 PM,3.48250013589859,-6.412499904632568,0,0,0
10/2/2026 12:00:15 PM,2.5674999952316284,2.962499976158142,0,0,0
10/2/2026 12:00:16 PM,3.497500002384186,12.899999737739563,0,0,0
10/2/2026 12:00:17 PM,4.660000264644623,-0.27500009536743164,0,0,0
10/2/2026 12:00:18 PM,1.7162500843405724,-7.049999713897705,0,0,0
10/2/2026 12:00:19 PM,1.8537500128149986,-14.687500238418579,0,0,0
10/2/2026 12:00:20 PM,1.9312500655651093,-16.575000166893005,0,0,0
10/2/2026 12:00:21 PM,2.481250047683716,-2.3000000715255737,2.0625,18.1875,0.0024999999441206455
10/2/2026 12:00:22 PM,5.827499836683273,-11.75,6.1875,54.5625,0.007499999832361937
10/2/2026 12:00:23 PM,2.10125008225441,-5.3999998569488525,0,0,0
10/2/2026 12:00:24 PM,3.887500137090683,-6.812500238418579,0,0,0
10/2/2026 12:00:25 PM,3.3900002241134644,-4.2124998569488525,0,0,0
10/2/2026 12:00:26 PM,2.058750033378601,6.387499958276749,0,0,0
10/2/2026 12:00:27 PM,1.396250069141388,-1.6374998986721039,0,0,0
10/2/2026 12:00:28 PM,1.4900000989437103,-3.8125,0,0,0
10/2/2026 12:00:29 PM,2.286250054836273,0.375,0,0,0
10/2/2026 12:00:30 PM,3.4687500298023224,-10.287500143051147,0,0,0
10/2/2026 12:00:31 PM,3.8312501311302185,4.9624998569488525,0,0,0
10/2/2026 12:00:32 PM,5.496250510215759,5.650000095367432,0,0,0
10/2/2026 12:00:33 PM,6.817500352859497,3.8374996185302734,0,0,0
10/2/2026 12:00:34 PM,4.643750190734863,2.1125001907348633,0,0,0
10/2/2026 12:00:35 PM,4.295000076293945,2.3749998807907104,0,0,0
10/2/2026 12:00:36 PM,5.523750185966492,-11.06249988079071,7.7099997997283936,40.95000171661377,0.007499999832361937
10/2/2026 12:00:37 PM,4.783750236034393,-7.950000047683716,2.569999933242798,13.65000057220459,0.0024999999441206455
10/2/2026 12:00:38 PM,4.683750092983246,-0.4250001907348633,0,0,0
10/2/2026 12:00:39 PM,6.111250042915344,3.2624998092651367,0,0,0
10/2/2026 12:00:40 PM,7.31125020980835,-21.600000381469727,0,0,0
10/2/2026 12:00:41 PM,9.43375027179718,6.1875,0,0,0
10/2/2026 12:00:42 PM,9.677500486373901,-18.66249990463257,0,0,0
10/2/2026 12:00:43 PM,7.971250295639038,0.03749990463256836,0,0,0
10/2/2026 12:00:44 PM,7.397500276565552,-4.325000077486038,0,0,0
10/2/2026 12:00:45 PM,6.071250081062317,-5.4000000059604645,0,0,0
10/2/2026 12:00:46 PM,3.402500033378601,-2.1999996304512024,0,0,0
10/2/2026 12:00:47 PM,2.177500158548355,0.7750000059604645,0,0,0
10/2/2026 12:00:48 PM,1.7850001156330109,12.162500470876694,0,0,0
10/2/2026 12:00:49 PM,0.9625000208616257,3.625,0,0,0
10/2/2026 12:00:50 PM,1.14000004529953,0.9249999523162842,2.8324999809265137,19.900001525878906,0.0024999999441206455
10/2/2026 12:00:51 PM,2.590000092983246,-11.612500190734863,8.497499942779541,59.70000457763672,0.007499999832361937
10/2/2026 12:00:52 PM,6.248750150203705,-11.312500178813934,0,0,0
10/2/2026 12:00:53 PM,4.92125016450882,-10.524999976158142,0,0,0
10/2/2026 12:00:54 PM,3.7950002551078796,5.099999725818634,0,0,0
10/2/2026 12:00:55 PM,3.8825000524520874,5.012500286102295,0,0,0
10/2/2026 12:00:56 PM,4.202500104904175,4.162499904632568,0,0,0
10/2/2026 12:00:57 PM,3.1687500327825546,-14.037500381469727,0,0,0
10/2/2026 12:00:58 PM,-0.18250000849366188,-1.0250000953674316,0,0,0
10/2/2026 12:00:59 PM,0.7362500540912151,-4.3750001192092896,0,0,0
10/2/2026 12:01:00 PM,0.5900000184774399,-1.5124999284744263,0,0,0
10/2/2026 12:01:01 PM,0.8462500125169754,-2.0874998569488525,0,0,0
10/2/2026 12:01:02 PM,1.5637500286102295,2.487499713897705,0,0,0
10/2/2026 12:01:03 PM,7.100000202655792,-10.087500095367432,0,0,0
10/2/2026 12:01:04 PM,6.886250138282776,14.775000095367432,2.8712499141693115,18.412500381469727,0.0024999999441206455
10/2/2026 12:01:05 PM,6.8299999833106995,-5.037499904632568,8.613749742507935,55.23750114440918,0.007499999832361937
10/2/2026 12:01:06 PM,2.1024999916553497,-35.16250133514404,0,0,0
10/2/2026 12:01:07 PM,4.015000194311142,-2.3375003337860107,0,0,0
10/2/2026 12:01:08 PM,3.3937501907348633,2.9499995708465576,0,0,0
10/2/2026 12:01:09 PM,3.503750205039978,5.999999761581421,0,0,0
10/2/2026 12:01:10 PM,4.777500092983246,-12.125000238418579,0,0,0
10/2/2026 12:01:11 PM,6.228750288486481,-11.700000762939453,0,0,0
10/2/2026 12:01:12 PM,6.681250333786011,23.300000190734863,0,0,0
10/2/2026 12:01:13 PM,6.835000157356262,-8.112500667572021,0,0,0
10/2/2026 12:01:14 PM,4.4675001204013824,-12.400000095367432,0,0,0
10/2/2026 12:01:15 PM,-0.5150000303983688,0.5750000476837158,0,0,0
10/2/2026 12:01:16 PM,0.23250000178813934,-3.137500047683716,0,0,0
10/2/2026 12:01:17 PM,0.7300000339746475,4.700000166893005,0,0,0
10/2/2026 12:01:18 PM,2.041250064969063,7.8750001192092896,3.3162500858306885,20.1875,0.0024999999441206455
10/2/2026 12:01:19 PM,1.5287500619888306,-2.850000023841858,9.948750257492065,60.5625,0.007499999832361937
10/2/2026 12:01:20 PM,1.8112500607967377,-3.787499785423279,0,0,0
10/2/2026 12:01:21 PM,3.8312498927116394,-3.1875,0,0,0
10/2/2026 12:01:22 PM,4.203750252723694,-8.450000047683716,0,0,0
10/2/2026 12:01:23 PM,5.662500381469727,-2.137500047683716,0,0,0
10/2/2026 12:01:24 PM,5.6712503880262375,-19.34999966621399,0,0,0
10/2/2026 12:01:25 PM,2.001250073313713,-3.8875003308057785,0,0,0
10/2/2026 12:01:26 PM,5.443750321865082,12.987500861287117,0,0,0
10/2/2026 12:01:27 PM,5.945000350475311,-12.75,0,0,0
10/2/2026 12:01:28 PM,2.6900000274181366,8.887499809265137,0,0,0
10/2/2026 12:01:29 PM,3.8050000965595245,7.387500166893005,0,0,0
10/2/2026 12:01:30 PM,1.9612500369548798,-3.887500047683716,0,0,0
10/2/2026 12:01:31 PM,1.4625000357627869,6.462499976158142,0,0,0
10/2/2026 12:01:32 PM,1.4100000262260437,-0.9249999523162842,0,0,0
10/2/2026 12:01:33 PM,1.6550000607967377,-0.5250000953674316,7.653749942779541,79.83750343322754,0.007499999832361937
10/2/2026 12:01:34 PM,5.338750123977661,9.987499952316284,2.5512499809265137,26.61250114440918,0.0024999999441206455
10/2/2026 12:01:35 PM,4.147500097751617,9.549999833106995,0,0,0
10/2/2026 12:01:36 PM,2.862500160932541,-5.924999892711639,0,0,0
10/2/2026 12:01:37 PM,4.555000215768814,-8.274999916553497,0,0,0
10/2/2026 12:01:38 PM,3.8987502977252007,9.800000190734863,0,0,0
10/2/2026 12:01:39 PM,1.3887500539422035,1.5500000715255737,0,0,0
10/2/2026 12:01:40 PM,1.306250050663948,-2.1875,0,0,0
10/2/2026 12:01:41 PM,1.8612501323223114,-4.237500190734863,0,0,0
10/2/2026 12:01:42 PM,1.0800000615417957,-5.1874998807907104,0,0,0
10/2/2026 12:01:43 PM,0.930000051856041,1.2999998331069946,0,0,0
10/2/2026 12:01:44 PM,0.4112500362098217,-6.962499976158142,0,0,0
10/2/2026 12:01:45 PM,0.9250000268220901,-2.137500047683716,0,0,0
10/2/2026 12:01:46 PM,3.076250120997429,1.0374999940395355,0,0,0
10/2/2026 12:01:47 PM,4.387500047683716,2.4874998033046722,0,0,0
10/2/2026 12:01:48 PM,7.147500276565552,-8.187500238418579,11.28499984741211,51.650001525878906,0.009999999776482582
10/2/2026 12:01:49 PM,9.353749990463257,-5.800000190734863,0,0,0
10/2/2026 12:01:50 PM,4.947500109672546,-8.25,0,0,0
10/2/2026 12:01:51 PM,8.362500429153442,3.012500047683716,0,0,0
10/2/2026 12:01:52 PM,6.308750152587891,10.737500309944153,0,0,0
10/2/2026 12:01:53 PM,12.21250033378601,-18.59999942779541,0,0,0
10/2/2026 12:01:54 PM,8.830000400543213,2.874999523162842,0,0,0
10/2/2026 12:01:55 PM,12.318750619888306,5.625,0,0,0
10/2/2026 12:01:56 PM,12.477500677108765,2.512500286102295,0,0,0
10/2/2026 12:01:57 PM,13.545000553131104,-30.899999141693115,0,0,0
10/2/2026 12:01:58 PM,15.601250410079956,-22.075000286102295,0,0,0
10/2/2026 12:01:59 PM,6.698750227689743,-21.52500009536743,0,0,0
10/2/2026 12:02:00 PM,0.5562500059604645,-1.8749992847442627,0,0,0
10/2/2026 12:02:01 PM,-0.2912500202655792,0.8125,0,0,0
10/2/2026 12:02:02 PM,0.41625000536441803,6.412500083446503,21.65999984741211,145.15000915527344,0.009999999776482582
10/2/2026 12:02:03 PM,0.7862500548362732,0.012499988079071045,0,0,0
10/2/2026 12:02:04 PM,1.5512501299381256,-7.224999845027924,0,0,0
10/2/2026 12:02:05 PM,0.9625000804662704,-1.5374999940395355,0,0,0
10/2/2026 12:02:06 PM,-0.14750000834465027,-4.512500077486038,0,0,0
10/2/2026 12:02:07 PM,-0.2200000137090683,-1.175000011920929,0,0,0
10/2/2026 12:02:08 PM,-0.36249999701976776,0.10000002384185791,0,0,0
10/2/2026 12:02:09 PM,0.29375001275911927,-0.7124998569488525,0,0,0
10/2/2026 12:02:10 PM,1.5550001114606857,18.824999928474426,0,0,0
10/2/2026 12:02:11 PM,10.311250627040863,-10.125,0,0,0
10/2/2026 12:02:12 PM,15.02750039100647,-1.1000000834465027,0,0,0
10/2/2026 12:02:13 PM,15.251250743865967,-3.312499701976776,0,0,0
10/2/2026 12:02:14 PM,8.751249998807907,24.662500381469727,0,0,0
10/2/2026 12:02:15 PM,0.8062500059604645,18.600000381469727,0,0,0
10/2/2026 12:02:16 PM,-0.09874999523162842,6.849999904632568,0,0,0
10/2/2026 12:02:17 PM,-0.071250009117648,0.7625000476837158,0,0,0
10/2/2026 12:02:18 PM,-0.05125001445412636,-0.9124999046325684,10.327500343322754,38.349998474121094,0.004999999888241291
10/2/2026 12:02:19 PM,0.3700000122189522,-1.537500023841858,10.327500343322754,38.349998474121094,0.004999999888241291
10/2/2026 12:02:20 PM,-0.11375000327825546,3.4124999046325684,0,0,0
10/2/2026 12:02:21 PM,-0.3700000047683716,-1.1624999642372131,0,0,0
10/2/2026 12:02:22 PM,1.4075000882148743,-1.637499988079071,0,0,0
10/2/2026 12:02:23 PM,3.3437501192092896,-5.025000035762787,0,0,0
10/2/2026 12:02:24 PM,4.068750262260437,-0.5750000476837158,0,0,0
10/2/2026 12:02:25 PM,6.4762502908706665,-3.900000035762787,0,0,0
10/2/2026 12:02:26 PM,10.635000586509705,-2.3874998092651367,0,0,0
10/2/2026 12:02:27 PM,20.187500953674316,-9.349999904632568,0,0,0
10/2/2026 12:02:28 PM,21.793750286102295,-6.875,0,0,0
10/2/2026 12:02:29 PM,21.473751068115234,1.9875001907348633,0,0,0
10/2/2026 12:02:30 PM,11.472500562667847,-10.475000560283661,0,0,0
10/2/2026 12:02:31 PM,17.15624976158142,11.850000202655792,0,0,0
10/2/2026 12:02:32 PM,27.067500114440918,-14.812499761581421,0,0,0
10/2/2026 12:02:33 PM,21.52000057697296,5.250000357627869,0,0,0
10/2/2026 12:02:34 PM,11.84125006198883,1.8125005960464478,0,0,0
10/2/2026 12:02:35 PM,17.796250343322754,-9.75,24.255002975463867,129.6999969482422,0.009999999776482582
10/2/2026 12:02:36 PM,22.043749809265137,-18.66249990463257,0,0,0
10/2/2026 12:02:37 PM,19.622500896453857,-4.4375,0,0,0
10/2/2026 12:02:38 PM,7.353750109672546,11.237499952316284,0,0,0
10/2/2026 12:02:39 PM,11.051250576972961,-33.712499380111694,0,0,0
10/2/2026 12:02:40 PM,16.385000705718994,17.425000190734863,0,0,0
10/2/2026 12:02:41 PM,18.65375065803528,18.799999237060547,0,0,0
10/2/2026 12:02:42 PM,20.893750190734863,-19.550000190734863,0,0,0
10/2/2026 12:02:43 PM,15.361250758171082,9.337500095367432,0,0,0
10/2/2026 12:02:44 PM,11.063750624656677,-23.075000286102295,0,0,0
10/2/2026 12:02:45 PM,14.580000877380371,9.21250057220459,0,0,0
10/2/2026 12:02:46 PM,20.288750648498535,-5.962499916553497,0,0,0
10/2/2026 12:02:47 PM,21.792500972747803,-9.362500011920929,0,0,0
10/2/2026 12:02:48 PM,22.508749961853027,6.799999952316284,0,0,0
10/2/2026 12:02:49 PM,18.877500772476196,4.862499475479126,22.165000915527344,136.40000915527344,0.009999999776482582
10/2/2026 12:02:50 PM,7.380000591278076,14.137499809265137,0,0,0
10/2/2026 12:02:51 PM,12.471250295639038,-1.1374998092651367,0,0,0
10/2/2026 12:02:52 PM,16.52250027656555,-3.325000047683716,0,0,0
10/2/2026 12:02:53 PM,15.11750054359436,-1.6500003337860107,0,0,0
10/2/2026 12:02:54 PM,15.492500305175781,-7.112500429153442,0,0,0
10/2/2026 12:02:55 PM,12.180000305175781,-7.7875001430511475,0,0,0
10/2/2026 12:02:56 PM,5.287500023841858,14.962500095367432,0,0,0
10/2/2026 12:02:57 PM,9.40125024318695,-13.949999928474426,0,0,0
10/2/2026 12:02:58 PM,9.923750162124634,6.599999904632568,0,0,0
10/2/2026 12:02:59 PM,10.472500562667847,-1.000000238418579,0,0,0
10/2/2026 12:03:00 PM,8.821250438690186,-6.512500286102295,0,0,0
10/2/2026 12:03:01 PM,10.90250039100647,-9.250000476837158,0,0,0
10/2/2026 12:03:02 PM,8.301250472664833,5.72499942779541,0,0,0
10/2/2026 12:03:03 PM,1.2500000447034836,6.949999749660492,19.440000534057617,109.4000015258789,0.009999999776482582
10/2/2026 12:03:04 PM,0.3712500184774399,1.5625,0,0,0
10/2/2026 12:03:05 PM,0.08250000327825546,-5.3999998569488525,0,0,0
10/2/2026 12:03:06 PM,0.7450000233948231,-8.525000214576721,0,0,0
10/2/2026 12:03:07 PM,-0.13500000163912773,-3.5875000953674316,0,0,0
10/2/2026 12:03:08 PM,0.3475000187754631,7.862499833106995,0,0,0
10/2/2026 12:03:09 PM,-0.3037499934434891,-0.9750000238418579,0,0,0
10/2/2026 12:03:10 PM,0.7825000435113907,-2.6125001907348633,0,0,0
10/2/2026 12:03:11 PM,1.6587499976158142,8.600000023841858,0,0,0
10/2/2026 12:03:12 PM,0.8562500029802322,-3.5124999284744263,0,0,0
10/2/2026 12:03:13 PM,-0.7725000008940697,-2.7749998569488525,0,0,0
10/2/2026 12:03:14 PM,-0.38124997168779373,-0.6875,0,0,0
10/2/2026 12:03:15 PM,0.4162500202655792,4.6000001430511475,0,0,0
10/2/2026 12:03:16 PM,-1.3712500855326653,2.3874998092651367,0,0,0
10/2/2026 12:03:17 PM,-0.20874999463558197,8.749999761581421,3.0925002098083496,16.274999618530273,0.004999999888241291
10/2/2026 12:03:18 PM,0.12250001728534698,-2.075000047683716,3.0925002098083496,16.274999618530273,0.004999999888241291
10/2/2026 12:03:19 PM,1.1687500402331352,2.1375001668930054,0,0,0
10/2/2026 12:03:20 PM,-0.2837499901652336,7.675000071525574,0,0,0
10/2/2026 12:03:21 PM,-0.1262499988079071,1.9000000953674316,0,0,0
10/2/2026 12:03:22 PM,0.11750000109896064,-5.062499940395355,0,0,0
10/2/2026 12:03:23 PM,0.029999997466802597,-1.1625000834465027,0,0,0
10/2/2026 12:03:24 PM,0.795000035315752,-1.162500023841858,0,0,0
10/2/2026 12:03:25 PM,-0.092499990016222,-4.625000059604645,0,0,0
10/2/2026 12:03:26 PM,0.3812500163912773,-4.725000083446503,0,0,0
10/2/2026 12:03:27 PM,-0.7562500387430191,-3.987499952316284,0,0,0
10/2/2026 12:03:28 PM,-1.438749998807907,-4.462500035762787,0,0,0
10/2/2026 12:03:29 PM,-1.252500057220459,2.5624999403953552,0,0,0
10/2/2026 12:03:30 PM,-0.8237500265240669,0.10000002384185791,0,0,0
10/2/2026 12:03:31 PM,-1.9012500047683716,3.700000047683716,0,0,0
10/2/2026 12:03:32 PM,-2.2337500751018524,-5.012500047683716,5.950000286102295,44.29999923706055,0.009999999776482582
10/2/2026 12:03:33 PM,-1.6137501001358032,-4.587500095367432,0,0,0
10/2/2026 12:03:34 PM,-1.3600000441074371,0.6999996900558472,0,0,0
10/2/2026 12:03:35 PM,-3.5700000524520874,5.800000190734863,0,0,0
10/2/2026 12:03:36 PM,-2.777500033378601,-2.6124999821186066,0,0,0
10/2/2026 12:03:37 PM,-1.6362501084804535,0.27500003576278687,0,0,0
10/2/2026 12:03:38 PM,-0.8850000351667404,-2.549999952316284,0,0,0
10/2/2026 12:03:39 PM,-2.972500115633011,-1.437499761581421,0,0,0
10/2/2026 12:03:40 PM,-3.771250069141388,-1.3624998927116394,0,0,0
10/2/2026 12:03:41 PM,-3.2525002360343933,0.3125,0,0,0
10/2/2026 12:03:42 PM,-2.878750205039978,0.11249995231628418,0,0,0
10/2/2026 12:03:43 PM,-2.4900000393390656,-0.13749998807907104,0,0,0
10/2/2026 12:03:44 PM,-1.6162500381469727,-1.5625000298023224,0,0,0
10/2/2026 12:03:45 PM,-1.4362500607967377,0.8750000149011612,0,0,0
10/2/2026 12:03:46 PM,-0.5162500068545341,-0.7874999344348907,5.125,24.900001525878906,0.009999999776482582
10/2/2026 12:03:47 PM,0.7787500247359276,-0.15000000596046448,0,0,0
10/2/2026 12:03:48 PM,1.0900000184774399,-1.475000023841858,0,0,0
10/2/2026 12:03:49 PM,1.2200000882148743,-2.274999976158142,0,0,0
10/2/2026 12:03:50 PM,4.8487503826618195,4.862499535083771,0,0,0
10/2/2026 12:03:51 PM,4.2900002002716064,2.724999785423279,0,0,0
10/2/2026 12:03:52 PM,3.31000018119812,5.662499785423279,0,0,0
10/2/2026 12:03:53 PM,4.575000166893005,19.02500009536743,0,0,0
10/2/2026 12:03:54 PM,4.486250281333923,-12.975000143051147,0,0,0
10/2/2026 12:03:55 PM,7.551250338554382,-32.90000057220459,0,0,0
10/2/2026 12:03:56 PM,3.526250183582306,-12.549999713897705,0,0,0
10/2/2026 12:03:57 PM,8.067500412464142,-4.53749942779541,0,0,0
10/2/2026 12:03:58 PM,6.220000088214874,-2.72499942779541,0,0,0
10/2/2026 12:03:59 PM,9.110000371932983,8.987500190734863,0,0,0
10/2/2026 12:04:00 PM,4.243750065565109,17.575000762939453,0,0,0
10/2/2026 12:04:01 PM,0.6137500181794167,0.4999997615814209,16.220001220703125,138.70001220703125,0.009999999776482582
10/2/2026 12:04:02 PM,-0.19500000588595867,-4.512499988079071,0,0,0
10/2/2026 12:04:03 PM,-0.6949999909847975,-5.824999749660492,0,0,0
10/2/2026 12:04:04 PM,0.22874999046325684,-2.8999998569488525,0,0,0
10/2/2026 12:04:05 PM,-0.33375003933906555,7.025000095367432,0,0,0
10/2/2026 12:04:06 PM,-0.6850000023841858,4.625,0,0,0
10/2/2026 12:04:07 PM,-1.131250023841858,-1.6750001013278961,0,0,0
10/2/2026 12:04:08 PM,-1.6175000071525574,-1.7375001013278961,0,0,0
10/2/2026 12:04:09 PM,-1.9900000989437103,-1.6250001192092896,0,0,0
10/2/2026 12:04:10 PM,-0.6962500121444464,-2.8625000715255737,0,0,0
10/2/2026 12:04:11 PM,-0.32000000961124897,3.212500214576721,0,0,0
10/2/2026 12:04:12 PM,0.9937500227242708,-3.2750000953674316,0,0,0
10/2/2026 12:04:13 PM,2.3862500190734863,-5.962500214576721,0,0,0
10/2/2026 12:04:14 PM,10.003750562667847,-2.462499976158142,0,0,0
10/2/2026 12:04:15 PM,19.292500495910645,-11.91249966621399,0,0,0
10/2/2026 12:04:16 PM,14.847500532865524,9.0625,0,0,0
10/2/2026 12:04:17 PM,6.36250039935112,11.43749988079071,0,0,0
10/2/2026 12:04:18 PM,11.273751020431519,5.699999928474426,0,0,0
10/2/2026 12:04:19 PM,10.702500343322754,13.962501049041748,26.920001983642578,110,0.009999999776482582
10/2/2026 12:04:20 PM,14.360000371932983,23.787501335144043,0,0,0
10/2/2026 12:04:21 PM,4.617500126361847,24.175000429153442,0,0,0
10/2/2026 12:04:22 PM,5.676249861717224,15.574999570846558,0,0,0
10/2/2026 12:04:23 PM,6.337500423192978,-11.900000095367432,0,0,0
10/2/2026 12:04:24 PM,6.362500160932541,-3.8250012397766113,0,0,0
10/2/2026 12:04:25 PM,5.8537503480911255,-0.5124998092651367,0,0,0
10/2/2026 12:04:26 PM,2.4812501072883606,-2.1625001430511475,0,0,0
10/2/2026 12:04:27 PM,2.228750079870224,-3.4250001907348633,0,0,0
10/2/2026 12:04:28 PM,-0.6837500333786011,3.8874999284744263,0,0,0
10/2/2026 12:04:29 PM,-1.323750078678131,8.200000047683716,0,0,0
10/2/2026 12:04:30 PM,-0.6037499904632568,-3.0125001668930054,0,0,0
10/2/2026 12:04:31 PM,0.5387500077486038,4.412499725818634,0,0,0
10/2/2026 12:04:32 PM,2.9762499779462814,-0.6250001788139343,0,0,0
10/2/2026 12:04:33 PM,1.2162500470876694,8.787500143051147,11.610000610351562,107.50000762939453,0.009999999776482582
10/2/2026 12:04:34 PM,1.0462500751018524,3.6000001430511475,0,0,0
10/2/2026 12:04:35 PM,1.1800000071525574,-0.7875000238418579,0,0,0
10/2/2026 12:04:36 PM,0.6724999994039536,1.787500023841858,0,0,0
10/2/2026 12:04:37 PM,0.7924999967217445,1.962499976158142,0,0,0
10/2/2026 12:04:38 PM,-0.39499999582767487,5.3749998807907104,0,0,0
10/2/2026 12:04:39 PM,-0.8787500038743019,2.412499949336052,0,0,0
10/2/2026 12:04:40 PM,-1.4312500357627869,-2.1250000596046448,0,0,0
10/2/2026 12:04:41 PM,-1.1487500071525574,-1.2250001430511475,0,0,0
10/2/2026 12:04:42 PM,-2.250000089406967,9.712499856948853,0,0,0
10/2/2026 12:04:43 PM,-2.5487499833106995,5.650000095367432,0,0,0
10/2/2026 12:04:44 PM,-1.766250118613243,-0.13749992847442627,0,0,0
10/2/2026 12:04:45 PM,-1.7487501353025436,6.1250001192092896,0,0,0
10/2/2026 12:04:46 PM,-2.873750180006027,2.5,0,0,0
10/2/2026 12:04:47 PM,-0.49000002443790436,0.1625000238418579,0,0,0
10/2/2026 12:04:48 PM,-0.7425000481307507,-3.112500011920929,0,0,0
10/2/2026 12:04:49 PM,-0.26500001177191734,-0.01250004768371582,0,0,0
10/2/2026 12:04:50 PM,-0.5062500238418579,-0.737500011920929,2.5975000858306885,13.65000057220459,0.004999999888241291
10/2/2026 12:04:51 PM,-0.8387500643730164,-0.04999999701976776,2.5975000858306885,13.65000057220459,0.004999999888241291
10/2/2026 12:04:52 PM,-0.6325000263750553,-0.38750001043081284,0,0,0
10/2/2026 12:04:53 PM,0.3787500075995922,-0.8500000461935997,0,0,0
10/2/2026 12:04:54 PM,0.911250039935112,0.03750002384185791,0,0,0
10/2/2026 12:04:55 PM,1.1525000780820847,0.07500000298023224,0,0,0
10/2/2026 12:04:56 PM,1.2112500667572021,0.3500000089406967,0,0,0
10/2/2026 12:04:57 PM,8.113749951124191,-15.762500584125519,0,0,0
10/2/2026 12:04:58 PM,15.045000314712524,-2.1375001072883606,0,0,0
10/2/2026 12:04:59 PM,18.728751182556152,15.71250033378601,0,0,0
10/2/2026 12:05:00 PM,16.686250686645508,7.2250001430511475,0,0,0
10/2/2026 12:05:01 PM,12.14625072479248,-11.199999809265137,0,0,0
10/2/2026 12:05:02 PM,19.605000972747803,-22.637499809265137,0,0,0
10/2/2026 12:05:03 PM,11.52625036239624,38.26249849796295,0,0,0
10/2/2026 12:05:04 PM,10.613750457763672,19.612500309944153,0,0,0
10/2/2026 12:05:05 PM,17.782500743865967,-8.974999904632568,10.947500228881836,65.19999694824219,0.004999999888241291
10/2/2026 12:05:06 PM,16.032500743865967,15.312499284744263,10.947500228881836,65.19999694824219,0.004999999888241291
10/2/2026 12:05:07 PM,5.937500357627869,-30.237500429153442,0,0,0
10/2/2026 12:05:08 PM,10.762500643730164,-13.562500476837158,0,0,0
10/2/2026 12:05:09 PM,19.021250009536743,18.46250057220459,0,0,0
10/2/2026 12:05:10 PM,9.570000410079956,33.57500076293945,0,0,0
10/2/2026 12:05:11 PM,1.2162500619888306,16.300000190734863,0,0,0
10/2/2026 12:05:12 PM,5.808750152587891,8.050000190734863,0,0,0
10/2/2026 12:05:13 PM,12.983750224113464,12.550000190734863,0,0,0
10/2/2026 12:05:14 PM,13.030000925064087,3.3500003814697266,0,0,0
10/2/2026 12:05:15 PM,15.306251049041748,25.300000190734863,0,0,0
10/2/2026 12:05:16 PM,3.411250114440918,18.312500953674316,0,0,0
10/2/2026 12:05:17 PM,5.121250152587891,21.225000858306885,0,0,0
10/2/2026 12:05:18 PM,2.165000095963478,-2.737500548362732,0,0,0
10/2/2026 12:05:19 PM,4.872500061988831,7.387499451637268,0,0,0
10/2/2026 12:05:20 PM,0.5537500083446503,-13.450000286102295,23.56500244140625,131.40000915527344,0.009999999776482582
10/2/2026 12:05:21 PM,2.2612500190734863,1.0125000476837158,0,0,0
10/2/2026 12:05:22 PM,1.6800000071525574,-1.7374999523162842,0,0,0
10/2/2026 12:05:23 PM,1.0100000500679016,13.550000071525574,0,0,0
10/2/2026 12:05:24 PM,1.79250006377697,-11.225000500679016,0,0,0
10/2/2026 12:05:25 PM,1.0537500232458115,13.525000095367432,0,0,0
10/2/2026 12:05:26 PM,4.597500205039978,-5.074999928474426,0,0,0
10/2/2026 12:05:27 PM,3.2650001645088196,-9.137500032782555,0,0,0
10/2/2026 12:05:28 PM,-0.6287500262260437,-4.299999818205833,0,0,0
10/2/2026 12:05:29 PM,-2.763750046491623,10.950000762939453,0,0,0
10/2/2026 12:05:30 PM,-1.0000000447034836,-3.337500214576721,0,0,0
10/2/2026 12:05:31 PM,1.0325000137090683,-5.8125001192092896,0,0,0
10/2/2026 12:05:32 PM,3.2049999833106995,9.274999856948853,0,0,0
10/2/2026 12:05:33 PM,9.700000137090683,-6.54999852180481,0,0,0
10/2/2026 12:05:34 PM,0.8712500631809235,8.287500560283661,10.039999961853027,89,0.004999999888241291
10/2/2026 12:05:35 PM,0.9475000202655792,-6.675000309944153,10.039999961853027,89,0.004999999888241291
10/2/2026 12:05:36 PM,-2.627499997615814,40.724999606609344,0,0,0
10/2/2026 12:05:37 PM,-0.790000032633543,-7.587499618530273,0,0,0
10/2/2026 12:05:38 PM,-0.6312500350177288,-0.3500000238418579,0,0,0
10/2/2026 12:05:39 PM,3.25625017285347,14.512499928474426,0,0,0
10/2/2026 12:05:40 PM,6.600000321865082,8.475000381469727,0,0,0
10/2/2026 12:05:41 PM,6.603750169277191,-4.84999942779541,0,0,0
10/2/2026 12:05:42 PM,0.3812500536441803,46.849999606609344,0,0,0
10/2/2026 12:05:43 PM,2.596250146627426,-9.462500154972076,0,0,0
10/2/2026 12:05:44 PM,2.1337501406669617,-1.2625001072883606,0,0,0
10/2/2026 12:05:45 PM,1.7312500178813934,2.1750003695487976,0,0,0
10/2/2026 12:05:46 PM,7.985000014305115,1.7125005722045898,0,0,0
10/2/2026 12:05:47 PM,15.49500060081482,-17.199999809265137,0,0,0
10/2/2026 12:05:48 PM,24.688750743865967,-16.200000524520874,12.717500686645508,63.45000076293945,0.004999999888241291
10/2/2026 12:05:49 PM,19.80250072479248,-14.787500143051147,12.717500686645508,63.45000076293945,0.004999999888241291
10/2/2026 12:05:50 PM,26.877501010894775,31.337499618530273,0,0,0
10/2/2026 12:05:51 PM,16.610000610351562,48.42500019073486,0,0,0
10/2/2026 12:05:52 PM,21.48375129699707,3.000000238418579,0,0,0
10/2/2026 12:05:53 PM,25.751251220703125,-10.912499904632568,0,0,0
10/2/2026 12:05:54 PM,24.81375002861023,-0.09999966621398926,0,0,0
10/2/2026 12:05:55 PM,17.770000457763672,-6.5625,0,0,0
10/2/2026 12:05:56 PM,15.028751134872437,4.08750057220459,0,0,0
10/2/2026 12:05:57 PM,13.417500734329224,16.137499451637268,0,0,0
10/2/2026 12:05:58 PM,2.6612501917406917,20.899999976158142,0,0,0
10/2/2026 12:05:59 PM,1.0562500534579158,3.1374998092651367,0,0,0
10/2/2026 12:06:00 PM,1.4387500584125519,4.2124998569488525,0,0,0
10/2/2026 12:06:01 PM,2.8837501406669617,-13.675000071525574,0,0,0
10/2/2026 12:06:02 PM,2.7287501096725464,-6.362499952316284,15.347500801086426,50.125,0.004999999888241291
10/2/2026 12:06:03 PM,5.561250329017639,1.3000001907348633,15.347500801086426,50.125,0.004999999888241291
10/2/2026 12:06:04 PM,5.041250169277191,7.474999904632568,0,0,0
10/2/2026 12:06:05 PM,15.255000114440918,2.062499523162842,0,0,0
10/2/2026 12:06:06 PM,7.986250400543213,8.09999942779541,0,0,0
10/2/2026 12:06:07 PM,8.275000512599945,5.300000190734863,0,0,0
10/2/2026 12:06:08 PM,7.443750321865082,-5.174999713897705,0,0,0
10/2/2026 12:06:09 PM,2.7787500945851207,-7.499999761581421,0,0,0
10/2/2026 12:06:10 PM,0.33125000447034836,-4.325000047683716,0,0,0
10/2/2026 12:06:11 PM,0.19499999401159585,-1.3500001430511475,0,0,0
10/2/2026 12:06:12 PM,0.8074999984819442,19.199999570846558,0,0,0
10/2/2026 12:06:13 PM,3.793750163167715,1.7875001430511475,0,0,0
10/2/2026 12:06:14 PM,5.082499906420708,8.125000357627869,0,0,0
10/2/2026 12:06:15 PM,1.9937500208616257,-4.425000429153442,0,0,0
10/2/2026 12:06:16 PM,8.115000367164612,-0.03749966621398926,7.272500038146973,69.45000457763672,0.004999999888241291
10/2/2026 12:06:17 PM,7.8525002002716064,11.937500476837158,7.272500038146973,69.45000457763672,0.004999999888241291
10/2/2026 12:06:18 PM,4.555000126361847,11.387499928474426,0,0,0
10/2/2026 12:06:19 PM,2.2262500524520874,-1.475000023841858,0,0,0
10/2/2026 12:06:20 PM,3.167500138282776,-1.424999713897705,0,0,0
10/2/2026 12:06:21 PM,3.585000216960907,4.637500047683716,0,0,0
10/2/2026 12:06:22 PM,2.3962500989437103,8.549999713897705,0,0,0
10/2/2026 12:06:23 PM,1.3525000214576721,7.5499995946884155,0,0,0
10/2/2026 12:06:24 PM,0.11750002205371857,1.1375001668930054,0,0,0
10/2/2026 12:06:25 PM,-0.3474999989848584,-1.9374998807907104,0,0,0
10/2/2026 12:06:26 PM,-0.4175000067334622,-2.5875000059604645,0,0,0
10/2/2026 12:06:27 PM,0.20750002562999725,-1.1500000357627869,0,0,0
10/2/2026 12:06:28 PM,-0.4400000274181366,-1.449999988079071,0,0,0
10/2/2026 12:06:29 PM,-0.7925000488758087,2.125,0,0,0
10/2/2026 12:06:30 PM,-0.45875003933906555,3.1875000596046448,3.68500018119812,24.950000762939453,0.004999999888241291
10/2/2026 12:06:31 PM,-0.4950000289827585,-3.2874999046325684,3.68500018119812,24.950000762939453,0.004999999888241291
10/2/2026 12:06:32 PM,1.7400001343339682,-8.575000047683716,0,0,0
10/2/2026 12:06:33 PM,11.77500069141388,-42.33750009536743,0,0,0
10/2/2026 12:06:34 PM,4.7725002989172935,-11.237500190734863,0,0,0
10/2/2026 12:06:35 PM,5.545000217854977,-19.3125,0,0,0
10/2/2026 12:06:36 PM,9.905000448226929,6.550000190734863,0,0,0
10/2/2026 12:06:37 PM,10.797500491142273,-8.124999761581421,0,0,0
10/2/2026 12:06:38 PM,15.891250610351562,-10.262500524520874,0,0,0
10/2/2026 12:06:39 PM,18.037500619888306,-18.12500035762787,0,0,0
10/2/2026 12:06:40 PM,21.99375009536743,-6.0250004529953,0,0,0
10/2/2026 12:06:41 PM,22.2762508392334,-12.637499809265137,0,0,0
10/2/2026 12:06:42 PM,20.93250060081482,5.75,0,0,0
10/2/2026 12:06:43 PM,14.223750352859497,34.96249866485596,0,0,0
10/2/2026 12:06:44 PM,12.127500534057617,11.799999237060547,0,0,0
10/2/2026 12:06:45 PM,13.067500114440918,5.97499942779541,24.305002212524414,102.1500015258789,0.009999999776482582
10/2/2026 12:06:46 PM,17.562500953674316,8.100000381469727,0,0,0
10/2/2026 12:06:47 PM,12.372499942779541,25.675000190734863,0,0,0
10/2/2026 12:06:48 PM,15.565001487731934,-8.774999618530273,0,0,0
10/2/2026 12:06:49 PM,11.460000038146973,-25.300000190734863,0,0,0
10/2/2026 12:06:50 PM,13.985000133514404,7.25,0,0,0
10/2/2026 12:06:51 PM,12.347500801086426,-5.100000381469727,0,0,0
10/2/2026 12:06:52 PM,12.200000286102295,-12.174999713897705,0,0,0
10/2/2026 12:06:53 PM,15.572499752044678,-6.900000095367432,0,0,0
10/2/2026 12:06:54 PM,16.9975004196167,11.025000095367432,0,0,0
10/2/2026 12:06:55 PM,17.627500534057617,-31.550000190734863,0,0,0
10/2/2026 12:06:56 PM,19.01250171661377,6.424999237060547,0,0,0
10/2/2026 12:06:57 PM,10.765000343322754,21.024999618530273,0,0,0
10/2/2026 12:06:58 PM,8.807500511407852,19.07499885559082,0,0,0
10/2/2026 12:06:59 PM,8.274999976158142,-22.324999809265137,22.844999313354492,186.40000915527344,0.009999999776482582
10/2/2026 12:07:00 PM,9.072500467300415,17.050000190734863,0,0,0
10/2/2026 12:07:01 PM,11.282500743865967,-25.75,0,0,0
10/2/2026 12:07:02 PM,7.5475006103515625,19.924999713897705,0,0,0
10/2/2026 12:07:03 PM,8.46500039100647,-42.875000953674316,0,0,0
10/2/2026 12:07:04 PM,3.927500069141388,27.225000381469727,0,0,0
10/2/2026 12:07:05 PM,6.387500286102295,-8.799999713897705,0,0,0
10/2/2026 12:07:06 PM,7.070000529289246,-12.75,0,0,0
10/2/2026 12:07:07 PM,9.80750036239624,19.300000190734863,0,0,0
10/2/2026 12:07:08 PM,8.545000314712524,8.52500033378601,0,0,0
10/2/2026 12:07:09 PM,8.567500352859497,-10.050000190734863,0,0,0
10/2/2026 12:07:10 PM,9.180000305175781,-13.25,0,0,0
10/2/2026 12:07:11 PM,5.700000286102295,-33.27499961853027,0,0,0
10/2/2026 12:07:12 PM,4.722500324249268,8.149999618530273,0,0,0
10/2/2026 12:07:13 PM,2.087500035762787,2.6750001907348633,7.5475006103515625,82.17500305175781,0.004999999888241291
10/2/2026 12:07:14 PM,1.827500119805336,14.974999904632568,7.5475006103515625,82.17500305175781,0.004999999888241291
10/2/2026 12:07:15 PM,5.030000329017639,4.250000476837158,0,0,0
10/2/2026 12:07:16 PM,3.6025002002716064,13.075000286102295,0,0,0
10/2/2026 12:07:17 PM,5.077499985694885,4.675000190734863,0,0,0
10/2/2026 12:07:18 PM,3.7725000381469727,1.5500001907348633,0,0,0
10/2/2026 12:07:19 PM,5.307500123977661,-13.449999809265137,0,0,0
10/2/2026 12:07:20 PM,4.9250001311302185,-19.5,0,0,0
10/2/2026 12:07:21 PM,4.552500128746033,-4.774999618530273,0,0,0
10/2/2026 12:07:22 PM,2.2875000834465027,-15.900000095367432,0,0,0
10/2/2026 12:07:23 PM,12.46250057220459,2.4000000953674316,0,0,0
10/2/2026 12:07:24 PM,8.427500009536743,7.15000057220459,0,0,0
10/2/2026 12:07:25 PM,10.92750072479248,-21.77500057220459,0,0,0
10/2/2026 12:07:26 PM,8.947500705718994,-17.825000286102295,0,0,0
10/2/2026 12:07:27 PM,5.575000166893005,12.425000190734863,7.602499961853027,38.900001525878906,0.004999999888241291
10/2/2026 12:07:28 PM,6.860000133514404,-0.7999992370605469,7.602499961853027,38.900001525878906,0.004999999888241291
10/2/2026 12:07:29 PM,10.892500400543213,-18.77500081062317,0,0,0
10/2/2026 12:07:30 PM,5.710000395774841,27.100000381469727,0,0,0
10/2/2026 12:07:31 PM,9.047500848770142,7.399999618530273,0,0,0
10/2/2026 12:07:32 PM,8.122499942779541,3.075000762939453,0,0,0
10/2/2026 12:07:33 PM,3.3000001907348633,-6.749999523162842,0,0,0
10/2/2026 12:07:34 PM,8.637500643730164,-30.250000476837158,0,0,0
10/2/2026 12:07:35 PM,10.692500114440918,-10.700000286102295,0,0,0
10/2/2026 12:07:36 PM,12.92750072479248,1.5249996185302734,0,0,0
10/2/2026 12:07:37 PM,6.997499942779541,39.95000076293945,0,0,0
10/2/2026 12:07:38 PM,8.852500438690186,-0.05000114440917969,0,0,0
10/2/2026 12:07:39 PM,9.247499704360962,6.25,0,0,0
10/2/2026 12:07:40 PM,9.852500438690186,2.624999523162842,0,0,0
10/2/2026 12:07:41 PM,8.77750039100647,-29.175000190734863,8.322500228881836,57.724998474121094,0.004999999888241291
10/2/2026 12:07:42 PM,11.725000381469727,3,8.322500228881836,57.724998474121094,0.004999999888241291
10/2/2026 12:07:43 PM,9.250000953674316,-13.849999904632568,0,0,0
10/2/2026 12:07:44 PM,11.74250078201294,18.77500057220459,0,0,0
10/2/2026 12:07:45 PM,14.977501392364502,8.125000476837158,0,0,0
10/2/2026 12:07:46 PM,7.4075000286102295,31.05000114440918,0,0,0
10/2/2026 12:07:47 PM,11.605000495910645,11.15000057220459,0,0,0
10/2/2026 12:07:48 PM,6.952500104904175,-8.149999618530273,0,0,0
10/2/2026 12:07:49 PM,2.930000066757202,-6.299999952316284,0,0,0
10/2/2026 12:07:50 PM,0.10500001162290573,-1.950000286102295,0,0,0
10/2/2026 12:07:51 PM,0.957500047981739,-0.8250000476837158,0,0,0
10/2/2026 12:07:52 PM,2.7150001525878906,4.550000190734863,0,0,0
10/2/2026 12:07:53 PM,4.7875001430511475,-8.22499966621399,0,0,0
10/2/2026 12:07:54 PM,3.2975000739097595,17.15000009536743,0,0,0
10/2/2026 12:07:55 PM,1.3950000405311584,-6.4750001430511475,10.352500915527344,40.20000076293945,0.004999999888241291
10/2/2026 12:07:56 PM,1.8650001287460327,0.27499985694885254,10.352500915527344,40.20000076293945,0.004999999888241291
10/2/2026 12:07:57 PM,0.877500057220459,1.5000001192092896,0,0,0
10/2/2026 12:07:58 PM,1.0125000327825546,16.90000009536743,0,0,0
10/2/2026 12:07:59 PM,-1.272500067949295,-4.524999976158142,0,0,0
10/2/2026 12:08:00 PM,-0.08500000834465027,-2.050000011920929,0,0,0
10/2/2026 12:08:01 PM,-0.1450000051409006,-2.6249999403953552,0,0,0
10/2/2026 12:08:02 PM,0.17000001668930054,-4.474999904632568,0,0,0
10/2/2026 12:08:03 PM,4.324999988079071,-17.75,0,0,0
10/2/2026 12:08:04 PM,13.67750072479248,10.72500228881836,0,0,0
10/2/2026 12:08:05 PM,15.610000133514404,6.52500057220459,0,0,0
10/2/2026 12:08:06 PM,28.244999885559082,-34.70000076293945,0,0,0
10/2/2026 12:08:07 PM,32.77750205993652,-4.650000333786011,0,0,0
10/2/2026 12:08:08 PM,27.9350004196167,33.100000858306885,0,0,0
10/2/2026 12:08:09 PM,23.572500228881836,30.350000858306885,0,0,0
10/2/2026 12:08:10 PM,27.815000534057617,5.900000095367432,40.314998626708984,204.65000915527344,0.009999999776482582
10/2/2026 12:08:11 PM,28.08750057220459,-16.824999809265137,0,0,0
10/2/2026 12:08:12 PM,24.425000190734863,4.1999993324279785,0,0,0
10/2/2026 12:08:13 PM,15.602500915527344,9.625,0,0,0
10/2/2026 12:08:14 PM,18.292500495910645,-16.59999990463257,0,0,0
10/2/2026 12:08:15 PM,16.890000343322754,-5.050000190734863,0,0,0
10/2/2026 12:08:16 PM,7.7275004386901855,0.34999942779541016,0,0,0
10/2/2026 12:08:17 PM,6.930000305175781,-13.52500057220459,0,0,0
10/2/2026 12:08:18 PM,5.4125001430511475,24.175000190734863,0,0,0
10/2/2026 12:08:19 PM,1.4100000858306885,-4.574999928474426,0,0,0
10/2/2026 12:08:20 PM,4.5625001192092896,14.125000715255737,0,0,0
10/2/2026 12:08:21 PM,1.932500034570694,-4.875,0,0,0
10/2/2026 12:08:22 PM,3.6600000858306885,18.97499966621399,0,0,0
10/2/2026 12:08:23 PM,3.4975000619888306,19.399999976158142,0,0,0
10/2/2026 12:08:24 PM,0.7025000154972076,5.050000429153442,22.635000228881836,130.1999969482422,0.009999999776482582
10/2/2026 12:08:25 PM,1.3050000369548798,0.4750000238418579,0,0,0
10/2/2026 12:08:26 PM,0.6525000035762787,0.125,0,0,0
10/2/2026 12:08:27 PM,0.5675000101327896,0.9249999523162842,0,0,0
10/2/2026 12:08:28 PM,-0.09000000357627869,2.949999988079071,0,0,0
10/2/2026 12:08:29 PM,1.1400000900030136,1.9749999940395355,0,0,0
10/2/2026 12:08:30 PM,2.1250000596046448,1.3000000715255737,0,0,0
10/2/2026 12:08:31 PM,5.027500152587891,3.90000057220459,0,0,0
10/2/2026 12:08:32 PM,1.2975000739097595,4.699999809265137,0,0,0
10/2/2026 12:08:33 PM,3.3025001287460327,4.099999904632568,0,0,0
10/2/2026 12:08:34 PM,3.2025002241134644,3.674999952316284,0,0,0
10/2/2026 12:08:35 PM,1.3775000870227814,2.700000047683716,0,0,0
10/2/2026 12:08:36 PM,0.8175000250339508,-1.4000000357627869,0,0,0
10/2/2026 12:08:37 PM,1.3850001096725464,-0.3250000476837158,0,0,0
10/2/2026 12:08:38 PM,4.932500123977661,10.274999856948853,0,0,0
10/2/2026 12:08:39 PM,6.317500352859497,5.600000023841858,3.192500114440918,27.375001907348633,0.004999999888241291
10/2/2026 12:08:40 PM,6.432500123977661,-1.1250000596046448,3.192500114440918,27.375001907348633,0.004999999888241291
10/2/2026 12:08:41 PM,6.885000228881836,-0.5250000059604645,0,0,0
10/2/2026 12:08:42 PM,7.704999923706055,-0.8249999284744263,0,0,0
10/2/2026 12:08:43 PM,8.605000019073486,-3.075000047683716,0,0,0
10/2/2026 12:08:44 PM,12.520000457763672,-5.9999998807907104,0,0,0
10/2/2026 12:08:45 PM,21.10500144958496,-5.025000095367432,0,0,0
10/2/2026 12:08:46 PM,27.692500114440918,-10.425000190734863,0,0,0
10/2/2026 12:08:47 PM,22.287500381469727,25.15000009536743,0,0,0
10/2/2026 12:08:48 PM,22.422500610351562,-22.950000762939453,0,0,0
10/2/2026 12:08:49 PM,26.090001106262207,7.425000190734863,0,0,0
10/2/2026 12:08:50 PM,15.099999904632568,11.150000095367432,0,0,0
10/2/2026 12:08:51 PM,20.217500686645508,1.7250001430511475,0,0,0
10/2/2026 12:08:52 PM,27.175002098083496,-18.075000286102295,0,0,0
10/2/2026 12:08:53 PM,23.32750129699707,-42.775001525878906,9.877500534057617,59.125003814697266,0.004999999888241291
10/2/2026 12:08:54 PM,11.365000009536743,-13.125,9.877500534057617,59.125003814697266,0.004999999888241291
10/2/2026 12:08:55 PM,13.285000324249268,2.6750001907348633,0,0,0
10/2/2026 12:08:56 PM,21.86500072479248,-16.850000381469727,0,0,0
10/2/2026 12:08:57 PM,14.630000591278076,1.625,0,0,0
10/2/2026 12:08:58 PM,10.600000381469727,2.3499999046325684,0,0,0
10/2/2026 12:08:59 PM,16.290000438690186,-26.100000023841858,0,0,0
10/2/2026 12:09:00 PM,20.050000190734863,-8.449999570846558,0,0,0
10/2/2026 12:09:01 PM,14.667500495910645,-6.2250001430511475,0,0,0
10/2/2026 12:09:02 PM,6.487500309944153,27.27500057220459,0,0,0
10/2/2026 12:09:03 PM,0.17749999463558197,23.674999952316284,0,0,0
10/2/2026 12:09:04 PM,7.004999876022339,-30.574999809265137,0,0,0
10/2/2026 12:09:05 PM,13.702500820159912,-1.5999994277954102,0,0,0
10/2/2026 12:09:06 PM,22.77500057220459,-18.075000286102295,0,0,0
10/2/2026 12:09:07 PM,14.152500629425049,20.200000762939453,0,0,0
10/2/2026 12:09:08 PM,17.722501277923584,-24.924999594688416,25.450000762939453,119.6500015258789,0.009999999776482582
10/2/2026 12:09:09 PM,25.24000072479248,30.450000762939453,0,0,0
10/2/2026 12:09:10 PM,19.570000648498535,-40.125000953674316,0,0,0
10/2/2026 12:09:11 PM,21.09749984741211,29.849998950958252,0,0,0
10/2/2026 12:09:12 PM,11.912500500679016,1.4749984741210938,0,0,0
10/2/2026 12:09:13 PM,10.3100004196167,-29.30000114440918,0,0,0
10/2/2026 12:09:14 PM,15.422500133514404,-2.700000762939453,0,0,0
10/2/2026 12:09:15 PM,12.9350004196167,-7.050000190734863,0,0,0
10/2/2026 12:09:16 PM,3.6525001525878906,16.149999976158142,0,0,0
10/2/2026 12:09:17 PM,0.7025000154972076,21.02500009536743,0,0,0
10/2/2026 12:09:18 PM,1.8375000953674316,-19.40000033378601,0,0,0
10/2/2026 12:09:19 PM,1.8325000405311584,2.2750000953674316,0,0,0
10/2/2026 12:09:20 PM,6.082500010728836,-35.875,0,0,0
10/2/2026 12:09:21 PM,7.395000457763672,7.399999618530273,0,0,0
10/2/2026 12:09:22 PM,4.597500026226044,-6.25,23.095001220703125,191.10000610351562,0.009999999776482582
10/2/2026 12:09:23 PM,2.6825002431869507,16.700000047683716,0,0,0
10/2/2026 12:09:24 PM,4.8899999260902405,10.875000953674316,0,0,0
10/2/2026 12:09:25 PM,7.06000018119812,12.324999809265137,0,0,0
10/2/2026 12:09:26 PM,8.517500638961792,-21.874999046325684,0,0,0
10/2/2026 12:09:27 PM,9.422500133514404,0.7499997615814209,0,0,0
10/2/2026 12:09:28 PM,6.56000018119812,23.899999618530273,0,0,0
10/2/2026 12:09:29 PM,3.2300000190734863,21.175000190734863,0,0,0
10/2/2026 12:09:30 PM,3.1675000190734863,-4.350000023841858,0,0,0
10/2/2026 12:09:31 PM,3.2475001215934753,8.249999791383743,0,0,0
10/2/2026 12:09:32 PM,2.8949999809265137,3.200000286102295,0,0,0
10/2/2026 12:09:33 PM,1.2500000596046448,-0.2749999761581421,0,0,0
10/2/2026 12:09:34 PM,1.425000011920929,-4.5,0,0,0
10/2/2026 12:09:35 PM,1.2200000584125519,1.7249999642372131,0,0,0
10/2/2026 12:09:36 PM,0.680000051856041,-1.0999999530613422,6.075000286102295,53.20000076293945,0.004999999888241291
10/2/2026 12:09:37 PM,0.18000001087784767,0.7749998569488525,6.075000286102295,53.20000076293945,0.004999999888241291
10/2/2026 12:09:38 PM,0.8200000077486038,-0.9250000715255737,0,0,0
10/2/2026 12:09:39 PM,1.9725000858306885,9.399999856948853,0,0,0
10/2/2026 12:09:40 PM,1.302500069141388,1.6999999582767487,0,0,0
10/2/2026 12:09:41 PM,0.8175000250339508,-3.2250000834465027,0,0,0
10/2/2026 12:09:42 PM,0.40000002086162567,1.9500000178813934,0,0,0
10/2/2026 12:09:43 PM,0.8200000822544098,-1.350000023841858,0,0,0
10/2/2026 12:09:44 PM,2.042500078678131,-3.950000047683716,0,0,0
10/2/2026 12:09:45 PM,1.7025001049041748,-1.1500000953674316,0,0,0
10/2/2026 12:09:46 PM,1.377500057220459,-0.7499999776482582,0,0,0
10/2/2026 12:09:47 PM,1.1350000500679016,-2.175000011920929,0,0,0
10/2/2026 12:09:48 PM,1.2150000929832458,0.5000000149011612,0,0,0
10/2/2026 12:09:49 PM,5.892500162124634,-12.324999570846558,0,0,0
10/2/2026 12:09:50 PM,6.917500019073486,4.825000047683716,0,0,0
10/2/2026 12:09:51 PM,7.890000343322754,-2.0250000059604645,0,0,0
10/2/2026 12:09:52 PM,8.737500190734863,2.875,0,0,0
10/2/2026 12:09:53 PM,9.117500305175781,0.1499999761581421,8.90999984741211,44.85000228881836,0.009999999776482582
10/2/2026 12:09:54 PM,9.545000076293945,-0.9250000715255737,0,0,0
10/2/2026 12:09:55 PM,9.135000228881836,0.7749999761581421,0,0,0
10/2/2026 12:09:56 PM,9.227500438690186,-0.5,0,0,0
10/2/2026 12:09:57 PM,9.757500171661377,1.3499999642372131,0,0,0
10/2/2026 12:09:58 PM,12.345000267028809,-0.37500011920928955,0,0,0
10/2/2026 12:09:59 PM,13.84749984741211,4.199999928474426,0,0,0
10/2/2026 12:10:00 PM,11.462500095367432,5.700000047683716,0,0,0
10/2/2026 12:10:01 PM,17.20250129699707,-11.400000095367432,0,0,0
10/2/2026 12:10:02 PM,20.907501220703125,-2.5500001907348633,0,0,0
10/2/2026 12:10:03 PM,25.190001487731934,-6.2250001430511475,0,0,0
10/2/2026 12:10:04 PM,19.162500381469727,-0.7999997138977051,0,0,0
10/2/2026 12:10:05 PM,24.167500495910645,-21.350000381469727,0,0,0
10/2/2026 12:10:06 PM,26.277501106262207,-9.674999952316284,0,0,0
10/2/2026 12:10:07 PM,16.420000553131104,9.925000190734863,9.357501029968262,38.29999923706055,0.004999999888241291
10/2/2026 12:10:08 PM,21.6850004196167,-9.274999618530273,9.357501029968262,38.29999923706055,0.004999999888241291
10/2/2026 12:10:09 PM,28.61750030517578,-23.074999809265137,0,0,0
10/2/2026 12:10:10 PM,16.220000743865967,-12.550000667572021,0,0,0
10/2/2026 12:10:11 PM,26.11000156402588,-22.27500057220459,0,0,0
10/2/2026 12:10:12 PM,25.350000381469727,11.225000381469727,0,0,0
10/2/2026 12:10:13 PM,27.197501182556152,-12.224999904632568,0,0,0
10/2/2026 12:10:14 PM,16.355000495910645,-16.424999713897705,0,0,0
10/2/2026 12:10:15 PM,24.10500144958496,-11.200000286102295,0,0,0
10/2/2026 12:10:16 PM,25.29250144958496,-16.375,0,0,0
10/2/2026 12:10:17 PM,21.355000495910645,-1.549999713897705,0,0,0
10/2/2026 12:10:18 PM,16.02750062942505,-4.324999809265137,0,0,0
10/2/2026 12:10:19 PM,18.730000495910645,-10.199999809265137,0,0,0
10/2/2026 12:10:20 PM,19.817501068115234,-8.837499916553497,0,0,0
10/2/2026 12:10:21 PM,19.85250186920166,4.324999928474426,9.322501182556152,54.70000076293945,0.004999999888241291
10/2/2026 12:10:22 PM,19.46500015258789,-7.550000190734863,9.322501182556152,54.70000076293945,0.004999999888241291
10/2/2026 12:10:23 PM,16.602500915527344,0.9499988555908203,0,0,0
10/2/2026 12:10:24 PM,16.572501182556152,2.7249999046325684,0,0,0
10/2/2026 12:10:25 PM,16.55500078201294,-19.299999713897705,0,0,0
10/2/2026 12:10:26 PM,16.320001125335693,-8.750000238418579,0,0,0
10/2/2026 12:10:27 PM,12.929999828338623,-12.274999618530273,0,0,0
10/2/2026 12:10:28 PM,7.140000104904175,34.30000114440918,0,0,0
10/2/2026 12:10:29 PM,10.15000057220459,-0.625,0,0,0
10/2/2026 12:10:30 PM,11.602500438690186,-0.10000038146972656,0,0,0
10/2/2026 12:10:31 PM,12.352499961853027,12,0,0,0
10/2/2026 12:10:32 PM,10.295000314712524,2.5249996185302734,0,0,0
10/2/2026 12:10:33 PM,8.927500128746033,-2.0249996185302734,0,0,0
10/2/2026 12:10:34 PM,12.02250051498413,-9.024999618530273,0,0,0
10/2/2026 12:10:35 PM,3.4275001287460327,-0.6500000953674316,0,0,0
10/2/2026 12:10:36 PM,11.08750057220459,-22.050000190734863,20.810001373291016,109.60000610351562,0.009999999776482582
10/2/2026 12:10:37 PM,4.230000205338001,8.899999618530273,0,0,0
10/2/2026 12:10:38 PM,5.775000214576721,-29.90000081062317,0,0,0
10/2/2026 12:10:39 PM,-0.014999985694885254,39.67500019073486,0,0,0
10/2/2026 12:10:40 PM,-0.7475000321865082,3.3500003814697266,0,0,0
10/2/2026 12:10:41 PM,0.3474999666213989,10.024999856948853,0,0,0
10/2/2026 12:10:42 PM,0.9162500202655792,2.9749996662139893,0,0,0
10/2/2026 12:10:43 PM,3.085000157356262,-27.375000953674316,0,0,0
10/2/2026 12:10:44 PM,4.455000340938568,-16.049999237060547,0,0,0
10/2/2026 12:10:45 PM,5.621250212192535,8.187500357627869,0,0,0
10/2/2026 12:10:46 PM,3.5762501060962677,12.975000262260437,0,0,0
10/2/2026 12:10:47 PM,5.347500324249268,2.8999996185302734,0,0,0
10/2/2026 12:10:48 PM,8.502500534057617,-7.125,0,0,0
10/2/2026 12:10:49 PM,3.904999941587448,38.78750133514404,0,0,0
10/2/2026 12:10:50 PM,2.375000163912773,8.800000190734863,7.715000152587891,76.05000305175781,0.004999999888241291
10/2/2026 12:10:51 PM,8.742500305175781,2.0999999046325684,7.715000152587891,76.05000305175781,0.004999999888241291
10/2/2026 12:10:52 PM,11.250000476837158,21.487499713897705,0,0,0
10/2/2026 12:10:53 PM,13.242500066757202,0.19999980926513672,0,0,0
10/2/2026 12:10:54 PM,5.935000151395798,32.41250038146973,0,0,0
10/2/2026 12:10:55 PM,1.9775001108646393,-3.937499523162842,0,0,0
10/2/2026 12:10:56 PM,1.4487500339746475,1.5750001668930054,0,0,0
10/2/2026 12:10:57 PM,2.1525000631809235,1.7624998092651367,0,0,0
10/2/2026 12:10:58 PM,1.6150001287460327,15.950000524520874,0,0,0
10/2/2026 12:10:59 PM,1.186250001192093,-3.5875000953674316,0,0,0
10/2/2026 12:11:00 PM,0.8425000235438347,5.300000101327896,0,0,0
10/2/2026 12:11:01 PM,1.0125000700354576,6.16250017285347,0,0,0
10/2/2026 12:11:02 PM,-0.03875000402331352,2.6875000596046448,0,0,0
10/2/2026 12:11:03 PM,0.9787500165402889,-4.699999988079071,0,0,0
10/2/2026 12:11:04 PM,4.328750193119049,11.875,0,0,0
10/2/2026 12:11:05 PM,3.1500001549720764,6.874999761581421,4.447500228881836,44.35000228881836,0.004999999888241291
10/2/2026 12:11:06 PM,1.63625006377697,3.650000214576721,4.447500228881836,44.35000228881836,0.004999999888241291
10/2/2026 12:11:07 PM,0.36875002086162567,2.987499952316284,0,0,0
10/2/2026 12:11:08 PM,0.47250001318752766,5.5874998569488525,0,0,0
10/2/2026 12:11:09 PM,-0.27750001149252057,-0.35000014305114746,0,0,0
10/2/2026 12:11:10 PM,-1.3987500369548798,-2.825000047683716,0,0,0
10/2/2026 12:11:11 PM,1.0050000548362732,31.074999809265137,0,0,0
10/2/2026 12:11:12 PM,0.932500034570694,26.249999523162842,0,0,0
10/2/2026 12:11:13 PM,13.715001106262207,-56.32499980926514,0,0,0
10/2/2026 12:11:14 PM,13.99000108242035,17.287500381469727,0,0,0
10/2/2026 12:11:15 PM,10.595000386238098,-1.7249994277954102,0,0,0
10/2/2026 12:11:16 PM,20.4587504863739,10.6875,0,0,0
10/2/2026 12:11:17 PM,20.032500743865967,-18.75,0,0,0
10/2/2026 12:11:18 PM,16.722500801086426,10.437499523162842,0,0,0
10/2/2026 12:11:19 PM,22.02000093460083,11.424999713897705,13.96250057220459,87.9000015258789,0.004999999888241291
10/2/2026 12:11:20 PM,24.816250801086426,18.700000286102295,13.96250057220459,87.9000015258789,0.004999999888241291
10/2/2026 12:11:21 PM,23.77250099182129,23.21250057220459,0,0,0
10/2/2026 12:11:22 PM,23.89125108718872,-8.837500095367432,0,0,0
10/2/2026 12:11:23 PM,22.237500190734863,-1.1000001430511475,0,0,0
10/2/2026 12:11:24 PM,13.08500051498413,4.824999809265137,0,0,0
10/2/2026 12:11:25 PM,13.912500619888306,-19.40000009536743,0,0,0
10/2/2026 12:11:26 PM,7.878750324249268,21.600001335144043,0,0,0
10/2/2026 12:11:27 PM,7.682500243186951,-24.500000476837158,0,0,0
10/2/2026 12:11:28 PM,6.052500247955322,24.17500066757202,0,0,0
10/2/2026 12:11:29 PM,7.355000376701355,1.2374999523162842,0,0,0
10/2/2026 12:11:30 PM,15.09000039100647,-18.575000286102295,0,0,0
10/2/2026 12:11:31 PM,6.981249928474426,-3.112499713897705,0,0,0
10/2/2026 12:11:32 PM,4.188750147819519,31.450000524520874,0,0,0
10/2/2026 12:11:33 PM,6.016250371932983,-7.950000047683716,0,0,0
10/2/2026 12:11:34 PM,3.217500150203705,17.26249933242798,8.585000038146973,68.72500610351562,0.004999999888241291
10/2/2026 12:11:35 PM,5.236250102519989,10.212500095367432,0,0,0
10/2/2026 12:11:36 PM,1.9300000667572021,6.262500047683716,0,0,0
10/2/2026 12:11:37 PM,2.776249945163727,-2.0375001430511475,0,0,0
10/2/2026 12:11:38 PM,2.064999967813492,7.762500107288361,0,0,0
10/2/2026 12:11:39 PM,0.838750034570694,0.09999996423721313,0,0,0
10/2/2026 12:11:40 PM,0.1750000030733645,2.4125000834465027,0,0,0
10/2/2026 12:11:41 PM,-0.5262500308454037,4.299999892711639,0,0,0
10/2/2026 12:11:42 PM,0.20375000685453415,-0.7249999642372131,0,0,0
10/2/2026 12:11:43 PM,0.6124999970197678,0,0,0,0
10/2/2026 12:11:44 PM,8.713749706745148,-23.874999821186066,0,0,0
10/2/2026 12:11:45 PM,13.220000505447388,7.437500476837158,0,0,0
10/2/2026 12:11:46 PM,15.575000286102295,-19.200000286102295,0,0,0
10/2/2026 12:11:47 PM,19.416250705718994,-4.812499523162842,0,0,0
10/2/2026 12:11:48 PM,26.867499828338623,-32.40000057220459,12.96500015258789,69.7249984741211,0.004999999888241291
10/2/2026 12:11:49 PM,24.931249618530273,8.950000286102295,12.96500015258789,69.7249984741211,0.004999999888241291
10/2/2026 12:11:50 PM,20.502500534057617,-2.1125001907348633,0,0,0
10/2/2026 12:11:51 PM,20.566251277923584,3.612499713897705,0,0,0
10/2/2026 12:11:52 PM,19.27125072479248,-14.699999809265137,0,0,0
10/2/2026 12:11:53 PM,18.583750247955322,4.525000095367432,0,0,0
10/2/2026 12:11:54 PM,19.893750190734863,-4.137500464916229,0,0,0
10/2/2026 12:11:55 PM,14.47124969959259,1.7249984741210938,0,0,0
10/2/2026 12:11:56 PM,13.794999957084656,13.712499141693115,0,0,0
10/2/2026 12:11:57 PM,8.982500553131104,10.174999475479126,0,0,0
10/2/2026 12:11:58 PM,6.050000071525574,1.6000001430511475,0,0,0
10/2/2026 12:11:59 PM,8.316250205039978,17.299999713897705,0,0,0
10/2/2026 12:12:00 PM,5.6549999713897705,-4.650000095367432,0,0,0
10/2/2026 12:12:01 PM,7.511250257492065,-18.637499809265137,0,0,0
10/2/2026 12:12:02 PM,4.802500069141388,-14.874999761581421,11.352500915527344,106.17500305175781,0.004999999888241291
10/2/2026 12:12:03 PM,1.2475000321865082,-14.249999701976776,11.352500915527344,106.17500305175781,0.004999999888241291
10/2/2026 12:12:04 PM,0.5062500201165676,3.5999998450279236,0,0,0
10/2/2026 12:12:05 PM,0.4312500115483999,-6.012500047683716,0,0,0
10/2/2026 12:12:06 PM,0.11250000447034836,1.1875,0,0,0
10/2/2026 12:12:07 PM,0.6512500569224358,-0.47499996423721313,0,0,0
10/2/2026 12:12:08 PM,1.676250159740448,-2.1125001460313797,0,0,0
10/2/2026 12:12:09 PM,1.2250000834465027,-3.3249999433755875,0,0,0
10/2/2026 12:12:10 PM,1.865000069141388,-3.1250001788139343,0,0,0
10/2/2026 12:12:11 PM,11.560000121593475,-20.72499942779541,0,0,0
10/2/2026 12:12:12 PM,10.903750658035278,16.949999809265137,0,0,0
10/2/2026 12:12:13 PM,6.813750147819519,14.3125,0,0,0
10/2/2026 12:12:14 PM,17.063751339912415,-31.08750057220459,0,0,0
10/2/2026 12:12:15 PM,21.477500915527344,3.3500001430511475,0,0,0
10/2/2026 12:12:16 PM,23.92750072479248,8.512500047683716,0,0,0
10/2/2026 12:12:17 PM,18.20500087738037,-14.02500033378601,0,0,0
10/2/2026 12:12:18 PM,25.003750324249268,-25.924999952316284,0,0,0
10/2/2026 12:12:19 PM,28.85500144958496,2.875,13.862500190734863,66.8499984741211,0.004999999888241291
10/2/2026 12:12:20 PM,33.10875177383423,3.3374996185302734,13.862500190734863,66.8499984741211,0.004999999888241291
10/2/2026 12:12:21 PM,27.84000062942505,20.187500476837158,0,0,0
10/2/2026 12:12:22 PM,19.85500144958496,30.59999990463257,0,0,0
10/2/2026 12:12:23 PM,24.002501010894775,10.249999523162842,0,0,0
10/2/2026 12:12:24 PM,28.806251049041748,-3.9124999046325684,0,0,0
10/2/2026 12:12:25 PM,26.95625114440918,6.662500381469727,0,0,0
10/2/2026 12:12:26 PM,21.32750129699707,1.3875000476837158,0,0,0
10/2/2026 12:12:27 PM,25.88625144958496,1.7000000476837158,0,0,0
10/2/2026 12:12:28 PM,29.222500801086426,-13.162499189376831,0,0,0
10/2/2026 12:12:29 PM,24.63750123977661,13.475000381469727,0,0,0
10/2/2026 12:12:30 PM,9.210000395774841,-32.28749942779541,0,0,0
10/2/2026 12:12:31 PM,10.906250715255737,27.9375,0,0,0
10/2/2026 12:12:32 PM,12.212500810623169,34.912500858306885,0,0,0
10/2/2026 12:12:33 PM,13.260000944137573,-20.16249990463257,17.25749969482422,76.67500305175781,0.004999999888241291
10/2/2026 12:12:34 PM,11.805000066757202,-32.82500076293945,17.25749969482422,76.67500305175781,0.004999999888241291
10/2/2026 12:12:35 PM,18.682501077651978,-23.66249942779541,0,0,0
10/2/2026 12:12:36 PM,21.555001258850098,-7.575000286102295,0,0,0
10/2/2026 12:12:37 PM,21.608750820159912,-1.5749993324279785,0,0,0
10/2/2026 12:12:38 PM,18.293750286102295,-15.8125,0,0,0
10/2/2026 12:12:39 PM,11.801250219345093,12.83750057220459,0,0,0
10/2/2026 12:12:40 PM,2.595000110566616,5.225000381469727,0,0,0
10/2/2026 12:12:41 PM,0.7225000187754631,3.2499996423721313,0,0,0
10/2/2026 12:12:42 PM,1.0137500166893005,-6.525000214576721,0,0,0
10/2/2026 12:12:43 PM,1.3487500250339508,12.44999960064888,0,0,0
10/2/2026 12:12:44 PM,3.478749930858612,-1.2625000178813934,0,0,0
10/2/2026 12:12:45 PM,5.381250023841858,6.062500476837158,0,0,0
10/2/2026 12:12:46 PM,8.035000562667847,-8.849999904632568,0,0,0
10/2/2026 12:12:47 PM,6.260000228881836,-0.9000005722045898,13.210000038146973,103.42500305175781,0.004999999888241291
10/2/2026 12:12:48 PM,3.2712501883506775,3.474998950958252,13.210000038146973,103.42500305175781,0.004999999888241291
10/2/2026 12:12:49 PM,1.6412500739097595,-0.5750001668930054,0,0,0
10/2/2026 12:12:50 PM,1.840000033378601,11.062499761581421,0,0,0
10/2/2026 12:12:51 PM,3.1850001215934753,11.112499713897705,0,0,0
10/2/2026 12:12:52 PM,6.285000443458557,-15.837499618530273,0,0,0
10/2/2026 12:12:53 PM,10.752500534057617,-49.21250104904175,0,0,0
10/2/2026 12:12:54 PM,8.663750350475311,-11.450000286102295,0,0,0
10/2/2026 12:12:55 PM,2.0375000536441803,-7.012500524520874,0,0,0
10/2/2026 12:12:56 PM,0.341250017285347,-6.612499862909317,0,0,0
10/2/2026 12:12:57 PM,-0.17874999344348907,-7.800000101327896,0,0,0
10/2/2026 12:12:58 PM,-0.4712499938905239,0.06250002980232239,0,0,0
10/2/2026 12:12:59 PM,0.021250023506581783,-3.162499964237213,0,0,0
10/2/2026 12:13:00 PM,-0.34625003207474947,-0.2499999701976776,0,0,0
10/2/2026 12:13:01 PM,-0.5837500281631947,-1.0374999642372131,0,0,0
10/2/2026 12:13:02 PM,-0.7312500476837158,1.9875000715255737,18.985000610351562,216.70001220703125,0.009999999776482582
10/2/2026 12:13:03 PM,0.036250002682209015,1.2750000357627869,0,0,0
10/2/2026 12:13:04 PM,3.6137500405311584,-1.8250001072883606,0,0,0
10/2/2026 12:13:05 PM,6.910000205039978,-2.0250003337860107,0,0,0
10/2/2026 12:13:06 PM,16.05500030517578,-4.4375001192092896,0,0,0
10/2/2026 12:13:07 PM,13.078750610351562,6.975000023841858,0,0,0
10/2/2026 12:13:08 PM,17.437500953674316,-19.22499990463257,0,0,0
10/2/2026 12:13:09 PM,8.037500381469727,12.850000381469727,0,0,0
10/2/2026 12:13:10 PM,6.055000305175781,-13.612499952316284,0,0,0
10/2/2026 12:13:11 PM,7.833750247955322,-4.212500095367432,0,0,0
10/2/2026 12:13:12 PM,12.576250791549683,-3.9375,0,0,0
10/2/2026 12:13:13 PM,17.23375105857849,-13.81249988079071,0,0,0
10/2/2026 12:13:14 PM,20.542500495910645,-19.59999990463257,0,0,0
10/2/2026 12:13:15 PM,24.806251049041748,9.862499713897705,0,0,0
10/2/2026 12:13:16 PM,20.598750114440918,25.28749990463257,13.65250015258789,46.85000228881836,0.004999999888241291
10/2/2026 12:13:17 PM,20.287500381469727,13.600000143051147,13.65250015258789,46.85000228881836,0.004999999888241291
10/2/2026 12:13:18 PM,25.487500190734863,13.212499856948853,0,0,0
10/2/2026 12:13:19 PM,24.291250705718994,15.487499713897705,0,0,0
10/2/2026 12:13:20 PM,14.5,23.9124998152256,0,0,0
10/2/2026 12:13:21 PM,12.02625060081482,-1.2749999463558197,0,0,0
10/2/2026 12:13:22 PM,13.588750123977661,-3.3499996662139893,0,0,0
10/2/2026 12:13:23 PM,19.42250108718872,-8.862500190734863,0,0,0
10/2/2026 12:13:24 PM,16.341250896453857,-5.387499809265137,0,0,0
10/2/2026 12:13:25 PM,5.513750270009041,10.125000238418579,0,0,0
10/2/2026 12:13:26 PM,2.958750084042549,1.9125001430511475,0,0,0
10/2/2026 12:13:27 PM,8.747500658035278,-26.65000081062317,0,0,0
10/2/2026 12:13:28 PM,10.067500352859497,19.399999380111694,0,0,0
10/2/2026 12:13:29 PM,17.57625126838684,26.8125,0,0,0
10/2/2026 12:13:30 PM,19.46000051498413,15.700000047683716,13.012500762939453,53.35000228881836,0.004999999888241291
10/2/2026 12:13:31 PM,17.3937509059906,3.700000047683716,13.012500762939453,53.35000228881836,0.004999999888241291
10/2/2026 12:13:32 PM,12.647500038146973,18.649999856948853,0,0,0
10/2/2026 12:13:33 PM,8.775000214576721,16.612500071525574,0,0,0
10/2/2026 12:13:34 PM,7.06000030040741,1.1999999284744263,0,0,0
10/2/2026 12:13:35 PM,11.258750438690186,-7.287499904632568,0,0,0
10/2/2026 12:13:36 PM,8.4512500166893,-11.637499630451202,0,0,0
10/2/2026 12:13:37 PM,2.9375000596046448,3.4125000834465027,0,0,0
10/2/2026 12:13:38 PM,5.222500324249268,-4.462500333786011,0,0,0
10/2/2026 12:13:39 PM,10.173750400543213,12.837500035762787,0,0,0
10/2/2026 12:13:40 PM,15.08625054359436,-10.287500441074371,0,0,0
10/2/2026 12:13:41 PM,26.728750705718994,-15.600000858306885,0,0,0
10/2/2026 12:13:42 PM,26.995001316070557,-11.487500190734863,0,0,0
10/2/2026 12:13:43 PM,19.51375102996826,24.950000524520874,0,0,0
10/2/2026 12:13:44 PM,26.718751430511475,-21.02500033378601,15.932499885559082,49.900001525878906,0.004999999888241291
10/2/2026 12:13:45 PM,28.993751049041748,-11.275000214576721,15.932499885559082,49.900001525878906,0.004999999888241291
10/2/2026 12:13:46 PM,23.62000036239624,-17.774999737739563,0,0,0
10/2/2026 12:13:47 PM,25.678751945495605,-27.162498950958252,0,0,0
10/2/2026 12:13:48 PM,31.02125120162964,-16.762499809265137,0,0,0
10/2/2026 12:13:49 PM,32.67750024795532,-8.737499952316284,0,0,0
10/2/2026 12:13:50 PM,23.64500093460083,3.887500047683716,0,0,0
10/2/2026 12:13:51 PM,28.436251640319824,2.9624998569488525,0,0,0
10/2/2026 12:13:52 PM,26.976251125335693,22.98750066757202,0,0,0
10/2/2026 12:13:53 PM,19.283750772476196,0.11250042915344238,0,0,0
10/2/2026 12:13:54 PM,11.735000014305115,-16.27500009536743,0,0,0
10/2/2026 12:13:55 PM,4.8637500405311584,-15.512499809265137,0,0,0
10/2/2026 12:13:56 PM,1.0399999916553497,6.300000429153442,0,0,0
10/2/2026 12:13:57 PM,2.211250126361847,2.000000238418579,0,0,0
10/2/2026 12:13:58 PM,4.528750061988831,-12.049999833106995,0,0,0
10/2/2026 12:13:59 PM,12.701250076293945,44.58750295639038,37.130001068115234,149.75,0.009999999776482582
10/2/2026 12:14:00 PM,16.637500286102295,16.462498664855957,0,0,0
10/2/2026 12:14:01 PM,27.05625057220459,-4.150000751018524,0,0,0
10/2/2026 12:14:02 PM,18.475000619888306,1.4625003933906555,0,0,0
10/2/2026 12:14:03 PM,18.475001096725464,-12.987499713897705,0,0,0
10/2/2026 12:14:04 PM,24.86250066757202,-5.037499904632568,0,0,0
10/2/2026 12:14:05 PM,27.4975004196167,-12.137499809265137,0,0,0
10/2/2026 12:14:06 PM,21.037500619888306,-11.500000715255737,0,0,0
10/2/2026 12:14:07 PM,19.250000715255737,-9.299999475479126,0,0,0
10/2/2026 12:14:08 PM,19.818750858306885,-15.77500033378601,0,0,0
10/2/2026 12:14:09 PM,20.313751220703125,-17.737499952316284,0,0,0
10/2/2026 12:14:10 PM,16.42000114917755,-26.549999713897705,0,0,0
10/2/2026 12:14:11 PM,9.301250338554382,-42.849998474121094,0,0,0
10/2/2026 12:14:12 PM,12.798750162124634,1.7874994277954102,0,0,0
10/2/2026 12:14:13 PM,11.098750352859497,6.274998664855957,28.220001220703125,164.3000030517578,0.009999999776482582
10/2/2026 12:14:14 PM,14.948750972747803,-22.225000381469727,0,0,0
10/2/2026 12:14:15 PM,11.201250076293945,46.20000076293945,0,0,0
10/2/2026 12:14:16 PM,11.955000638961792,11.100001335144043,0,0,0
10/2/2026 12:14:17 PM,6.204999923706055,51.92500114440918,0,0,0
10/2/2026 12:14:18 PM,8.912500381469727,23.02500057220459,0,0,0
10/2/2026 12:14:19 PM,15.097501277923584,14.024999618530273,0,0,0
10/2/2026 12:14:20 PM,11.480000972747803,32.67500019073486,0,0,0
10/2/2026 12:14:21 PM,11.52500057220459,-23.30000114440918,0,0,0
10/2/2026 12:14:22 PM,5.6600000858306885,7.875000476837158,0,0,0
10/2/2026 12:14:23 PM,10.365000486373901,52.17499923706055,0,0,0
10/2/2026 12:14:24 PM,18.235000133514404,1.5750007629394531,0,0,0
10/2/2026 12:14:25 PM,14.677500128746033,0.625,0,0,0
10/2/2026 12:14:26 PM,17.05500030517578,-53.95000076293945,0,0,0
10/2/2026 12:14:27 PM,13.98500108718872,-11.80000114440918,26.220001220703125,292.0500183105469,0.009999999776482582
10/2/2026 12:14:28 PM,7.580000162124634,-30,0,0,0
10/2/2026 12:14:29 PM,1.475000023841858,16.350000381469727,0,0,0
10/2/2026 12:14:30 PM,1.67000013589859,10.625000476837158,0,0,0
10/2/2026 12:14:31 PM,4.792500257492065,-17.175000190734863,0,0,0
10/2/2026 12:14:32 PM,3.695000186562538,-3.424999237060547,0,0,0
10/2/2026 12:14:33 PM,4.17000025510788,12.75,0,0,0
10/2/2026 12:14:34 PM,0.830000028014183,5.124999821186066,0,0,0
10/2/2026 12:14:35 PM,-0.10499998927116394,1.949999988079071,0,0,0
10/2/2026 12:14:36 PM,0.35249999910593033,1.2000000476837158,0,0,0
10/2/2026 12:14:37 PM,-0.007500000298023224,-6.25,0,0,0
10/2/2026 12:14:38 PM,-0.3125,4.25,0,0,0
10/2/2026 12:14:39 PM,0.30500002205371857,1.25,0,0,0
10/2/2026 12:14:40 PM,-0.18250000476837158,-1.5499999523162842,0,0,0
10/2/2026 12:14:41 PM,-0.17750000208616257,0.40000003576278687,9.285000801086426,109.70000457763672,0.009999999776482582
10/2/2026 12:14:42 PM,-0.12000001221895218,0.6999999284744263,0,0,0
10/2/2026 12:14:43 PM,1.052500069141388,-0.09999996423721313,0,0,0
10/2/2026 12:14:44 PM,2.8850001096725464,0.9250001907348633,0,0,0
10/2/2026 12:14:45 PM,5.110000133514404,-7.424999952316284,0,0,0
10/2/2026 12:14:46 PM,6.902500152587891,2.1000001430511475,0,0,0
10/2/2026 12:14:47 PM,8.910000324249268,0.8000000715255737,0,0,0
10/2/2026 12:14:48 PM,14.195000171661377,-12.149999856948853,0,0,0
10/2/2026 12:14:49 PM,23.86250114440918,11.900000095367432,0,0,0
10/2/2026 12:14:50 PM,24.90000057220459,-1.424999713897705,0,0,0
10/2/2026 12:14:51 PM,20.242501258850098,1.9250001907348633,0,0,0
10/2/2026 12:14:52 PM,23.140000343322754,4.875000238418579,0,0,0
10/2/2026 12:14:53 PM,29.087501525878906,1.5749998092651367,0,0,0
10/2/2026 12:14:54 PM,21.032501220703125,-20.125000476837158,0,0,0
10/2/2026 12:14:55 PM,29.207500457763672,-29.699999809265137,0,0,0
10/2/2026 12:14:56 PM,31.162500381469727,0.9250001907348633,13.567500114440918,50.400001525878906,0.004999999888241291
10/2/2026 12:14:57 PM,27.90750217437744,22.649999618530273,13.567500114440918,50.400001525878906,0.004999999888241291
10/2/2026 12:14:58 PM,23.917500495910645,-27.34999942779541,0,0,0
10/2/2026 12:14:59 PM,27.14000129699707,0.3249998092651367,0,0,0
10/2/2026 12:15:00 PM,31.777501106262207,-0.8499994277954102,0,0,0
10/2/2026 12:15:01 PM,22.26500129699707,14.074999809265137,0,0,0
10/2/2026 12:15:02 PM,24.67000102996826,11.72499942779541,0,0,0
10/2/2026 12:15:03 PM,30.84500026702881,-14.799999952316284,0,0,0
10/2/2026 12:15:04 PM,33.29500198364258,9.225000023841858,0,0,0
10/2/2026 12:15:05 PM,27.14000129699707,-7.600000381469727,0,0,0
10/2/2026 12:15:06 PM,19.587501049041748,11.52500057220459,0,0,0
10/2/2026 12:15:07 PM,20.722500801086426,9.274999618530273,0,0,0
10/2/2026 12:15:08 PM,20.172499656677246,1.1999988555908203,0,0,0
10/2/2026 12:15:09 PM,11.107500076293945,-44.85000038146973,0,0,0
10/2/2026 12:15:10 PM,11.890000343322754,15.324999809265137,14.852500915527344,82.92500305175781,0.004999999888241291
10/2/2026 12:15:11 PM,16.79500102996826,15.47499942779541,14.852500915527344,82.92500305175781,0.004999999888241291
10/2/2026 12:15:12 PM,22.9375,-36.45000076293945,0,0,0
10/2/2026 12:15:13 PM,14.822499752044678,-4.174999237060547,0,0,0
10/2/2026 12:15:14 PM,10.137500762939453,37.72500157356262,0,0,0
10/2/2026 12:15:15 PM,14.69249963760376,-10.975000381469727,0,0,0
10/2/2026 12:15:16 PM,12.65000033378601,13.30000114440918,0,0,0
10/2/2026 12:15:17 PM,16.74250030517578,21.199999809265137,0,0,0
10/2/2026 12:15:18 PM,18.277501106262207,9.05000114440918,0,0,0
10/2/2026 12:15:19 PM,0.04750000312924385,12.075000762939453,0,0,0
10/2/2026 12:15:20 PM,1.5024999976158142,40.92500114440918,0,0,0
10/2/2026 12:15:21 PM,1.5600001215934753,-3.375,0,0,0
10/2/2026 12:15:22 PM,5.307500004768372,-5.925000190734863,0,0,0
10/2/2026 12:15:23 PM,1.1725000143051147,26.624998569488525,0,0,0
10/2/2026 12:15:24 PM,1.3475000262260437,-10.824999809265137,11.845000267028809,90.0250015258789,0.004999999888241291
10/2/2026 12:15:25 PM,2.6100000739097595,1.850000023841858,23.690000534057617,180.0500030517578,0.009999999776482582
10/2/2026 12:15:26 PM,0.6424999982118607,-4.450000047683716,0,0,0
10/2/2026 12:15:27 PM,0.887500025331974,10.950000047683716,0,0,0
10/2/2026 12:15:28 PM,1.9325000047683716,3.5500001907348633,0,0,0
10/2/2026 12:15:29 PM,-0.007500000298023224,1.4499999284744263,0,0,0
10/2/2026 12:15:30 PM,0.8175000250339508,5.824999809265137,0,0,0
10/2/2026 12:15:31 PM,0.3799999952316284,-5.174999952316284,0,0,0
10/2/2026 12:15:32 PM,-0.055000003427267075,2.175000086426735,0,0,0
10/2/2026 12:15:33 PM,0.8875000178813934,-1.6499998569488525,0,0,0
10/2/2026 12:15:34 PM,-0.015000008046627045,-3.9250000715255737,0,0,0
10/2/2026 12:15:35 PM,-1.2400000393390656,7.150000095367432,0,0,0
10/2/2026 12:15:36 PM,0.1900000125169754,1.5250000953674316,0,0,0
10/2/2026 12:15:37 PM,-0.9750000238418579,-2.450000047683716,0,0,0
10/2/2026 12:15:38 PM,-0.48500002920627594,-5.174999952316284,0,0,0
10/2/2026 12:15:39 PM,0.5399999991059303,-4.174999952316284,0,0,0
10/2/2026 12:15:40 PM,1.1100000441074371,-0.04999995231628418,0,0,0
10/2/2026 12:15:41 PM,1.2325000762939453,0.800000011920929,3.700000047683716,27.5,0.009999999776482582
10/2/2026 12:15:42 PM,6.657500267028809,-14.974999904632568,1.850000023841858,13.75,0.004999999888241291
10/2/2026 12:15:43 PM,8.250000476837158,-7.5,0,0,0
10/2/2026 12:15:44 PM,8.90500020980835,-2.200000047683716,0,0,0
10/2/2026 12:15:45 PM,10.5,-2.7250000834465027,0,0,0
10/2/2026 12:15:46 PM,10.585000038146973,1.125,0,0,0
10/2/2026 12:15:47 PM,11.702500343322754,1.2250000536441803,0,0,0
10/2/2026 12:15:48 PM,12.042500019073486,1.0499999821186066,0,0,0
10/2/2026 12:15:49 PM,12.762500286102295,-3.6250001192092896,0,0,0
10/2/2026 12:15:50 PM,12.885000228881836,-2.6250000596046448,0,0,0
10/2/2026 12:15:51 PM,13.087501049041748,3.1750000715255737,0,0,0
10/2/2026 12:15:52 PM,13.630000591278076,2.5250001549720764,0,0,0
10/2/2026 12:15:53 PM,13.602500915527344,-0.550000011920929,0,0,0
10/2/2026 12:15:54 PM,13.765000343322754,2.524999976158142,0,0,0
10/2/2026 12:15:55 PM,13.86750078201294,0.925000011920929,0,0,0
10/2/2026 12:15:56 PM,14.14000129699707,-0.22499996423721313,0,0,0
10/2/2026 12:15:57 PM,14.432500839233398,4.399999976158142,0,0,0
10/2/2026 12:15:58 PM,14.24500036239624,0.1499999761581421,0,0,0
10/2/2026 12:15:59 PM,14.11750078201294,-0.40000003576278687,0,0,0
10/2/2026 12:16:00 PM,14.452500343322754,3.824999988079071,0,0,0
10/2/2026 12:16:01 PM,15.072500705718994,-1.7750000357627869,0,0,0
10/2/2026 12:16:02 PM,15.372499942779541,0.35000014305114746,0,0,0
10/2/2026 12:16:03 PM,15.86500072479248,-1.050000011920929,0,0,0
10/2/2026 12:16:04 PM,20.15999984741211,6.000000238418579,0,0,0
10/2/2026 12:16:05 PM,16.6225004196167,-2.100000023841858,0,0,0
10/2/2026 12:16:06 PM,16.61500072479248,-1.2249999046325684,0,0,0
10/2/2026 12:16:07 PM,16.947500228881836,2.350000001490116,0,0,0
10/2/2026 12:16:08 PM,17.825000762939453,-12.199999809265137,0,0,0
10/2/2026 12:16:09 PM,17.897500038146973,3.374999761581421,0,0,0
10/2/2026 12:16:10 PM,17.60750102996826,3.325000137090683,0,0,0
10/2/2026 12:16:11 PM,23.55000114440918,4.574999809265137,0,0,0
10/2/2026 12:16:12 PM,31.877501487731934,16.77500009536743,18.88500213623047,79.30000305175781,0.009999999776482582
10/2/2026 12:16:13 PM,28.85250186920166,-0.9500007629394531,0,0,0
10/2/2026 12:16:14 PM,20.197500228881836,7.4750001430511475,0,0,0
10/2/2026 12:16:15 PM,26.790000915527344,1.3249998092651367,0,0,0
10/2/2026 12:16:16 PM,28.230000495910645,5.925000190734863,0,0,0
10/2/2026 12:16:17 PM,19.369999885559082,16.450000286102295,0,0,0
10/2/2026 12:16:18 PM,25.29500102996826,7.724999904632568,0,0,0
10/2/2026 12:16:19 PM,30.255001068115234,-23.350000381469727,0,0,0
10/2/2026 12:16:20 PM,27.61250114440918,28.07499885559082,0,0,0
10/2/2026 12:16:21 PM,26.49000072479248,-14.050000190734863,0,0,0
10/2/2026 12:16:22 PM,26.555002212524414,20.174999237060547,0,0,0
10/2/2026 12:16:23 PM,31.472501754760742,5.574999809265137,0,0,0
10/2/2026 12:16:24 PM,26.1825008392334,44.57499885559082,0,0,0
10/2/2026 12:16:25 PM,24.720001220703125,-29.55000114440918,0,0,0
10/2/2026 12:16:26 PM,26.477500915527344,-11.824999809265137,21.89000129699707,109.5,0.009999999776482582
10/2/2026 12:16:27 PM,27.99000072479248,13.950000286102295,0,0,0
10/2/2026 12:16:28 PM,21.36250114440918,2.9499998092651367,0,0,0
10/2/2026 12:16:29 PM,19.25,16.975000381469727,0,0,0
10/2/2026 12:16:30 PM,20.597500801086426,-24.074999809265137,0,0,0
10/2/2026 12:16:31 PM,18.267500400543213,-5.025000095367432,0,0,0
10/2/2026 12:16:32 PM,19.48250102996826,-20.30000114440918,0,0,0
10/2/2026 12:16:33 PM,2.6350000500679016,10.475000381469727,0,0,0
10/2/2026 12:16:34 PM,5.2275002002716064,-7.67500114440918,0,0,0
10/2/2026 12:16:35 PM,11.407500267028809,-19.875,0,0,0
10/2/2026 12:16:36 PM,10.102500438690186,1.0499992370605469,0,0,0
10/2/2026 12:16:37 PM,15.800000190734863,-4.875000476837158,0,0,0
10/2/2026 12:16:38 PM,17.39250087738037,-4.600000381469727,0,0,0
10/2/2026 12:16:39 PM,19.635001182556152,3.0250003337860107,0,0,0
10/2/2026 12:16:40 PM,24.030000686645508,-2.9000000953674316,25.52500343322754,157.6999969482422,0.009999999776482582
10/2/2026 12:16:41 PM,15.935000896453857,-10.174999237060547,0,0,0
10/2/2026 12:16:42 PM,13.640000343322754,-7.925000190734863,0,0,0
10/2/2026 12:16:43 PM,11.58500051498413,25.52500057220459,0,0,0
10/2/2026 12:16:44 PM,6.352499961853027,8.200000047683716,0,0,0
10/2/2026 12:16:45 PM,6.147500038146973,4.800000190734863,0,0,0
10/2/2026 12:16:46 PM,5.045000195503235,9.450000047683716,0,0,0
10/2/2026 12:16:47 PM,9.445000171661377,-5.850000381469727,0,0,0
10/2/2026 12:16:48 PM,11.595000267028809,23.824999809265137,0,0,0
10/2/2026 12:16:49 PM,10.9975004196167,17.475000381469727,0,0,0
10/2/2026 12:16:50 PM,13.330000400543213,23.324999809265137,0,0,0
10/2/2026 12:16:51 PM,13.782500267028809,-18.075000286102295,0,0,0
10/2/2026 12:16:52 PM,4.785000175237656,43.95000076293945,0,0,0
10/2/2026 12:16:53 PM,5.615000247955322,-4.775000095367432,0,0,0
10/2/2026 12:16:54 PM,7.450000286102295,5.3999998569488525,8.9350004196167,70.0250015258789,0.004999999888241291
10/2/2026 12:16:55 PM,1.315000057220459,14.5,8.9350004196167,70.0250015258789,0.004999999888241291
10/2/2026 12:16:56 PM,0.9475000351667404,-8.775000095367432,0,0,0
10/2/2026 12:16:57 PM,9.177500486373901,-25.524999618530273,0,0,0
10/2/2026 12:16:58 PM,20.49250030517578,-16.09999942779541,0,0,0
10/2/2026 12:16:59 PM,3.5500004291534424,34.20000076293945,0,0,0
10/2/2026 12:17:00 PM,5.735000371932983,8.925000190734863,0,0,0
10/2/2026 12:17:01 PM,11.27500057220459,-2.200000762939453,0,0,0
10/2/2026 12:17:02 PM,8.967500448226929,0.4250001907348633,0,0,0
10/2/2026 12:17:03 PM,16.88750123977661,1.200000286102295,0,0,0
10/2/2026 12:17:04 PM,20.61000156402588,41.64999961853027,0,0,0
10/2/2026 12:17:05 PM,15.447500705718994,0.02500152587890625,0,0,0
10/2/2026 12:17:06 PM,8.665000200271606,13.600000381469727,0,0,0
10/2/2026 12:17:07 PM,4.387500166893005,5.150000333786011,0,0,0
10/2/2026 12:17:08 PM,4.1350003480911255,16.02500009536743,13.92750072479248,88.45000457763672,0.004999999888241291
10/2/2026 12:17:09 PM,7.050000190734863,33.00000047683716,13.92750072479248,88.45000457763672,0.004999999888241291
10/2/2026 12:17:10 PM,3.4600000381469727,-27.5,0,0,0
10/2/2026 12:17:11 PM,1.7699999809265137,1.0250000953674316,0,0,0
10/2/2026 12:17:12 PM,5.525000333786011,-16.674999713897705,0,0,0
10/2/2026 12:17:13 PM,3.962499976158142,-2.4499998092651367,0,0,0
10/2/2026 12:17:14 PM,2.71500027179718,11.475000381469727,0,0,0
10/2/2026 12:17:15 PM,2.6875001788139343,7.1000001430511475,0,0,0
10/2/2026 12:17:16 PM,1.7500001192092896,6.175000071525574,0,0,0
10/2/2026 12:17:17 PM,0.7300000190734863,2.450000047683716,0,0,0
10/2/2026 12:17:18 PM,0.5275000333786011,-2.6000000834465027,0,0,0
10/2/2026 12:17:19 PM,0.9450000822544098,-1.0000000298023224,0,0,0
10/2/2026 12:17:20 PM,2.445000171661377,0.5249999761581421,0,0,0
10/2/2026 12:17:21 PM,2.447499990463257,7.000000283122063,0,0,0
10/2/2026 12:17:22 PM,6.182500123977661,3.7750000953674316,0,0,0
10/2/2026 12:17:23 PM,7.09000039100647,2.4250000715255737,5.718750357627869,47.77500057220459,0.007499999832361937
10/2/2026 12:17:24 PM,8.350000381469727,-2.600000023841858,1.9062501192092896,15.925000190734863,0.0024999999441206455
10/2/2026 12:17:25 PM,8.602500438690186,-0.6250000596046448,0,0,0
10/2/2026 12:17:26 PM,8.987500667572021,-2.350000023841858,0,0,0
10/2/2026 12:17:27 PM,9.255000591278076,-3.6499998569488525,0,0,0
10/2/2026 12:17:28 PM,9.195000648498535,-0.1499999761581421,0,0,0
10/2/2026 12:17:29 PM,10.360000610351562,-4.100000023841858,0,0,0
10/2/2026 12:17:30 PM,13.482500553131104,-4.0000001192092896,0,0,0
10/2/2026 12:17:31 PM,11.755000591278076,4.174999952316284,0,0,0
10/2/2026 12:17:32 PM,11.240000247955322,-2.7250000834465027,0,0,0
10/2/2026 12:17:33 PM,8.595000505447388,-2.5250000953674316,0,0,0
10/2/2026 12:17:34 PM,8.59000039100647,-6.150000095367432,0,0,0
10/2/2026 12:17:35 PM,9.847500324249268,-1.649999976158142,0,0,0
10/2/2026 12:17:36 PM,24.652501106262207,-22.399999618530273,0,0,0
10/2/2026 12:17:37 PM,24.817501068115234,4.0249998569488525,6.421250343322754,19.875,0.0024999999441206455
10/2/2026 12:17:38 PM,23.090001106262207,-12.97499942779541,19.26375102996826,59.625,0.007499999832361937
10/2/2026 12:17:39 PM,25.620001792907715,6.300000429153442,0,0,0
10/2/2026 12:17:40 PM,25.070000648498535,23.82499933242798,0,0,0
10/2/2026 12:17:41 PM,20.125,3.5749998092651367,0,0,0
10/2/2026 12:17:42 PM,24.789999961853027,4.324999809265137,0,0,0
10/2/2026 12:17:43 PM,24.165000915527344,2.625000476837158,0,0,0
10/2/2026 12:17:44 PM,24.500000953674316,16.750000476837158,0,0,0
10/2/2026 12:17:45 PM,28.355000495910645,-3.9000015258789062,0,0,0
10/2/2026 12:17:46 PM,23.277501106262207,1.4749999046325684,0,0,0
10/2/2026 12:17:47 PM,24.280000686645508,9.325000762939453,0,0,0
10/2/2026 12:17:48 PM,24.305001258850098,10.050000429153442,0,0,0
10/2/2026 12:17:49 PM,23.582500457763672,-4.5,0,0,0
10/2/2026 12:17:50 PM,17.375000953674316,-5.049999713897705,0,0,0
10/2/2026 12:17:51 PM,13.46000051498413,-7.699999809265137,4.83875036239624,24.337501525878906,0.0024999999441206455
10/2/2026 12:17:52 PM,14.820001125335693,15.474999904632568,14.51625108718872,73.01250457763672,0.007499999832361937
10/2/2026 12:17:53 PM,14.375000953674316,-35.89999961853027,0,0,0
10/2/2026 12:17:54 PM,11.997500896453857,-1.4750003814697266,0,0,0
10/2/2026 12:17:55 PM,11.852500438690186,-5.5,0,0,0
10/2/2026 12:17:56 PM,15.427501201629639,16.450000286102295,0,0,0
10/2/2026 12:17:57 PM,12.472500324249268,9.375,0,0,0
10/2/2026 12:17:58 PM,8.210000276565552,-1,0,0,0
10/2/2026 12:17:59 PM,5.740000009536743,-3.375,0,0,0
10/2/2026 12:18:00 PM,4.492500066757202,8.625000476837158,0,0,0
10/2/2026 12:18:01 PM,6.4649999141693115,-20.77500057220459,0,0,0
10/2/2026 12:18:02 PM,1.252500057220459,1.725000023841858,0,0,0
10/2/2026 12:18:03 PM,0.11750000156462193,4.325000166893005,0,0,0
10/2/2026 12:18:04 PM,0.6550000309944153,-1.8000001907348633,0,0,0
10/2/2026 12:18:05 PM,0.2825000062584877,-8.450000047683716,0,0,0
10/2/2026 12:18:06 PM,0.22500000149011612,-7.249999761581421,9.220001220703125,44.75,0.004999999888241291
10/2/2026 12:18:07 PM,-0.6475000232458115,1.6749999523162842,0,0,0
10/2/2026 12:18:08 PM,-0.8875000476837158,1.0499999523162842,0,0,0
10/2/2026 12:18:09 PM,0.07499998807907104,-0.7250000238418579,0,0,0
10/2/2026 12:18:10 PM,1.0475000441074371,1.1749999523162842,0,0,0
10/2/2026 12:18:11 PM,7.147500246763229,-29.074999570846558,0,0,0
10/2/2026 12:18:12 PM,13.082500457763672,-1.3750004768371582,0,0,0
10/2/2026 12:18:13 PM,10.220000505447388,-2.924999713897705,0,0,0
10/2/2026 12:18:14 PM,11.102500438690186,40.05000019073486,0,0,0
10/2/2026 12:18:15 PM,20.110000610351562,2.8249998092651367,0,0,0
10/2/2026 12:18:16 PM,18.247500896453857,28.975000381469727,0,0,0
10/2/2026 12:18:17 PM,16.07500123977661,-8.750000238418579,0,0,0
10/2/2026 12:18:18 PM,20.172500610351562,-17.774999618530273,0,0,0
10/2/2026 12:18:19 PM,26.242501258850098,-14.699999809265137,0,0,0
10/2/2026 12:18:20 PM,28.572501182556152,-3.4000000953674316,20.880000114440918,130.57500457763672,0.007499999832361937
10/2/2026 12:18:21 PM,21.234999656677246,17.000000476837158,6.960000038146973,43.525001525878906,0.0024999999441206455
10/2/2026 12:18:22 PM,18.725000381469727,15.399999618530273,0,0,0
10/2/2026 12:18:23 PM,25.790000915527344,-19.25,0,0,0
10/2/2026 12:18:24 PM,24.89000129699707,0.4250001907348633,0,0,0
10/2/2026 12:18:25 PM,25.195000648498535,-14.875,0,0,0
10/2/2026 12:18:26 PM,20.775001525878906,-6.575000047683716,0,0,0
10/2/2026 12:18:27 PM,25.647500038146973,-19.375,0,0,0
10/2/2026 12:18:28 PM,22.282501220703125,-2.40000057220459,0,0,0
10/2/2026 12:18:29 PM,27.305001258850098,-20.125,0,0,0
10/2/2026 12:18:30 PM,28.715001106262207,-9.049999952316284,0,0,0
10/2/2026 12:18:31 PM,23.3700008392334,1.4250001907348633,0,0,0
10/2/2026 12:18:32 PM,22.51500129699707,19.90000009536743,0,0,0
10/2/2026 12:18:33 PM,15.857500553131104,19.075000286102295,0,0,0
10/2/2026 12:18:34 PM,17.067501068115234,2.4000000953674316,13.113753318786621,68.51249885559082,0.007499999832361937
10/2/2026 12:18:35 PM,13.840000629425049,7.399999618530273,4.371251106262207,22.837499618530273,0.0024999999441206455
10/2/2026 12:18:36 PM,10.640000581741333,5.449999809265137,0,0,0
10/2/2026 12:18:37 PM,19.09749984741211,2.424999713897705,0,0,0
10/2/2026 12:18:38 PM,21.73250102996826,-16.299999713897705,0,0,0
10/2/2026 12:18:39 PM,9.485000371932983,43.54999828338623,0,0,0
10/2/2026 12:18:40 PM,10.34000015258789,15.074999332427979,0,0,0
10/2/2026 12:18:41 PM,7.322500467300415,1.0250005722045898,0,0,0
10/2/2026 12:18:42 PM,4.057500123977661,10.000000387430191,0,0,0
10/2/2026 12:18:43 PM,6.740000009536743,-14.900000095367432,0,0,0
10/2/2026 12:18:44 PM,3.870000123977661,14.349999904632568,0,0,0
10/2/2026 12:18:45 PM,5.817500352859497,-3.875,0,0,0
10/2/2026 12:18:46 PM,7.640000224113464,-20.925000190734863,0,0,0
10/2/2026 12:18:47 PM,3.0250000953674316,14.000000476837158,0,0,0
10/2/2026 12:18:48 PM,1.0750000774860382,-5.3749998807907104,17.231250286102295,95.21250343322754,0.007499999832361937
10/2/2026 12:18:49 PM,0.32250000536441803,-3.524999976158142,5.743750095367432,31.73750114440918,0.0024999999441206455
10/2/2026 12:18:50 PM,1.1250000596046448,4.425000190734863,0,0,0
10/2/2026 12:18:51 PM,0.6725000739097595,-1.149999976158142,0,0,0
10/2/2026 12:18:52 PM,1.1200000643730164,4.5249998569488525,0,0,0
10/2/2026 12:18:53 PM,0.8525000810623169,-1.8000000715255737,0,0,0
10/2/2026 12:18:54 PM,0.8675000667572021,2.0500000417232513,0,0,0
10/2/2026 12:18:55 PM,2.2875002026557922,-2.549999952316284,0,0,0
10/2/2026 12:18:56 PM,6.355000019073486,1.100000023841858,0,0,0
10/2/2026 12:18:57 PM,7.087500095367432,-2.0000000596046448,0,0,0
10/2/2026 12:18:58 PM,17.27500057220459,0.4499998092651367,0,0,0
10/2/2026 12:18:59 PM,24.14250087738037,10.625,0,0,0
10/2/2026 12:19:00 PM,16.64750051498413,-26.524999618530273,0,0,0
10/2/2026 12:19:01 PM,17.0600004196167,8.40000057220459,0,0,0
10/2/2026 12:19:02 PM,17.369999885559082,11.949999809265137,0,0,0
10/2/2026 12:19:03 PM,19.3075008392334,-0.07499980926513672,0,0,0
10/2/2026 12:19:04 PM,19.255000114440918,6.725000262260437,18.67125177383423,53.73750114440918,0.007499999832361937
10/2/2026 12:19:05 PM,13.300000190734863,24.300000190734863,6.223750591278076,17.912500381469727,0.0024999999441206455
10/2/2026 12:19:06 PM,14.46000051498413,3.5250000953674316,0,0,0
10/2/2026 12:19:07 PM,5.375000417232513,7.050000190734863,0,0,0
10/2/2026 12:19:08 PM,10.262500524520874,-1.7750000953674316,0,0,0
10/2/2026 12:19:09 PM,7.870000123977661,-0.10000002384185791,0,0,0
10/2/2026 12:19:10 PM,11.597500324249268,5.349999904632568,0,0,0
10/2/2026 12:19:11 PM,13.545000553131104,5.5,0,0,0
10/2/2026 12:19:12 PM,14.395000457763672,-0.34999990463256836,0,0,0
10/2/2026 12:19:13 PM,15.192500591278076,-2.024999976158142,0,0,0
10/2/2026 12:19:14 PM,15.307499885559082,-1.0750000476837158,0,0,0
10/2/2026 12:19:15 PM,15.010001182556152,0.6249999701976776,0,0,0
10/2/2026 12:19:16 PM,15.210000038146973,0.2750000059604645,0,0,0
10/2/2026 12:19:17 PM,15.455000400543213,-0.2250000238418579,0,0,0
10/2/2026 12:19:18 PM,15.3125,0.625,2.1875,11,0.0024999999441206455
10/2/2026 12:19:19 PM,15.044999599456787,-2.850000023841858,6.5625,33,0.007499999832361937
10/2/2026 12:19:20 PM,14.980000495910645,-0.17500007152557373,0,0,0
10/2/2026 12:19:21 PM,14.860000610351562,2.725000023841858,0,0,0
10/2/2026 12:19:22 PM,14.855000495910645,1.800000049173832,0,0,0
10/2/2026 12:19:23 PM,15.145000457763672,-0.25,0,0,0
10/2/2026 12:19:24 PM,15.15500020980835,-0.6000000238418579,0,0,0
10/2/2026 12:19:25 PM,15.580000877380371,3.274999976158142,0,0,0
10/2/2026 12:19:26 PM,15.950000286102295,-0.7999999821186066,0,0,0
10/2/2026 12:19:27 PM,16.327500343322754,-0.125,0,0,0
10/2/2026 12:19:28 PM,16.417500495910645,-0.9749999642372131,0,0,0
10/2/2026 12:19:29 PM,16.920000076293945,-1.300000011920929,0,0,0
10/2/2026 12:19:30 PM,16.605000495910645,0.7500000298023224,0,0,0
10/2/2026 12:19:31 PM,16.71000099182129,0.6999999582767487,0,0,0
10/2/2026 12:19:32 PM,16.89250087738037,-1.225000023841858,0,0,0
10/2/2026 12:19:33 PM,17.202500343322754,0.12499997019767761,0,0,0
10/2/2026 12:19:34 PM,17.632500648498535,-0.47499997541308403,0,0,0
10/2/2026 12:19:35 PM,17.595001220703125,1.3250000178813934,0,0,0
10/2/2026 12:19:36 PM,17.515000343322754,-3.1000000946223736,0,0,0
10/2/2026 12:19:37 PM,17.8075008392334,6.150000095367432,0,0,0
10/2/2026 12:19:38 PM,17.367501258850098,1.8750000596046448,0,0,0
10/2/2026 12:19:39 PM,25.33000087738037,-13.699999809265137,0,0,0
10/2/2026 12:19:40 PM,29.412500381469727,2.8249993324279785,0,0,0
10/2/2026 12:19:41 PM,31.29000186920166,-4.600000381469727,0,0,0
10/2/2026 12:19:42 PM,22.477500915527344,10.875,0,0,0
10/2/2026 12:19:43 PM,25.4350004196167,-24.649999618530273,0,0,0
10/2/2026 12:19:44 PM,27.89500141143799,-9.800000190734863,0,0,0
10/2/2026 12:19:45 PM,29.170000076293945,17.350000381469727,0,0,0
10/2/2026 12:19:46 PM,25.117501258850098,-0.19999980926513672,0,0,0
10/2/2026 12:19:47 PM,19.855000495910645,13.90000033378601,11.819998741149902,55.72500228881836,0.007499999832361937
10/2/2026 12:19:48 PM,18.90000057220459,-1.4250000715255737,3.939999580383301,18.575000762939453,0.0024999999441206455
10/2/2026 12:19:49 PM,24.4975004196167,1.9749994277954102,0,0,0
10/2/2026 12:19:50 PM,15.67250108718872,-10.27500057220459,0,0,0
10/2/2026 12:19:51 PM,3.732500195503235,10.325000286102295,0,0,0
10/2/2026 12:19:52 PM,5.505000352859497,21.274999618530273,0,0,0
10/2/2026 12:19:53 PM,9.510000705718994,-15.749999761581421,0,0,0
10/2/2026 12:19:54 PM,13.140000820159912,-7.7749998569488525,0,0,0
10/2/2026 12:19:55 PM,15.180000305175781,-11.825000047683716,0,0,0
10/2/2026 12:19:56 PM,12.640000343322754,10.424999713897705,0,0,0
10/2/2026 12:19:57 PM,10.480000495910645,11.974999904632568,0,0,0
10/2/2026 12:19:58 PM,7.137500286102295,22.22499942779541,0,0,0
10/2/2026 12:19:59 PM,7.677500009536743,-5.700000762939453,0,0,0
10/2/2026 12:20:00 PM,2.407500147819519,2.5,0,0,0
10/2/2026 12:20:01 PM,3.0149999856948853,-0.8999998569488525,4.122500419616699,19.712499618530273,0.0024999999441206455
10/2/2026 12:20:02 PM,12.17750072479248,-0.9250001907348633,12.367501258850098,59.13749885559082,0.007499999832361937
10/2/2026 12:20:03 PM,13.3125,-7.174999952316284,0,0,0
10/2/2026 12:20:04 PM,13.362500190734863,0.375,0,0,0
10/2/2026 12:20:05 PM,14.382500648498535,-3.1999999284744263,0,0,0
10/2/2026 12:20:06 PM,15.037500381469727,-1.149999976158142,0,0,0
10/2/2026 12:20:07 PM,15.835000991821289,-1.074999988079071,0,0,0
10/2/2026 12:20:08 PM,16.170000553131104,-0.6500000059604645,0,0,0
10/2/2026 12:20:09 PM,16.70250129699707,-1.425000011920929,0,0,0
10/2/2026 12:20:10 PM,17.272500038146973,-1.024999976158142,0,0,0
10/2/2026 12:20:11 PM,17.21000099182129,0.6499999761581421,0,0,0
10/2/2026 12:20:12 PM,17.880001068115234,1.1250000149011612,0,0,0
10/2/2026 12:20:13 PM,17.502500534057617,-0.125,0,0,0
10/2/2026 12:20:14 PM,17.755001068115234,-0.1499999761581421,0,0,0
10/2/2026 12:20:15 PM,17.760001182556152,-3.475000023841858,0,0,0
10/2/2026 12:20:16 PM,17.195000648498535,-1.7999999523162842,0,0,0
10/2/2026 12:20:17 PM,17.302499771118164,0.4750000238418579,0,0,0
10/2/2026 12:20:18 PM,16.92500114440918,0.27500003576278687,0,0,0
10/2/2026 12:20:19 PM,16.887499809265137,0.32500001788139343,0,0,0
10/2/2026 12:20:20 PM,19.5575008392334,-5.2250001430511475,0,0,0
10/2/2026 12:20:21 PM,21.48250102996826,5.674999952316284,0,0,0
10/2/2026 12:20:22 PM,18.010000228881836,15.650000095367432,0,0,0
10/2/2026 12:20:23 PM,19.252500534057617,-6.150000095367432,0,0,0
10/2/2026 12:20:24 PM,25.955001831054688,-2.1750001907348633,0,0,0
10/2/2026 12:20:25 PM,31.125000953674316,4.825000286102295,0,0,0
10/2/2026 12:20:26 PM,28.78250026702881,14.775000095367432,0,0,0
10/2/2026 12:20:27 PM,23.152501106262207,7.049999833106995,0,0,0
10/2/2026 12:20:28 PM,28.357500076293945,4.650000095367432,0,0,0
10/2/2026 12:20:29 PM,33.17000198364258,0.5250000953674316,0,0,0
10/2/2026 12:20:30 PM,23.59000015258789,-1.4500000476837158,14.553751945495605,49.16250228881836,0.007499999832361937
10/2/2026 12:20:31 PM,30.625,-3.7750000953674316,4.851250648498535,16.387500762939453,0.0024999999441206455
10/2/2026 12:20:32 PM,34.65500259399414,-21.450000762939453,0,0,0
10/2/2026 12:20:33 PM,22.087501525878906,12.550000667572021,0,0,0
10/2/2026 12:20:34 PM,23.597501754760742,5.899999618530273,0,0,0
10/2/2026 12:20:35 PM,24.394999504089355,-3.6999998092651367,0,0,0
10/2/2026 12:20:36 PM,17.18000030517578,-25.425000190734863,0,0,0
10/2/2026 12:20:37 PM,7.265000343322754,3.0500001907348633,0,0,0
10/2/2026 12:20:38 PM,7.057500600814819,-18.725000619888306,0,0,0
10/2/2026 12:20:39 PM,11.297500133514404,-23.125,0,0,0
10/2/2026 12:20:40 PM,17.89500141143799,-25.22499942779541,0,0,0
10/2/2026 12:20:41 PM,14.725000381469727,10.625,0,0,0
10/2/2026 12:20:42 PM,12.917500495910645,6.049999803304672,0,0,0
10/2/2026 12:20:43 PM,7.134999990463257,7.224998474121094,0,0,0
10/2/2026 12:20:44 PM,5.650000333786011,8.125,6.647500514984131,23.600000381469727,0.0024999999441206455
10/2/2026 12:20:45 PM,10.170000553131104,-19.649999618530273,6.647500514984131,23.600000381469727,0.0024999999441206455
10/2/2026 12:20:46 PM,11.395000457763672,-0.875,0,0,0
10/2/2026 12:20:47 PM,10.52500057220459,7.2250001430511475,0,0,0
10/2/2026 12:20:48 PM,6.7275002002716064,-0.5500001907348633,0,0,0
10/2/2026 12:20:49 PM,3.9500001668930054,-0.5999999046325684,0,0,0
10/2/2026 12:20:50 PM,6.187499940395355,-9.625000357627869,0,0,0
10/2/2026 12:20:51 PM,10.575000762939453,13.074999570846558,0,0,0
10/2/2026 12:20:52 PM,11.187500476837158,8.124999761581421,0,0,0
10/2/2026 12:20:53 PM,12.675000190734863,2.150000035762787,0,0,0
10/2/2026 12:20:54 PM,13.475000381469727,2.9000000953674316,0,0,0
10/2/2026 12:20:55 PM,13.830000400543213,0.19999998807907104,0,0,0
10/2/2026 12:20:56 PM,14.487500190734863,-0.47499996423721313,0,0,0
10/2/2026 12:20:57 PM,14.1875,1.975000023841858,0,0,0
10/2/2026 12:20:58 PM,14.812500476837158,-0.9500000476837158,3.3600001335144043,19.649999618530273,0.0024999999441206455
10/2/2026 12:20:59 PM,14.977500438690186,1.824999988079071,10.080000400543213,58.94999885559082,0.007499999832361937
10/2/2026 12:21:00 PM,14.690000534057617,-2.050000011920929,0,0,0
10/2/2026 12:21:01 PM,14.937500476837158,-0.17500001192092896,0,0,0
10/2/2026 12:21:02 PM,15.080000400543213,2.875,0,0,0
10/2/2026 12:21:03 PM,15.195000648498535,0.125,0,0,0
10/2/2026 12:21:04 PM,15.945000648498535,-0.5250000208616257,0,0,0
10/2/2026 12:21:05 PM,15.96500015258789,-0.5,0,0,0
10/2/2026 12:21:06 PM,16.430001258850098,0.10000002384185791,0,0,0
10/2/2026 12:21:07 PM,16.55250072479248,-0.125,0,0,0
10/2/2026 12:21:08 PM,17.475000381469727,-0.07499998807907104,0,0,0
10/2/2026 12:21:09 PM,26.060001373291016,1.5999999046325684,0,0,0
10/2/2026 12:21:10 PM,17.010001182556152,-1.2249999046325684,0,0,0
10/2/2026 12:21:11 PM,13.917500495910645,5.400000095367432,0,0,0
10/2/2026 12:21:12 PM,18.847500801086426,-16.774999618530273,0,0,0
10/2/2026 12:21:13 PM,17.930001258850098,4.900000095367432,0,0,0
10/2/2026 12:21:14 PM,18.26250171661377,2.200000047683716,0,0,0
10/2/2026 12:21:15 PM,18.285000801086426,1.5250000655651093,0,0,0
10/2/2026 12:21:16 PM,18.850001335144043,-0.75,0,0,0
10/2/2026 12:21:17 PM,18.860000610351562,2.5999999046325684,7.852499961853027,33.25,0.004999999888241291
10/2/2026 12:21:18 PM,18.96500015258789,2.25,0,0,0
10/2/2026 12:21:19 PM,18.52250099182129,0.19999998807907104,0,0,0
10/2/2026 12:21:20 PM,18.67000102996826,0.050000011920928955,0,0,0
10/2/2026 12:21:21 PM,18.502500534057617,2.399999976158142,0,0,0
10/2/2026 12:21:22 PM,18.11750030517578,1.0250000357627869,0,0,0
10/2/2026 12:21:23 PM,18.27250099182129,-0.5500000715255737,0,0,0
10/2/2026 12:21:24 PM,17.867501258850098,-0.5499998331069946,0,0,0
10/2/2026 12:21:25 PM,17.79000186920166,-0.02500009536743164,0,0,0
10/2/2026 12:21:26 PM,17.405000686645508,1.3749999403953552,0,0,0
10/2/2026 12:21:27 PM,17.45500087738037,-1.8249999284744263,0,0,0
10/2/2026 12:21:28 PM,17.587501525878906,1.7249999642372131,0,0,0
10/2/2026 12:21:29 PM,17.697500228881836,1.4249999523162842,0,0,0
10/2/2026 12:21:30 PM,17.515000343322754,-2.799999952316284,0,0,0
10/2/2026 12:21:31 PM,17.737500190734863,3.125,0,0,0
10/2/2026 12:21:32 PM,17.73500156402588,-0.625,0,0,0
10/2/2026 12:21:33 PM,18.39500141143799,1.8499999642372131,0,0,0
10/2/2026 12:21:34 PM,18.645000457763672,1.225000038743019,0,0,0
10/2/2026 12:21:35 PM,18.73750114440918,-6.7250001430511475,0,0,0
10/2/2026 12:21:36 PM,19.11250114440918,3.625,0,0,0
10/2/2026 12:21:37 PM,18.86500072479248,2.274999976158142,0,0,0
10/2/2026 12:21:38 PM,18.79500102996826,1.4000000357627869,0,0,0
10/2/2026 12:21:39 PM,19.10750102996826,-2.3750000596046448,0,0,0
10/2/2026 12:21:40 PM,19.132500648498535,-0.4750000238418579,0,0,0
10/2/2026 12:21:41 PM,19.135001182556152,-1.649999976158142,0,0,0
10/2/2026 12:21:42 PM,19.08000087738037,1.1249999701976776,0,0,0
10/2/2026 12:21:43 PM,19.59000015258789,-1.975000023841858,0,0,0
10/2/2026 12:21:44 PM,18.947501182556152,-1.5250000953674316,0,0,0
10/2/2026 12:21:45 PM,19.092500686645508,-0.75,0,0,0
10/2/2026 12:21:46 PM,18.875000953674316,1.4500000178813934,0,0,0
10/2/2026 12:21:47 PM,18.61750030517578,-0.6750000715255737,0,0,0
10/2/2026 12:21:48 PM,18.496251106262207,-2.7500000298023224,0,0,0
10/2/2026 12:21:49 PM,18.40250015258789,-1.7624999582767487,0,0,0
10/2/2026 12:21:50 PM,18.045000553131104,-0.5249999463558197,0,0,0
10/2/2026 12:21:51 PM,18.02750015258789,-0.08749997615814209,0,0,0
10/2/2026 12:21:52 PM,17.738750457763672,1.9124999642372131,0,0,0
10/2/2026 12:21:53 PM,17.731250286102295,1.962499976158142,0,0,0
10/2/2026 12:21:54 PM,17.605000495910645,-0.4125000238418579,0,0,0
10/2/2026 12:21:55 PM,17.730000495910645,-0.7249999642372131,0,0,0
10/2/2026 12:21:56 PM,17.726250171661377,0.8125000596046448,0,0,0
10/2/2026 12:21:57 PM,17.54750108718872,1.7500000149011612,0,0,0
10/2/2026 12:21:58 PM,17.632500171661377,-0.18749994039535522,0,0,0
10/2/2026 12:21:59 PM,17.70625114440918,-0.48750001192092896,0,0,0
10/2/2026 12:22:00 PM,17.660001277923584,0.4375,0,0,0
10/2/2026 12:22:01 PM,17.883750438690186,-3.237499952316284,0,0,0
10/2/2026 12:22:02 PM,17.9350004196167,1.4499999582767487,0,0,0
10/2/2026 12:22:03 PM,18.19000005722046,-0.8500000089406967,0,0,0
10/2/2026 12:22:04 PM,21.123750686645508,-5.187500134110451,0,0,0
10/2/2026 12:22:05 PM,31.190000534057617,-8.787500381469727,0,0,0
10/2/2026 12:22:06 PM,32.24499988555908,0.3250000476837158,0,0,0
10/2/2026 12:22:07 PM,27.30375099182129,5.987500071525574,0,0,0
10/2/2026 12:22:08 PM,23.537500858306885,-4.575000107288361,0,0,0
10/2/2026 12:22:09 PM,28.25750160217285,-14.41249966621399,0,0,0
10/2/2026 12:22:10 PM,25.05500030517578,-8.112499952316284,0,0,0
10/2/2026 12:22:11 PM,29.99000120162964,-19.674999713897705,0,0,0
10/2/2026 12:22:12 PM,30.44625234603882,-10.962499856948853,4.7987494468688965,23.525001525878906,0.0024999999441206455
10/2/2026 12:22:13 PM,29.778751850128174,0.3124992847442627,14.39624834060669,70.57500457763672,0.007499999832361937
10/2/2026 12:22:14 PM,21.948750495910645,23.887500286102295,0,0,0
10/2/2026 12:22:15 PM,25.223750591278076,-4.450000166893005,0,0,0
10/2/2026 12:22:16 PM,28.491249561309814,-8.612500190734863,0,0,0
10/2/2026 12:22:17 PM,22.321250915527344,-4.0625,0,0,0
10/2/2026 12:22:18 PM,15.2787504196167,16.512500047683716,0,0,0
10/2/2026 12:22:19 PM,13.375000476837158,18.09999990463257,0,0,0
10/2/2026 12:22:20 PM,17.387500286102295,-6.512499809265137,0,0,0
10/2/2026 12:22:21 PM,23.96000051498413,-10.487499833106995,0,0,0
10/2/2026 12:22:22 PM,27.441251277923584,0.02499997615814209,0,0,0
10/2/2026 12:22:23 PM,27.63625144958496,19.71250009536743,0,0,0
10/2/2026 12:22:24 PM,21.378750324249268,9.537499904632568,0,0,0
10/2/2026 12:22:25 PM,21.264999866485596,11.312499761581421,0,0,0
10/2/2026 12:22:26 PM,21.717500686645508,0.5875003337860107,4.800000190734863,16.762500762939453,0.0024999999441206455
10/2/2026 12:22:27 PM,17.55875039100647,-11.975000381469727,14.40000057220459,50.28750228881836,0.007499999832361937
10/2/2026 12:22:28 PM,13.513750076293945,2.25,0,0,0
10/2/2026 12:22:29 PM,8.96625006198883,-2.375000238418579,0,0,0
10/2/2026 12:22:30 PM,7.511250138282776,1.1874999701976776,0,0,0
10/2/2026 12:22:31 PM,7.880000352859497,6.412499934434891,0,0,0
10/2/2026 12:22:32 PM,7.425000190734863,1.8875000476837158,0,0,0
10/2/2026 12:22:33 PM,5.6612502336502075,-2.049999952316284,0,0,0
10/2/2026 12:22:34 PM,5.346250057220459,1.6250001192092896,0,0,0
10/2/2026 12:22:35 PM,5.865000128746033,0.6000001430511475,0,0,0
10/2/2026 12:22:36 PM,2.0612500309944153,2.987499952316284,0,0,0
10/2/2026 12:22:37 PM,1.2425000369548798,3.012500062584877,0,0,0
10/2/2026 12:22:38 PM,4.123750001192093,-9.337499842047691,0,0,0
10/2/2026 12:22:39 PM,7.255000114440918,-4.462499976158142,0,0,0
10/2/2026 12:22:40 PM,10.483750343322754,3.3375001549720764,0,0,0
10/2/2026 12:22:41 PM,11.96375036239624,4.075000047683716,0,0,0
10/2/2026 12:22:42 PM,13.516250371932983,-0.6500000357627869,9.135000228881836,35.32500171661377,0.007499999832361937
10/2/2026 12:22:43 PM,14.271250247955322,2.324999988079071,3.0450000762939453,11.77500057220459,0.0024999999441206455
10/2/2026 12:22:44 PM,14.763750553131104,-1.0500000417232513,0,0,0
10/2/2026 12:22:45 PM,15.107499837875366,1.0999999940395355,0,0,0
10/2/2026 12:22:46 PM,15.442500591278076,0.3875000476837158,0,0,0
10/2/2026 12:22:47 PM,15.207499980926514,1.412500023841858,0,0,0
10/2/2026 12:22:48 PM,15.497500658035278,0.8124999701976776,0,0,0
10/2/2026 12:22:49 PM,15.43125033378601,-2.137500077486038,0,0,0
10/2/2026 12:22:50 PM,15.693749904632568,-0.27500003576278687,0,0,0
10/2/2026 12:22:51 PM,15.891250133514404,1.3000000268220901,0,0,0
10/2/2026 12:22:52 PM,16.077499866485596,-2.26249997317791,0,0,0
10/2/2026 12:22:53 PM,16.081250190734863,-1.1249999701976776,0,0,0
10/2/2026 12:22:54 PM,16.110000371932983,0.5374999968335032,0,0,0
10/2/2026 12:22:55 PM,16.24750065803528,1.4625000236555934,0,0,0
10/2/2026 12:22:56 PM,16.346250534057617,0.22500000894069672,0,0,0
10/2/2026 12:22:57 PM,16.76875066757202,-0.24999995529651642,0,0,0
10/2/2026 12:22:58 PM,17.18250036239624,-0.8250000476837158,0,0,0
10/2/2026 12:22:59 PM,17.297500610351562,-1.037500023841858,0,0,0
10/2/2026 12:23:00 PM,17.44000005722046,-1.5875000357627869,0,0,0
10/2/2026 12:23:01 PM,17.630000591278076,-1.4375,0,0,0
10/2/2026 12:23:02 PM,17.766250610351562,-1.725000023841858,0,0,0
10/2/2026 12:23:03 PM,17.645000457763672,2.862500011920929,0,0,0
10/2/2026 12:23:04 PM,17.438750743865967,0.5375000238418579,0,0,0
10/2/2026 12:23:05 PM,17.73875141143799,0.625,0,0,0
10/2/2026 12:23:06 PM,17.96125078201294,-1.5875000469386578,0,0,0
10/2/2026 12:23:07 PM,18.107500076293945,2.175000060349703,0,0,0
10/2/2026 12:23:08 PM,18.19124984741211,-2.487500011920929,0,0,0
10/2/2026 12:23:09 PM,17.877500534057617,-1.462500050663948,0,0,0
10/2/2026 12:23:10 PM,17.641250610351562,-2.9625000655651093,0,0,0
10/2/2026 12:23:11 PM,17.46500015258789,-1,0,0,0
10/2/2026 12:23:12 PM,17.135001182556152,-2.200000077486038,0,0,0
10/2/2026 12:23:13 PM,16.883750915527344,0.5999999344348907,0,0,0
10/2/2026 12:23:14 PM,16.80375051498413,0.5125000178813934,0,0,0
10/2/2026 12:23:15 PM,16.70625066757202,2.3499999940395355,0,0,0
10/2/2026 12:23:16 PM,20.136250495910645,-7.100000113248825,0,0,0
10/2/2026 12:23:17 PM,19.05750036239624,6.2874995470047,0,0,0
10/2/2026 12:23:18 PM,17.472501277923584,3.662500023841858,0,0,0
10/2/2026 12:23:19 PM,16.881250619888306,0.8999999761581421,0,0,0
10/2/2026 12:23:20 PM,15.426250696182251,5.962499976158142,0,0,0
10/2/2026 12:23:21 PM,19.636250495910645,-0.7999999523162842,0,0,0
10/2/2026 12:23:22 PM,30.23750066757202,-5.262500047683716,0,0,0
10/2/2026 12:23:23 PM,32.07250213623047,-2.8999998569488525,0,0,0
10/2/2026 12:23:24 PM,27.23500108718872,15.375000476837158,14.568750858306885,49.38749885559082,0.007499999832361937
10/2/2026 12:23:25 PM,25.89125108718872,-13.72499966621399,4.856250286102295,16.462499618530273,0.0024999999441206455
10/2/2026 12:23:26 PM,21.971250534057617,-1.1749992370605469,0,0,0
10/2/2026 12:23:27 PM,17.043750524520874,11.850000381469727,0,0,0
10/2/2026 12:23:28 PM,11.097500085830688,-12.187499761581421,0,0,0
10/2/2026 12:23:29 PM,6.478749990463257,6.062500238418579,0,0,0
10/2/2026 12:23:30 PM,12.505000352859497,-9.02500033378601,0,0,0
10/2/2026 12:23:31 PM,13.231250286102295,-5.525000095367432,0,0,0
10/2/2026 12:23:32 PM,16.27500009536743,-13.524999856948853,0,0,0
10/2/2026 12:23:33 PM,24.83625078201294,-21.84999990463257,0,0,0
10/2/2026 12:23:34 PM,29.380001068115234,-9.762499809265137,0,0,0
10/2/2026 12:23:35 PM,31.505000114440918,-2.299999952316284,0,0,0
10/2/2026 12:23:36 PM,22.292500734329224,-4.75,0,0,0
10/2/2026 12:23:37 PM,14.385000944137573,2.887500286102295,0,0,0
10/2/2026 12:23:38 PM,22.827500820159912,-1.3249998092651367,7.686249732971191,35.837501525878906,0.0024999999441206455
10/2/2026 12:23:39 PM,28.123750686645508,-2.6125001907348633,23.058749198913574,107.51250457763672,0.007499999832361937
10/2/2026 12:23:40 PM,13.77500033378601,2.5500001907348633,0,0,0
10/2/2026 12:23:41 PM,12.645000457763672,-6.912501335144043,0,0,0
10/2/2026 12:23:42 PM,7.475000381469727,19.78749966621399,0,0,0
10/2/2026 12:23:43 PM,3.2275001406669617,0.28749990463256836,0,0,0
10/2/2026 12:23:44 PM,10.304999828338623,-16.262499928474426,0,0,0
10/2/2026 12:23:45 PM,15.708750247955322,-10.387499690055847,0,0,0
10/2/2026 12:23:46 PM,18.33250069618225,-7.437499523162842,0,0,0
10/2/2026 12:23:47 PM,14.328750610351562,3.8499999046325684,0,0,0
10/2/2026 12:23:48 PM,17.921250820159912,-2.975000262260437,0,0,0
10/2/2026 12:23:49 PM,9.612500071525574,8.312499046325684,0,0,0
10/2/2026 12:23:50 PM,6.767500042915344,-12.500000238418579,0,0,0
10/2/2026 12:23:51 PM,7.367500185966492,3.3374996185302734,0,0,0
10/2/2026 12:23:52 PM,1.9612500295042992,-11.500000357627869,5.789999961853027,22.5625,0.0024999999441206455
10/2/2026 12:23:53 PM,0.9087500423192978,-9.18749988079071,17.369999885559082,67.6875,0.007499999832361937
10/2/2026 12:23:54 PM,4.871250152587891,13.537499904632568,0,0,0
10/2/2026 12:23:55 PM,4.255000114440918,4.15000057220459,0,0,0
10/2/2026 12:23:56 PM,6.423750281333923,-3.737499713897705,0,0,0
10/2/2026 12:23:57 PM,8.285000443458557,-12.037500143051147,0,0,0
10/2/2026 12:23:58 PM,10.890000581741333,-3.0250000953674316,0,0,0
10/2/2026 12:23:59 PM,10.980000734329224,12.474999904632568,0,0,0
10/2/2026 12:24:00 PM,7.87125027179718,5.025000214576721,0,0,0
10/2/2026 12:24:01 PM,6.8487502336502075,-4.512500166893005,0,0,0
10/2/2026 12:24:02 PM,5.291250228881836,6.475000023841858,0,0,0
10/2/2026 12:24:03 PM,10.723750352859497,-4.237500190734863,0,0,0
10/2/2026 12:24:04 PM,12.611250162124634,-4.962500035762787,0,0,0
10/2/2026 12:24:05 PM,13.337501049041748,-2.9125000834465027,0,0,0
10/2/2026 12:24:06 PM,15.085000276565552,-3.0375000089406967,0,0,0
10/2/2026 12:24:07 PM,16.015000343322754,-0.6749999970197678,9.682499885559082,43.23750114440918,0.007499999832361937
10/2/2026 12:24:08 PM,16.787500381469727,0.824999988079071,3.2274999618530273,14.412500381469727,0.0024999999441206455
10/2/2026 12:24:09 PM,16.413750171661377,0.6749999523162842,0,0,0
10/2/2026 12:24:10 PM,16.142500638961792,-3.4125000536441803,0,0,0
10/2/2026 12:24:11 PM,14.727500677108765,-0.9250001013278961,0,0,0
10/2/2026 12:24:12 PM,14.37000036239624,-2.387500047683716,0,0,0
10/2/2026 12:24:13 PM,14.820000410079956,2.149999976158142,0,0,0
10/2/2026 12:24:14 PM,16.246250867843628,-0.4624999761581421,0,0,0
10/2/2026 12:24:15 PM,17.545000553131104,1.4499999284744263,0,0,0
10/2/2026 12:24:16 PM,17.102500438690186,-1.0125000476837158,0,0,0
10/2/2026 12:24:17 PM,16.731250286102295,0.41249996423721313,0,0,0
10/2/2026 12:24:18 PM,15.442500591278076,4.175000011920929,0,0,0
10/2/2026 12:24:19 PM,14.948750495910645,1.7750000953674316,0,0,0
10/2/2026 12:24:20 PM,14.813750267028809,-3.512500047683716,0,0,0
10/2/2026 12:24:21 PM,14.633750200271606,1.5249999463558197,0,0,0
10/2/2026 12:24:22 PM,15.776250123977661,-2.2499998807907104,0,0,0
10/2/2026 12:24:23 PM,16.70625114440918,1.850000023841858,0,0,0
10/2/2026 12:24:24 PM,17.793750286102295,-0.28749997913837433,0,0,0
10/2/2026 12:24:25 PM,17.372501373291016,2.112500011920929,0,0,0
10/2/2026 12:24:26 PM,16.29875135421753,0.08749997615814209,0.9537498950958252,4.950000286102295,0.0024999999441206455
10/2/2026 12:24:27 PM,15.311250448226929,3.950000047683716,2.8612496852874756,14.850000858306885,0.007499999832361937
10/2/2026 12:24:28 PM,15.128750801086426,3.887499988079071,0,0,0
10/2/2026 12:24:29 PM,15.02125072479248,1.2125000357627869,0,0,0
10/2/2026 12:24:30 PM,15.262500762939453,-0.5625,0,0,0
10/2/2026 12:24:31 PM,15.365000486373901,-0.8125000596046448,0,0,0
10/2/2026 12:24:32 PM,15.700000047683716,-4.1750001311302185,0,0,0
10/2/2026 12:24:33 PM,15.896250486373901,2.600000023841858,0,0,0
10/2/2026 12:24:34 PM,16.24375033378601,0.7125000357627869,0,0,0
10/2/2026 12:24:35 PM,16.54875111579895,-0.09999997913837433,0,0,0
10/2/2026 12:24:36 PM,16.875000953674316,-2.92500002682209,0,0,0
10/2/2026 12:24:37 PM,16.802500247955322,1.399999976158142,0,0,0
10/2/2026 12:24:38 PM,17.072500705718994,1,0,0,0
10/2/2026 12:24:39 PM,16.906250953674316,-1.9499999433755875,0,0,0
10/2/2026 12:24:40 PM,17.212501525878906,-1.3000000566244125,0,0,0
10/2/2026 12:24:41 PM,17.14375114440918,-0.7624999582767487,0,0,0
10/2/2026 12:24:42 PM,16.781250953674316,-0.8125,0,0,0
10/2/2026 12:24:43 PM,16.46250057220459,-2.7750000953674316,0,0,0
10/2/2026 12:24:44 PM,16.3412504196167,0.08749997615814209,0,0,0
10/2/2026 12:24:45 PM,15.885000228881836,0.3125,0,0,0
10/2/2026 12:24:46 PM,15.880000591278076,-2.5125001072883606,0,0,0
10/2/2026 12:24:47 PM,15.406250476837158,-6.637500047683716,0,0,0
10/2/2026 12:24:48 PM,15.388750076293945,-2.050000011920929,0,0,0
10/2/2026 12:24:49 PM,15.408750534057617,-1.7750000581145287,0,0,0
10/2/2026 12:24:50 PM,15.196250677108765,0.9124999865889549,0,0,0
10/2/2026 12:24:51 PM,15.205000400543213,-0.9000000357627869,0,0,0
10/2/2026 12:24:52 PM,15.49874997138977,-1.8250000476837158,0,0,0
10/2/2026 12:24:53 PM,16.380000114440918,-0.7000000476837158,0,0,0
10/2/2026 12:24:54 PM,16.731250286102295,0.574999988079071,0,0,0
10/2/2026 12:24:55 PM,16.68499994277954,-0.125,0,0,0
10/2/2026 12:24:56 PM,17.098750591278076,1.449999988079071,0,0,0
10/2/2026 12:24:57 PM,16.735000610351562,-3.787500023841858,0,0,0
10/2/2026 12:24:58 PM,17.032500743865967,-1.5625,0,0,0
10/2/2026 12:24:59 PM,17.052500247955322,1.0250000357627869,0,0,0
10/2/2026 12:25:00 PM,17.586251258850098,-0.4624999761581421,0,0,0
10/2/2026 12:25:01 PM,17.29875087738037,-3.212500035762787,0,0,0
10/2/2026 12:25:02 PM,17.321250438690186,-1,0,0,0
10/2/2026 12:25:03 PM,17.461251258850098,-0.22499999403953552,0,0,0
10/2/2026 12:25:04 PM,17.467501640319824,3.962500125169754,0,0,0
10/2/2026 12:25:05 PM,17.323750972747803,5.149999916553497,0,0,0
10/2/2026 12:25:06 PM,16.942501068115234,3.3250001072883606,0,0,0
10/2/2026 12:25:07 PM,16.687500476837158,-0.9749999791383743,0,0,0
10/2/2026 12:25:08 PM,16.546250820159912,0.8500000685453415,0,0,0
10/2/2026 12:25:09 PM,16.7762508392334,-1.3875000476837158,0,0,0
10/2/2026 12:25:10 PM,22.489999771118164,-6.4125001430511475,0,0,0
10/2/2026 12:25:11 PM,22.24625062942505,-5.6499998569488525,0,0,0
10/2/2026 12:25:12 PM,27.448750495910645,0.5750002264976501,0,0,0
10/2/2026 12:25:13 PM,29.753751277923584,-4.249999940395355,0,0,0
10/2/2026 12:25:14 PM,25.23250102996826,2.075000047683716,0,0,0
10/2/2026 12:25:15 PM,24.842500686645508,3.699999749660492,0,0,0
10/2/2026 12:25:16 PM,29.04500102996826,14.262499570846558,0,0,0
10/2/2026 12:25:17 PM,23.6512508392334,8.674999713897705,0,0,0
10/2/2026 12:25:18 PM,27.33250093460083,7.650000095367432,4.55625057220459,23.475000381469727,0.0024999999441206455
10/2/2026 12:25:19 PM,31.855000495910645,-2.6875,4.55625057220459,23.475000381469727,0.0024999999441206455
10/2/2026 12:25:20 PM,25.57625150680542,21.912500023841858,0,0,0
10/2/2026 12:25:21 PM,23.357500553131104,1.5250000953674316,0,0,0
10/2/2026 12:25:22 PM,28.928751468658447,0.9500000476837158,0,0,0
10/2/2026 12:25:23 PM,32.5450005531311,1.4999998807907104,0,0,0
10/2/2026 12:25:24 PM,32.69875192642212,1.1749998331069946,0,0,0
10/2/2026 12:25:25 PM,24.848751068115234,9.462500095367432,0,0,0
10/2/2026 12:25:26 PM,20.45875072479248,7.074999809265137,0,0,0
10/2/2026 12:25:27 PM,9.197500228881836,35.149999380111694,0,0,0
10/2/2026 12:25:28 PM,12.021250486373901,22.337499976158142,0,0,0
10/2/2026 12:25:29 PM,12.606250286102295,14.712499976158142,0,0,0
10/2/2026 12:25:30 PM,9.390000343322754,-10.6500004529953,0,0,0
10/2/2026 12:25:31 PM,4.827500224113464,-9.400000214576721,0,0,0
10/2/2026 12:25:32 PM,3.1762499511241913,-13.3125,8.67750072479248,31.987499237060547,0.0024999999441206455
10/2/2026 12:25:33 PM,3.6975000128149986,9.437499523162842,26.03250217437744,95.96249771118164,0.007499999832361937
10/2/2026 12:25:34 PM,0.533750019967556,8.812499940395355,0,0,0
10/2/2026 12:25:35 PM,1.0650000274181366,-0.25,0,0,0
10/2/2026 12:25:36 PM,3.3337501287460327,16.087499737739563,0,0,0
10/2/2026 12:25:37 PM,1.8350000381469727,1.3874998986721039,0,0,0
10/2/2026 12:25:38 PM,2.0325000286102295,-3.537500023841858,0,0,0
10/2/2026 12:25:39 PM,8.325000166893005,-14.537500143051147,0,0,0
10/2/2026 12:25:40 PM,11.032500267028809,4.0375001430511475,0,0,0
10/2/2026 12:25:41 PM,12.666250228881836,0.625,0,0,0
10/2/2026 12:25:42 PM,13.68000054359436,-1.7874999940395355,0,0,0
10/2/2026 12:25:43 PM,14.11500072479248,-4.787500098347664,0,0,0
10/2/2026 12:25:44 PM,14.641250610351562,0.13750004768371582,0,0,0
10/2/2026 12:25:45 PM,14.93625020980835,0.9875000268220901,0,0,0
10/2/2026 12:25:46 PM,15.610000610351562,3.3124999701976776,0,0,0
10/2/2026 12:25:47 PM,15.5287504196167,-0.9125000536441803,11.235000371932983,22.98750114440918,0.007499999832361937
10/2/2026 12:25:48 PM,15.665000438690186,-2.8000000715255737,3.745000123977661,7.662500381469727,0.0024999999441206455
10/2/2026 12:25:49 PM,15.981250762939453,0.6624999940395355,0,0,0
10/2/2026 12:25:50 PM,16.020000457763672,0.4749999940395355,0,0,0
10/2/2026 12:25:51 PM,16.320000171661377,-1.6124999225139618,0,0,0
10/2/2026 12:25:52 PM,16.792500972747803,3.0000000298023224,0,0,0
10/2/2026 12:25:53 PM,17.198750019073486,-2.4375,0,0,0
10/2/2026 12:25:54 PM,17.516250133514404,1.1875000596046448,0,0,0
10/2/2026 12:25:55 PM,17.98750114440918,-2.7750000953674316,0,0,0
10/2/2026 12:25:56 PM,18.15250062942505,1.199999988079071,0,0,0
10/2/2026 12:25:57 PM,18.037501335144043,0.2250000238418579,0,0,0
10/2/2026 12:25:58 PM,18.253751277923584,-0.925000011920929,0,0,0
10/2/2026 12:25:59 PM,18.54750156402588,-1.0250000059604645,0,0,0
10/2/2026 12:26:00 PM,19.00125026702881,0.14999999850988388,0,0,0
10/2/2026 12:26:01 PM,18.86875009536743,2.0500000715255737,0,0,0
10/2/2026 12:26:02 PM,23.90750026702881,-9.125,0,0,0
10/2/2026 12:26:03 PM,32.247501373291016,-7.2500001192092896,0,0,0
10/2/2026 12:26:04 PM,33.10249996185303,12.324999809265137,0,0,0
10/2/2026 12:26:05 PM,26.83750057220459,13.137500286102295,0,0,0
10/2/2026 12:26:06 PM,25.982501983642578,6.15000057220459,0,0,0
10/2/2026 12:26:07 PM,28.291250705718994,13.550000429153442,0,0,0
10/2/2026 12:26:08 PM,31.17750072479248,18.175000429153442,0,0,0
10/2/2026 12:26:09 PM,20.80250072479248,23.40000057220459,0,0,0
10/2/2026 12:26:10 PM,15.512500762939453,11.875000476837158,7.3600006103515625,28.512500762939453,0.0024999999441206455
10/2/2026 12:26:11 PM,19.0600004196167,21.024999260902405,22.080001831054688,85.53750228881836,0.007499999832361937
10/2/2026 12:26:12 PM,18.1225004196167,-5.850000381469727,0,0,0
10/2/2026 12:26:13 PM,12.547500848770142,37.89999961853027,0,0,0
10/2/2026 12:26:14 PM,6.3525002002716064,-17.874998092651367,0,0,0
10/2/2026 12:26:15 PM,13.565001010894775,-45.20000076293945,0,0,0
10/2/2026 12:26:16 PM,23.342500686645508,-1.5,0,0,0
10/2/2026 12:26:17 PM,16.767499923706055,-10.150000095367432,0,0,0
10/2/2026 12:26:18 PM,20.98500156402588,-4.150000095367432,0,0,0
10/2/2026 12:26:19 PM,21.487500190734863,-2.8500003814697266,0,0,0
10/2/2026 12:26:20 PM,21.33750057220459,-10.850000143051147,0,0,0
10/2/2026 12:26:21 PM,19.86500072479248,-23.725000381469727,0,0,0
10/2/2026 12:26:22 PM,13.572500228881836,-5.0250000059604645,0,0,0
10/2/2026 12:26:23 PM,15.290000438690186,-12.000000357627869,0,0,0
10/2/2026 12:26:24 PM,18.84500026702881,-12.77500057220459,5.252500534057617,36.42500305175781,0.0024999999441206455
10/2/2026 12:26:25 PM,15.937500476837158,10.425000190734863,15.757501602172852,109.27500915527344,0.007499999832361937
10/2/2026 12:26:26 PM,12.695000648498535,-23.625,0,0,0
10/2/2026 12:26:27 PM,8.78250002861023,-2.750000238418579,0,0,0
10/2/2026 12:26:28 PM,7.220000267028809,-3.825000047683716,0,0,0
10/2/2026 12:26:29 PM,9.097500324249268,0.47499990463256836,0,0,0
10/2/2026 12:26:30 PM,9.65000033378601,5.949999809265137,0,0,0
10/2/2026 12:26:31 PM,10.702500343322754,-0.4249999523162842,0,0,0
10/2/2026 12:26:32 PM,7.567500114440918,-4.375,0,0,0
10/2/2026 12:26:33 PM,11.357500553131104,-3.575000762939453,0,0,0
10/2/2026 12:26:34 PM,12.830000400543213,-17.450000286102295,0,0,0
10/2/2026 12:26:35 PM,8.407500267028809,18.174999713897705,0,0,0
10/2/2026 12:26:36 PM,4.162500083446503,2.125,0,0,0
10/2/2026 12:26:37 PM,3.7000001668930054,3.0749998092651367,0,0,0
10/2/2026 12:26:38 PM,1.8550000190734863,-6.724999904632568,3.666250228881836,19.725000381469727,0.0024999999441206455
10/2/2026 12:26:39 PM,6.480000019073486,-3.674999713897705,10.998750686645508,59.17500114440918,0.007499999832361937
10/2/2026 12:26:40 PM,7.402500152587891,-2.524999976158142,0,0,0
10/2/2026 12:26:41 PM,6.942500114440918,-0.8499999046325684,0,0,0
10/2/2026 12:26:42 PM,7.017500162124634,1.875,0,0,0
10/2/2026 12:26:43 PM,10.590000629425049,-3.4250000715255737,0,0,0
10/2/2026 12:26:44 PM,12.829999923706055,-3.200000047683716,0,0,0
10/2/2026 12:26:45 PM,14.070000648498535,-2.7999998927116394,0,0,0
10/2/2026 12:26:46 PM,13.455000877380371,7.75,0,0,0
10/2/2026 12:26:47 PM,10.450000286102295,2.024999976158142,0,0,0
10/2/2026 12:26:48 PM,14.787500858306885,14.25,0,0,0
10/2/2026 12:26:49 PM,16.20500087738037,7.9750001430511475,0,0,0
10/2/2026 12:26:50 PM,16.3700008392334,0.9750000238418579,0,0,0
10/2/2026 12:26:51 PM,17.237500190734863,-0.47499990463256836,0,0,0
10/2/2026 12:26:52 PM,16.85750102996826,0.1499999761581421,0,0,0
10/2/2026 12:26:53 PM,17.430001258850098,2.175000011920929,0,0,0
10/2/2026 12:26:54 PM,17.24000072479248,0.6499999761581421,1.786250114440918,12.125,0.0024999999441206455
10/2/2026 12:26:55 PM,17.610000610351562,2.725000113248825,5.358750343322754,36.375,0.007499999832361937
10/2/2026 12:26:56 PM,18.070000648498535,-0.25,0,0,0
10/2/2026 12:26:57 PM,18.449999809265137,-3.674999952316284,0,0,0
10/2/2026 12:26:58 PM,18.912501335144043,0.04999995231628418,0,0,0
10/2/2026 12:26:59 PM,18.807499885559082,-0.125,0,0,0
10/2/2026 12:27:00 PM,19.180001258850098,-0.19999998807907104,0,0,0
10/2/2026 12:27:01 PM,19.65000057220459,-0.4750000238418579,0,0,0
10/2/2026 12:27:02 PM,19.625000953674316,2.5500000715255737,0,0,0
10/2/2026 12:27:03 PM,19.510000228881836,4.125,0,0,0
10/2/2026 12:27:04 PM,19.880001068115234,-2.900000035762787,0,0,0
10/2/2026 12:27:05 PM,19.420000076293945,2.074999988079071,0,0,0
10/2/2026 12:27:06 PM,19.257500648498535,1.9250000715255737,0,0,0
10/2/2026 12:27:07 PM,19.247501373291016,1.074999988079071,0,0,0
10/2/2026 12:27:08 PM,18.67250156402588,-1.8499999940395355,0,0,0
10/2/2026 12:27:09 PM,27.012500762939453,1.8000001907348633,0,0,0
10/2/2026 12:27:10 PM,30.864999771118164,14.349999904632568,0,0,0
10/2/2026 12:27:11 PM,35.4375,-7.225000262260437,0,0,0
10/2/2026 12:27:12 PM,24.035000801086426,22.97499942779541,0,0,0
10/2/2026 12:27:13 PM,32.63250160217285,-13.700000762939453,0,0,0
10/2/2026 12:27:14 PM,34.75750160217285,-4.774999976158142,0,0,0
10/2/2026 12:27:15 PM,24.184999465942383,14.72499942779541,0,0,0
10/2/2026 12:27:16 PM,28.332502365112305,-8.550000190734863,0,0,0
10/2/2026 12:27:17 PM,32.94750213623047,-9.175000190734863,13.39125108718872,74.13749885559082,0.007499999832361937
10/2/2026 12:27:18 PM,24.43000030517578,4.075000286102295,4.46375036239624,24.712499618530273,0.0024999999441206455
10/2/2026 12:27:19 PM,28.27750015258789,-0.7249994277954102,0,0,0
10/2/2026 12:27:20 PM,31.945000648498535,-20.77500009536743,0,0,0
10/2/2026 12:27:21 PM,34.055002212524414,-3.374999523162842,0,0,0
10/2/2026 12:27:22 PM,23.71500015258789,-1.3499999046325684,0,0,0
10/2/2026 12:27:23 PM,25.48500156402588,14.575000286102295,0,0,0
10/2/2026 12:27:24 PM,33.497501373291016,1.950000286102295,0,0,0
10/2/2026 12:27:25 PM,29.482500076293945,-0.9499998092651367,0,0,0
10/2/2026 12:27:26 PM,30.0600004196167,-0.09999990463256836,0,0,0
10/2/2026 12:27:27 PM,25.322501182556152,4.325000286102295,0,0,0
10/2/2026 12:27:28 PM,22.917500495910645,-4.574999809265137,0,0,0
10/2/2026 12:27:29 PM,19.23000144958496,-1.375,0,0,0
10/2/2026 12:27:30 PM,22.760001182556152,3.4499998092651367,0,0,0
10/2/2026 12:27:31 PM,19.387499809265137,-1.6250004768371582,14.909999370574951,76.35000228881836,0.007499999832361937
10/2/2026 12:27:32 PM,21.782501220703125,7.224999904632568,4.96999979019165,25.450000762939453,0.0024999999441206455
10/2/2026 12:27:33 PM,24.06999969482422,5.575000762939453,0,0,0
10/2/2026 12:27:34 PM,11.075000762939453,-3.375,0,0,0
10/2/2026 12:27:35 PM,9.447500705718994,-27.049999237060547,0,0,0
10/2/2026 12:27:36 PM,13.182500839233398,8,0,0,0
10/2/2026 12:27:37 PM,7.137500286102295,-22.500000476837158,0,0,0
10/2/2026 12:27:38 PM,20.244999885559082,-65.67500114440918,0,0,0
10/2/2026 12:27:39 PM,18.72249984741211,3.3499984741210938,0,0,0
10/2/2026 12:27:40 PM,16.3725004196167,39.10000038146973,0,0,0
10/2/2026 12:27:41 PM,12.610000686720014,-16.39999771118164,0,0,0
10/2/2026 12:27:42 PM,2.265000104904175,-12.500000238418579,0,0,0
10/2/2026 12:27:43 PM,6.21750020980835,-1.1999988555908203,0,0,0
10/2/2026 12:27:44 PM,12.02750015258789,-30.15000033378601,0,0,0
10/2/2026 12:27:45 PM,10.52500057220459,9.775000095367432,24.371252059936523,163.98750686645508,0.007499999832361937
10/2/2026 12:27:46 PM,12.842500686645508,-8.475000381469727,8.123750686645508,54.66250228881836,0.0024999999441206455
10/2/2026 12:27:47 PM,21.32250165939331,17.925000190734863,0,0,0
10/2/2026 12:27:48 PM,25.492501258850098,7.300000190734863,0,0,0
10/2/2026 12:27:49 PM,19.36500072479248,-7.100000381469727,0,0,0
10/2/2026 12:27:50 PM,17.165000438690186,9.674999713897705,0,0,0
10/2/2026 12:27:51 PM,20.07750129699707,-16.824999809265137,0,0,0
10/2/2026 12:27:52 PM,26.682499885559082,4.000000476837158,0,0,0
10/2/2026 12:27:53 PM,24.757500648498535,-40.85000038146973,0,0,0
10/2/2026 12:27:54 PM,26.55000114440918,6.775001525878906,0,0,0
10/2/2026 12:27:55 PM,17.857500553131104,-3.8500003814697266,0,0,0
10/2/2026 12:27:56 PM,16.512500762939453,-12.649999141693115,0,0,0
10/2/2026 12:27:57 PM,11.387500286102295,-17.549999475479126,0,0,0
10/2/2026 12:27:58 PM,10.33250093460083,7.875,0,0,0
10/2/2026 12:27:59 PM,12.327500820159912,4.1250001192092896,16.89375114440918,114.375,0.007499999832361937
10/2/2026 12:28:00 PM,15.160000801086426,-9,5.631250381469727,38.125,0.0024999999441206455
10/2/2026 12:28:01 PM,14.460000038146973,14.625,0,0,0
10/2/2026 12:28:02 PM,15.655000686645508,-11,0,0,0
10/2/2026 12:28:03 PM,14.450000286102295,-7.799999237060547,0,0,0
10/2/2026 12:28:04 PM,17.199999809265137,-32.375,0,0,0
10/2/2026 12:28:05 PM,19.3075008392334,7.800000190734863,0,0,0
10/2/2026 12:28:06 PM,15.500001430511475,-27.375,0,0,0
10/2/2026 12:28:07 PM,17.67000102996826,-0.02500009536743164,0,0,0
10/2/2026 12:28:08 PM,16.84000062942505,-13.600000381469727,0,0,0
10/2/2026 12:28:09 PM,18.117501258850098,16.27500009536743,0,0,0
10/2/2026 12:28:10 PM,16.96500015258789,-33.47500038146973,0,0,0
10/2/2026 12:28:11 PM,18.40250015258789,-7.174999713897705,0,0,0
10/2/2026 12:28:12 PM,21.445000648498535,-16.84999990463257,0,0,0
10/2/2026 12:28:13 PM,8.200000047683716,17.32499885559082,0,0,0
10/2/2026 12:28:14 PM,10.880000114440918,-14.299999237060547,18.22125005722046,138.41250228881836,0.007499999832361937
10/2/2026 12:28:15 PM,11.200000286102295,33.39999961853027,6.073750019073486,46.13750076293945,0.0024999999441206455
10/2/2026 12:28:16 PM,13.162499904632568,-10.125,0,0,0
10/2/2026 12:28:17 PM,14.622500896453857,19.149999618530273,0,0,0
10/2/2026 12:28:18 PM,12.667500972747803,-1.6749992370605469,0,0,0
10/2/2026 12:28:19 PM,16.37000036239624,-25.575002670288086,0,0,0
10/2/2026 12:28:20 PM,3.852500021457672,61.550002098083496,0,0,0
10/2/2026 12:28:21 PM,-0.560000017285347,8.425000429153442,0,0,0
10/2/2026 12:28:22 PM,-0.3725000098347664,-4.550000071525574,0,0,0
10/2/2026 12:28:23 PM,0.13250001519918442,0.22500014305114746,0,0,0
10/2/2026 12:28:24 PM,0.39750003442168236,-1.975000023841858,0,0,0
10/2/2026 12:28:25 PM,0.32750002294778824,-2.875,0,0,0
10/2/2026 12:28:26 PM,0.35750001668930054,1.774999976158142,0,0,0
10/2/2026 12:28:27 PM,-0.04500000178813934,2.0749999284744263,0,0,0
10/2/2026 12:28:28 PM,0.5600000396370888,0.42500001192092896,16.976250171661377,159.33750915527344,0.007499999832361937
10/2/2026 12:28:29 PM,1.9600000381469727,-4.050000011920929,5.658750057220459,53.11250305175781,0.0024999999441206455
10/2/2026 12:28:30 PM,4.74750018119812,-4.7500001192092896,0,0,0
10/2/2026 12:28:31 PM,8.200000524520874,2.8000000715255737,0,0,0
10/2/2026 12:28:32 PM,10.542500495910645,-1.675000011920929,0,0,0
10/2/2026 12:28:33 PM,12.207500457763672,-1.074999988079071,0,0,0
10/2/2026 12:28:34 PM,13.52750015258789,-2.625,0,0,0
10/2/2026 12:28:35 PM,14.444999694824219,-1.324999988079071,0,0,0
10/2/2026 12:28:36 PM,15.86500072479248,3.149999976158142,0,0,0
10/2/2026 12:28:37 PM,16.90750026702881,-2.475000023841858,0,0,0
10/2/2026 12:28:38 PM,17.80500030517578,4.924999952316284,0,0,0
10/2/2026 12:28:39 PM,18.20000171661377,-1.7000000234693289,0,0,0
10/2/2026 12:28:40 PM,17.985000610351562,-0.375,0,0,0
10/2/2026 12:28:41 PM,17.73250102996826,0,0,0,0
10/2/2026 12:28:42 PM,18.05500030517578,-0.9000000357627869,0,0,0
10/2/2026 12:28:43 PM,18.035000801086426,-1.524999976158142,0,0,0
10/2/2026 12:28:44 PM,17.67500114440918,-0.07500004768371582,0,0,0
10/2/2026 12:28:45 PM,17.949999809265137,-0.824999988079071,0,0,0
10/2/2026 12:28:46 PM,17.90750026702881,1.800000011920929,0,0,0
10/2/2026 12:28:47 PM,17.270000457763672,0.5999999642372131,0,0,0
10/2/2026 12:28:48 PM,17.632500648498535,3.9000000953674316,0,0,0
10/2/2026 12:28:49 PM,18.325000762939453,-3.975000023841858,0,0,0
10/2/2026 12:28:50 PM,18.200000762939453,-1.5750000476837158,0,0,0
10/2/2026 12:28:51 PM,18.405000686645508,-4.025000035762787,0,0,0
10/2/2026 12:28:52 PM,18.502500534057617,1.6499999165534973,0,0,0
10/2/2026 12:28:53 PM,19.09500026702881,-0.3500000238418579,0,0,0
10/2/2026 12:28:54 PM,19.555001258850098,2.275000035762787,0,0,0
10/2/2026 12:28:55 PM,20.100001335144043,1.2000000476837158,0,0,0
10/2/2026 12:28:56 PM,19.627500534057617,3.200000047683716,0,0,0
10/2/2026 12:28:57 PM,19.67750072479248,1.1500000357627869,0,0,0
10/2/2026 12:28:58 PM,19.505001068115234,-0.02499997615814209,0,0,0
10/2/2026 12:28:59 PM,19.377500534057617,0.02499997615814209,0,0,0
10/2/2026 12:29:00 PM,20.305001258850098,-0.2749999761581421,0,0,0
10/2/2026 12:29:01 PM,20.072501182556152,0.2250000238418579,0,0,0
10/2/2026 12:29:02 PM,19.9325008392334,0.5999999865889549,0,0,0
10/2/2026 12:29:03 PM,19.80500030517578,1.925000011920929,0,0,0
10/2/2026 12:29:04 PM,19.425000190734863,-1.875,0,0,0
10/2/2026 12:29:05 PM,19.382500648498535,1.0999999046325684,0,0,0
10/2/2026 12:29:06 PM,18.95750141143799,0.9750000089406967,0,0,0
10/2/2026 12:29:07 PM,19.152501106262207,-0.6499999761581421,0,0,0
10/2/2026 12:29:08 PM,18.670000076293945,0.5750000476837158,0,0,0
10/2/2026 12:29:09 PM,18.449999809265137,-2.7500000447034836,0,0,0
10/2/2026 12:29:10 PM,18.510000228881836,-1.125,0,0,0
10/2/2026 12:29:11 PM,18.59500026702881,1.7750000357627869,0,0,0
10/2/2026 12:29:12 PM,19.317500114440918,1.175000011920929,0,0,0
10/2/2026 12:29:13 PM,22.35750102996826,3.2999998927116394,0,0,0
10/2/2026 12:29:14 PM,36.60750198364258,-27.274999141693115,0,0,0
10/2/2026 12:29:15 PM,32.9950008392334,20.550000190734863,0,0,0
10/2/2026 12:29:16 PM,28.132500648498535,10.224999904632568,0,0,0
10/2/2026 12:29:17 PM,27.962501525878906,-17.924999713897705,0,0,0
10/2/2026 12:29:18 PM,30.89250087738037,13.675000429153442,0,0,0
10/2/2026 12:29:19 PM,35.7450008392334,-3.59999942779541,0,0,0
10/2/2026 12:29:20 PM,21.600000381469727,0.5250015258789062,0,0,0
10/2/2026 12:29:21 PM,27.144999504089355,-1.0249996185302734,5.997499942779541,29.887500762939453,0.0024999999441206455
10/2/2026 12:29:22 PM,31.80500030517578,-11.949999809265137,17.992499828338623,89.66250228881836,0.007499999832361937
10/2/2026 12:29:23 PM,22.675000190734863,11.950000286102295,0,0,0
10/2/2026 12:29:24 PM,21.27750015258789,5.675000190734863,0,0,0
10/2/2026 12:29:25 PM,25.39500141143799,4.25,0,0,0
10/2/2026 12:29:26 PM,32.087501525878906,11.899999856948853,0,0,0
10/2/2026 12:29:27 PM,28.0600004196167,-16.15000009536743,0,0,0
10/2/2026 12:29:28 PM,20.540000915527344,-16.199999809265137,0,0,0
10/2/2026 12:29:29 PM,26.6875,1.2499995231628418,0,0,0
10/2/2026 12:29:30 PM,31.240001678466797,-16.799999952316284,0,0,0
10/2/2026 12:29:31 PM,30.112500190734863,-26.324999809265137,0,0,0
10/2/2026 12:29:32 PM,33.57750129699707,-15.924999713897705,0,0,0
10/2/2026 12:29:33 PM,36.22500038146973,-8.750000238418579,0,0,0
10/2/2026 12:29:34 PM,29.71000099182129,-0.9249997138977051,0,0,0
10/2/2026 12:29:35 PM,22.980000495910645,-7.4750001430511475,4.96250057220459,24.600000381469727,0.0024999999441206455
10/2/2026 12:29:36 PM,24.21250057220459,-4.450000286102295,14.88750171661377,73.80000114440918,0.007499999832361937
10/2/2026 12:29:37 PM,19.602500915527344,7.3499999940395355,0,0,0
10/2/2026 12:29:38 PM,14.917500495910645,-1.8249998092651367,0,0,0
10/2/2026 12:29:39 PM,10.000000476837158,-25,0,0,0
10/2/2026 12:29:40 PM,12.387500286102295,-0.7000007629394531,0,0,0
10/2/2026 12:29:41 PM,17.410001277923584,3.3249998092651367,0,0,0
10/2/2026 12:29:42 PM,19.67500114440918,-4.674999952316284,0,0,0
10/2/2026 12:29:43 PM,22.1200008392334,-2.59999942779541,0,0,0
10/2/2026 12:29:44 PM,16.107500076293945,-0.6500005722045898,0,0,0
10/2/2026 12:29:45 PM,17.55999994277954,-2.47499942779541,0,0,0
10/2/2026 12:29:46 PM,18.70250129699707,3.15000057220459,0,0,0
10/2/2026 12:29:47 PM,14.537500381469727,-6.824999809265137,0,0,0
10/2/2026 12:29:48 PM,12.715001106262207,7.799999713897705,0,0,0
10/2/2026 12:29:49 PM,10.017500400543213,9.700000762939453,4.038750171661377,28.67500114440918,0.0024999999441206455
10/2/2026 12:29:50 PM,10.637500524520874,-4.09999942779541,12.11625051498413,86.02500343322754,0.007499999832361937
10/2/2026 12:29:51 PM,11.90250015258789,-6.100000381469727,0,0,0
10/2/2026 12:29:52 PM,11.167500495910645,-7.324999809265137,0,0,0
10/2/2026 12:29:53 PM,11.925000190734863,7.525000095367432,0,0,0
10/2/2026 12:29:54 PM,15.059999942779541,0.375,0,0,0
10/2/2026 12:29:55 PM,15.096251249313354,3.7250001430511475,0,0,0
10/2/2026 12:29:56 PM,20.878750801086426,18.675000190734863,0,0,0
10/2/2026 12:29:57 PM,15.33875060081482,-3.7375001907348633,0,0,0
10/2/2026 12:29:58 PM,15.840001344680786,7.0500006675720215,0,0,0
10/2/2026 12:29:59 PM,14.162501007318497,4.3125,0,0,0
10/2/2026 12:30:00 PM,5.288750201463699,-2.5124988555908203,0,0,0
10/2/2026 12:30:01 PM,7.731249928474426,6.08750057220459,0,0,0
10/2/2026 12:30:02 PM,11.03125011920929,-1,0,0,0
10/2/2026 12:30:03 PM,8.821250319480896,-6.449999988079071,6.216249942779541,38.97500228881836,0.0024999999441206455
10/2/2026 12:30:04 PM,8.863750219345093,-12.962500274181366,18.648749828338623,116.92500686645508,0.007499999832361937
10/2/2026 12:30:05 PM,12.102500438690186,-13.75,0,0,0
10/2/2026 12:30:06 PM,9.920000314712524,4.725000381469727,0,0,0
10/2/2026 12:30:07 PM,9.89625072479248,2.5,0,0,0
10/2/2026 12:30:08 PM,11.072500228881836,-6.925000071525574,0,0,0
10/2/2026 12:30:09 PM,15.937500715255737,3.4250001907348633,0,0,0
10/2/2026 12:30:10 PM,14.656250357627869,-3.5625,0,0,0
10/2/2026 12:30:11 PM,9.347500205039978,2.0875000953674316,0,0,0
10/2/2026 12:30:12 PM,9.681250095367432,-8.912499904632568,0,0,0
10/2/2026 12:30:13 PM,11.648750305175781,-5.737500190734863,0,0,0
10/2/2026 12:30:14 PM,12.610000371932983,-14.137500047683716,0,0,0
10/2/2026 12:30:15 PM,12.206250190734863,16.537500143051147,0,0,0
10/2/2026 12:30:16 PM,14.875000953674316,2.0750001072883606,0,0,0
10/2/2026 12:30:17 PM,13.940001010894775,-4.800000429153442,0,0,0
10/2/2026 12:30:18 PM,13.818750858306885,16.21250057220459,3.2824997901916504,24.399999618530273,0.0024999999441206455
10/2/2026 12:30:19 PM,13.581250309944153,-5.262499809265137,9.847499370574951,73.19999885559082,0.007499999832361937
10/2/2026 12:30:20 PM,9.434999823570251,-23.274998664855957,0,0,0
10/2/2026 12:30:21 PM,10.360000133514404,-4.987499952316284,0,0,0
10/2/2026 12:30:22 PM,13.728750228881836,-11.387500047683716,0,0,0
10/2/2026 12:30:23 PM,12.853750467300415,-19.387500286102295,0,0,0
10/2/2026 12:30:24 PM,17.18125033378601,-15.899999976158142,0,0,0
10/2/2026 12:30:25 PM,20.220000505447388,-4.637499690055847,0,0,0
10/2/2026 12:30:26 PM,21.093751668930054,-10.337499618530273,0,0,0
10/2/2026 12:30:27 PM,25.097500324249268,3.899999976158142,0,0,0
10/2/2026 12:30:28 PM,25.6850004196167,-14.237500309944153,0,0,0
10/2/2026 12:30:29 PM,24.987502098083496,-6.887499809265137,0,0,0
10/2/2026 12:30:30 PM,20.915000915527344,-0.7500001192092896,0,0,0
10/2/2026 12:30:31 PM,19.95500087738037,2.5000001192092896,0,0,0
10/2/2026 12:30:32 PM,16.627500534057617,-7.074999928474426,4.052499771118164,19.650001525878906,0.0024999999441206455
10/2/2026 12:30:33 PM,15.348750352859497,-5.662500023841858,12.157499313354492,58.95000457763672,0.007499999832361937
10/2/2026 12:30:34 PM,12.500000715255737,-44.462499141693115,0,0,0
10/2/2026 12:30:35 PM,5.4762502908706665,-14.062499761581421,0,0,0
10/2/2026 12:30:36 PM,2.5000000596046448,16.700000405311584,0,0,0
10/2/2026 12:30:37 PM,1.2275000214576721,0.44999992847442627,0,0,0
10/2/2026 12:30:38 PM,1.6212500631809235,7.8500001430511475,0,0,0
10/2/2026 12:30:39 PM,3.0287500619888306,0.21250003576278687,0,0,0
10/2/2026 12:30:40 PM,1.9575000405311584,-0.5499998927116394,0,0,0
10/2/2026 12:30:41 PM,6.771250128746033,9.687499523162842,0,0,0
10/2/2026 12:30:42 PM,4.870000123977661,-16.03749990463257,0,0,0
10/2/2026 12:30:43 PM,5.723750352859497,-11.587500005960464,0,0,0
10/2/2026 12:30:44 PM,3.527500092983246,8.225000113248825,0,0,0
10/2/2026 12:30:45 PM,5.228750288486481,9.550000190734863,0,0,0
10/2/2026 12:30:46 PM,4.7900004386901855,7.887500047683716,0,0,0
10/2/2026 12:30:47 PM,8.517500400543213,0.8125,2.0500001907348633,17.36250114440918,0.0024999999441206455
10/2/2026 12:30:48 PM,15.102499961853027,-17.912500321865082,2.0500001907348633,17.36250114440918,0.0024999999441206455
10/2/2026 12:30:49 PM,19.738750457763672,-1.074999988079071,0,0,0
10/2/2026 12:30:50 PM,21.318750381469727,-4.737499952316284,0,0,0
10/2/2026 12:30:51 PM,25.500000953674316,-4.037500023841858,0,0,0
10/2/2026 12:30:52 PM,27.135000228881836,-4.437499642372131,0,0,0
10/2/2026 12:30:53 PM,26.24250030517578,-9.975000381469727,0,0,0
10/2/2026 12:30:54 PM,25.9012508392334,-9.77500057220459,0,0,0
10/2/2026 12:30:55 PM,23.02750015258789,-10.550000667572021,0,0,0
10/2/2026 12:30:56 PM,20.77125120162964,3.1500000953674316,0,0,0
10/2/2026 12:30:57 PM,19.7762508392334,-20.949999809265137,0,0,0
10/2/2026 12:30:58 PM,20.360000610351562,-4.199999570846558,0,0,0
10/2/2026 12:30:59 PM,21.012500286102295,10.2125004529953,0,0,0
10/2/2026 12:31:00 PM,23.426250457763672,9.049999833106995,0,0,0
10/2/2026 12:31:01 PM,20.778750896453857,26.787500381469727,4.060000419616699,24.86250114440918,0.0024999999441206455
10/2/2026 12:31:02 PM,8.353750348091125,2.137500286102295,12.180001258850098,74.58750343322754,0.007499999832361937
10/2/2026 12:31:03 PM,7.535000324249268,14.000000238418579,0,0,0
10/2/2026 12:31:04 PM,4.1762500405311584,-4.1625001430511475,0,0,0
10/2/2026 12:31:05 PM,4.25625005364418,-4.650000095367432,0,0,0
10/2/2026 12:31:06 PM,7.107499927282333,-14.075000047683716,0,0,0
10/2/2026 12:31:07 PM,23.77375078201294,-2.9625000953674316,0,0,0
10/2/2026 12:31:08 PM,9.867500402033329,21.46250009536743,0,0,0
10/2/2026 12:31:09 PM,7.610000133514404,-13.749999701976776,0,0,0
10/2/2026 12:31:10 PM,16.515000581741333,-6.449999749660492,0,0,0
10/2/2026 12:31:11 PM,23.40625,25.125000476837158,0,0,0
10/2/2026 12:31:12 PM,26.230000495910645,22.72499990463257,0,0,0
10/2/2026 12:31:13 PM,26.925000190734863,21.08750057220459,0,0,0
10/2/2026 12:31:14 PM,19.158750653266907,-16.175001621246338,0,0,0
10/2/2026 12:31:15 PM,4.695000074803829,18.612499237060547,8.008749961853027,36.32500076293945,0.0024999999441206455
10/2/2026 12:31:16 PM,2.5925000980496407,21.26249933242798,24.026249885559082,108.97500228881836,0.007499999832361937
10/2/2026 12:31:17 PM,1.3250000923871994,-2.8249999284744263,0,0,0
10/2/2026 12:31:18 PM,2.40500009059906,-11.299999952316284,0,0,0
10/2/2026 12:31:19 PM,3.1825002431869507,-18.9375,0,0,0
10/2/2026 12:31:20 PM,6.7700002789497375,1.2125000953674316,0,0,0
10/2/2026 12:31:21 PM,3.0737500190734863,1.2750000953674316,0,0,0
10/2/2026 12:31:22 PM,4.638750195503235,-9.050000190734863,0,0,0
10/2/2026 12:31:23 PM,3.7500000596046448,5.862499713897705,0,0,0
10/2/2026 12:31:24 PM,3.268750011920929,2.2500001192092896,0,0,0
10/2/2026 12:31:25 PM,1.0600000284612179,0.9750000238418579,0,0,0
10/2/2026 12:31:26 PM,0.3100000135600567,0.812499925494194,0,0,0
10/2/2026 12:31:27 PM,0.33000002428889275,-2.8250000029802322,0,0,0
10/2/2026 12:31:28 PM,-0.36000001803040504,-3.125,0,0,0
10/2/2026 12:31:29 PM,-0.16625001281499863,-4.75,2.7275002002716064,15.4375,0.0024999999441206455
10/2/2026 12:31:30 PM,0.45375002175569534,-2.412500023841858,8.18250060081482,46.3125,0.007499999832361937
10/2/2026 12:31:31 PM,1.0600000023841858,-0.8500000312924385,0,0,0
10/2/2026 12:31:32 PM,1.4512501060962677,-1.3750000223517418,0,0,0
10/2/2026 12:31:33 PM,1.2075000703334808,-2.100000023841858,0,0,0
10/2/2026 12:31:34 PM,2.9712500274181366,-2.612500000745058,0,0,0
10/2/2026 12:31:35 PM,8.055000305175781,-4.087499976158142,0,0,0
10/2/2026 12:31:36 PM,9.90000033378601,-3.1125000715255737,0,0,0
10/2/2026 12:31:37 PM,7.523750185966492,7.7874996066093445,0,0,0
10/2/2026 12:31:38 PM,7.770000338554382,-8.350000083446503,0,0,0
10/2/2026 12:31:39 PM,11.507500410079956,-9.412499785423279,0,0,0
10/2/2026 12:31:40 PM,11.817500352859497,6.962500214576721,0,0,0
10/2/2026 12:31:41 PM,12.478750467300415,-0.18749994039535522,0,0,0
10/2/2026 12:31:42 PM,12.671250581741333,0.4375,0,0,0
10/2/2026 12:31:43 PM,12.922500848770142,0.1499999761581421,0,0,0
10/2/2026 12:31:44 PM,13.04750108718872,-1.0625,0,0,0
10/2/2026 12:31:45 PM,13.472501039505005,-2.237499952316284,7.08750057220459,31.34999942779541,0.007499999832361937
10/2/2026 12:31:46 PM,16.623750925064087,-5.962499976158142,2.3625001907348633,10.449999809265137,0.0024999999441206455
10/2/2026 12:31:47 PM,23.742501258850098,-2.712499976158142,0,0,0
10/2/2026 12:31:48 PM,21.981250762939453,10.125000238418579,0,0,0
10/2/2026 12:31:49 PM,20.46250057220459,1.1000001430511475,0,0,0
10/2/2026 12:31:50 PM,21.297500133514404,-5.574999749660492,0,0,0
10/2/2026 12:31:51 PM,18.25124979019165,2.1625002026557922,0,0,0
10/2/2026 12:31:52 PM,13.122500658035278,-3.7500000596046448,0,0,0
10/2/2026 12:31:53 PM,12.480000495910645,-1.212499976158142,0,0,0
10/2/2026 12:31:54 PM,15.83500075340271,-3.375,0,0,0
10/2/2026 12:31:55 PM,15.137500047683716,1.8624999523162842,0,0,0
10/2/2026 12:31:56 PM,10.898750066757202,3.487500011920929,0,0,0
10/2/2026 12:31:57 PM,8.93375039100647,3.4749998450279236,0,0,0
10/2/2026 12:31:58 PM,8.93000054359436,-2.7375000715255737,0,0,0
10/2/2026 12:31:59 PM,10.833750247955322,-4.262500047683716,4.091250419616699,18.1875,0.0024999999441206455
10/2/2026 12:32:00 PM,6.961250424385071,2.4375,12.273751258850098,54.5625,0.007499999832361937
10/2/2026 12:32:01 PM,11.968750834465027,-18.96250009536743,0,0,0
10/2/2026 12:32:02 PM,13.685000896453857,0.5624997615814209,0,0,0
10/2/2026 12:32:03 PM,14.048750638961792,0.13749992847442627,0,0,0
10/2/2026 12:32:04 PM,16.107500076293945,-0.34999996423721313,0,0,0
10/2/2026 12:32:05 PM,24.74250030517578,-10.349999964237213,0,0,0
10/2/2026 12:32:06 PM,26.067500591278076,7.175000429153442,0,0,0
10/2/2026 12:32:07 PM,25.57375144958496,0.08750009536743164,0,0,0
10/2/2026 12:32:08 PM,21.218750476837158,3.0000000074505806,0,0,0
10/2/2026 12:32:09 PM,20.008749961853027,-3.20000009983778,0,0,0
10/2/2026 12:32:10 PM,28.29875135421753,-11.050000071525574,0,0,0
10/2/2026 12:32:11 PM,27.55000114440918,-4.5625,0,0,0
10/2/2026 12:32:12 PM,20.886250495910645,8.974999785423279,0,0,0
10/2/2026 12:32:13 PM,16.34500026702881,-10.950000286102295,0,0,0
10/2/2026 12:32:14 PM,6.952500104904175,-13.90000033378601,20.48250102996826,71.21250343322754,0.007499999832361937
10/2/2026 12:32:15 PM,8.817500591278076,-6.150000095367432,6.827500343322754,23.73750114440918,0.0024999999441206455
10/2/2026 12:32:16 PM,10.598750829696655,-1.6750001907348633,0,0,0
10/2/2026 12:32:17 PM,13.280000448226929,1.9000000953674316,0,0,0
10/2/2026 12:32:18 PM,23.36000108718872,-24.71250009536743,0,0,0
10/2/2026 12:32:19 PM,19.177500247955322,4.174999833106995,0,0,0
10/2/2026 12:32:20 PM,18.84000015258789,9.712499976158142,0,0,0
10/2/2026 12:32:21 PM,24.86250066757202,-2.2250008583068848,0,0,0
10/2/2026 12:32:22 PM,24.390000343322754,1.6749999523162842,0,0,0
10/2/2026 12:32:23 PM,24.712501049041748,-0.21250009536743164,0,0,0
10/2/2026 12:32:24 PM,21.690001487731934,-18.800000190734863,0,0,0
10/2/2026 12:32:25 PM,16.46250033378601,11.049999713897705,0,0,0
10/2/2026 12:32:26 PM,15.061250448226929,1.8000001907348633,0,0,0
10/2/2026 12:32:27 PM,15.658751010894775,12.562500238418579,0,0,0
10/2/2026 12:32:28 PM,13.460000276565552,14.425000429153442,4.385000228881836,21.212499618530273,0.0024999999441206455
10/2/2026 12:32:29 PM,13.322501182556152,-2.3749998807907104,13.155000686645508,63.63749885559082,0.007499999832361937
10/2/2026 12:32:30 PM,12.793750524520874,4.475000023841858,0,0,0
10/2/2026 12:32:31 PM,14.128750562667847,-1.737499713897705,0,0,0
10/2/2026 12:32:32 PM,18.01500105857849,4.325000286102295,0,0,0
10/2/2026 12:32:33 PM,18.64500093460083,7.612500190734863,0,0,0
10/2/2026 12:32:34 PM,28.248751163482666,-12.412500619888306,0,0,0
10/2/2026 12:32:35 PM,25.698750972747803,-7.875000238418579,0,0,0
10/2/2026 12:32:36 PM,22.74250030517578,-6.075000286102295,0,0,0
10/2/2026 12:32:37 PM,16.108749866485596,6.450000286102295,0,0,0
10/2/2026 12:32:38 PM,4.165000140666962,4.912499666213989,0,0,0
10/2/2026 12:32:39 PM,9.610000133514404,-16.637500047683716,0,0,0
10/2/2026 12:32:40 PM,9.671250343322754,6.925000190734863,0,0,0
10/2/2026 12:32:41 PM,12.865000486373901,-3.325000286102295,0,0,0
10/2/2026 12:32:42 PM,19.5600004196167,-12.825000405311584,8.105000495910645,28.775001525878906,0.0024999999441206455
10/2/2026 12:32:43 PM,21.264999866485596,8.587500095367432,24.315001487731934,86.32500457763672,0.007499999832361937
10/2/2026 12:32:44 PM,24.291250705718994,4.512499928474426,0,0,0
10/2/2026 12:32:45 PM,26.626251220703125,-13.550000190734863,0,0,0
10/2/2026 12:32:46 PM,27.525001525878906,-9.7000000923872,0,0,0
10/2/2026 12:32:47 PM,27.498751163482666,1.5749997645616531,0,0,0
10/2/2026 12:32:48 PM,27.78250026702881,-12.150000035762787,0,0,0
10/2/2026 12:32:49 PM,22.525001049041748,8.650000393390656,0,0,0
10/2/2026 12:32:50 PM,21.102500915527344,3.1375001072883606,0,0,0
10/2/2026 12:32:51 PM,18.695000648498535,7.412499785423279,0,0,0
10/2/2026 12:32:52 PM,17.962501049041748,-3.8125,0,0,0
10/2/2026 12:32:53 PM,19.817501068115234,-6.5249998569488525,0,0,0
10/2/2026 12:32:54 PM,19.68375062942505,-8.174999952316284,0,0,0
10/2/2026 12:32:55 PM,20.562500953674316,-9.325000047683716,0,0,0
10/2/2026 12:32:56 PM,23.672500610351562,-8.099999904632568,0,0,0
10/2/2026 12:32:57 PM,24.988750457763672,6.025000095367432,13.924999237060547,61.45000076293945,0.009999999776482582
10/2/2026 12:32:58 PM,20.471250772476196,8.499999761581421,0,0,0
10/2/2026 12:32:59 PM,12.196250200271606,7.09999942779541,0,0,0
10/2/2026 12:33:00 PM,9.772499918937683,-20.68750023841858,0,0,0
10/2/2026 12:33:01 PM,6.465000033378601,5.2749998569488525,0,0,0
10/2/2026 12:33:02 PM,10.723750352859497,-13.562499523162842,0,0,0
10/2/2026 12:33:03 PM,9.592500686645508,-0.3250000476837158,0,0,0
10/2/2026 12:33:04 PM,6.507500529289246,6.700000047683716,0,0,0
10/2/2026 12:33:05 PM,9.74875009059906,2.200000047683716,0,0,0
10/2/2026 12:33:06 PM,20.687500476837158,-15.150000095367432,0,0,0
10/2/2026 12:33:07 PM,27.727501392364502,-0.46250009536743164,0,0,0
10/2/2026 12:33:08 PM,29.112502098083496,1.3374998569488525,0,0,0
10/2/2026 12:33:09 PM,25.087501049041748,-12.150000095367432,0,0,0
10/2/2026 12:33:10 PM,32.76000118255615,-29.73750078678131,0,0,0
10/2/2026 12:33:11 PM,34.3025016784668,-3.024999976158142,30.600000381469727,75.55000305175781,0.009999999776482582
10/2/2026 12:33:12 PM,26.750000476837158,-10.512499809265137,0,0,0
10/2/2026 12:33:13 PM,29.442501068115234,-17.137499928474426,0,0,0
10/2/2026 12:33:14 PM,32.82500076293945,4.387500166893005,0,0,0
10/2/2026 12:33:15 PM,33.04250240325928,9.212500095367432,0,0,0
10/2/2026 12:33:16 PM,24.855000495910645,12.27500057220459,0,0,0
10/2/2026 12:33:17 PM,27.657500743865967,2.0875000953674316,0,0,0
10/2/2026 12:33:18 PM,33.125000953674316,-8.950000047683716,0,0,0
10/2/2026 12:33:19 PM,30.186251640319824,-3.8500003814697266,0,0,0
10/2/2026 12:33:20 PM,23.642500400543213,-3.0375001430511475,0,0,0
10/2/2026 12:33:21 PM,26.69875144958496,12.412500143051147,0,0,0
10/2/2026 12:33:22 PM,28.361251831054688,3.012500047683716,0,0,0
10/2/2026 12:33:23 PM,28.838751316070557,-11.999999761581421,0,0,0
10/2/2026 12:33:24 PM,26.125000476837158,10.875000238418579,0,0,0
10/2/2026 12:33:25 PM,25.96375036239624,-6.549999475479126,10.012499809265137,52.10000228881836,0.004999999888241291
10/2/2026 12:33:26 PM,27.546250820159912,7.9125001430511475,10.012499809265137,52.10000228881836,0.004999999888241291
10/2/2026 12:33:27 PM,26.966251373291016,-11.150000214576721,0,0,0
10/2/2026 12:33:28 PM,25.901249885559082,4.4374998807907104,0,0,0
10/2/2026 12:33:29 PM,18.081250190734863,9.737499475479126,0,0,0
10/2/2026 12:33:30 PM,11.820000410079956,9.712500095367432,0,0,0
10/2/2026 12:33:31 PM,4.36375018954277,14.31250011920929,0,0,0
10/2/2026 12:33:32 PM,-0.3137499876320362,-1.2500000968575478,0,0,0
10/2/2026 12:33:33 PM,-0.2874999977648258,-1.650000013411045,0,0,0
10/2/2026 12:33:34 PM,0.14125000312924385,-1.0750000476837158,0,0,0
10/2/2026 12:33:35 PM,-0.0462500024586916,-1.7000000476837158,0,0,0
10/2/2026 12:33:36 PM,0.38875002786517143,-0.0625,0,0,0
10/2/2026 12:33:37 PM,0.6462500095367432,-0.1875,0,0,0
10/2/2026 12:33:38 PM,2.5850000232458115,-3.1875000596046448,0,0,0
10/2/2026 12:33:39 PM,7.240000367164612,-0.7125000357627869,10.9975004196167,34.25,0.004999999888241291
10/2/2026 12:33:40 PM,9.36625075340271,3.612499922513962,10.9975004196167,34.25,0.004999999888241291
10/2/2026 12:33:41 PM,11.477500438690186,-2.1750000417232513,0,0,0
10/2/2026 12:33:42 PM,12.576250553131104,-3.487499952316284,0,0,0
10/2/2026 12:33:43 PM,13.668751001358032,-0.3624999523162842,0,0,0
10/2/2026 12:33:44 PM,14.351250410079956,-2.049999952316284,0,0,0
10/2/2026 12:33:45 PM,14.83875060081482,-1.2500000596046448,0,0,0
10/2/2026 12:33:46 PM,15.132500648498535,-2.1999999582767487,0,0,0
10/2/2026 12:33:47 PM,15.266250610351562,1.9249999225139618,0,0,0
10/2/2026 12:33:48 PM,15.471250534057617,0.8750000149011612,0,0,0
10/2/2026 12:33:49 PM,15.646250486373901,2.437500089406967,0,0,0
10/2/2026 12:33:50 PM,15.938750743865967,0.3374999910593033,0,0,0
10/2/2026 12:33:51 PM,15.822500228881836,-1.399999976158142,0,0,0
10/2/2026 12:33:52 PM,15.899999856948853,-2.237500011920929,0,0,0
10/2/2026 12:33:53 PM,16.05500078201294,0.1874999776482582,0,0,0
10/2/2026 12:33:54 PM,16.695001125335693,1.2374999895691872,0,0,0
10/2/2026 12:33:55 PM,17.280001163482666,-0.2875000238418579,0,0,0
10/2/2026 12:33:56 PM,17.61375093460083,-1.8375000357627869,0,0,0
10/2/2026 12:33:57 PM,17.723750591278076,-1.4375000298023224,0,0,0
10/2/2026 12:33:58 PM,17.90000057220459,-0.2250000536441803,0,0,0
10/2/2026 12:33:59 PM,17.853751182556152,1.3875000476837158,0,0,0
10/2/2026 12:34:00 PM,17.83125114440918,-0.7249999642372131,0,0,0
10/2/2026 12:34:01 PM,17.930001258850098,-0.38749998807907104,0,0,0
10/2/2026 12:34:02 PM,18.452500820159912,0.5250000357627869,0,0,0
10/2/2026 12:34:03 PM,18.472500324249268,-1.037500023841858,0,0,0
10/2/2026 12:34:04 PM,18.52125072479248,-0.22500008344650269,0,0,0
10/2/2026 12:34:05 PM,18.230000495910645,-1.275000013411045,0,0,0
10/2/2026 12:34:06 PM,18.1875,0.17499998211860657,0,0,0
10/2/2026 12:34:07 PM,17.853750228881836,2.162500023841858,0,0,0
10/2/2026 12:34:08 PM,17.515000820159912,0.46250003576278687,0,0,0
10/2/2026 12:34:09 PM,17.467501163482666,0.06250005960464478,0,0,0
10/2/2026 12:34:10 PM,17.43375062942505,2.949999988079071,0,0,0
10/2/2026 12:34:11 PM,17.232500076293945,2.5625,0,0,0
10/2/2026 12:34:12 PM,16.808751106262207,1.1374999806284904,0,0,0
10/2/2026 12:34:13 PM,16.921250820159912,1.6999999955296516,0,0,0
10/2/2026 12:34:14 PM,17.293750762939453,-2.137500062584877,0,0,0
10/2/2026 12:34:15 PM,17.310001373291016,-1.850000023841858,0,0,0
10/2/2026 12:34:16 PM,17.752500534057617,0.6000000238418579,0,0,0
10/2/2026 12:34:17 PM,17.791250705718994,2.512499988079071,0,0,0
10/2/2026 12:34:18 PM,17.96000051498413,-2.750000089406967,0,0,0
10/2/2026 12:34:19 PM,19.684999465942383,-4.562499910593033,0,0,0
10/2/2026 12:34:20 PM,30.5687518119812,1.2750000953674316,0,0,0
10/2/2026 12:34:21 PM,33.22625160217285,9.787499904632568,0,0,0
10/2/2026 12:34:22 PM,30.942500114440918,19.750000476837158,0,0,0
10/2/2026 12:34:23 PM,24.735000610351562,-3.2875001430511475,0,0,0
10/2/2026 12:34:24 PM,28.99375057220459,1.1250001341104507,0,0,0
10/2/2026 12:34:25 PM,31.65250062942505,-4.100000008940697,0,0,0
10/2/2026 12:34:26 PM,22.137500762939453,8.600000381469727,0,0,0
10/2/2026 12:34:27 PM,27.84249973297119,4.274999916553497,0,0,0
10/2/2026 12:34:28 PM,32.35375165939331,-8.79999989271164,21.024999618530273,79.05000305175781,0.009999999776482582
10/2/2026 12:34:29 PM,24.068751335144043,19.47499990463257,0,0,0
10/2/2026 12:34:30 PM,19.111250400543213,25.33750057220459,0,0,0
10/2/2026 12:34:31 PM,19.79375123977661,28.84999990463257,0,0,0
10/2/2026 12:34:32 PM,28.771250247955322,-13.212499856948853,0,0,0
10/2/2026 12:34:33 PM,25.233750820159912,-17.562499523162842,0,0,0
10/2/2026 12:34:34 PM,27.078750610351562,-9.52500033378601,0,0,0
10/2/2026 12:34:35 PM,24.02375078201294,13.724999904632568,0,0,0
10/2/2026 12:34:36 PM,19.130000829696655,4.949999809265137,0,0,0
10/2/2026 12:34:37 PM,15.99625039100647,-4.2750000059604645,0,0,0
10/2/2026 12:34:38 PM,9.266250371932983,9.087500423192978,0,0,0
10/2/2026 12:34:39 PM,2.8112499844282866,6.562500059604645,0,0,0
10/2/2026 12:34:40 PM,0.006249997764825821,0.08750003576278687,0,0,0
10/2/2026 12:34:41 PM,2.0237500090152025,-5.462500095367432,0,0,0
10/2/2026 12:34:42 PM,6.28000020980835,-13.075000047683716,17.01000213623047,41.42500305175781,0.004999999888241291
10/2/2026 12:34:43 PM,6.602500081062317,0.15000033378601074,17.01000213623047,41.42500305175781,0.004999999888241291
10/2/2026 12:34:44 PM,4.790000319480896,1.6875002980232239,0,0,0
10/2/2026 12:34:45 PM,4.782500147819519,1.512500286102295,0,0,0
10/2/2026 12:34:46 PM,4.888750314712524,-6.4375,0,0,0
10/2/2026 12:34:47 PM,6.156250238418579,9.737500190734863,0,0,0
10/2/2026 12:34:48 PM,1.612500011920929,3.8375000059604645,0,0,0
10/2/2026 12:34:49 PM,4.48125022649765,-5.037499897181988,0,0,0
10/2/2026 12:34:50 PM,4.418750166893005,2.512500025331974,0,0,0
10/2/2026 12:34:51 PM,6.112500071525574,-4.699999988079071,0,0,0
10/2/2026 12:34:52 PM,7.3250004053115845,-5.0000001192092896,0,0,0
10/2/2026 12:34:53 PM,6.540000557899475,-1.487500049173832,0,0,0
10/2/2026 12:34:54 PM,5.857500076293945,4.462499998509884,0,0,0
10/2/2026 12:34:55 PM,3.735000193119049,4.562499955296516,0,0,0
10/2/2026 12:34:56 PM,4.292500078678131,-3.4375000447034836,0,0,0
10/2/2026 12:34:57 PM,9.728750348091125,0.21250003576278687,4.269999980926514,18.325000762939453,0.004999999888241291
10/2/2026 12:34:58 PM,11.396250486373901,-2.587500035762787,4.269999980926514,18.325000762939453,0.004999999888241291
10/2/2026 12:34:59 PM,13.478750467300415,-2.2500001192092896,0,0,0
10/2/2026 12:35:00 PM,21.21750020980835,10.412500381469727,0,0,0
10/2/2026 12:35:01 PM,10.665000438690186,24.337501049041748,0,0,0
10/2/2026 12:35:02 PM,11.063750743865967,-21.13750022649765,0,0,0
10/2/2026 12:35:03 PM,10.210000276565552,-7.787500321865082,0,0,0
10/2/2026 12:35:04 PM,10.93375039100647,-0.6749999523162842,0,0,0
10/2/2026 12:35:05 PM,12.706250429153442,-4.337500035762787,0,0,0
10/2/2026 12:35:06 PM,11.298750400543213,-4.475000023841858,0,0,0
10/2/2026 12:35:07 PM,4.734999984502792,10.087499797344208,0,0,0
10/2/2026 12:35:08 PM,5.637500375509262,-7.462499618530273,0,0,0
10/2/2026 12:35:09 PM,9.933750629425049,3.774999886751175,0,0,0
10/2/2026 12:35:10 PM,10.030000686645508,-1.8375000208616257,0,0,0
10/2/2026 12:35:11 PM,12.137500286102295,-3.2624998837709427,6.677500247955322,43.57500076293945,0.004999999888241291
10/2/2026 12:35:12 PM,20.325000286102295,-12.599999904632568,6.677500247955322,43.57500076293945,0.004999999888241291
10/2/2026 12:35:13 PM,22.735000610351562,8.300000190734863,0,0,0
10/2/2026 12:35:14 PM,22.116250038146973,7.0624998807907104,0,0,0
10/2/2026 12:35:15 PM,20.23625087738037,4.575000062584877,0,0,0
10/2/2026 12:35:16 PM,20.61750030517578,-13.500000342726707,0,0,0
10/2/2026 12:35:17 PM,24.4325008392334,-18.125,0,0,0
10/2/2026 12:35:18 PM,22.30250072479248,19.187499523162842,0,0,0
10/2/2026 12:35:19 PM,19.64875078201294,21.787500262260437,0,0,0
10/2/2026 12:35:20 PM,20.697500705718994,-9.175000309944153,0,0,0
10/2/2026 12:35:21 PM,18.43375015258789,-1.5625,0,0,0
10/2/2026 12:35:22 PM,16.693750381469727,3.5625,0,0,0
10/2/2026 12:35:23 PM,16.202500343322754,4.400000095367432,0,0,0
10/2/2026 12:35:24 PM,19.131250381469727,-22.27500009536743,0,0,0
10/2/2026 12:35:25 PM,18.012499809265137,-7.212500214576721,7.444999694824219,49.97500228881836,0.004999999888241291
10/2/2026 12:35:26 PM,19.83500099182129,-2.2624999284744263,7.444999694824219,49.97500228881836,0.004999999888241291
10/2/2026 12:35:27 PM,18.036251068115234,12.650000095367432,0,0,0
10/2/2026 12:35:28 PM,16.446250438690186,0.6750001907348633,0,0,0
10/2/2026 12:35:29 PM,17.86250066757202,6.725000381469727,0,0,0
10/2/2026 12:35:30 PM,14.746250629425049,1.6999998092651367,0,0,0
10/2/2026 12:35:31 PM,10.177500247955322,-7.099999904632568,0,0,0
10/2/2026 12:35:32 PM,9.047500371932983,-1.7874999046325684,0,0,0
10/2/2026 12:35:33 PM,5.238750100135803,-1.3499999046325684,0,0,0
10/2/2026 12:35:34 PM,5.96750009059906,2.0874996185302734,0,0,0
10/2/2026 12:35:35 PM,10.105000376701355,7.337500095367432,0,0,0
10/2/2026 12:35:36 PM,8.81000030040741,-10.387499906122684,0,0,0
10/2/2026 12:35:37 PM,11.955000519752502,2.7125001177191734,0,0,0
10/2/2026 12:35:38 PM,7.557500243186951,-3.8499996662139893,0,0,0
10/2/2026 12:35:39 PM,5.992500185966492,11.212500095367432,0,0,0
10/2/2026 12:35:40 PM,5.732500195503235,5.275000214576721,15.590001106262207,78.05000305175781,0.009999999776482582
10/2/2026 12:35:41 PM,5.616250038146973,5.575000166893005,0,0,0
10/2/2026 12:35:42 PM,6.037499964237213,-2.2749998569488525,0,0,0
10/2/2026 12:35:43 PM,2.4850000143051147,1.4999998211860657,0,0,0
10/2/2026 12:35:44 PM,4.6937501430511475,1.5124996900558472,0,0,0
10/2/2026 12:35:45 PM,3.606250077486038,4.099999874830246,0,0,0
10/2/2026 12:35:46 PM,1.6175000667572021,-1.0375000834465027,0,0,0
10/2/2026 12:35:47 PM,2.9362500607967377,-4.500000029802322,0,0,0
10/2/2026 12:35:48 PM,5.8137500286102295,-5.587499976158142,0,0,0
10/2/2026 12:35:49 PM,8.126250386238098,0.2500002384185791,0,0,0
10/2/2026 12:35:50 PM,10.187500715255737,-4.374999970197678,0,0,0
10/2/2026 12:35:51 PM,10.472500324249268,2.7500000298023224,0,0,0
10/2/2026 12:35:52 PM,9.37375020980835,-0.13749998807907104,0,0,0
10/2/2026 12:35:53 PM,9.670000553131104,-3.0124999284744263,0,0,0
10/2/2026 12:35:54 PM,11.77750039100647,-1.7999999523162842,0,0,0
10/2/2026 12:35:55 PM,12.012500047683716,-0.949999988079071,0,0,0
10/2/2026 12:35:56 PM,12.202500104904175,-3.9375000596046448,0,0,0
10/2/2026 12:35:57 PM,9.65625,0.30000007152557373,11.555001258850098,33.650001525878906,0.009999999776482582
10/2/2026 12:35:58 PM,9.627500534057617,-0.33750003576278687,0,0,0
10/2/2026 12:35:59 PM,13.602500438690186,4.462500095367432,0,0,0
10/2/2026 12:36:00 PM,16.158750295639038,-4.137499690055847,0,0,0
10/2/2026 12:36:01 PM,13.372500658035278,2.5125001072883606,0,0,0
10/2/2026 12:36:02 PM,9.680000305175781,-1.4000002145767212,0,0,0
10/2/2026 12:36:03 PM,9.323750495910645,1.9249999523162842,0,0,0
10/2/2026 12:36:04 PM,12.474999904632568,1.3999998569488525,0,0,0
10/2/2026 12:36:05 PM,16.452500343322754,2.3124998807907104,0,0,0
10/2/2026 12:36:06 PM,17.528750896453857,0.6625000238418579,0,0,0
10/2/2026 12:36:07 PM,17.68250036239624,-0.37500011920928955,0,0,0
10/2/2026 12:36:08 PM,17.816250324249268,-12.550000190734863,0,0,0
10/2/2026 12:36:09 PM,18.63875150680542,-2.675000011920929,0,0,0
10/2/2026 12:36:10 PM,18.32625102996826,-5.162499964237213,0,0,0
10/2/2026 12:36:11 PM,17.86750078201294,0.7374998331069946,0,0,0
10/2/2026 12:36:12 PM,15.553750991821289,-4.824999928474426,0,0,0
10/2/2026 12:36:13 PM,9.501250140368938,-10.237498760223389,6.005000114440918,27.700000762939453,0.004999999888241291
10/2/2026 12:36:14 PM,7.258750312030315,4.76837158203125E-07,0,0,0
10/2/2026 12:36:15 PM,12.955000400543213,-22.17500066757202,0,0,0
10/2/2026 12:36:16 PM,16.92500114440918,-15.374999523162842,0,0,0
10/2/2026 12:36:17 PM,21.43875026702881,-9.262500047683716,0,0,0
10/2/2026 12:36:18 PM,23.203750610351562,-8.525000214576721,0,0,0
10/2/2026 12:36:19 PM,18.850000858306885,-2.725000023841858,0,0,0
10/2/2026 12:36:20 PM,22.728750228881836,-7.2374995946884155,0,0,0
10/2/2026 12:36:21 PM,22.563751220703125,10.162500262260437,0,0,0
10/2/2026 12:36:22 PM,20.252500534057617,9.337499976158142,0,0,0
10/2/2026 12:36:23 PM,23.752500534057617,-4.700000166893005,0,0,0
10/2/2026 12:36:24 PM,25.360000610351562,-2.1249998807907104,0,0,0
10/2/2026 12:36:25 PM,20.785000324249268,3.83750057220459,0,0,0
10/2/2026 12:36:26 PM,26.031250953674316,-14.362500190734863,0,0,0
10/2/2026 12:36:27 PM,25.98875141143799,4.699999809265137,13.430001258850098,77.80000305175781,0.009999999776482582
10/2/2026 12:36:28 PM,27.476250648498535,-1.937500238418579,0,0,0
10/2/2026 12:36:29 PM,26.810001373291016,0.2625000476837158,0,0,0
10/2/2026 12:36:30 PM,24.53000020980835,-3.0749998092651367,0,0,0
10/2/2026 12:36:31 PM,19.450000286102295,16.112500190734863,0,0,0
10/2/2026 12:36:32 PM,19.015000343322754,4.537499904632568,0,0,0
10/2/2026 12:36:33 PM,16.08875060081482,10.550000190734863,0,0,0
10/2/2026 12:36:34 PM,12.911250591278076,-1.2125000953674316,0,0,0
10/2/2026 12:36:35 PM,12.112500190734863,-4.399999976158142,0,0,0
10/2/2026 12:36:36 PM,11.352500677108765,4.224999785423279,0,0,0
10/2/2026 12:36:37 PM,11.375000953674316,3.774999976158142,0,0,0
10/2/2026 12:36:38 PM,12.080000400543213,-8.962500214576721,0,0,0
10/2/2026 12:36:39 PM,11.196250438690186,-5.137500047683716,0,0,0
10/2/2026 12:36:40 PM,12.620000123977661,-10.899999856948853,0,0,0
10/2/2026 12:36:41 PM,12.702500581741333,-10.812499761581421,14.545001029968262,65.94999694824219,0.009999999776482582
10/2/2026 12:36:42 PM,11.03250002861023,-5.64999994635582,0,0,0
10/2/2026 12:36:43 PM,9.251250267028809,6.287499934434891,0,0,0
10/2/2026 12:36:44 PM,8.542500615119934,-2.0000001192092896,0,0,0
10/2/2026 12:36:45 PM,7.323750019073486,3.2750000953674316,0,0,0
10/2/2026 12:36:46 PM,5.970000267028809,2.049999952316284,0,0,0
10/2/2026 12:36:47 PM,8.633750319480896,-4.549999952316284,0,0,0
10/2/2026 12:36:48 PM,8.077500462532043,6.2750000059604645,0,0,0
10/2/2026 12:36:49 PM,4.6337502002716064,2.4249999821186066,0,0,0
10/2/2026 12:36:50 PM,6.171249985694885,-3.712500214576721,0,0,0
10/2/2026 12:36:51 PM,9.867500305175781,-4.3374998569488525,0,0,0
10/2/2026 12:36:52 PM,11.430000066757202,1.5125000476837158,0,0,0
10/2/2026 12:36:53 PM,12.554999828338623,-0.17500001192092896,0,0,0
10/2/2026 12:36:54 PM,14.181249856948853,-2.625,0,0,0
10/2/2026 12:36:55 PM,14.786250352859497,0.6124999225139618,5.434999942779541,13,0.004999999888241291
10/2/2026 12:36:56 PM,15.40250015258789,-2.4250000417232513,5.434999942779541,13,0.004999999888241291
10/2/2026 12:36:57 PM,15.90250039100647,-1.887499988079071,0,0,0
10/2/2026 12:36:58 PM,16.62750005722046,-2.4375000298023224,0,0,0
10/2/2026 12:36:59 PM,17.132500648498535,-0.6250000149011612,0,0,0
10/2/2026 12:37:00 PM,17.52125072479248,-2.9125000834465027,0,0,0
10/2/2026 12:37:01 PM,17.780001163482666,-0.44999998807907104,0,0,0
10/2/2026 12:37:02 PM,17.96250009536743,-1.887499988079071,0,0,0
10/2/2026 12:37:03 PM,17.762500762939453,-0.32499998807907104,0,0,0
10/2/2026 12:37:04 PM,17.783751487731934,-0.987500011920929,0,0,0
10/2/2026 12:37:05 PM,17.52750015258789,-0.8375000059604645,0,0,0
10/2/2026 12:37:06 PM,17.636250495910645,1.1875,0,0,0
10/2/2026 12:37:07 PM,17.42375087738037,-2.887500047683716,0,0,0
10/2/2026 12:37:08 PM,17.076250076293945,-0.15000000596046448,0,0,0
10/2/2026 12:37:09 PM,17.49875020980835,0.0625,0,0,0
10/2/2026 12:37:10 PM,17.356250762939453,1.5124999769032001,0,0,0
10/2/2026 12:37:11 PM,17.355000019073486,-2.3000000230968,0,0,0
10/2/2026 12:37:12 PM,17.507501125335693,-0.0375000536441803,0,0,0
10/2/2026 12:37:13 PM,17.658751010894775,0.5875000059604645,0,0,0
10/2/2026 12:37:14 PM,18.26250123977661,0.19999998807907104,0,0,0
10/2/2026 12:37:15 PM,18.472500801086426,0.6124999821186066,0,0,0
10/2/2026 12:37:16 PM,18.731250762939453,-1.0875000357627869,0,0,0
10/2/2026 12:37:17 PM,18.92375087738037,1.449999988079071,0,0,0
10/2/2026 12:37:18 PM,19.14750051498413,0.02499997615814209,0,0,0
10/2/2026 12:37:19 PM,19.14250087738037,-1.3375000655651093,0,0,0
10/2/2026 12:37:20 PM,19.156250953674316,1.5125000774860382,0,0,0
10/2/2026 12:37:21 PM,19.406251430511475,0.01250004768371582,0,0,0
10/2/2026 12:37:22 PM,19.500000953674316,-2.5499999821186066,0,0,0
10/2/2026 12:37:23 PM,19.565001010894775,1.3749999701976776,0,0,0
10/2/2026 12:37:24 PM,19.918750762939453,0.6124999821186066,0,0,0
10/2/2026 12:37:25 PM,24.760001182556152,-11.099999636411667,0,0,0
10/2/2026 12:37:26 PM,33.12625217437744,-7.399999737739563,0,0,0
10/2/2026 12:37:27 PM,33.812501430511475,-0.9250001907348633,0,0,0
10/2/2026 12:37:28 PM,29.653751373291016,12.199999570846558,0,0,0
10/2/2026 12:37:29 PM,24.29500102996826,17.91249942779541,0,0,0
10/2/2026 12:37:30 PM,30.422499656677246,13.299999713897705,0,0,0
10/2/2026 12:37:31 PM,32.198750019073486,9.937499523162842,0,0,0
10/2/2026 12:37:32 PM,24.4662504196167,15.249999761581421,0,0,0
10/2/2026 12:37:33 PM,28.977500438690186,16.40000057220459,8.449999809265137,41.57500076293945,0.004999999888241291
10/2/2026 12:37:34 PM,32.105000019073486,1.1999995708465576,8.449999809265137,41.57500076293945,0.004999999888241291
10/2/2026 12:37:35 PM,23.26125144958496,-0.2500002384185791,0,0,0
10/2/2026 12:37:36 PM,25.86375093460083,-1.987499713897705,0,0,0
10/2/2026 12:37:37 PM,30.340001106262207,-4.674999952316284,0,0,0
10/2/2026 12:37:38 PM,35.54875087738037,10.799999952316284,0,0,0
10/2/2026 12:37:39 PM,34.58875274658203,-14.875000476837158,0,0,0
10/2/2026 12:37:40 PM,33.053751945495605,4.775000095367432,0,0,0
10/2/2026 12:37:41 PM,23.271249771118164,11.024999618530273,0,0,0
10/2/2026 12:37:42 PM,24.476250171661377,-11.40000033378601,0,0,0
10/2/2026 12:37:43 PM,26.21000099182129,-13.612499952316284,0,0,0
10/2/2026 12:37:44 PM,29.10625123977661,10.337500095367432,0,0,0
10/2/2026 12:37:45 PM,26.543750286102295,-1.9499998092651367,0,0,0
10/2/2026 12:37:46 PM,28.197501182556152,4.187500476837158,0,0,0
10/2/2026 12:37:47 PM,26.133751392364502,8.012500286102295,11.47249984741211,39.30000305175781,0.004999999888241291
10/2/2026 12:37:48 PM,19.686251163482666,13.287500381469727,11.47249984741211,39.30000305175781,0.004999999888241291
10/2/2026 12:37:49 PM,25.153750896453857,8.687499761581421,0,0,0
10/2/2026 12:37:50 PM,29.28875160217285,6.299999475479126,0,0,0
10/2/2026 12:37:51 PM,30.307501316070557,-7.500000476837158,0,0,0
10/2/2026 12:37:52 PM,29.4350004196167,11.25,0,0,0
10/2/2026 12:37:53 PM,25.717500686645508,12.774999797344208,0,0,0
10/2/2026 12:37:54 PM,21.253750324249268,-8.349999904632568,0,0,0
10/2/2026 12:37:55 PM,21.013750076293945,-12.950000286102295,0,0,0
10/2/2026 12:37:56 PM,20.77250051498413,16.78749990463257,0,0,0
10/2/2026 12:37:57 PM,19.08750057220459,17.162500381469727,0,0,0
10/2/2026 12:37:58 PM,15.693750739097595,-1.0625004768371582,0,0,0
10/2/2026 12:37:59 PM,4.2075000405311584,16.262499809265137,0,0,0
10/2/2026 12:38:00 PM,8.660000145435333,-2.1625003814697266,0,0,0
10/2/2026 12:38:01 PM,10.34000051021576,-4.049999713897705,0,0,0
10/2/2026 12:38:02 PM,14.432500123977661,-13.75,35.83000183105469,248.64999389648438,0.009999999776482582
10/2/2026 12:38:03 PM,14.407500982284546,-0.9249998331069946,0,0,0
10/2/2026 12:38:04 PM,17.231251001358032,-4.900000214576721,0,0,0
10/2/2026 12:38:05 PM,19.225001335144043,-3.2250003814697266,0,0,0
10/2/2026 12:38:06 PM,16.37125062942505,1.9875001907348633,0,0,0
10/2/2026 12:38:07 PM,15.45750093460083,-2.124999761581421,0,0,0
10/2/2026 12:38:08 PM,21.191250801086426,13.362500429153442,0,0,0
10/2/2026 12:38:09 PM,17.625001430511475,-10.062500536441803,0,0,0
10/2/2026 12:38:10 PM,17.826250553131104,12.149999797344208,0,0,0
10/2/2026 12:38:11 PM,18.582500457763672,2.2750000953674316,0,0,0
10/2/2026 12:38:12 PM,18.962501049041748,6.312500178813934,0,0,0
10/2/2026 12:38:13 PM,20.11000156402588,4.199999809265137,0,0,0
10/2/2026 12:38:14 PM,17.886250734329224,-5.162500858306885,0,0,0
10/2/2026 12:38:15 PM,15.58750033378601,-10.600000619888306,0,0,0
10/2/2026 12:38:16 PM,15.856250286102295,-17.549999952316284,0,0,0
10/2/2026 12:38:17 PM,15.257500648498535,-4.262500286102295,14.710001945495605,91.55000305175781,0.009999999776482582
10/2/2026 12:38:18 PM,17.74250078201294,0.8250000476837158,0,0,0
10/2/2026 12:38:19 PM,17.4950008392334,-4.587500095367432,0,0,0
10/2/2026 12:38:20 PM,19.26625108718872,-16.137500047683716,0,0,0
10/2/2026 12:38:21 PM,20.49500036239624,-17.862500190734863,0,0,0
10/2/2026 12:38:22 PM,21.473751068115234,0.5499999523162842,0,0,0
10/2/2026 12:38:23 PM,20.21000051498413,5.624999761581421,0,0,0
10/2/2026 12:38:24 PM,21.0962495803833,-10.862500309944153,0,0,0
10/2/2026 12:38:25 PM,21.111249923706055,6.499999642372131,0,0,0
10/2/2026 12:38:26 PM,21.141250133514404,1.100000023841858,0,0,0
10/2/2026 12:38:27 PM,21.21375036239624,-34.07499980926514,0,0,0
10/2/2026 12:38:28 PM,18.93125057220459,-40.4375,0,0,0
10/2/2026 12:38:29 PM,18.723751068115234,-8.574999332427979,0,0,0
10/2/2026 12:38:30 PM,17.5887508392334,16.53749990463257,0,0,0
10/2/2026 12:38:31 PM,19.840001106262207,-13.712500095367432,6.125,59.500003814697266,0.004999999888241291
10/2/2026 12:38:32 PM,18.90250062942505,11.112499713897705,6.125,59.500003814697266,0.004999999888241291
10/2/2026 12:38:33 PM,21.017500400543213,-10.474999904632568,0,0,0
10/2/2026 12:38:34 PM,22.878750324249268,-13.962500095367432,0,0,0
10/2/2026 12:38:35 PM,22.765000820159912,-2.1999998092651367,0,0,0
10/2/2026 12:38:36 PM,20.203750610351562,0.21250033378601074,0,0,0
10/2/2026 12:38:37 PM,19.11000084877014,-6.887500286102295,0,0,0
10/2/2026 12:38:38 PM,18.230000734329224,-6.525000333786011,0,0,0
10/2/2026 12:38:39 PM,19.177499771118164,4.337500095367432,0,0,0
10/2/2026 12:38:40 PM,20.93375062942505,16.937500476837158,0,0,0
10/2/2026 12:38:41 PM,19.772500038146973,1.4499998688697815,0,0,0
10/2/2026 12:38:42 PM,21.492501258850098,-20.487500607967377,0,0,0
10/2/2026 12:38:43 PM,22.39375066757202,-8.187499761581421,0,0,0
10/2/2026 12:38:44 PM,22.98625087738037,2.750000238418579,0,0,0
10/2/2026 12:38:45 PM,22.77750062942505,8.537499904632568,0,0,0
10/2/2026 12:38:46 PM,21.36250066757202,-4.349999666213989,12.344999313354492,60.05000305175781,0.009999999776482582
10/2/2026 12:38:47 PM,19.846251010894775,13.575000524520874,0,0,0
10/2/2026 12:38:48 PM,17.557499885559082,20.187500476837158,0,0,0
10/2/2026 12:38:49 PM,19.408750534057617,-6,0,0,0
10/2/2026 12:38:50 PM,17.95875072479248,13.712500095367432,0,0,0
10/2/2026 12:38:51 PM,17.860000133514404,9.887500047683716,0,0,0
10/2/2026 12:38:52 PM,17.131250619888306,1.0374997854232788,0,0,0
10/2/2026 12:38:53 PM,14.713750123977661,9.06249988079071,0,0,0
10/2/2026 12:38:54 PM,18.977500438690186,1.1499996185302734,0,0,0
10/2/2026 12:38:55 PM,21.235000610351562,-12.400000929832458,0,0,0
10/2/2026 12:38:56 PM,20.14375114440918,13.75000011920929,0,0,0
10/2/2026 12:38:57 PM,18.871251106262207,9.97499942779541,0,0,0
10/2/2026 12:38:58 PM,17.49625062942505,-0.23749995231628418,0,0,0
10/2/2026 12:38:59 PM,18.43000078201294,3.4624993801116943,0,0,0
10/2/2026 12:39:00 PM,18.605000972747803,-5.175000369548798,9.445002555847168,82.70000457763672,0.009999999776482582
10/2/2026 12:39:01 PM,15.042500257492065,-3.112500011920929,0,0,0
10/2/2026 12:39:02 PM,15.036250114440918,-4.425000190734863,0,0,0
10/2/2026 12:39:03 PM,12.012500524520874,7.274999618530273,0,0,0
10/2/2026 12:39:04 PM,11.77625036239624,-6.374999761581421,0,0,0
10/2/2026 12:39:05 PM,14.725000143051147,-4.862499952316284,0,0,0
10/2/2026 12:39:06 PM,12.136250972747803,5.637499809265137,0,0,0
10/2/2026 12:39:07 PM,14.567500352859497,-31,0,0,0
10/2/2026 12:39:08 PM,13.506250143051147,-15.125000476837158,0,0,0
10/2/2026 12:39:09 PM,11.137500524520874,-3.512500286102295,0,0,0
10/2/2026 12:39:10 PM,12.303750276565552,5.187500238418579,0,0,0
10/2/2026 12:39:11 PM,11.208750247955322,-6.699999570846558,0,0,0
10/2/2026 12:39:12 PM,8.832500219345093,-10.07499885559082,0,0,0
10/2/2026 12:39:13 PM,6.53249979019165,-16.024999618530273,0,0,0
10/2/2026 12:39:14 PM,5.684999942779541,-0.09999990463256836,7.432499885559082,55.92500305175781,0.004999999888241291
10/2/2026 12:39:15 PM,6.870000123977661,-2.1000003814697266,0,0,0
10/2/2026 12:39:16 PM,6.565000057220459,24.225000381469727,0,0,0
10/2/2026 12:39:17 PM,10.09000015258789,-14.024999618530273,0,0,0
10/2/2026 12:39:18 PM,7.21250057220459,-6.325000047683716,0,0,0
10/2/2026 12:39:19 PM,5.045000076293945,10.225000381469727,0,0,0
10/2/2026 12:39:20 PM,5.25,5.449999809265137,0,0,0
10/2/2026 12:39:21 PM,1.727500081062317,26.100000381469727,0,0,0
10/2/2026 12:39:22 PM,4.080000281333923,-5.750000476837158,0,0,0
10/2/2026 12:39:23 PM,3.182500123977661,-6.800000190734863,0,0,0
10/2/2026 12:39:24 PM,5.442500114440918,-2.8000001907348633,0,0,0
10/2/2026 12:39:25 PM,7.305000066757202,8.825000286102295,0,0,0
10/2/2026 12:39:26 PM,3.070000112056732,-0.25,0,0,0
10/2/2026 12:39:27 PM,3.31000018119812,-9.525000095367432,0,0,0
10/2/2026 12:39:28 PM,3.407500147819519,7.775000095367432,4.330000400543213,40.349998474121094,0.004999999888241291
10/2/2026 12:39:29 PM,4.072500109672546,10.374999642372131,4.330000400543213,40.349998474121094,0.004999999888241291
10/2/2026 12:39:30 PM,5.067500114440918,-1.5,0,0,0
10/2/2026 12:39:31 PM,7.02750039100647,6.675000190734863,0,0,0
10/2/2026 12:39:32 PM,4.172500252723694,14.599999904632568,0,0,0
10/2/2026 12:39:33 PM,5.190000295639038,-2.799999713897705,0,0,0
10/2/2026 12:39:34 PM,6.562500238418579,-6.9750001430511475,0,0,0
10/2/2026 12:39:35 PM,5.579999923706055,-0.27500009536743164,0,0,0
10/2/2026 12:39:36 PM,5.2275002002716064,-6.925000071525574,0,0,0
10/2/2026 12:39:37 PM,3.3725000619888306,1.4500000178813934,0,0,0
10/2/2026 12:39:38 PM,7.147500038146973,-0.4750000238418579,0,0,0
10/2/2026 12:39:39 PM,9.255000114440918,-2.4750001430511475,0,0,0
10/2/2026 12:39:40 PM,6.545000314712524,-3.4000003337860107,0,0,0
10/2/2026 12:39:41 PM,9.25,-1.050000011920929,0,0,0
10/2/2026 12:39:42 PM,9.595000267028809,4.625,0,0,0
10/2/2026 12:39:43 PM,13.350000858306885,-10.299999624490738,0,0,0
10/2/2026 12:39:44 PM,25.122501373291016,6.674999713897705,12.195000648498535,29.150001525878906,0.004999999888241291
10/2/2026 12:39:45 PM,25.607500076293945,1.7750000953674316,12.195000648498535,29.150001525878906,0.004999999888241291
10/2/2026 12:39:46 PM,27.030000686645508,3.2749996185302734,0,0,0
10/2/2026 12:39:47 PM,19.99250030517578,0.9000000953674316,0,0,0
10/2/2026 12:39:48 PM,27.270000457763672,3.2249999046325684,0,0,0
10/2/2026 12:39:49 PM,21.905001163482666,12.924999952316284,0,0,0
10/2/2026 12:39:50 PM,26.17250156402588,-14.524999618530273,0,0,0
10/2/2026 12:39:51 PM,22.89500141143799,-22.500000476837158,0,0,0
10/2/2026 12:39:52 PM,22.735000610351562,-6.350000381469727,0,0,0
10/2/2026 12:39:53 PM,25.592500686645508,1.2249999046325684,0,0,0
10/2/2026 12:39:54 PM,29.860000610351562,7.300000190734863,0,0,0
10/2/2026 12:39:55 PM,33.222500801086426,15.300000667572021,0,0,0
10/2/2026 12:39:56 PM,30.33500099182129,19.324999809265137,0,0,0
10/2/2026 12:39:57 PM,21.265000343322754,7.575000762939453,0,0,0
10/2/2026 12:39:58 PM,24.880001068115234,-5.800000190734863,9.612499237060547,49.775001525878906,0.004999999888241291
10/2/2026 12:39:59 PM,24.42750072479248,-17.475000619888306,9.612499237060547,49.775001525878906,0.004999999888241291
10/2/2026 12:40:00 PM,30.2475004196167,-7.425000190734863,0,0,0
10/2/2026 12:40:01 PM,25.83000087738037,0.625,0,0,0
10/2/2026 12:40:02 PM,22.130000114440918,9.224999904632568,0,0,0
10/2/2026 12:40:03 PM,25.937500953674316,6.475000381469727,0,0,0
10/2/2026 12:40:04 PM,28.770000457763672,14.400000095367432,0,0,0
10/2/2026 12:40:05 PM,27.72750186920166,-15.225000858306885,0,0,0
10/2/2026 12:40:06 PM,28.905000686645508,14.849999904632568,0,0,0
10/2/2026 12:40:07 PM,18.40250015258789,59.95000076293945,0,0,0
10/2/2026 12:40:08 PM,19.009999752044678,1.4750003814697266,0,0,0
10/2/2026 12:40:09 PM,8.357500433921814,-4.850000381469727,0,0,0
10/2/2026 12:40:10 PM,12.402499675750732,1.4750003814697266,0,0,0
10/2/2026 12:40:11 PM,7.830000162124634,-13.850001335144043,0,0,0
10/2/2026 12:40:12 PM,7.777500152587891,-7.449999809265137,0,0,0
10/2/2026 12:40:13 PM,13.592500686645508,-3.02500057220459,35.06999969482422,133.15000915527344,0.009999999776482582
10/2/2026 12:40:14 PM,13.835000991821289,13.699999809265137,0,0,0
10/2/2026 12:40:15 PM,13.572500705718994,8.475000381469727,0,0,0
10/2/2026 12:40:16 PM,15.265000581741333,6.27500057220459,0,0,0
10/2/2026 12:40:17 PM,7.134999990463257,22.22500228881836,0,0,0
10/2/2026 12:40:18 PM,12.455000400543213,23.399999618530273,0,0,0
10/2/2026 12:40:19 PM,12.102500438690186,-16.700000286102295,0,0,0
10/2/2026 12:40:20 PM,12.592500686645508,-16.55000066757202,0,0,0
10/2/2026 12:40:21 PM,10.200000286102295,2.875,0,0,0
10/2/2026 12:40:22 PM,9.502500534057617,17.149999618530273,0,0,0
10/2/2026 12:40:23 PM,2.57750004529953,13.350000262260437,0,0,0
10/2/2026 12:40:24 PM,2.2225000262260437,8.75000011920929,0,0,0
10/2/2026 12:40:25 PM,7.3500001430511475,-8.149999976158142,0,0,0
10/2/2026 12:40:26 PM,6.509999990463257,3.575000286102295,0,0,0
10/2/2026 12:40:27 PM,4.267500281333923,13.924999713897705,20.684999465942383,168.5,0.009999999776482582
10/2/2026 12:40:28 PM,1.604999989271164,1.450000286102295,0,0,0
10/2/2026 12:40:29 PM,1.5250000357627869,0.125,0,0,0
10/2/2026 12:40:30 PM,2.202500104904175,16.875,0,0,0
10/2/2026 12:40:31 PM,8.010000467300415,-15.000000476837158,0,0,0
10/2/2026 12:40:32 PM,6.825000047683716,16.77500033378601,0,0,0
10/2/2026 12:40:33 PM,3.870000123977661,-8.074999570846558,0,0,0
10/2/2026 12:40:34 PM,2.4300001859664917,7.625000476837158,0,0,0
10/2/2026 12:40:35 PM,6.195000171661377,-10.175000190734863,0,0,0
10/2/2026 12:40:36 PM,6.977500319480896,4.324999809265137,0,0,0
10/2/2026 12:40:37 PM,6.675000190734863,17.925000190734863,0,0,0
10/2/2026 12:40:38 PM,13.077500820159912,-5.925000190734863,0,0,0
10/2/2026 12:40:39 PM,17.590002059936523,-19.075000762939453,0,0,0
10/2/2026 12:40:40 PM,14.902500629425049,3.2250001430511475,0,0,0
10/2/2026 12:40:41 PM,13.765000343322754,6.325000047683716,15.42500114440918,52.10000228881836,0.009999999776482582
10/2/2026 12:40:42 PM,14.71250057220459,-9.475000023841858,0,0,0
10/2/2026 12:40:43 PM,9.917500495910645,13.474999904632568,0,0,0
10/2/2026 12:40:44 PM,7.767499923706055,12.975000143051147,0,0,0
10/2/2026 12:40:45 PM,10.040000438690186,5.049999952316284,0,0,0
10/2/2026 12:40:46 PM,8.117499828338623,5.624999523162842,0,0,0
10/2/2026 12:40:47 PM,12.420000553131104,-9.875,0,0,0
10/2/2026 12:40:48 PM,12.877500534057617,0.9499998092651367,0,0,0
10/2/2026 12:40:49 PM,16.74250030517578,-2.0999999046325684,0,0,0
10/2/2026 12:40:50 PM,17.147500038146973,-7.549999952316284,0,0,0
10/2/2026 12:40:51 PM,23.887500762939453,-23.824999809265137,0,0,0
10/2/2026 12:40:52 PM,28.500001907348633,-15.09999966621399,0,0,0
10/2/2026 12:40:53 PM,26.040000915527344,-4.34999942779541,0,0,0
10/2/2026 12:40:54 PM,28.280001640319824,-34.37500047683716,0,0,0
10/2/2026 12:40:55 PM,31.46250057220459,-3.0250000953674316,14.39000129699707,58.70000076293945,0.004999999888241291
10/2/2026 12:40:56 PM,35.21000099182129,13.549999475479126,14.39000129699707,58.70000076293945,0.004999999888241291
10/2/2026 12:40:57 PM,22.5575008392334,-2.0749998092651367,0,0,0
10/2/2026 12:40:58 PM,26.912500381469727,-3.5250003337860107,0,0,0
10/2/2026 12:40:59 PM,32.80250263214111,-12.699999809265137,0,0,0
10/2/2026 12:41:00 PM,36.407501220703125,-2.5,0,0,0
10/2/2026 12:41:01 PM,22.70500087738037,12,0,0,0
10/2/2026 12:41:02 PM,27.24000072479248,-21.92500066757202,0,0,0
10/2/2026 12:41:03 PM,28.042500495910645,-1.450000286102295,0,0,0
10/2/2026 12:41:04 PM,24.397500038146973,-12.149999618530273,0,0,0
10/2/2026 12:41:05 PM,25.177501678466797,12.425000190734863,0,0,0
10/2/2026 12:41:06 PM,16.74250030517578,18.350000143051147,0,0,0
10/2/2026 12:41:07 PM,15.140000343322754,11.974999904632568,0,0,0
10/2/2026 12:41:08 PM,8.332500457763672,-5.950000286102295,0,0,0
10/2/2026 12:41:09 PM,9.180000305175781,0.5,15.967499732971191,48.75,0.004999999888241291
10/2/2026 12:41:10 PM,9.012500286102295,9.400000095367432,15.967499732971191,48.75,0.004999999888241291
10/2/2026 12:41:11 PM,17.852500915527344,-45.54999923706055,0,0,0
10/2/2026 12:41:12 PM,23.012500762939453,6.099999785423279,0,0,0
10/2/2026 12:41:13 PM,24.415000915527344,-22.550000190734863,0,0,0
10/2/2026 12:41:14 PM,27.145000457763672,0.5750000476837158,0,0,0
10/2/2026 12:41:15 PM,28.20250129699707,-9.90000033378601,0,0,0
10/2/2026 12:41:16 PM,26.350001335144043,-39.60000038146973,0,0,0
10/2/2026 12:41:17 PM,28.082499504089355,-14.049999475479126,0,0,0
10/2/2026 12:41:18 PM,25.442501068115234,-26.774999618530273,0,0,0
10/2/2026 12:41:19 PM,31.51750087738037,-3.6000003814697266,0,0,0
10/2/2026 12:41:20 PM,28.092501640319824,4.949999809265137,0,0,0
10/2/2026 12:41:21 PM,22.172500610351562,25.375,0,0,0
10/2/2026 12:41:22 PM,21.937500953674316,1.9499988555908203,0,0,0
10/2/2026 12:41:23 PM,20.005000114440918,11.649999618530273,0,0,0
10/2/2026 12:41:24 PM,21.52750015258789,18.800000190734863,20.96500015258789,106.75,0.009999999776482582
10/2/2026 12:41:25 PM,23.29500102996826,-2.950000286102295,0,0,0
10/2/2026 12:41:26 PM,26.047500610351562,18.17500066757202,0,0,0
10/2/2026 12:41:27 PM,25.77500057220459,14.900000095367432,0,0,0
10/2/2026 12:41:28 PM,23.64250087738037,4.899999618530273,0,0,0
10/2/2026 12:41:29 PM,16.67750072479248,-11.800000190734863,0,0,0
10/2/2026 12:41:30 PM,18.99250030517578,13.42500114440918,0,0,0
10/2/2026 12:41:31 PM,17.67250156402588,19.149999618530273,0,0,0
10/2/2026 12:41:32 PM,18.910000801086426,-21.899999618530273,0,0,0
10/2/2026 12:41:33 PM,16.70500087738037,4.40000057220459,0,0,0
10/2/2026 12:41:34 PM,19.025001049041748,-20.825000762939453,0,0,0
10/2/2026 12:41:35 PM,18.402501106262207,5.624999046325684,0,0,0
10/2/2026 12:41:36 PM,18.950000762939453,-10.225000381469727,0,0,0
10/2/2026 12:41:37 PM,19.405001163482666,-11.52500057220459,0,0,0
10/2/2026 12:41:38 PM,22.24250030517578,14.749999761581421,18.455001831054688,147.85000610351562,0.009999999776482582
10/2/2026 12:41:39 PM,19.627500534057617,-14.849998950958252,0,0,0
10/2/2026 12:41:40 PM,16.28000020980835,-5.000000953674316,0,0,0
10/2/2026 12:41:41 PM,12.300000667572021,44.52500057220459,0,0,0
10/2/2026 12:41:42 PM,12.850000381469727,7.700000047683716,0,0,0
10/2/2026 12:41:43 PM,14.475000381469727,6.450000286102295,0,0,0
10/2/2026 12:41:44 PM,14.34749984741211,-26.050000190734863,0,0,0
10/2/2026 12:41:45 PM,13.132500648498535,-4.049999713897705,0,0,0
10/2/2026 12:41:46 PM,12.59000015258789,-2.3750009536743164,0,0,0
10/2/2026 12:41:47 PM,13.315001010894775,14.399999618530273,0,0,0
10/2/2026 12:41:48 PM,11.787499904632568,-9.625,0,0,0
10/2/2026 12:41:49 PM,13.675000190734863,-9.425000190734863,0,0,0
10/2/2026 12:41:50 PM,14.855000495910645,-15.200000286102295,0,0,0
10/2/2026 12:41:51 PM,13.050000190734863,8.925000667572021,0,0,0
10/2/2026 12:41:52 PM,11.677500486373901,8.724999904632568,9.289999961853027,69.6500015258789,0.009999999776482582
10/2/2026 12:41:53 PM,6.1575000286102295,-10.350000143051147,0,0,0
10/2/2026 12:41:54 PM,9.377500057220459,18.824999809265137,0,0,0
10/2/2026 12:41:55 PM,6.637500286102295,-12.600000381469727,0,0,0
10/2/2026 12:41:56 PM,4.830000162124634,5.475000381469727,0,0,0
10/2/2026 12:41:57 PM,5.205000221729279,9.475000381469727,0,0,0
10/2/2026 12:41:58 PM,5.772500038146973,-3.47499942779541,0,0,0
10/2/2026 12:41:59 PM,9.93250036239624,5.200000047683716,0,0,0
10/2/2026 12:42:00 PM,9.914999961853027,-15.374999523162842,0,0,0
10/2/2026 12:42:01 PM,9.575000762939453,-4.475000381469727,0,0,0
10/2/2026 12:42:02 PM,5.237500190734863,-13.050000190734863,0,0,0
10/2/2026 12:42:03 PM,3.855000138282776,0.17500019073486328,0,0,0
10/2/2026 12:42:04 PM,-0.20000001788139343,-0.8500000238418579,0,0,0
10/2/2026 12:42:05 PM,0.10499998927116394,1.625000238418579,0,0,0
10/2/2026 12:42:06 PM,-0.5050000101327896,-3.5999999046325684,9.375,36.35000228881836,0.004999999888241291
10/2/2026 12:42:07 PM,-0.10750000178813934,-3.8500001430511475,9.375,36.35000228881836,0.004999999888241291
10/2/2026 12:42:08 PM,-0.9675000607967377,1.7999998927116394,0,0,0
10/2/2026 12:42:09 PM,-1.5849999785423279,3.649999976158142,0,0,0
10/2/2026 12:42:10 PM,-2.857500195503235,7.375000238418579,0,0,0
10/2/2026 12:42:11 PM,-1.412500023841858,-6.450000047683716,0,0,0
10/2/2026 12:42:12 PM,0.8125000074505806,-2.7749998569488525,0,0,0
10/2/2026 12:42:13 PM,7.797500252723694,-27.59999966621399,0,0,0
10/2/2026 12:42:14 PM,21.42500114440918,-34.39999961853027,0,0,0
10/2/2026 12:42:15 PM,28.48750114440918,-0.47500038146972656,0,0,0
10/2/2026 12:42:16 PM,21.132500648498535,-46.60000133514404,0,0,0
10/2/2026 12:42:17 PM,29.85750102996826,-8.774999618530273,0,0,0
10/2/2026 12:42:18 PM,36.28500175476074,-3.6000003814697266,0,0,0
10/2/2026 12:42:19 PM,37.1775016784668,-29.324999809265137,0,0,0
10/2/2026 12:42:20 PM,42.28250312805176,1.0750007629394531,0,0,0
10/2/2026 12:42:21 PM,35.125000953674316,-0.625,54.720001220703125,181.3000030517578,0.009999999776482582
10/2/2026 12:42:22 PM,38.310001373291016,12.82499885559082,0,0,0
10/2/2026 12:42:23 PM,31.79250144958496,-5.225000381469727,0,0,0
10/2/2026 12:42:24 PM,35.53750228881836,2.1750000715255737,0,0,0
10/2/2026 12:42:25 PM,37.54249954223633,0.39999961853027344,0,0,0
10/2/2026 12:42:26 PM,30.607500076293945,16.550000190734863,0,0,0
10/2/2026 12:42:27 PM,35.41250038146973,26.199999809265137,0,0,0
10/2/2026 12:42:28 PM,28.27250099182129,27.649999618530273,0,0,0
10/2/2026 12:42:29 PM,27.192501068115234,-0.25,0,0,0
10/2/2026 12:42:30 PM,27.907501220703125,2.674999952316284,0,0,0
10/2/2026 12:42:31 PM,26.600000381469727,7.550000071525574,0,0,0
10/2/2026 12:42:32 PM,31.11250114440918,-7.699999809265137,0,0,0
10/2/2026 12:42:33 PM,27.410001754760742,-5.824999809265137,0,0,0
10/2/2026 12:42:34 PM,23.61500072479248,8.525000095367432,0,0,0
10/2/2026 12:42:35 PM,25.312500953674316,-11.200000047683716,18.510000228881836,106.8499984741211,0.009999999776482582
10/2/2026 12:42:36 PM,29.42000102996826,-0.25,0,0,0
10/2/2026 12:42:37 PM,25.055001258850098,6.899999618530273,0,0,0
10/2/2026 12:42:38 PM,24.695000648498535,24.225000381469727,0,0,0
10/2/2026 12:42:39 PM,21.722500801086426,-5.649999618530273,0,0,0
10/2/2026 12:42:40 PM,28.555002212524414,-34.42500019073486,0,0,0
10/2/2026 12:42:41 PM,25.8100004196167,2.9749999046325684,0,0,0
10/2/2026 12:42:42 PM,26.602500915527344,6.125000953674316,0,0,0
10/2/2026 12:42:43 PM,24.445000648498535,12.700000524520874,0,0,0
10/2/2026 12:42:44 PM,25.640000343322754,15.450000286102295,0,0,0
10/2/2026 12:42:45 PM,24.727500915527344,-5.775000214576721,0,0,0
10/2/2026 12:42:46 PM,24.405001640319824,-3.09999942779541,0,0,0
10/2/2026 12:42:47 PM,23.67500114440918,-0.27500009536743164,0,0,0
10/2/2026 12:42:48 PM,18.155000686645508,10.424999952316284,0,0,0
10/2/2026 12:42:49 PM,14.352500438690186,20.300000190734863,24.125,129.60000610351562,0.009999999776482582
10/2/2026 12:42:50 PM,17.372500896453857,15.649999856948853,0,0,0
10/2/2026 12:42:51 PM,20.6200008392334,8.125,0,0,0
10/2/2026 12:42:52 PM,19.625000953674316,-6.650000095367432,0,0,0
10/2/2026 12:42:53 PM,17.100000381469727,-1.3000001907348633,0,0,0
10/2/2026 12:42:54 PM,13.877501010894775,-6.949999809265137,0,0,0
10/2/2026 12:42:55 PM,15.180000305175781,19.92500066757202,0,0,0
10/2/2026 12:42:56 PM,17.58750057220459,6.099999904632568,0,0,0
10/2/2026 12:42:57 PM,17.73750114440918,-5.025000095367432,0,0,0
10/2/2026 12:42:58 PM,18.047499656677246,0.07500004768371582,0,0,0
10/2/2026 12:42:59 PM,19.58000087738037,-4.774999976158142,0,0,0
10/2/2026 12:43:00 PM,25.315000534057617,5.249999523162842,0,0,0
10/2/2026 12:43:01 PM,28.467500686645508,-8.124999761581421,0,0,0
10/2/2026 12:43:02 PM,28.810001373291016,-3.6499998569488525,0,0,0
10/2/2026 12:43:03 PM,29.980000495910645,2.225000023841858,20.010000228881836,82.60000610351562,0.009999999776482582
10/2/2026 12:43:04 PM,30.737502098083496,-3.7500001192092896,0,0,0
10/2/2026 12:43:05 PM,31.780000686645508,-2.125,0,0,0
10/2/2026 12:43:06 PM,32.122501373291016,-6.349999904632568,0,0,0
10/2/2026 12:43:07 PM,32.27000045776367,1.0250000953674316,0,0,0
10/2/2026 12:43:08 PM,32.497501373291016,1.6750000715255737,0,0,0
10/2/2026 12:43:09 PM,32.85250282287598,-3.5,0,0,0
10/2/2026 12:43:10 PM,32.982500076293945,0.5499999523162842,0,0,0
10/2/2026 12:43:11 PM,32.96000099182129,-1.0999999642372131,0,0,0
10/2/2026 12:43:12 PM,33.34250259399414,-0.8250000029802322,0,0,0
10/2/2026 12:43:13 PM,32.91500282287598,-2.3000000715255737,0,0,0
10/2/2026 12:43:14 PM,32.75,-4.875,0,0,0
10/2/2026 12:43:15 PM,31.905000686645508,-0.19999998807907104,0,0,0
10/2/2026 12:43:16 PM,32.75250244140625,1.050000011920929,0,0,0
10/2/2026 12:43:17 PM,32.907501220703125,-0.2499999701976776,0,0,0
10/2/2026 12:43:18 PM,33.02750015258789,6.1499998569488525,0,0,0
10/2/2026 12:43:19 PM,33.94750213623047,1.6750001013278961,0,0,0
10/2/2026 12:43:20 PM,33.317501068115234,0.02499997615814209,0,0,0
10/2/2026 12:43:21 PM,33.71000099182129,-1.550000011920929,0,0,0
10/2/2026 12:43:22 PM,33.61000061035156,2.899999976158142,0,0,0
10/2/2026 12:43:23 PM,33.57000160217285,-4.25,0,0,0
10/2/2026 12:43:24 PM,33.46000099182129,0.3999999761581421,0,0,0
10/2/2026 12:43:25 PM,33.54750061035156,4.6000001430511475,0,0,0
10/2/2026 12:43:26 PM,32.96000099182129,-0.6500000357627869,0,0,0
10/2/2026 12:43:27 PM,32.572500228881836,-0.5750000476837158,0,0,0
10/2/2026 12:43:28 PM,32.41500282287598,-0.17499995231628418,0,0,0
10/2/2026 12:43:29 PM,32.317501068115234,-2.800000011920929,0,0,0
10/2/2026 12:43:30 PM,32.25250053405762,0.19999992847442627,0,0,0
10/2/2026 12:43:31 PM,32.630001068115234,2.8500000834465027,0,0,0
10/2/2026 12:43:32 PM,32.33500099182129,3.9499999284744263,0,0,0
10/2/2026 12:43:33 PM,32.51500129699707,0.5999999642372131,0,0,0
10/2/2026 12:43:34 PM,32.44000053405762,1.125,0,0,0
10/2/2026 12:43:35 PM,32.91500282287598,1.5250000953674316,0,0,0
10/2/2026 12:43:36 PM,33.41750144958496,0.5499999523162842,0,0,0
10/2/2026 12:43:37 PM,33.41499900817871,4.700000047683716,0,0,0
10/2/2026 12:43:38 PM,33.672502517700195,1.7999999523162842,0,0,0
10/2/2026 12:43:39 PM,33.59250259399414,0.24999988079071045,0,0,0
10/2/2026 12:43:40 PM,33.857500076293945,-3.1000000834465027,0,0,0
10/2/2026 12:43:41 PM,33.35000038146973,0.2250000238418579,0,0,0
10/2/2026 12:43:42 PM,33.692501068115234,-3.1750000715255737,0,0,0
10/2/2026 12:43:43 PM,33.52750205993652,1.9000000357627869,0,0,0
10/2/2026 12:43:44 PM,33.31999969482422,2.2499999403953552,0,0,0
10/2/2026 12:43:45 PM,33.70500183105469,-4.575000047683716,0,0,0
10/2/2026 12:43:46 PM,33.59750175476074,-1.4000000059604645,0,0,0
10/2/2026 12:43:47 PM,33.282501220703125,2.4750000834465027,0,0,0
10/2/2026 12:43:48 PM,32.747501373291016,-2.699999988079071,0,0,0
10/2/2026 12:43:49 PM,33.21500205993652,-0.5750000476837158,0,0,0
10/2/2026 12:43:50 PM,33.20000076293945,0.20000004768371582,0,0,0
10/2/2026 12:43:51 PM,33.075002670288086,-2.9750000834465027,0,0,0
10/2/2026 12:43:52 PM,33.08250045776367,-1.1750000715255737,0,0,0
10/2/2026 12:43:53 PM,32.9900016784668,-1.2750000059604645,0,0,0
10/2/2026 12:43:54 PM,33.482500076293945,-1.149999976158142,0,0,0
10/2/2026 12:43:55 PM,33.53000259399414,-1.300000011920929,0,0,0
10/2/2026 12:43:56 PM,33.9325008392334,2.824999988079071,0,0,0
10/2/2026 12:43:57 PM,33.75250244140625,4.449999928474426,0,0,0
10/2/2026 12:43:58 PM,33.49250030517578,4.3749998807907104,0,0,0
10/2/2026 12:43:59 PM,33.59750175476074,0.3500000238418579,0,0,0
10/2/2026 12:44:00 PM,33.72249984741211,-1.475000023841858,0,0,0
10/2/2026 12:44:01 PM,33.83500099182129,2.25,0,0,0
10/2/2026 12:44:02 PM,33.38750076293945,0.3500000238418579,0,0,0
10/2/2026 12:44:03 PM,32.92000198364258,2.774999976158142,0,0,0
10/2/2026 12:44:04 PM,33.01500129699707,2.825000047683716,0,0,0
10/2/2026 12:44:05 PM,32.83500289916992,-0.6249999403953552,0,0,0
10/2/2026 12:44:06 PM,32.512502670288086,7.2250001430511475,0,0,0
10/2/2026 12:44:07 PM,32.28000068664551,-1.7750000059604645,0,0,0
10/2/2026 12:44:08 PM,31.932501792907715,0.2250000238418579,0,0,0
10/2/2026 12:44:09 PM,31.539999961853027,-5.275000214576721,0,0,0
10/2/2026 12:44:10 PM,32.14000129699707,-1.2499998807907104,0,0,0
10/2/2026 12:44:11 PM,32.697500228881836,-1.4250001907348633,0,0,0
10/2/2026 12:44:12 PM,32.4375,-0.9250001907348633,0,0,0
10/2/2026 12:44:13 PM,33.39500045776367,2.300000101327896,0,0,0
10/2/2026 12:44:14 PM,33.21000099182129,0.875,0,0,0
10/2/2026 12:44:15 PM,33.4375,-2.75,0,0,0
10/2/2026 12:44:16 PM,33.90750312805176,3.700000047683716,0,0,0
10/2/2026 12:44:17 PM,33.66000175476074,1.199999988079071,0,0,0
10/2/2026 12:44:18 PM,33.38500213623047,-3.3000000715255737,0,0,0
10/2/2026 12:44:19 PM,33.19000053405762,-0.5499999523162842,0,0,0
10/2/2026 12:44:20 PM,33.28500175476074,-3.5749999284744263,0,0,0
10/2/2026 12:44:21 PM,33.3025016784668,-3.475000023841858,0,0,0
10/2/2026 12:44:22 PM,33.42000198364258,-3.350000023841858,0,0,0
10/2/2026 12:44:23 PM,33.137502670288086,-0.5750000476837158,0,0,0
10/2/2026 12:44:24 PM,33.20500373840332,-0.1499999761581421,0,0,0
10/2/2026 12:44:25 PM,33.21000099182129,-0.050000011920928955,0,0,0
10/2/2026 12:44:26 PM,32.880001068115234,1.5000000596046448,0,0,0
10/2/2026 12:44:27 PM,32.58000183105469,-6.6000001430511475,0,0,0
10/2/2026 12:44:28 PM,32.47500038146973,4.375,0,0,0
10/2/2026 12:44:29 PM,32.697500228881836,-5.100000023841858,0,0,0
10/2/2026 12:44:30 PM,32.92500305175781,-3.9500001668930054,0,0,0
10/2/2026 12:44:31 PM,32.85000038146973,-0.125,0,0,0
10/2/2026 12:44:32 PM,33.09250259399414,2.049999952316284,0,0,0
10/2/2026 12:44:33 PM,33.25250244140625,1.524999976158142,0,0,0
10/2/2026 12:44:34 PM,33.39500045776367,3.575000047683716,0,0,0
10/2/2026 12:44:35 PM,33.46000289916992,3.0500000715255737,0,0,0
10/2/2026 12:44:36 PM,33.13750076293945,-6.049999952316284,0,0,0
10/2/2026 12:44:37 PM,33.770002365112305,3.6500000953674316,0,0,0
10/2/2026 12:44:38 PM,33.447500228881836,2.600000023841858,0,0,0
10/2/2026 12:44:39 PM,33.282501220703125,2.400000035762787,0,0,0
10/2/2026 12:44:40 PM,32.56250190734863,4.299999892711639,0,0,0
10/2/2026 12:44:41 PM,33.310001373291016,4.075000047683716,0,0,0
10/2/2026 12:44:42 PM,32.450002670288086,4.3750001192092896,0,0,0
10/2/2026 12:44:43 PM,31.540000915527344,0.375,0,0,0
10/2/2026 12:44:44 PM,31.657501220703125,3.9749999046325684,0,0,0
10/2/2026 12:44:45 PM,31.99874973297119,3.812500238418579,0,0,0
10/2/2026 12:44:46 PM,31.64250087738037,0.8000000715255737,0,0,0
10/2/2026 12:44:47 PM,32.27250099182129,-3.075000047683716,0,0,0
10/2/2026 12:44:48 PM,32.032501220703125,-3.600000023841858,1.3125009536743164,10.100000381469727,0.004999999888241291
10/2/2026 12:44:49 PM,32.14000129699707,3.449999988079071,1.3125009536743164,10.100000381469727,0.004999999888241291
10/2/2026 12:44:50 PM,32.57000160217285,2.4250000715255737,0,0,0
10/2/2026 12:44:51 PM,33.067501068115234,3.774999976158142,0,0,0
10/2/2026 12:44:52 PM,33.492502212524414,-4.125,0,0,0
10/2/2026 12:44:53 PM,33.36000061035156,-2.350000023841858,0,0,0
10/2/2026 12:44:54 PM,33.3075008392334,-0.02499997615814209,0,0,0
10/2/2026 12:44:55 PM,32.6150016784668,-3.225000023841858,0,0,0
10/2/2026 12:44:56 PM,32.6775016784668,5.3500001430511475,0,0,0
10/2/2026 12:44:57 PM,33.38750076293945,4.174999952316284,0,0,0
10/2/2026 12:44:58 PM,32.767499923706055,-2.200000047683716,0,0,0
10/2/2026 12:44:59 PM,33.257503509521484,-3.600000023841858,0,0,0
10/2/2026 12:45:00 PM,33.075002670288086,-3.0250000953674316,0,0,0
10/2/2026 12:45:01 PM,32.41250038146973,-5.450000047683716,0,0,0
10/2/2026 12:45:02 PM,32.454999923706055,2.575000047683716,0,0,0
10/2/2026 12:45:03 PM,32.54250144958496,4.724999785423279,0,0,0
10/2/2026 12:45:04 PM,32.182501792907715,-3.825000047683716,0,0,0
10/2/2026 12:45:05 PM,31.707499504089355,2.1499999463558197,0,0,0
10/2/2026 12:45:06 PM,32.27000045776367,3.075000047683716,0,0,0
10/2/2026 12:45:07 PM,33.165000915527344,0.7500001192092896,0,0,0
10/2/2026 12:45:08 PM,32.85000228881836,1.8750000596046448,0,0,0
10/2/2026 12:45:09 PM,32.97250175476074,-0.6500000953674316,0,0,0
10/2/2026 12:45:10 PM,32.68000030517578,-3.3999998569488525,0,0,0
10/2/2026 12:45:11 PM,32.310001373291016,-4.2500001192092896,0,0,0
10/2/2026 12:45:12 PM,31.29250144958496,-6.950000047683716,0,0,0
10/2/2026 12:45:13 PM,31.252501487731934,0.7000000476837158,0,0,0
10/2/2026 12:45:14 PM,31.00750160217285,-0.22499990463256836,0,0,0
10/2/2026 12:45:15 PM,32.47250175476074,-0.4750000238418579,0,0,0
10/2/2026 12:45:16 PM,33.04250144958496,0.07500004768371582,0,0,0
10/2/2026 12:45:17 PM,32.51000213623047,1.2000000476837158,0,0,0
10/2/2026 12:45:18 PM,32.26000118255615,8.374999806284904,0,0,0
10/2/2026 12:45:19 PM,37.85500144958496,-10.200000047683716,0,0,0
10/2/2026 12:45:20 PM,42.235002517700195,-4.824999809265137,0,0,0
10/2/2026 12:45:21 PM,40.332502365112305,3,0,0,0
10/2/2026 12:45:22 PM,37.12500190734863,6.625,0,0,0
10/2/2026 12:45:23 PM,34.16250038146973,-2.9499998092651367,0,0,0
10/2/2026 12:45:24 PM,32.53500175476074,0.5500001907348633,0,0,0
10/2/2026 12:45:25 PM,28.877501487731934,3.8000000715255737,0,0,0
10/2/2026 12:45:26 PM,29.58000087738037,-5.049999952316284,0,0,0
10/2/2026 12:45:27 PM,27.477500915527344,4.225000083446503,8.4399995803833,21.475000381469727,0.004999999888241291
10/2/2026 12:45:28 PM,28.33750057220459,-0.875,0,0,0
10/2/2026 12:45:29 PM,31.025001525878906,-8.375,0,0,0
10/2/2026 12:45:30 PM,32.47999954223633,-1.675000011920929,0,0,0
10/2/2026 12:45:31 PM,26.417500495910645,-9.825000286102295,0,0,0
10/2/2026 12:45:32 PM,28.440000534057617,-5.3500001430511475,0,0,0
10/2/2026 12:45:33 PM,32.26750087738037,-3.099999964237213,0,0,0
10/2/2026 12:45:34 PM,24.42000102996826,6.949999809265137,0,0,0
10/2/2026 12:45:35 PM,29.485000610351562,-0.5500011444091797,0,0,0
10/2/2026 12:45:36 PM,34.97250175476074,-3.8249998092651367,0,0,0
10/2/2026 12:45:37 PM,35.38750076293945,8.324999809265137,0,0,0
10/2/2026 12:45:38 PM,32.51250171661377,7.5,0,0,0
10/2/2026 12:45:39 PM,31.237502098083496,1.3249999284744263,0,0,0
10/2/2026 12:45:40 PM,28.77250099182129,2.725000023841858,0,0,0
10/2/2026 12:45:41 PM,27.58000087738037,2.2750000953674316,0,0,0
10/2/2026 12:45:42 PM,28.492502212524414,1.4000000357627869,15.640003204345703,76.6500015258789,0.009999999776482582
10/2/2026 12:45:43 PM,28.337501525878906,-0.04999995231628418,0,0,0
10/2/2026 12:45:44 PM,28.990001678466797,2.475000001490116,0,0,0
10/2/2026 12:45:45 PM,32.64000129699707,0.5,0,0,0
10/2/2026 12:45:46 PM,29.605000495910645,5.275000214576721,0,0,0
10/2/2026 12:45:47 PM,30.975000381469727,0.02499997615814209,0,0,0
10/2/2026 12:45:48 PM,32.392499923706055,-3.924999952316284,0,0,0
10/2/2026 12:45:49 PM,30.437500953674316,-7.324999809265137,0,0,0
10/2/2026 12:45:50 PM,29.737502098083496,-7.150000095367432,0,0,0
10/2/2026 12:45:51 PM,30.10000228881836,-3.674999952316284,0,0,0
10/2/2026 12:45:52 PM,31.52250099182129,0.4750000238418579,0,0,0
10/2/2026 12:45:53 PM,34.03000259399414,-0.625,0,0,0
10/2/2026 12:45:54 PM,33,-1.6999999284744263,0,0,0
10/2/2026 12:45:55 PM,31.50749969482422,4.325000047683716,0,0,0
10/2/2026 12:45:56 PM,30.10249900817871,4.349999904632568,3.494999885559082,20.25,0.004999999888241291
10/2/2026 12:45:57 PM,30.587501525878906,0.5999999642372131,3.494999885559082,20.25,0.004999999888241291
10/2/2026 12:45:58 PM,32.6775016784668,3.5999999046325684,0,0,0
10/2/2026 12:45:59 PM,30.412501335144043,8.75,0,0,0
10/2/2026 12:46:00 PM,21.182501792907715,49.499998450279236,0,0,0
10/2/2026 12:46:01 PM,19.817501068115234,20.500000476837158,0,0,0
10/2/2026 12:46:02 PM,26.88500213623047,0.25,0,0,0
10/2/2026 12:46:03 PM,21.985000610351562,18.700000524520874,0,0,0
10/2/2026 12:46:04 PM,23.387500762939453,2.250000238418579,0,0,0
10/2/2026 12:46:05 PM,28.985000610351562,-6.799999952316284,0,0,0
10/2/2026 12:46:06 PM,30.570000648498535,-1.600000023841858,0,0,0
10/2/2026 12:46:07 PM,32.07250118255615,6.150000333786011,0,0,0
10/2/2026 12:46:08 PM,29.812500953674316,-4.549999952316284,0,0,0
10/2/2026 12:46:09 PM,30.165000915527344,4.275000095367432,0,0,0
10/2/2026 12:46:10 PM,30.345001220703125,-3.899999976158142,12.370000839233398,83.4749984741211,0.004999999888241291
10/2/2026 12:46:11 PM,30.635001182556152,-0.1499999761581421,12.370000839233398,83.4749984741211,0.004999999888241291
10/2/2026 12:46:12 PM,31.63249969482422,-5.300000190734863,0,0,0
10/2/2026 12:46:13 PM,31.49250030517578,2,0,0,0
10/2/2026 12:46:14 PM,31.89000129699707,-1.7999999821186066,0,0,0
10/2/2026 12:46:15 PM,31.535001754760742,-3.5749999284744263,0,0,0
10/2/2026 12:46:16 PM,32.52250099182129,0.4500000476837158,0,0,0
10/2/2026 12:46:17 PM,32.60750198364258,-4.174999952316284,0,0,0
10/2/2026 12:46:18 PM,32.57000160217285,2.100000023841858,0,0,0
10/2/2026 12:46:19 PM,32.22000026702881,-0.9750001430511475,0,0,0
10/2/2026 12:46:20 PM,32.185001373291016,-1.7749999165534973,0,0,0
10/2/2026 12:46:21 PM,31.57750129699707,-1.9750000834465027,0,0,0
10/2/2026 12:46:22 PM,31.467500686645508,-0.125,0,0,0
10/2/2026 12:46:23 PM,31.869999885559082,-4.274999976158142,0,0,0
10/2/2026 12:46:24 PM,31.130001068115234,-1.699999988079071,0,0,0
10/2/2026 12:46:25 PM,31.222500801086426,-5.400000095367432,0,0,0
10/2/2026 12:46:26 PM,31.67250156402588,-1.7250001430511475,0,0,0
10/2/2026 12:46:27 PM,32.39500045776367,-4.3750001192092896,0,0,0
10/2/2026 12:46:28 PM,32.40500068664551,6.2500001192092896,0,0,0
10/2/2026 12:46:29 PM,32.230003356933594,4.225000023841858,0,0,0
10/2/2026 12:46:30 PM,33.172502517700195,3.575000047683716,0,0,0
10/2/2026 12:46:31 PM,32.517499923706055,1.449999988079071,0,0,0
10/2/2026 12:46:32 PM,32.872501373291016,0.07499998807907104,0,0,0
10/2/2026 12:46:33 PM,33.51875305175781,-3.8000000715255737,0,0,0
10/2/2026 12:46:34 PM,33.32500076293945,-2.5500000715255737,0,0,0
10/2/2026 12:46:35 PM,33.185001373291016,1.1000000834465027,0,0,0
10/2/2026 12:46:36 PM,33.41250228881836,0.2999999523162842,0,0,0
10/2/2026 12:46:37 PM,33.317501068115234,1.050000011920929,0,0,0
10/2/2026 12:46:38 PM,33.125,-3.725000023841858,0,0,0
10/2/2026 12:46:39 PM,33.23000144958496,-1.1500000953674316,0,0,0
10/2/2026 12:46:40 PM,33.367502212524414,1.587499976158142,0,0,0
10/2/2026 12:46:41 PM,33.55500030517578,-3.7750000953674316,0,0,0
10/2/2026 12:46:42 PM,32.89000129699707,-2.924999952316284,0,0,0
10/2/2026 12:46:43 PM,33.00500297546387,-0.47499996423721313,0,0,0
10/2/2026 12:46:44 PM,32.71500110626221,1.262499975040555,0,0,0
10/2/2026 12:46:45 PM,32.753750801086426,-2.062499985098839,0,0,0
10/2/2026 12:46:46 PM,33.102500915527344,-1.9000000655651093,0,0,0
10/2/2026 12:46:47 PM,32.63625144958496,-1.5625,0,0,0
10/2/2026 12:46:48 PM,32.68000030517578,-0.612500011920929,0,0,0
10/2/2026 12:46:49 PM,33.32750129699707,-4.175000101327896,0,0,0
10/2/2026 12:46:50 PM,33.32500076293945,-2.8999999165534973,0,0,0
10/2/2026 12:46:51 PM,33.86250305175781,-2.125,0,0,0
10/2/2026 12:46:52 PM,33.96250343322754,-1.524999976158142,0,0,0
10/2/2026 12:46:53 PM,33.89750099182129,0.8250000476837158,0,0,0
10/2/2026 12:46:54 PM,33.69499969482422,2.6625001430511475,0,0,0
10/2/2026 12:46:55 PM,33.52250099182129,-1.8250000476837158,0,0,0
10/2/2026 12:46:56 PM,33.69625186920166,-2.475000023841858,0,0,0
10/2/2026 12:46:57 PM,33.810001373291016,2.237499952316284,0,0,0
10/2/2026 12:46:58 PM,33.831252098083496,1.9000000655651093,0,0,0
10/2/2026 12:46:59 PM,33.40500259399414,2.875,0,0,0
10/2/2026 12:47:00 PM,32.692501068115234,2.5124999284744263,0,0,0
10/2/2026 12:47:01 PM,33.046250343322754,1.6875,0,0,0
10/2/2026 12:47:02 PM,32.788750648498535,-2.9124999046325684,0,0,0
10/2/2026 12:47:03 PM,32.51250076293945,-2.962499976158142,0,0,0
10/2/2026 12:47:04 PM,32.21999931335449,-2.212500035762787,0,0,0
10/2/2026 12:47:05 PM,32.4900016784668,3.8749998807907104,0,0,0
10/2/2026 12:47:06 PM,32.412500858306885,2.4125000685453415,0,0,0
10/2/2026 12:47:07 PM,32.623751640319824,-0.47499995213001966,0,0,0
10/2/2026 12:47:08 PM,32.882500648498535,-1.649999993853271,0,0,0
10/2/2026 12:47:09 PM,32.847500801086426,-0.9625000059604645,0,0,0
10/2/2026 12:47:10 PM,32.676252365112305,1.6749999821186066,0,0,0
10/2/2026 12:47:11 PM,33.47250175476074,0.48749998211860657,0,0,0
10/2/2026 12:47:12 PM,33.713751792907715,-2.212499976158142,0,0,0
10/2/2026 12:47:13 PM,33.5912504196167,-0.22499999403953552,0,0,0
10/2/2026 12:47:14 PM,33.93125057220459,1.662500023841858,0,0,0
10/2/2026 12:47:15 PM,34.01250076293945,-0.862500011920929,0,0,0
10/2/2026 12:47:16 PM,33.56875133514404,-3.887500047683716,0,0,0
10/2/2026 12:47:17 PM,33.57250118255615,0.46250003576278687,0,0,0
10/2/2026 12:47:18 PM,33.466251373291016,2.3125000596046448,0,0,0
10/2/2026 12:47:19 PM,33.33250045776367,0.44999998807907104,0,0,0
10/2/2026 12:47:20 PM,33.29750061035156,0.16249996423721313,0,0,0
10/2/2026 12:47:21 PM,33.54875087738037,4.512500047683716,0,0,0
10/2/2026 12:47:22 PM,33.62250232696533,1.375,0,0,0
10/2/2026 12:47:23 PM,33.03500175476074,1.612500011920929,0,0,0
10/2/2026 12:47:24 PM,33.23625087738037,1.3250000476837158,0,0,0
10/2/2026 12:47:25 PM,33.22750186920166,3.8500000834465027,0,0,0
10/2/2026 12:47:26 PM,33.22875213623047,3.237500011920929,0,0,0
10/2/2026 12:47:27 PM,33.15000247955322,1.4249999523162842,0,0,0
10/2/2026 12:47:28 PM,33.10000228881836,2.849999964237213,0,0,0
10/2/2026 12:47:29 PM,33.38750171661377,1.7750000357627869,0,0,0
10/2/2026 12:47:30 PM,33.18500232696533,1.074999988079071,0,0,0
10/2/2026 12:47:31 PM,33.86250114440918,1.4125000089406967,0,0,0
10/2/2026 12:47:32 PM,33.733750343322754,1.8749999552965164,0,0,0
10/2/2026 12:47:33 PM,34.06625175476074,2.9624999463558197,0,0,0
10/2/2026 12:47:34 PM,33.92250061035156,0.800000011920929,0,0,0
10/2/2026 12:47:35 PM,33.62125015258789,0.8250000476837158,0,0,0
10/2/2026 12:47:36 PM,33.48750114440918,3.800000101327896,0,0,0
10/2/2026 12:47:37 PM,33.37375068664551,-2.2749999463558197,0,0,0
10/2/2026 12:47:38 PM,33.297502517700195,-1.7750000059604645,0,0,0
10/2/2026 12:47:39 PM,33.13125133514404,-1.1125000417232513,0,0,0
10/2/2026 12:47:40 PM,33.12125205993652,-6.125000208616257,0,0,0
10/2/2026 12:47:41 PM,33.186251640319824,-5.087500125169754,0,0,0
10/2/2026 12:47:42 PM,33.20375061035156,3.0250000059604645,0,0,0
10/2/2026 12:47:43 PM,32.882500648498535,-1.074999988079071,0,0,0
10/2/2026 12:47:44 PM,32.14500045776367,-4.150000095367432,0,0,0
10/2/2026 12:47:45 PM,32.232500076293945,-0.4125000536441803,0,0,0
10/2/2026 12:47:46 PM,32.30250072479248,-2.6875000298023224,0,0,0
10/2/2026 12:47:47 PM,32.185001373291016,-2.149999998509884,0,0,0
10/2/2026 12:47:48 PM,32.4325008392334,1.800000049173832,0,0,0
10/2/2026 12:47:49 PM,32.85500144958496,-1.5625,0,0,0
10/2/2026 12:47:50 PM,32.59875011444092,-1.75,0,0,0
10/2/2026 12:47:51 PM,33.02999973297119,-0.9749999940395355,0,0,0
10/2/2026 12:47:52 PM,33.20500087738037,-0.8750000298023224,0,0,0
10/2/2026 12:47:53 PM,33.73375129699707,-6.0874998569488525,0,0,0
10/2/2026 12:47:54 PM,33.692501068115234,-3.9249998927116394,0,0,0
10/2/2026 12:47:55 PM,33.903751373291016,-1.3624999821186066,0,0,0
10/2/2026 12:47:56 PM,33.52750110626221,0.17500010132789612,0,0,0
10/2/2026 12:47:57 PM,33.41000175476074,1.9500000178813934,0,0,0
10/2/2026 12:47:58 PM,33.33750057220459,0.1875,0,0,0
10/2/2026 12:47:59 PM,33.20000171661377,1.8750000894069672,0,0,0
10/2/2026 12:48:00 PM,33.21750068664551,-2.0124999284744263,0,0,0
10/2/2026 12:48:01 PM,33.13624954223633,-0.08750000596046448,0,0,0
10/2/2026 12:48:02 PM,33.27750015258789,-5.575000166893005,0,0,0
10/2/2026 12:48:03 PM,33.54250144958496,-0.4500000476837158,0,0,0
10/2/2026 12:48:04 PM,33.39500045776367,0.375,0,0,0
10/2/2026 12:48:05 PM,32.62500190734863,2.9999998807907104,0,0,0
10/2/2026 12:48:06 PM,32.50500297546387,-0.7749999761581421,0,0,0
10/2/2026 12:48:07 PM,32.387502670288086,-1.1750000715255737,0,0,0
10/2/2026 12:48:08 PM,32.36250305175781,-3.75,0,0,0
10/2/2026 12:48:09 PM,32.60000038146973,-2.8249998092651367,0,0,0
10/2/2026 12:48:10 PM,32.79500198364258,2.6500000953674316,0,0,0
10/2/2026 12:48:11 PM,32.685001373291016,-0.25,0,0,0
10/2/2026 12:48:12 PM,32.71000289916992,-1.3500000834465027,0,0,0
10/2/2026 12:48:13 PM,33.13999938964844,0.7000000476837158,0,0,0
10/2/2026 12:48:14 PM,33.22249984741211,0.8749999701976776,0,0,0
10/2/2026 12:48:15 PM,33.407501220703125,2.0500000417232513,0,0,0
10/2/2026 12:48:16 PM,33.68750190734863,-0.30000007152557373,0,0,0
10/2/2026 12:48:17 PM,33.060001373291016,-4.350000023841858,0,0,0
10/2/2026 12:48:18 PM,33.19750213623047,3.7500001192092896,0,0,0
10/2/2026 12:48:19 PM,32.97500038146973,3.524999976158142,0,0,0
10/2/2026 12:48:20 PM,33.31250190734863,2.349999964237213,0,0,0
10/2/2026 12:48:21 PM,32.95249938964844,5.575000047683716,0,0,0
10/2/2026 12:48:22 PM,32.62000274658203,2.9250000715255737,0,0,0
10/2/2026 12:48:23 PM,32.485002517700195,0.02499997615814209,0,0,0
10/2/2026 12:48:24 PM,32.16000175476074,0.6000000238418579,0,0,0
10/2/2026 12:48:25 PM,32.072500228881836,4.099999904632568,0,0,0
10/2/2026 12:48:26 PM,31.7475004196167,4.049999952316284,0,0,0
10/2/2026 12:48:27 PM,31.737502098083496,-3.299999952316284,0,0,0
10/2/2026 12:48:28 PM,31.655000686645508,-0.09999990463256836,0,0,0
10/2/2026 12:48:29 PM,31.95000171661377,0.8999999761581421,0,0,0
10/2/2026 12:48:30 PM,31.882500648498535,4.925000190734863,0,0,0
10/2/2026 12:48:31 PM,32.497501373291016,4.325000107288361,0,0,0
10/2/2026 12:48:32 PM,32.602500915527344,-0.7000000178813934,0,0,0
10/2/2026 12:48:33 PM,32.64750099182129,5.450000047683716,0,0,0
10/2/2026 12:48:34 PM,32.98500061035156,-0.34999996423721313,0,0,0
10/2/2026 12:48:35 PM,33.00250244140625,0.9500000476837158,0,0,0
10/2/2026 12:48:36 PM,33.51000213623047,1.7000000476837158,0,0,0
10/2/2026 12:48:37 PM,33.31750297546387,-0.09999996423721313,0,0,0
10/2/2026 12:48:38 PM,33.20000076293945,4.450000047683716,0,0,0
10/2/2026 12:48:39 PM,32.87750053405762,-1.8250001072883606,0,0,0
10/2/2026 12:48:40 PM,33.08250045776367,-0.025000035762786865,0,0,0
10/2/2026 12:48:41 PM,33.17499923706055,-3.6750000715255737,0,0,0
10/2/2026 12:48:42 PM,32.95500183105469,-2.400000035762787,0,0,0
10/2/2026 12:48:43 PM,32.98250198364258,1.4000000357627869,0,0,0
10/2/2026 12:48:44 PM,33.122501373291016,3.5,0,0,0
10/2/2026 12:48:45 PM,32.94499969482422,-4.324999928474426,0,0,0
10/2/2026 12:48:46 PM,32.29000282287598,-3.149999976158142,0,0,0
10/2/2026 12:48:47 PM,32.50750160217285,5.049999952316284,0,0,0
10/2/2026 12:48:48 PM,32.275001525878906,-6.849999904632568,0,0,0
10/2/2026 12:48:49 PM,32.57750129699707,1.1500000469386578,0,0,0
10/2/2026 12:48:50 PM,32.16250038146973,1.9500000476837158,0,0,0
10/2/2026 12:48:51 PM,31.97000026702881,-2.475000023841858,0,0,0
10/2/2026 12:48:52 PM,32.47250175476074,0.05000007152557373,0,0,0
10/2/2026 12:48:53 PM,32.35250282287598,-2.125,0,0,0
10/2/2026 12:48:54 PM,33.067501068115234,-2.6999999284744263,0,0,0
10/2/2026 12:48:55 PM,32.96750068664551,-2.600000023841858,0,0,0
10/2/2026 12:48:56 PM,33.01500129699707,2.074999988079071,0,0,0
10/2/2026 12:48:57 PM,33.65749931335449,-1.5000000596046448,0,0,0
10/2/2026 12:48:58 PM,33.02000045776367,0.9250000715255737,0,0,0
10/2/2026 12:48:59 PM,33.1775016784668,0.24999988079071045,0,0,0
10/2/2026 12:49:00 PM,32.96500015258789,-5.974999904632568,0,0,0
10/2/2026 12:49:01 PM,33.01000213623047,3.975000023841858,0,0,0
10/2/2026 12:49:02 PM,33.200002670288086,-3.6249998807907104,0,0,0
10/2/2026 12:49:03 PM,32.66250038146973,-3.399999976158142,0,0,0
10/2/2026 12:49:04 PM,32.93000030517578,-0.7249999642372131,0,0,0
10/2/2026 12:49:05 PM,32.35000038146973,3.7750000953674316,0,0,0
10/2/2026 12:49:06 PM,31.84000015258789,-2.6999999284744263,0,0,0
10/2/2026 12:49:07 PM,31.875001907348633,5.549999952316284,0,0,0
10/2/2026 12:49:08 PM,31.505000114440918,3.649999976158142,0,0,0
10/2/2026 12:49:09 PM,31.405000686645508,0.9750000238418579,0,0,0
10/2/2026 12:49:10 PM,31.65000057220459,-0.699999988079071,0,0,0
10/2/2026 12:49:11 PM,31.69250202178955,-0.17500001192092896,0,0,0
10/2/2026 12:49:12 PM,31.935001373291016,-3.600000023841858,0,0,0
10/2/2026 12:49:13 PM,32.002501487731934,1.9250000715255737,0,0,0
10/2/2026 12:49:14 PM,31.992501258850098,-3.225000023841858,0,0,0
10/2/2026 12:49:15 PM,32.32500076293945,1.125,0,0,0
10/2/2026 12:49:16 PM,32.59250259399414,0.4750000238418579,0,0,0
10/2/2026 12:49:17 PM,33.385000228881836,0.5499999523162842,0,0,0
10/2/2026 12:49:18 PM,33.482500076293945,3.174999952316284,0,0,0
10/2/2026 12:49:19 PM,33.53500175476074,-0.8249999582767487,0,0,0
10/2/2026 12:49:20 PM,32.97250175476074,1.949999988079071,0,0,0
10/2/2026 12:49:21 PM,33.497501373291016,0.5749999284744263,0,0,0
10/2/2026 12:49:22 PM,32.84500312805176,1.1999998688697815,0,0,0
10/2/2026 12:49:23 PM,33.12750244140625,-2.049999952316284,0,0,0
10/2/2026 12:49:24 PM,32.91250038146973,-3.575000047683716,0,0,0
10/2/2026 12:49:25 PM,32.630001068115234,-1.6000001430511475,0,0,0
10/2/2026 12:49:26 PM,32.505001068115234,-1.274999976158142,0,0,0
10/2/2026 12:49:27 PM,32.4275016784668,0.6500000953674316,0,0,0
10/2/2026 12:49:28 PM,32.35499954223633,-3.674999952316284,0,0,0
10/2/2026 12:49:29 PM,32.270002365112305,2.2000000178813934,0,0,0
10/2/2026 12:49:30 PM,32.40749931335449,-0.07499992847442627,0,0,0
10/2/2026 12:49:31 PM,32.35500144958496,3.100000023841858,0,0,0
10/2/2026 12:49:32 PM,32.5,-0.6749999523162842,0,0,0
10/2/2026 12:49:33 PM,32.44250297546387,-2.2750000953674316,0,0,0
10/2/2026 12:49:34 PM,33.087501525878906,0.5749999284744263,0,0,0
10/2/2026 12:49:35 PM,32.977500915527344,4.224999904632568,0,0,0
10/2/2026 12:49:36 PM,33.2400016784668,-2.349999964237213,0,0,0
10/2/2026 12:49:37 PM,32.95000076293945,0.5,0,0,0
10/2/2026 12:49:38 PM,33.512502670288086,0.5500000715255737,0,0,0
10/2/2026 12:49:39 PM,33.40500259399414,0.800000011920929,0,0,0
10/2/2026 12:49:40 PM,32.900001525878906,-1.574999988079071,0,0,0
10/2/2026 12:49:41 PM,32.930002212524414,0.10000002384185791,0,0,0
10/2/2026 12:49:42 PM,32.9275016784668,-1.6749999821186066,0,0,0
10/2/2026 12:49:43 PM,32.57750129699707,-1.6750001907348633,0,0,0
10/2/2026 12:49:44 PM,33.01000213623047,0.27500009536743164,0,0,0
10/2/2026 12:49:45 PM,32.8125,-0.4750000238418579,0,0,0
10/2/2026 12:49:46 PM,32.02750205993652,-3.7249999046325684,0,0,0
10/2/2026 12:49:47 PM,31.307499885559082,2.825000047683716,0,0,0
10/2/2026 12:49:48 PM,31.39250087738037,-1.399999976158142,0,0,0
10/2/2026 12:49:49 PM,31.39250087738037,-3.024999976158142,0,0,0
10/2/2026 12:49:50 PM,31.369999885559082,3.7750000953674316,0,0,0
10/2/2026 12:49:51 PM,31.78250026702881,1.574999988079071,0,0,0
10/2/2026 12:49:52 PM,31.63750171661377,3.100000023841858,0,0,0
10/2/2026 12:49:53 PM,32.160000801086426,-3.224999964237213,0,0,0
10/2/2026 12:49:54 PM,32.02000045776367,1.350000023841858,0,0,0
10/2/2026 12:49:55 PM,32.21249961853027,0.2749999761581421,0,0,0
10/2/2026 12:49:56 PM,32.457502365112305,0.1499999761581421,0,0,0
10/2/2026 12:49:57 PM,32.2400016784668,-4.725000023841858,0,0,0
10/2/2026 12:49:58 PM,32.872501373291016,-4.125,0,0,0
10/2/2026 12:49:59 PM,33.2025032043457,-0.6499999463558197,0,0,0
10/2/2026 12:50:00 PM,33.0525016784668,2.675000011920929,0,0,0
10/2/2026 12:50:01 PM,33.28500175476074,0.5499999523162842,0,0,0
10/2/2026 12:50:02 PM,32.77250099182129,7.775000095367432,0,0,0
10/2/2026 12:50:03 PM,33.1150016784668,2.049999713897705,0,0,0
10/2/2026 12:50:04 PM,32.64500045776367,1.5250000953674316,0,0,0
10/2/2026 12:50:05 PM,32.53250312805176,4.900000095367432,0,0,0
10/2/2026 12:50:06 PM,32.59750175476074,-0.7750000357627869,0,0,0
10/2/2026 12:50:07 PM,32.650001525878906,0.4249999523162842,0,0,0
10/2/2026 12:50:08 PM,32.25250053405762,1.9999999403953552,0,0,0
10/2/2026 12:50:09 PM,32.390000343322754,-2.825000047683716,0,0,0
10/2/2026 12:50:10 PM,32.28500175476074,3.1750000715255737,0,0,0
10/2/2026 12:50:11 PM,32.192501068115234,4.375,0,0,0
10/2/2026 12:50:12 PM,32.030001640319824,2.0500000715255737,0,0,0
10/2/2026 12:50:13 PM,32.46750068664551,-2.200000047683716,0,0,0
10/2/2026 12:50:14 PM,32.14500141143799,-2.2750000953674316,0,0,0
10/2/2026 12:50:15 PM,32.01750183105469,0.09999990463256836,0,0,0
10/2/2026 12:50:16 PM,32.720001220703125,-1.7000001072883606,0,0,0
10/2/2026 12:50:17 PM,32.82250213623047,-3.8500000834465027,0,0,0
10/2/2026 12:50:18 PM,33.08500099182129,5.300000190734863,0,0,0
10/2/2026 12:50:19 PM,32.89000129699707,2.2249999940395355,0,0,0
10/2/2026 12:50:20 PM,33.16000175476074,2.0499999821186066,0,0,0
10/2/2026 12:50:21 PM,32.630001068115234,0.25,0,0,0
10/2/2026 12:50:22 PM,32.98250198364258,-2.449999988079071,0,0,0
10/2/2026 12:50:23 PM,32.790000915527344,1.8250001072883606,0,0,0
10/2/2026 12:50:24 PM,32.78000068664551,-1.3749999403953552,0,0,0
10/2/2026 12:50:25 PM,32.685001373291016,3.8750001192092896,0,0,0
10/2/2026 12:50:26 PM,32.45250129699707,-2.800000011920929,0,0,0
10/2/2026 12:50:27 PM,32.46500015258789,-5.675000071525574,0,0,0
10/2/2026 12:50:28 PM,32.06750202178955,-2.5500000715255737,0,0,0
10/2/2026 12:50:29 PM,31.53250026702881,-0.7500000596046448,0,0,0
10/2/2026 12:50:30 PM,31.687501907348633,0.5750000476837158,0,0,0
10/2/2026 12:50:31 PM,31.630001068115234,0.07500004768371582,0,0,0
10/2/2026 12:50:32 PM,31.95250129699707,2.2500001192092896,0,0,0
10/2/2026 12:50:33 PM,31.890002250671387,3.8000000715255737,0,0,0
10/2/2026 12:50:34 PM,32.070000648498535,-0.5999999642372131,0,0,0
10/2/2026 12:50:35 PM,32.35499954223633,-3.0500000715255737,0,0,0
10/2/2026 12:50:36 PM,32.23750114440918,1.7499999701976776,0,0,0
10/2/2026 12:50:37 PM,32.357500076293945,3.1000000834465027,0,0,0
10/2/2026 12:50:38 PM,32.9275016784668,-0.9500000178813934,0,0,0
10/2/2026 12:50:39 PM,33.1200008392334,-3.8749998807907104,0,0,0
10/2/2026 12:50:40 PM,33.34250068664551,5.875,0,0,0
10/2/2026 12:50:41 PM,33.28500175476074,-3.000000238418579,0,0,0
10/2/2026 12:50:42 PM,33.12500190734863,5.025000095367432,0,0,0
10/2/2026 12:50:43 PM,32.79999923706055,-6.400000214576721,0,0,0
10/2/2026 12:50:44 PM,32.78750038146973,0.2250000238418579,0,0,0
10/2/2026 12:50:45 PM,32.85750198364258,-2.100000023841858,0,0,0
10/2/2026 12:50:46 PM,33.04250144958496,-1.4000000953674316,0,0,0
10/2/2026 12:50:47 PM,32.64500045776367,1.6250000596046448,0,0,0
10/2/2026 12:50:48 PM,31.592501640319824,0.35000014305114746,0,0,0
10/2/2026 12:50:49 PM,30.385001182556152,-6.550000190734863,0,0,0
10/2/2026 12:50:50 PM,29.215001106262207,5.550000011920929,0,0,0
10/2/2026 12:50:51 PM,27.417500495910645,-4.725000023841858,0,0,0
10/2/2026 12:50:52 PM,32.48000144958496,-1.175000011920929,0,0,0
10/2/2026 12:50:53 PM,28.595001220703125,1.9749999046325684,0,0,0
10/2/2026 12:50:54 PM,29.94499969482422,1.2999999523162842,0,0,0
10/2/2026 12:50:55 PM,27.78250217437744,-0.5249999761581421,0,0,0
10/2/2026 12:50:56 PM,30.797500610351562,-3.2500001192092896,1.799999713897705,9.112500190734863,0.0024999999441206455
10/2/2026 12:50:57 PM,30.557501792907715,3.7249999046325684,5.399999141693115,27.33750057220459,0.007499999832361937
10/2/2026 12:50:58 PM,28.612500190734863,-1.4000000953674316,0,0,0
10/2/2026 12:50:59 PM,29.912500381469727,-2.150000035762787,0,0,0
10/2/2026 12:51:00 PM,31.520000457763672,-4.350000023841858,0,0,0
10/2/2026 12:51:01 PM,29.190001487731934,-7.175000190734863,0,0,0
10/2/2026 12:51:02 PM,27.02250099182129,-4.7250001430511475,0,0,0
10/2/2026 12:51:03 PM,26.60750102996826,3.1999999284744263,0,0,0
10/2/2026 12:51:04 PM,27.650001525878906,3.25,0,0,0
10/2/2026 12:51:05 PM,27.237500190734863,-5.275000095367432,0,0,0
10/2/2026 12:51:06 PM,28.407501220703125,-2.350000023841858,0,0,0
10/2/2026 12:51:07 PM,26.605000495910645,5.324999928474426,0,0,0
10/2/2026 12:51:08 PM,28.875,1.4000000059604645,0,0,0
10/2/2026 12:51:09 PM,27.785000801086426,0.25,0,0,0
10/2/2026 12:51:10 PM,28.04000186920166,-4.575000047683716,0,0,0
10/2/2026 12:51:11 PM,28.63250160217285,3.625,0,0,0
10/2/2026 12:51:12 PM,28.094999313354492,-5.724999964237213,1.4225001335144043,7.775000095367432,0.0024999999441206455
10/2/2026 12:51:13 PM,30.625,-7.75,4.267500400543213,23.325000286102295,0.007499999832361937
10/2/2026 12:51:14 PM,27.425002098083496,-3.3000000715255737,0,0,0
10/2/2026 12:51:15 PM,27.010001182556152,0.375,0,0,0
10/2/2026 12:51:16 PM,28.707500457763672,0.3999999761581421,0,0,0
10/2/2026 12:51:17 PM,26.562501907348633,-0.9000000953674316,0,0,0
10/2/2026 12:51:18 PM,27.197500228881836,-6.299999952316284,0,0,0
10/2/2026 12:51:19 PM,29.355000495910645,-9.349999904632568,0,0,0
10/2/2026 12:51:20 PM,30.360000610351562,0.7749998569488525,0,0,0
10/2/2026 12:51:21 PM,28.342500686645508,6.950000196695328,0,0,0
10/2/2026 12:51:22 PM,29.49250030517578,5.649999976158142,0,0,0
10/2/2026 12:51:23 PM,29.40750026702881,2.875,0,0,0
10/2/2026 12:51:24 PM,29.727500915527344,2.599999964237213,0,0,0
10/2/2026 12:51:25 PM,29.39250087738037,-0.4999999403953552,0,0,0
10/2/2026 12:51:26 PM,29.52000141143799,-2.625,0,0,0
10/2/2026 12:51:27 PM,29.562500953674316,0.4750000238418579,0,0,0
10/2/2026 12:51:28 PM,29.432501792907715,1.0249998569488525,0,0,0
10/2/2026 12:51:29 PM,29.270002365112305,0.5749999284744263,3.0412487983703613,24.60000228881836,0.007499999832361937
10/2/2026 12:51:30 PM,29.360000610351562,1.5,1.013749599456787,8.200000762939453,0.0024999999441206455
10/2/2026 12:51:31 PM,28.777502059936523,-3.9250000715255737,0,0,0
10/2/2026 12:51:32 PM,29.010001182556152,0.09999990463256836,0,0,0
10/2/2026 12:51:33 PM,29.377500534057617,-1.5999999642372131,0,0,0
10/2/2026 12:51:34 PM,29.57750129699707,0.1499999761581421,0,0,0
10/2/2026 12:51:35 PM,30.120001792907715,0.8500000387430191,0,0,0
10/2/2026 12:51:36 PM,33.12750053405762,-5.325000166893005,0,0,0
10/2/2026 12:51:37 PM,29.367501258850098,5.475000381469727,0,0,0
10/2/2026 12:51:38 PM,38.837501525878906,-10.799999713897705,0,0,0
10/2/2026 12:51:39 PM,42.13999938964844,6.200000047683716,0,0,0
10/2/2026 12:51:40 PM,36.08000183105469,0.9500002861022949,0,0,0
10/2/2026 12:51:41 PM,37.25750160217285,-3.899999976158142,0,0,0
10/2/2026 12:51:42 PM,36.85750198364258,0.7000000476837158,0,0,0
10/2/2026 12:51:43 PM,37.29500198364258,-0.875,0,0,0
10/2/2026 12:51:44 PM,36.3650016784668,3.050000011920929,0,0,0
10/2/2026 12:51:45 PM,40.267499923706055,7.175000190734863,14.238750457763672,53.10000228881836,0.007499999832361937
10/2/2026 12:51:46 PM,39.70000076293945,13.200000286102295,4.746250152587891,17.700000762939453,0.0024999999441206455
10/2/2026 12:51:47 PM,41.52000045776367,-4.650000154972076,0,0,0
10/2/2026 12:51:48 PM,41.560001373291016,-8.025000214576721,0,0,0
10/2/2026 12:51:49 PM,34.50750255584717,11.774999618530273,0,0,0
10/2/2026 12:51:50 PM,30.197501182556152,2.4749999046325684,0,0,0
10/2/2026 12:51:51 PM,34.35000038146973,-0.4250011444091797,0,0,0
10/2/2026 12:51:52 PM,14.662500381469727,19.27500009536743,0,0,0
10/2/2026 12:51:53 PM,15.482501029968262,-2.4000000953674316,0,0,0
10/2/2026 12:51:54 PM,15.820000171661377,-5.949999809265137,0,0,0
10/2/2026 12:51:55 PM,42.83000183105469,-17.325000762939453,0,0,0
10/2/2026 12:51:56 PM,18.702500343322754,-48.79999923706055,0,0,0
10/2/2026 12:51:57 PM,14.580000400543213,-18.975000381469727,0,0,0
10/2/2026 12:51:58 PM,17.32000160217285,10.500000476837158,0,0,0
10/2/2026 12:51:59 PM,13.592500925064087,0.8250007629394531,26.276249885559082,121.80000686645508,0.007499999832361937
10/2/2026 12:52:00 PM,19.435000896453857,-7.80000114440918,8.758749961853027,40.60000228881836,0.0024999999441206455
10/2/2026 12:52:01 PM,19.312500476837158,-19.574999690055847,0,0,0
10/2/2026 12:52:02 PM,18.98750114440918,19.52500057220459,0,0,0
10/2/2026 12:52:03 PM,14.495001316070557,4.450000107288361,0,0,0
10/2/2026 12:52:04 PM,21.527501106262207,-7.52500057220459,0,0,0
10/2/2026 12:52:05 PM,22.61750030517578,0.07500028610229492,0,0,0
10/2/2026 12:52:06 PM,17.015000343322754,11.350000381469727,0,0,0
10/2/2026 12:52:07 PM,21.937500953674316,-25,0,0,0
10/2/2026 12:52:08 PM,9.332500457763672,15.625000953674316,0,0,0
10/2/2026 12:52:09 PM,23.53250026702881,-17.77500057220459,0,0,0
10/2/2026 12:52:10 PM,22.770000457763672,-5.425000190734863,0,0,0
10/2/2026 12:52:11 PM,24.574999809265137,-2.200000047683716,0,0,0
10/2/2026 12:52:12 PM,25.610000610351562,-1.425000011920929,0,0,0
10/2/2026 12:52:13 PM,27.197501182556152,-0.4750000238418579,5.945000171661377,25.762500762939453,0.0024999999441206455
10/2/2026 12:52:14 PM,27.827499389648438,-3.0250000953674316,17.83500051498413,77.28750228881836,0.007499999832361937
10/2/2026 12:52:15 PM,28.630000114440918,-3.375,0,0,0
10/2/2026 12:52:16 PM,29.52500057220459,2.424999952316284,0,0,0
10/2/2026 12:52:17 PM,30.14250087738037,0.8500000238418579,0,0,0
10/2/2026 12:52:18 PM,30.530000686645508,-2.299999952316284,0,0,0
10/2/2026 12:52:19 PM,31.410001754760742,-2.1000000834465027,0,0,0
10/2/2026 12:52:20 PM,31.88249969482422,-0.17500007152557373,0,0,0
10/2/2026 12:52:21 PM,32.06500244140625,0.27500009536743164,0,0,0
10/2/2026 12:52:22 PM,33.43000030517578,1.6000000685453415,0,0,0
10/2/2026 12:52:23 PM,34.46250343322754,-3.7750000953674316,0,0,0
10/2/2026 12:52:24 PM,35.38250160217285,4.174999952316284,0,0,0
10/2/2026 12:52:25 PM,36.150001525878906,-1.1249998807907104,0,0,0
10/2/2026 12:52:26 PM,36.3650016784668,4.825000047683716,0,0,0
10/2/2026 12:52:27 PM,37.23250198364258,-3.8749998807907104,0,0,0
10/2/2026 12:52:28 PM,37.50250053405762,-4.950000047683716,0,0,0
10/2/2026 12:52:29 PM,37.84250068664551,-1.6250001192092896,0,0,0
10/2/2026 12:52:30 PM,37.54500198364258,0.3750000298023224,0,0,0
10/2/2026 12:52:31 PM,38.50750160217285,-1.824999988079071,0,0,0
10/2/2026 12:52:32 PM,38.435001373291016,1.0999999940395355,0,0,0
10/2/2026 12:52:33 PM,37.872501373291016,2.299999952316284,0,0,0
10/2/2026 12:52:34 PM,37.864999771118164,-1.699999988079071,0,0,0
10/2/2026 12:52:35 PM,37.497501373291016,-4.474999904632568,0,0,0
10/2/2026 12:52:36 PM,37.67499923706055,1.5499999821186066,0.6750001907348633,4.450000286102295,0.0024999999441206455
10/2/2026 12:52:37 PM,38.10500144958496,1.5999999046325684,2.02500057220459,13.350000858306885,0.007499999832361937
10/2/2026 12:52:38 PM,37.46249961853027,-7.749999761581421,0,0,0
10/2/2026 12:52:39 PM,38.11250114440918,4.799999952316284,0,0,0
10/2/2026 12:52:40 PM,37.997501373291016,0.9999998807907104,0,0,0
10/2/2026 12:52:41 PM,38.38750076293945,-2.924999952316284,0,0,0
10/2/2026 12:52:42 PM,38.17500114440918,3.625,0,0,0
10/2/2026 12:52:43 PM,38.872501373291016,2.924999952316284,0,0,0
10/2/2026 12:52:44 PM,38.40500068664551,0.2999999523162842,0,0,0
10/2/2026 12:52:45 PM,39.052499771118164,2.5000000596046448,0,0,0
10/2/2026 12:52:46 PM,39.11750030517578,3.100000023841858,0,0,0
10/2/2026 12:52:47 PM,38.54750061035156,1.8749999403953552,0,0,0
10/2/2026 12:52:48 PM,38.75250244140625,4.050000071525574,0,0,0
10/2/2026 12:52:49 PM,38.520002365112305,-3.0249999165534973,0,0,0
10/2/2026 12:52:50 PM,38.97750282287598,0.04999995231628418,0,0,0
10/2/2026 12:52:51 PM,38.540000915527344,4.25,0,0,0
10/2/2026 12:52:52 PM,38.395002365112305,-4.925000071525574,0,0,0
10/2/2026 12:52:53 PM,38.667503356933594,1.4000000953674316,0,0,0
10/2/2026 12:52:54 PM,37.94750213623047,0.19999998807907104,0,0,0
10/2/2026 12:52:55 PM,38.25250053405762,1.75,0,0,0
10/2/2026 12:52:56 PM,37.67250061035156,-2.625,0,0,0
10/2/2026 12:52:57 PM,37.7450008392334,-2.275000035762787,0,0,0
10/2/2026 12:52:58 PM,38.01750183105469,-3.7249999046325684,0,0,0
10/2/2026 12:52:59 PM,38.29999923706055,2.399999976158142,0,0,0
10/2/2026 12:53:00 PM,38.36750030517578,-0.8500000238418579,0,0,0
10/2/2026 12:53:01 PM,39.01000213623047,-0.3250000476837158,0,0,0
10/2/2026 12:53:02 PM,38.954999923706055,0.45000001788139343,0,0,0
10/2/2026 12:53:03 PM,39.31500053405762,-5.599999904632568,0,0,0
10/2/2026 12:53:04 PM,39.31999969482422,-0.47499996423721313,0,0,0
10/2/2026 12:53:05 PM,40.005001068115234,1.3249999284744263,0,0,0
10/2/2026 12:53:06 PM,39.89750099182129,-3.1500000953674316,0,0,0
10/2/2026 12:53:07 PM,40.462501525878906,4.275000095367432,0,0,0
10/2/2026 12:53:08 PM,40.15250205993652,1.0750000476837158,0,0,0
10/2/2026 12:53:09 PM,40.119998931884766,3.5,0,0,0
10/2/2026 12:53:10 PM,39.76000213623047,-5.424999952316284,0,0,0
10/2/2026 12:53:11 PM,40.15750312805176,2.999999910593033,0,0,0
10/2/2026 12:53:12 PM,40.2650032043457,1.0750000476837158,0,0,0
10/2/2026 12:53:13 PM,39.53500175476074,-2.75,0,0,0
10/2/2026 12:53:14 PM,38.46750068664551,-4.375,0,0,0
10/2/2026 12:53:15 PM,37.84750175476074,1.950000286102295,0,0,0
10/2/2026 12:53:16 PM,36.54250144958496,-6.875000238418579,0,0,0
10/2/2026 12:53:17 PM,41.657501220703125,0.15000009536743164,0,0,0
10/2/2026 12:53:18 PM,30.70250129699707,-1.374999761581421,0,0,0
10/2/2026 12:53:19 PM,26.820000648498535,9.150000095367432,0,0,0
10/2/2026 12:53:20 PM,25.28250026702881,2.9499999284744263,0,0,0
10/2/2026 12:53:21 PM,24.260001182556152,1.675000011920929,0,0,0
10/2/2026 12:53:22 PM,27.905000686645508,-0.75,4.722500324249268,15.425000190734863,0.0024999999441206455
10/2/2026 12:53:23 PM,29.787500381469727,-3.000000476837158,14.167500972747803,46.27500057220459,0.007499999832361937
10/2/2026 12:53:24 PM,29.942501068115234,0.34999990463256836,0,0,0
10/2/2026 12:53:25 PM,28.41500186920166,-0.09999990463256836,0,0,0
10/2/2026 12:53:26 PM,26.47000026702881,2.4749999046325684,0,0,0
10/2/2026 12:53:27 PM,24.885001182556152,8.425000190734863,0,0,0
10/2/2026 12:53:28 PM,21.717500686645508,2.325000047683716,0,0,0
10/2/2026 12:53:29 PM,21.1825008392334,2.575000077486038,0,0,0
10/2/2026 12:53:30 PM,21.982500076293945,1.625,0,0,0
10/2/2026 12:53:31 PM,23.915000915527344,2.149999976158142,0,0,0
10/2/2026 12:53:32 PM,22.21500015258789,10.974999904632568,0,0,0
10/2/2026 12:53:33 PM,16.61500072479248,27.149999141693115,0,0,0
10/2/2026 12:53:34 PM,16.602500915527344,-8.825000286102295,0,0,0
10/2/2026 12:53:35 PM,16.700000286102295,-0.19999980926513672,0,0,0
10/2/2026 12:53:36 PM,17.835000038146973,-0.5500000715255737,3.705000400543213,18.274999618530273,0.0024999999441206455
10/2/2026 12:53:37 PM,18.387500762939453,0.4249999523162842,11.115001201629639,54.82499885559082,0.007499999832361937
10/2/2026 12:53:38 PM,18.720001220703125,3.4000000953674316,0,0,0
10/2/2026 12:53:39 PM,18.717500686645508,2.0000000596046448,0,0,0
10/2/2026 12:53:40 PM,19.5600004196167,3.475000023841858,0,0,0
10/2/2026 12:53:41 PM,19.630001068115234,-2.5,0,0,0
10/2/2026 12:53:42 PM,19.757500648498535,-0.6750000715255737,0,0,0
10/2/2026 12:53:43 PM,19.92000102996826,1.5999999940395355,0,0,0
10/2/2026 12:53:44 PM,20.480000495910645,-2.5250000953674316,0,0,0
10/2/2026 12:53:45 PM,20.642499923706055,-2.0000000596046448,0,0,0
10/2/2026 12:53:46 PM,20.539999961853027,1.7250000536441803,0,0,0
10/2/2026 12:53:47 PM,20.545000076293945,-2.375,0,0,0
10/2/2026 12:53:48 PM,20.712501525878906,-1.625,0,0,0
10/2/2026 12:53:49 PM,20.66750144958496,1.0999999642372131,0,0,0
10/2/2026 12:53:50 PM,20.735000610351562,-0.25,0,0,0
10/2/2026 12:53:51 PM,20.827500343322754,-1.1749999523162842,0,0,0
10/2/2026 12:53:52 PM,20.70250129699707,1.2999999523162842,0,0,0
10/2/2026 12:53:53 PM,21.062501907348633,2.75,0,0,0
10/2/2026 12:53:54 PM,20.975000381469727,1.5750000178813934,0,0,0
10/2/2026 12:53:55 PM,20.97249984741211,4.075000166893005,0,0,0
10/2/2026 12:53:56 PM,20.77750015258789,-2.1250000298023224,0,0,0
10/2/2026 12:53:57 PM,20.567500114440918,-0.47500001825392246,0,0,0
10/2/2026 12:53:58 PM,20.80000114440918,2.950000047683716,0,0,0
10/2/2026 12:53:59 PM,20.54750156402588,-1.9999999850988388,0,0,0
10/2/2026 12:54:00 PM,21.11750030517578,2.274999976158142,0,0,0
10/2/2026 12:54:01 PM,19.7450008392334,2.575000047683716,0,0,0
10/2/2026 12:54:02 PM,17.43000030517578,-0.42500001192092896,0,0,0
10/2/2026 12:54:03 PM,17.01750087738037,2.8999999165534973,0,0,0
10/2/2026 12:54:04 PM,16.260000228881836,2.350000023841858,0,0,0
10/2/2026 12:54:05 PM,15.177500247955322,5.324999809265137,0,0,0
10/2/2026 12:54:06 PM,12.875000476837158,-2.074999988079071,0,0,0
10/2/2026 12:54:07 PM,13.192500591278076,-2.0750000178813934,0,0,0
10/2/2026 12:54:08 PM,10.815000534057617,4.775000095367432,0,0,0
10/2/2026 12:54:09 PM,10.697499752044678,-2.174999952316284,0,0,0
10/2/2026 12:54:10 PM,10.690000057220459,1.149999976158142,0,0,0
10/2/2026 12:54:11 PM,8.942500114440918,0.125,0,0,0
10/2/2026 12:54:12 PM,8.977500438690186,-2.774999976158142,0,0,0
10/2/2026 12:54:13 PM,10.71000051498413,0.05000007152557373,0,0,0
10/2/2026 12:54:14 PM,10.537499904632568,-3.5250000953674316,0,0,0
10/2/2026 12:54:15 PM,10.822500705718994,-4.275000095367432,0,0,0
10/2/2026 12:54:16 PM,11.172500610351562,4.1250001192092896,0,0,0
10/2/2026 12:54:17 PM,8.127500295639038,4.2500001937150955,0,0,0
10/2/2026 12:54:18 PM,9.540000438690186,-4.0000001192092896,0,0,0
10/2/2026 12:54:19 PM,11.12000036239624,1.8499999642372131,0,0,0
10/2/2026 12:54:20 PM,11.597500324249268,-3.424999952316284,0,0,0
10/2/2026 12:54:21 PM,12.650000095367432,-3.825000047683716,0,0,0
10/2/2026 12:54:22 PM,11.782500267028809,-3.950000047683716,0,0,0
10/2/2026 12:54:23 PM,12.714999675750732,-1.1749999523162842,0,0,0
10/2/2026 12:54:24 PM,14.105000495910645,-4.425000190734863,0,0,0
10/2/2026 12:54:25 PM,15.280000686645508,-5.7250001430511475,0,0,0
10/2/2026 12:54:26 PM,12.125000476837158,8.275000095367432,0,0,0
10/2/2026 12:54:27 PM,7.637500286102295,-0.5249998569488525,0,0,0
10/2/2026 12:54:28 PM,3.512500047683716,-1.5,0,0,0
10/2/2026 12:54:29 PM,2.855000138282776,5.300000071525574,3.4312503337860107,8.412500381469727,0.0024999999441206455
10/2/2026 12:54:30 PM,2.4125001430511475,4.549999952316284,10.293751001358032,25.23750114440918,0.007499999832361937
10/2/2026 12:54:31 PM,2.1549999713897705,4.774999976158142,0,0,0
10/2/2026 12:54:32 PM,2.0650001168251038,1.4500000476837158,0,0,0
10/2/2026 12:54:33 PM,2.4900001287460327,-3.6250001192092896,0,0,0
10/2/2026 12:54:34 PM,2.375,1.824999988079071,0,0,0
10/2/2026 12:54:35 PM,2.272500157356262,0.9249999821186066,0,0,0
10/2/2026 12:54:36 PM,0.1549999862909317,3.424999952316284,0,0,0
10/2/2026 12:54:37 PM,-1.9875001311302185,2.774999976158142,0,0,0
10/2/2026 12:54:38 PM,-3.7900002002716064,-1.699999988079071,0,0,0
10/2/2026 12:54:39 PM,-4.512500286102295,-3.5500000715255737,0,0,0
10/2/2026 12:54:40 PM,-4.452500343322754,-3.5250000953674316,0,0,0
10/2/2026 12:54:41 PM,-4.102500319480896,-1.774999976158142,0,0,0
10/2/2026 12:54:42 PM,-4.260000228881836,-2.224999964237213,0,0,0
10/2/2026 12:54:43 PM,-3.730000138282776,-3.7250001430511475,0,0,0
10/2/2026 12:54:44 PM,-3.6750000715255737,-0.19999998807907104,0,0,0
10/2/2026 12:54:45 PM,-3.5,-1.074999988079071,0,0,0
10/2/2026 12:54:46 PM,-3.8625000715255737,0.6750000007450581,0,0,0
10/2/2026 12:54:47 PM,-3.6125000715255737,-0.9000000059604645,0,0,0
10/2/2026 12:54:48 PM,-3.6600000858306885,0.7500000596046448,0,0,0
10/2/2026 12:54:49 PM,-3.382500171661377,-0.32500001788139343,0,0,0
10/2/2026 12:54:50 PM,-3.212500214576721,-0.9750000238418579,0,0,0
10/2/2026 12:54:51 PM,-3.205000162124634,-1.0500000268220901,0,0,0
10/2/2026 12:54:52 PM,-3.102500081062317,-0.44999998807907104,0,0,0
10/2/2026 12:54:53 PM,-3.1075000762939453,1.0999999642372131,0,0,0
10/2/2026 12:54:54 PM,-3.015000104904175,-1.2750000357627869,0,0,0
10/2/2026 12:54:55 PM,-3.1250001192092896,0.19999998807907104,0,0,0
10/2/2026 12:54:56 PM,-3.03000009059906,0.4000000059604645,0,0,0
10/2/2026 12:54:57 PM,-2.932500123977661,0.32499998807907104,0,0,0
10/2/2026 12:54:58 PM,-2.8750001192092896,-1.149999976158142,0,0,0
10/2/2026 12:54:59 PM,-2.7925002574920654,-0.17500001192092896,0,0,0
10/2/2026 12:55:00 PM,-2.6475000381469727,-0.6000000238418579,0,0,0
10/2/2026 12:55:01 PM,-2.662500023841858,0.8749999701976776,0,0,0
10/2/2026 12:55:02 PM,-2.6399999856948853,0.6999999992549419,0,0,0
10/2/2026 12:55:03 PM,-2.6075000762939453,0.10000000149011612,0,0,0
10/2/2026 12:55:04 PM,-2.6225000619888306,-0.1249999850988388,0,0,0
10/2/2026 12:55:05 PM,-2.522500157356262,-0.22500000894069672,0,0,0
10/2/2026 12:55:06 PM,-2.450000047683716,0.25,0,0,0
10/2/2026 12:55:07 PM,-2.5450000762939453,0.5249999910593033,0,0,0
10/2/2026 12:55:08 PM,-2.627500057220459,-0.10000002384185791,0,0,0
10/2/2026 12:55:09 PM,-2.49750018119812,-0.44999997317790985,0,0,0
10/2/2026 12:55:10 PM,-2.4650001525878906,-0.30000001192092896,0,0,0
10/2/2026 12:55:11 PM,-2.4950000047683716,0,0,0,0
10/2/2026 12:55:12 PM,-2.5025001764297485,-0.8749999850988388,0,0,0
10/2/2026 12:55:13 PM,-2.532500147819519,-0.550000011920929,0,0,0
10/2/2026 12:55:14 PM,-2.5100001096725464,0.19999998807907104,0,0,0
10/2/2026 12:55:15 PM,-3.002500057220459,-0.32499998807907104,0,0,0
10/2/2026 12:55:16 PM,-3.2475000619888306,-0.02499997615814209,0,0,0
10/2/2026 12:55:17 PM,-3.6100001335144043,2.024999976158142,0,0,0
10/2/2026 12:55:18 PM,-3.7950000762939453,2.625,0,0,0
10/2/2026 12:55:19 PM,-3.4200000762939453,-0.125,0,0,0
10/2/2026 12:55:20 PM,-3.587500214576721,-0.050000011920928955,0,0,0
10/2/2026 12:55:21 PM,-3.462499976158142,0.8999999761581421,0,0,0
10/2/2026 12:55:22 PM,-3.320000171661377,0.4000000059604645,0,0,0
10/2/2026 12:55:23 PM,-3.6550002098083496,0.40000002086162567,0,0,0
10/2/2026 12:55:24 PM,-3.6550002098083496,2.0749999284744263,0,0,0
10/2/2026 12:55:25 PM,-3.5725001096725464,0.47499996423721313,0,0,0
10/2/2026 12:55:26 PM,-3.6075000762939453,0.32499998807907104,0,0,0
10/2/2026 12:55:27 PM,-3.557500123977661,-0.8750000149011612,0,0,0
10/2/2026 12:55:28 PM,-3.532500147819519,2.3249999284744263,0,0,0
10/2/2026 12:55:29 PM,-3.59000027179718,-0.15000003576278687,0,0,0
10/2/2026 12:55:30 PM,-3.605000138282776,0.5249999761581421,0,0,0
10/2/2026 12:55:31 PM,-3.512500047683716,-0.8500000238418579,0,0,0
10/2/2026 12:55:32 PM,-3.4575001001358032,-3.075000047683716,0,0,0
10/2/2026 12:55:33 PM,-3.362499952316284,-1.0749999284744263,0,0,0
10/2/2026 12:55:34 PM,-3.4600000381469727,-1.3000000268220901,0,0,0
10/2/2026 12:55:35 PM,-3.512500286102295,-0.7750000059604645,0,0,0
10/2/2026 12:55:36 PM,-3.6450001001358032,1.149999976158142,0,0,0
10/2/2026 12:55:37 PM,-3.4025001525878906,0.5,0,0,0
10/2/2026 12:55:38 PM,-3.312500238418579,-0.17500001192092896,0,0,0
10/2/2026 12:55:39 PM,-3.5275001525878906,-2.424999952316284,0,0,0
10/2/2026 12:55:40 PM,-3.5250000953674316,0.5250000208616257,0,0,0
10/2/2026 12:55:41 PM,-3.307500123977661,0.9999999701976776,0,0,0
10/2/2026 12:55:42 PM,-3.450000047683716,-2.100000023841858,0,0,0
10/2/2026 12:55:43 PM,-3.649999976158142,0.30000001192092896,0,0,0
10/2/2026 12:55:44 PM,-3.1875001192092896,-1.925000086426735,0,0,0
10/2/2026 12:55:45 PM,-3.692500114440918,0.8499999344348907,0,0,0
10/2/2026 12:55:46 PM,-3.077500104904175,0.5249999910593033,0,0,0
10/2/2026 12:55:47 PM,-3.165000081062317,-0.02499997615814209,0,0,0
10/2/2026 12:55:48 PM,-3.600000262260437,1.2250000089406967,0,0,0
10/2/2026 12:55:49 PM,-3.5475001335144043,-2.175000011920929,0,0,0
10/2/2026 12:55:50 PM,-3.255000114440918,1.225000023841858,0,0,0
10/2/2026 12:55:51 PM,-3.43500018119812,-0.5499999821186066,0,0,0
10/2/2026 12:55:52 PM,-3.0975000858306885,-0.8499999642372131,0,0,0
10/2/2026 12:55:53 PM,-3.6125001907348633,-1.050000011920929,0,0,0
10/2/2026 12:55:54 PM,-3.420000195503235,-0.625,0,0,0
