event_time,gateway_address,tag_address,rssi_dbm,sequence_no
2026-08-18T11:00:00+00:00,AA:00:00:00:00:01,BB:00:00:00:00:01,-56,0
2026-08-18T11:00:00+00:00,AA:00:00:00:00:02,BB:00:00:00:00:01,-93,1
2026-08-18T11:00:00+00:00,AA:00:00:00:00:03,BB:00:00:00:00:01,-93,2
2026-08-18T11:00:00+00:00,AA:00:00:00:00:04,BB:00:00:00:00:01,-98,3
2026-08-18T11:00:00+00:00,AA:00:00:00:00:05,BB:00:00:00:00:01,-93,4
2026-08-18T11:00:10+00:00,AA:00:00:00:00:01,BB:00:00:00:00:01,-55,5
2026-08-18T11:00:10+00:00,AA:00:00:00:00:02,BB:00:00:00:00:01,-89,6
2026-08-18T11:00:10+00:00,AA:00:00:00:00:03,BB:00:00:00:00:01,-92,7
2026-08-18T11:00:10+00:00,AA:00:00:00:00:04,BB:00:00:00:00:01,-91,8
2026-08-18T11:00:10+00:00,AA:00:00:00:00:05,BB:00:00:00:00:01,-87,9
2026-08-18T11:00:20+00:00,AA:00:00:00:00:01,BB:00:00:00:00:01,-53,10
2026-08-18T11:00:20+00:00,AA:00:00:00:00:02,BB:00:00:00:00:01,-98,11
2026-08-18T11:00:20+00:00,AA:00:00:00:00:03,BB:00:00:00:00:01,-89,12
2026-08-18T11:00:20+00:00,AA:00:00:00:00:04,BB:00:00:00:00:01,-93,13
2026-08-18T11:00:20+00:00,AA:00:00:00:00:05,BB:00:00:00:00:01,-89,14
2026-08-18T11:00:30+00:00,AA:00:00:00:00:01,BB:00:00:00:00:01,-59,15
2026-08-18T11:00:30+00:00,AA:00:00:00:00:02,BB:00:00:00:00:01,-102,16
2026-08-18T11:00:30+00:00,AA:00:00:00:00:03,BB:00:00:00:00:01,-94,17
2026-08-18T11:00:30+00:00,AA:00:00:00:00:04,BB:00:00:00:00:01,-89,18
2026-08-18T11:00:30+00:00,AA:00:00:00:00:05,BB:00:00:00:00:01,-97,19
2026-08-18T11:00:40+00:00,AA:00:00:00:00:01,BB:00:00:00:00:01,-55,20
2026-08-18T11:00:40+00:00,AA:00:00:00:00:02,BB:00:00:00:00:01,-93,21
2026-08-18T11:00:40+00:00,AA:00:00:00:00:03,BB:00:00:00:00:01,-89,22
2026-08-18T11:00:40+00:00,AA:00:00:00:00:04,BB:00:00:00:00:01,-91,23
2026-08-18T11:00:40+00:00,AA:00:00:00:00:05,BB:00:00:00:00:01,-95,24
2026-08-18T11:00:50+00:00,AA:00:00:00:00:01,BB:00:00:00:00:01,-58,25
2026-08-18T11:00:50+00:00,AA:00:00:00:00:02,BB:00:00:00:00:01,-93,26
2026-08-18T11:00:50+00:00,AA:00:00:00:00:03,BB:00:00:00:00:01,-83,27
2026-08-18T11:00:50+00:00,AA:00:00:00:00:04,BB:00:00:00:00:01,-89,28
2026-08-18T11:00:50+00:00,AA:00:00:00:00:05,BB:00:00:00:00:01,-86,29
2026-08-18T11:01:00+00:00,AA:00:00:00:00:01,BB:00:00:00:00:01,-49,30
2026-08-18T11:01:00+00:00,AA:00:00:00:00:02,BB:00:00:00:00:01,-92,31
2026-08-18T11:01:00+00:00,AA:00:00:00:00:03,BB:00:00:00:00:01,-88,32
2026-08-18T11:01:00+00:00,AA:00:00:00:00:04,BB:00:00:00:00:01,-98,33
2026-08-18T11:01:00+00:00,AA:00:00:00:00:05,BB:00:00:00:00:01,-93,34
2026-08-18T11:01:10+00:00,AA:00:00:00:00:01,BB:00:00:00:00:01,-52,35
2026-08-18T11:01:10+00:00,AA:00:00:00:00:02,BB:00:00:00:00:01,-90,36
2026-08-18T11:01:10+00:00,AA:00:00:00:00:03,BB:00:00:00:00:01,-94,37
2026-08-18T11:01:10+00:00,AA:00:00:00:00:04,BB:00:00:00:00:01,-88,38
2026-08-18T11:01:10+00:00,AA:00:00:00:00:05,BB:00:00:00:00:01,-94,39
2026-08-18T11:01:20+00:00,AA:00:00:00:00:01,BB:00:00:00:00:01,-58,40
2026-08-18T11:01:20+00:00,AA:00:00:00:00:02,BB:00:00:00:00:01,-93,41
2026-08-18T11:01:20+00:00,AA:00:00:00:00:04,BB:00:00:00:00:01,-90,42
2026-08-18T11:01:20+00:00,AA:00:00:00:00:05,BB:00:00:00:00:01,-91,43
2026-08-18T11:01:30+00:00,AA:00:00:00:00:01,BB:00:00:00:00:01,-54,44
2026-08-18T11:01:30+00:00,AA:00:00:00:00:02,BB:00:00:00:00:01,-91,45
2026-08-18T11:01:30+00:00,AA:00:00:00:00:03,BB:00:00:00:00:01,-96,46
2026-08-18T11:01:30+00:00,AA:00:00:00:00:05,BB:00:00:00:00:01,-92,47
2026-08-18T11:01:40+00:00,AA:00:00:00:00:01,BB:00:00:00:00:01,-49,48
2026-08-18T11:01:40+00:00,AA:00:00:00:00:02,BB:00:00:00:00:01,-92,49
2026-08-18T11:01:40+00:00,AA:00:00:00:00:03,BB:00:00:00:00:01,-93,50
2026-08-18T11:01:40+00:00,AA:00:00:00:00:04,BB:00:00:00:00:01,-86,51
2026-08-18T11:01:40+00:00,AA:00:00:00:00:05,BB:00:00:00:00:01,-102,52
2026-08-18T11:01:50+00:00,AA:00:00:00:00:01,BB:00:00:00:00:01,-52,53
2026-08-18T11:01:50+00:00,AA:00:00:00:00:02,BB:00:00:00:00:01,-95,54
2026-08-18T11:01:50+00:00,AA:00:00:00:00:03,BB:00:00:00:00:01,-92,55
2026-08-18T11:01:50+00:00,AA:00:00:00:00:04,BB:00:00:00:00:01,-94,56
2026-08-18T11:01:50+00:00,AA:00:00:00:00:05,BB:00:00:00:00:01,-87,57
2026-08-18T11:02:00+00:00,AA:00:00:00:00:01,BB:00:00:00:00:01,-55,58
2026-08-18T11:02:00+00:00,AA:00:00:00:00:02,BB:00:00:00:00:01,-97,59
2026-08-18T11:02:00+00:00,AA:00:00:00:00:03,BB:00:00:00:00:01,-88,60
2026-08-18T11:02:00+00:00,AA:00:00:00:00:04,BB:00:00:00:00:01,-92,61
2026-08-18T11:02:00+00:00,AA:00:00:00:00:05,BB:00:00:00:00:01,-87,62
2026-08-18T11:02:10+00:00,AA:00:00:00:00:01,BB:00:00:00:00:01,-60,63
2026-08-18T11:02:10+00:00,AA:00:00:00:00:02,BB:00:00:00:00:01,-85,64
2026-08-18T11:02:10+00:00,AA:00:00:00:00:03,BB:00:00:00:00:01,-99,65
2026-08-18T11:02:10+00:00,AA:00:00:00:00:04,BB:00:00:00:00:01,-86,66
2026-08-18T11:02:10+00:00,AA:00:00:00:00:05,BB:00:00:00:00:01,-89,67
2026-08-18T11:02:20+00:00,AA:00:00:00:00:01,BB:00:00:00:00:01,-60,68
2026-08-18T11:02:20+00:00,AA:00:00:00:00:02,BB:00:00:00:00:01,-91,69
2026-08-18T11:02:20+00:00,AA:00:00:00:00:03,BB:00:00:00:00:01,-94,70
2026-08-18T11:02:20+00:00,AA:00:00:00:00:04,BB:00:00:00:00:01,-91,71
2026-08-18T11:02:30+00:00,AA:00:00:00:00:01,BB:00:00:00:00:01,-52,72
2026-08-18T11:02:30+00:00,AA:00:00:00:00:02,BB:00:00:00:00:01,-96,73
2026-08-18T11:02:30+00:00,AA:00:00:00:00:03,BB:00:00:00:00:01,-90,74
2026-08-18T11:02:30+00:00,AA:00:00:00:00:04,BB:00:00:00:00:01,-95,75
2026-08-18T11:02:30+00:00,AA:00:00:00:00:05,BB:00:00:00:00:01,-87,76
2026-08-18T11:02:40+00:00,AA:00:00:00:00:01,BB:00:00:00:00:01,-50,77
2026-08-18T11:02:40+00:00,AA:00:00:00:00:02,BB:00:00:00:00:01,-90,78
2026-08-18T11:02:40+00:00,AA:00:00:00:00:03,BB:00:00:00:00:01,-91,79
2026-08-18T11:02:40+00:00,AA:00:00:00:00:04,BB:00:00:00:00:01,-93,80
2026-08-18T11:02:40+00:00,AA:00:00:00:00:05,BB:00:00:00:00:01,-92,81
2026-08-18T11:02:50+00:00,AA:00:00:00:00:01,BB:00:00:00:00:01,-53,82
2026-08-18T11:02:50+00:00,AA:00:00:00:00:02,BB:00:00:00:00:01,-99,83
2026-08-18T11:02:50+00:00,AA:00:00:00:00:03,BB:00:00:00:00:01,-91,84
2026-08-18T11:02:50+00:00,AA:00:00:00:00:04,BB:00:00:00:00:01,-89,85
2026-08-18T11:02:50+00:00,AA:00:00:00:00:05,BB:00:00:00:00:01,-90,86
2026-08-18T11:03:00+00:00,AA:00:00:00:00:02,BB:00:00:00:00:01,-61,87
2026-08-18T11:03:00+00:00,AA:00:00:00:00:03,BB:00:00:00:00:01,-95,88
2026-08-18T11:03:00+00:00,AA:00:00:00:00:04,BB:00:00:00:00:01,-90,89
2026-08-18T11:03:00+00:00,AA:00:00:00:00:05,BB:00:00:00:00:01,-90,90
2026-08-18T11:03:10+00:00,AA:00:00:00:00:01,BB:00:00:00:00:01,-88,91
2026-08-18T11:03:10+00:00,AA:00:00:00:00:02,BB:00:00:00:00:01,-55,92
2026-08-18T11:03:10+00:00,AA:00:00:00:00:03,BB:00:00:00:00:01,-83,93
2026-08-18T11:03:10+00:00,AA:00:00:00:00:05,BB:00:00:00:00:01,-92,94
2026-08-18T11:03:20+00:00,AA:00:00:00:00:01,BB:00:00:00:00:01,-83,95
2026-08-18T11:03:20+00:00,AA:00:00:00:00:02,BB:00:00:00:00:01,-57,96
2026-08-18T11:03:20+00:00,AA:00:00:00:00:03,BB:00:00:00:00:01,-95,97
2026-08-18T11:03:20+00:00,AA:00:00:00:00:04,BB:00:00:00:00:01,-92,98
2026-08-18T11:03:20+00:00,AA:00:00:00:00:05,BB:00:00:00:00:01,-100,99
2026-08-18T11:03:30+00:00,AA:00:00:00:00:01,BB:00:00:00:00:01,-84,100
2026-08-18T11:03:30+00:00,AA:00:00:00:00:02,BB:00:00:00:00:01,-59,101
2026-08-18T11:03:30+00:00,AA:00:00:00:00:04,BB:00:00:00:00:01,-98,102
2026-08-18T11:03:30+00:00,AA:00:00:00:00:05,BB:00:00:00:00:01,-94,103
2026-08-18T11:03:40+00:00,AA:00:00:00:00:01,BB:00:00:00:00:01,-87,104
2026-08-18T11:03:40+00:00,AA:00:00:00:00:02,BB:00:00:00:00:01,-56,105
2026-08-18T11:03:40+00:00,AA:00:00:00:00:03,BB:00:00:00:00:01,-87,106
2026-08-18T11:03:40+00:00,AA:00:00:00:00:04,BB:00:00:00:00:01,-90,107
2026-08-18T11:03:40+00:00,AA:00:00:00:00:05,BB:00:00:00:00:01,-86,108
2026-08-18T11:03:50+00:00,AA:00:00:00:00:01,BB:00:00:00:00:01,-83,109
2026-08-18T11:03:50+00:00,AA:00:00:00:00:02,BB:00:00:00:00:01,-60,110
2026-08-18T11:03:50+00:00,AA:00:00:00:00:03,BB:00:00:00:00:01,-95,111
2026-08-18T11:03:50+00:00,AA:00:00:00:00:04,BB:00:00:00:00:01,-90,112
2026-08-18T11:03:50+00:00,AA:00:00:00:00:05,BB:00:00:00:00:01,-94,113
2026-08-18T11:04:00+00:00,AA:00:00:00:00:01,BB:00:00:00:00:01,-97,114
2026-08-18T11:04:00+00:00,AA:00:00:00:00:02,BB:00:00:00:00:01,-52,115
2026-08-18T11:04:00+00:00,AA:00:00:00:00:03,BB:00:00:00:00:01,-90,116
2026-08-18T11:04:00+00:00,AA:00:00:00:00:04,BB:00:00:00:00:01,-86,117
2026-08-18T11:04:00+00:00,AA:00:00:00:00:05,BB:00:00:00:00:01,-94,118
2026-08-18T11:04:10+00:00,AA:00:00:00:00:01,BB:00:00:00:00:01,-95,119
2026-08-18T11:04:10+00:00,AA:00:00:00:00:04,BB:00:00:00:00:01,-90,120
2026-08-18T11:04:10+00:00,AA:00:00:00:00:05,BB:00:00:00:00:01,-91,121
2026-08-18T11:04:20+00:00,AA:00:00:00:00:01,BB:00:00:00:00:01,-86,122
2026-08-18T11:04:20+00:00,AA:00:00:00:00:02,BB:00:00:00:00:01,-61,123
2026-08-18T11:04:20+00:00,AA:00:00:00:00:03,BB:00:00:00:00:01,-89,124
2026-08-18T11:04:20+00:00,AA:00:00:00:00:05,BB:00:00:00:00:01,-92,125
2026-08-18T11:04:30+00:00,AA:00:00:00:00:01,BB:00:00:00:00:01,-92,126
2026-08-18T11:04:30+00:00,AA:00:00:00:00:02,BB:00:00:00:00:01,-60,127
2026-08-18T11:04:30+00:00,AA:00:00:00:00:03,BB:00:00:00:00:01,-100,128
2026-08-18T11:04:30+00:00,AA:00:00:00:00:04,BB:00:00:00:00:01,-88,129
2026-08-18T11:04:30+00:00,AA:00:00:00:00:05,BB:00:00:00:00:01,-89,130
2026-08-18T11:04:40+00:00,AA:00:00:00:00:01,BB:00:00:00:00:01,-93,131
2026-08-18T11:04:40+00:00,AA:00:00:00:00:02,BB:00:00:00:00:01,-58,132
2026-08-18T11:04:40+00:00,AA:00:00:00:00:03,BB:00:00:00:00:01,-101,133
2026-08-18T11:04:40+00:00,AA:00:00:00:00:04,BB:00:00:00:00:01,-91,134
2026-08-18T11:04:40+00:00,AA:00:00:00:00:05,BB:00:00:00:00:01,-95,135
2026-08-18T11:04:50+00:00,AA:00:00:00:00:01,BB:00:00:00:00:01,-91,136
2026-08-18T11:04:50+00:00,AA:00:00:00:00:02,BB:00:00:00:00:01,-57,137
2026-08-18T11:04:50+00:00,AA:00:00:00:00:03,BB:00:00:00:00:01,-94,138
2026-08-18T11:04:50+00:00,AA:00:00:00:00:04,BB:00:00:00:00:01,-93,139
2026-08-18T11:04:50+00:00,AA:00:00:00:00:05,BB:00:00:00:00:01,-92,140
2026-08-18T11:05:00+00:00,AA:00:00:00:00:01,BB:00:00:00:00:01,-88,141
2026-08-18T11:05:00+00:00,AA:00:00:00:00:02,BB:00:00:00:00:01,-58,142
2026-08-18T11:05:00+00:00,AA:00:00:00:00:03,BB:00:00:00:00:01,-91,143
2026-08-18T11:05:00+00:00,AA:00:00:00:00:04,BB:00:00:00:00:01,-90,144
2026-08-18T11:05:00+00:00,AA:00:00:00:00:05,BB:00:00:00:00:01,-90,145
2026-08-18T11:05:10+00:00,AA:00:00:00:00:01,BB:00:00:00:00:01,-100,146
2026-08-18T11:05:10+00:00,AA:00:00:00:00:02,BB:00:00:00:00:01,-55,147
2026-08-18T11:05:10+00:00,AA:00:00:00:00:03,BB:00:00:00:00:01,-90,148
2026-08-18T11:05:10+00:00,AA:00:00:00:00:04,BB:00:00:00:00:01,-97,149
2026-08-18T11:05:10+00:00,AA:00:00:00:00:05,BB:00:00:00:00:01,-89,150
2026-08-18T11:05:20+00:00,AA:00:00:00:00:01,BB:00:00:00:00:01,-85,151
2026-08-18T11:05:20+00:00,AA:00:00:00:00:02,BB:00:00:00:00:01,-63,152
2026-08-18T11:05:20+00:00,AA:00:00:00:00:03,BB:00:00:00:00:01,-86,153
2026-08-18T11:05:20+00:00,AA:00:00:00:00:04,BB:00:00:00:00:01,-91,154
2026-08-18T11:05:20+00:00,AA:00:00:00:00:05,BB:00:00:00:00:01,-89,155
2026-08-18T11:05:30+00:00,AA:00:00:00:00:01,BB:00:00:00:00:01,-100,156
2026-08-18T11:05:30+00:00,AA:00:00:00:00:02,BB:00:00:00:00:01,-55,157
2026-08-18T11:05:30+00:00,AA:00:00:00:00:03,BB:00:00:00:00:01,-94,158
2026-08-18T11:05:30+00:00,AA:00:00:00:00:04,BB:00:00:00:00:01,-91,159
2026-08-18T11:05:30+00:00,AA:00:00:00:00:05,BB:00:00:00:00:01,-85,160
2026-08-18T11:05:40+00:00,AA:00:00:00:00:01,BB:00:00:00:00:01,-91,161
2026-08-18T11:05:40+00:00,AA:00:00:00:00:02,BB:00:00:00:00:01,-58,162
2026-08-18T11:05:40+00:00,AA:00:00:00:00:03,BB:00:00:00:00:01,-96,163
2026-08-18T11:05:40+00:00,AA:00:00:00:00:04,BB:00:00:00:00:01,-85,164
2026-08-18T11:05:50+00:00,AA:00:00:00:00:01,BB:00:00:00:00:01,-95,165
2026-08-18T11:05:50+00:00,AA:00:00:00:00:03,BB:00:00:00:00:01,-93,166
2026-08-18T11:05:50+00:00,AA:00:00:00:00:04,BB:00:00:00:00:01,-89,167
2026-08-18T11:05:50+00:00,AA:00:00:00:00:05,BB:00:00:00:00:01,-93,168
2026-08-18T11:06:00+00:00,AA:00:00:00:00:01,BB:00:00:00:00:01,-92,169
2026-08-18T11:06:00+00:00,AA:00:00:00:00:02,BB:00:00:00:00:01,-58,170
2026-08-18T11:06:00+00:00,AA:00:00:00:00:03,BB:00:00:00:00:01,-96,171
2026-08-18T11:06:00+00:00,AA:00:00:00:00:04,BB:00:00:00:00:01,-89,172
2026-08-18T11:06:00+00:00,AA:00:00:00:00:05,BB:00:00:00:00:01,-83,173
2026-08-18T11:06:10+00:00,AA:00:00:00:00:01,BB:00:00:00:00:01,-92,174
2026-08-18T11:06:10+00:00,AA:00:00:00:00:02,BB:00:00:00:00:01,-55,175
2026-08-18T11:06:10+00:00,AA:00:00:00:00:03,BB:00:00:00:00:01,-98,176
2026-08-18T11:06:10+00:00,AA:00:00:00:00:04,BB:00:00:00:00:01,-94,177
2026-08-18T11:06:10+00:00,AA:00:00:00:00:05,BB:00:00:00:00:01,-95,178
2026-08-18T11:06:20+00:00,AA:00:00:00:00:01,BB:00:00:00:00:01,-93,179
2026-08-18T11:06:20+00:00,AA:00:00:00:00:02,BB:00:00:00:00:01,-58,180
2026-08-18T11:06:20+00:00,AA:00:00:00:00:03,BB:00:00:00:00:01,-95,181
2026-08-18T11:06:20+00:00,AA:00:00:00:00:04,BB:00:00:00:00:01,-90,182
2026-08-18T11:06:20+00:00,AA:00:00:00:00:05,BB:00:00:00:00:01,-86,183
2026-08-18T11:06:30+00:00,AA:00:00:00:00:01,BB:00:00:00:00:01,-94,184
2026-08-18T11:06:30+00:00,AA:00:00:00:00:02,BB:00:00:00:00:01,-57,185
2026-08-18T11:06:30+00:00,AA:00:00:00:00:03,BB:00:00:00:00:01,-87,186
2026-08-18T11:06:30+00:00,AA:00:00:00:00:04,BB:00:00:00:00:01,-97,187
2026-08-18T11:06:30+00:00,AA:00:00:00:00:05,BB:00:00:00:00:01,-90,188
2026-08-18T11:06:40+00:00,AA:00:00:00:00:01,BB:00:00:00:00:01,-95,189
2026-08-18T11:06:40+00:00,AA:00:00:00:00:02,BB:00:00:00:00:01,-54,190
2026-08-18T11:06:40+00:00,AA:00:00:00:00:03,BB:00:00:00:00:01,-91,191
2026-08-18T11:06:40+00:00,AA:00:00:00:00:04,BB:00:00:00:00:01,-94,192
2026-08-18T11:06:40+00:00,AA:00:00:00:00:05,BB:00:00:00:00:01,-94,193
2026-08-18T11:06:50+00:00,AA:00:00:00:00:01,BB:00:00:00:00:01,-95,194
2026-08-18T11:06:50+00:00,AA:00:00:00:00:02,BB:00:00:00:00:01,-56,195
2026-08-18T11:06:50+00:00,AA:00:00:00:00:03,BB:00:00:00:00:01,-95,196
2026-08-18T11:06:50+00:00,AA:00:00:00:00:04,BB:00:00:00:00:01,-92,197
2026-08-18T11:06:50+00:00,AA:00:00:00:00:05,BB:00:00:00:00:01,-87,198
2026-08-18T11:07:00+00:00,AA:00:00:00:00:01,BB:00:00:00:00:01,-97,199
2026-08-18T11:07:00+00:00,AA:00:00:00:00:02,BB:00:00:00:00:01,-52,200
2026-08-18T11:07:00+00:00,AA:00:00:00:00:03,BB:00:00:00:00:01,-95,201
2026-08-18T11:07:00+00:00,AA:00:00:00:00:04,BB:00:00:00:00:01,-92,202
2026-08-18T11:07:00+00:00,AA:00:00:00:00:05,BB:00:00:00:00:01,-92,203
2026-08-18T11:07:10+00:00,AA:00:00:00:00:01,BB:00:00:00:00:01,-99,204
2026-08-18T11:07:10+00:00,AA:00:00:00:00:02,BB:00:00:00:00:01,-50,205
2026-08-18T11:07:10+00:00,AA:00:00:00:00:03,BB:00:00:00:00:01,-83,206
2026-08-18T11:07:10+00:00,AA:00:00:00:00:04,BB:00:00:00:00:01,-92,207
2026-08-18T11:07:10+00:00,AA:00:00:00:00:05,BB:00:00:00:00:01,-84,208
2026-08-18T11:07:20+00:00,AA:00:00:00:00:01,BB:00:00:00:00:01,-98,209
2026-08-18T11:07:20+00:00,AA:00:00:00:00:02,BB:00:00:00:00:01,-65,210
2026-08-18T11:07:20+00:00,AA:00:00:00:00:03,BB:00:00:00:00:01,-88,211
2026-08-18T11:07:20+00:00,AA:00:00:00:00:04,BB:00:00:00:00:01,-95,212
2026-08-18T11:07:20+00:00,AA:00:00:00:00:05,BB:00:00:00:00:01,-90,213
2026-08-18T11:07:30+00:00,AA:00:00:00:00:01,BB:00:00:00:00:01,-96,214
2026-08-18T11:07:30+00:00,AA:00:00:00:00:02,BB:00:00:00:00:01,-58,215
2026-08-18T11:07:30+00:00,AA:00:00:00:00:03,BB:00:00:00:00:01,-92,216
2026-08-18T11:07:30+00:00,AA:00:00:00:00:04,BB:00:00:00:00:01,-92,217
2026-08-18T11:07:30+00:00,AA:00:00:00:00:05,BB:00:00:00:00:01,-97,218
2026-08-18T11:07:40+00:00,AA:00:00:00:00:01,BB:00:00:00:00:01,-89,219
2026-08-18T11:07:40+00:00,AA:00:00:00:00:02,BB:00:00:00:00:01,-53,220
2026-08-18T11:07:40+00:00,AA:00:00:00:00:03,BB:00:00:00:00:01,-94,221
2026-08-18T11:07:40+00:00,AA:00:00:00:00:04,BB:00:00:00:00:01,-93,222
2026-08-18T11:07:40+00:00,AA:00:00:00:00:05,BB:00:00:00:00:01,-92,223
2026-08-18T11:07:50+00:00,AA:00:00:00:00:01,BB:00:00:00:00:01,-93,224
2026-08-18T11:07:50+00:00,AA:00:00:00:00:02,BB:00:00:00:00:01,-57,225
2026-08-18T11:07:50+00:00,AA:00:00:00:00:03,BB:00:00:00:00:01,-91,226
2026-08-18T11:07:50+00:00,AA:00:00:00:00:04,BB:00:00:00:00:01,-97,227
2026-08-18T11:07:50+00:00,AA:00:00:00:00:05,BB:00:00:00:00:01,-95,228
2026-08-18T11:08:00+00:00,AA:00:00:00:00:01,BB:00:00:00:00:01,-92,229
2026-08-18T11:08:00+00:00,AA:00:00:00:00:02,BB:00:00:00:00:01,-55,230
2026-08-18T11:08:00+00:00,AA:00:00:00:00:03,BB:00:00:00:00:01,-86,231
2026-08-18T11:08:00+00:00,AA:00:00:00:00:04,BB:00:00:00:00:01,-100,232
2026-08-18T11:08:00+00:00,AA:00:00:00:00:05,BB:00:00:00:00:01,-97,233
2026-08-18T11:08:10+00:00,AA:00:00:00:00:01,BB:00:00:00:00:01,-94,234
2026-08-18T11:08:10+00:00,AA:00:00:00:00:02,BB:00:00:00:00:01,-56,235
2026-08-18T11:08:10+00:00,AA:00:00:00:00:03,BB:00:00:00:00:01,-92,236
2026-08-18T11:08:10+00:00,AA:00:00:00:00:04,BB:00:00:00:00:01,-94,237
2026-08-18T11:08:10+00:00,AA:00:00:00:00:05,BB:00:00:00:00:01,-91,238
2026-08-18T11:08:20+00:00,AA:00:00:00:00:01,BB:00:00:00:00:01,-93,239
2026-08-18T11:08:20+00:00,AA:00:00:00:00:02,BB:00:00:00:00:01,-56,240
2026-08-18T11:08:20+00:00,AA:00:00:00:00:03,BB:00:00:00:00:01,-86,241
2026-08-18T11:08:20+00:00,AA:00:00:00:00:04,BB:00:00:00:00:01,-91,242
2026-08-18T11:08:20+00:00,AA:00:00:00:00:05,BB:00:00:00:00:01,-88,243
2026-08-18T11:08:30+00:00,AA:00:00:00:00:01,BB:00:00:00:00:01,-91,244
2026-08-18T11:08:30+00:00,AA:00:00:00:00:02,BB:00:00:00:00:01,-55,245
2026-08-18T11:08:30+00:00,AA:00:00:00:00:03,BB:00:00:00:00:01,-96,246
2026-08-18T11:08:30+00:00,AA:00:00:00:00:04,BB:00:00:00:00:01,-92,247
2026-08-18T11:08:30+00:00,AA:00:00:00:00:05,BB:00:00:00:00:01,-90,248
2026-08-18T11:08:40+00:00,AA:00:00:00:00:01,BB:00:00:00:00:01,-88,249
2026-08-18T11:08:40+00:00,AA:00:00:00:00:02,BB:00:00:00:00:01,-55,250
2026-08-18T11:08:40+00:00,AA:00:00:00:00:03,BB:00:00:00:00:01,-96,251
2026-08-18T11:08:40+00:00,AA:00:00:00:00:04,BB:00:00:00:00:01,-97,252
2026-08-18T11:08:40+00:00,AA:00:00:00:00:05,BB:00:00:00:00:01,-90,253
2026-08-18T11:08:50+00:00,AA:00:00:00:00:01,BB:00:00:00:00:01,-92,254
2026-08-18T11:08:50+00:00,AA:00:00:00:00:02,BB:00:00:00:00:01,-58,255
2026-08-18T11:08:50+00:00,AA:00:00:00:00:03,BB:00:00:00:00:01,-93,256
2026-08-18T11:08:50+00:00,AA:00:00:00:00:04,BB:00:00:00:00:01,-89,257
2026-08-18T11:08:50+00:00,AA:00:00:00:00:05,BB:00:00:00:00:01,-87,258
2026-08-18T11:09:00+00:00,AA:00:00:00:00:01,BB:00:00:00:00:01,-88,259
2026-08-18T11:09:00+00:00,AA:00:00:00:00:02,BB:00:00:00:00:01,-64,260
2026-08-18T11:09:00+00:00,AA:00:00:00:00:03,BB:00:00:00:00:01,-94,261
2026-08-18T11:09:00+00:00,AA:00:00:00:00:04,BB:00:00:00:00:01,-86,262
2026-08-18T11:09:00+00:00,AA:00:00:00:00:05,BB:00:00:00:00:01,-92,263
2026-08-18T11:09:10+00:00,AA:00:00:00:00:01,BB:00:00:00:00:01,-94,264
2026-08-18T11:09:10+00:00,AA:00:00:00:00:02,BB:00:00:00:00:01,-49,265
2026-08-18T11:09:10+00:00,AA:00:00:00:00:03,BB:00:00:00:00:01,-88,266
2026-08-18T11:09:10+00:00,AA:00:00:00:00:04,BB:00:00:00:00:01,-84,267
2026-08-18T11:09:10+00:00,AA:00:00:00:00:05,BB:00:00:00:00:01,-84,268
2026-08-18T11:09:20+00:00,AA:00:00:00:00:01,BB:00:00:00:00:01,-95,269
2026-08-18T11:09:20+00:00,AA:00:00:00:00:02,BB:00:00:00:00:01,-53,270
2026-08-18T11:09:20+00:00,AA:00:00:00:00:03,BB:00:00:00:00:01,-88,271
2026-08-18T11:09:20+00:00,AA:00:00:00:00:04,BB:00:00:00:00:01,-98,272
2026-08-18T11:09:20+00:00,AA:00:00:00:00:05,BB:00:00:00:00:01,-97,273
2026-08-18T11:09:30+00:00,AA:00:00:00:00:01,BB:00:00:00:00:01,-98,274
2026-08-18T11:09:30+00:00,AA:00:00:00:00:02,BB:00:00:00:00:01,-56,275
2026-08-18T11:09:30+00:00,AA:00:00:00:00:03,BB:00:00:00:00:01,-102,276
2026-08-18T11:09:30+00:00,AA:00:00:00:00:04,BB:00:00:00:00:01,-96,277
2026-08-18T11:09:30+00:00,AA:00:00:00:00:05,BB:00:00:00:00:01,-93,278
2026-08-18T11:09:40+00:00,AA:00:00:00:00:01,BB:00:00:00:00:01,-93,279
2026-08-18T11:09:40+00:00,AA:00:00:00:00:02,BB:00:00:00:00:01,-47,280
2026-08-18T11:09:40+00:00,AA:00:00:00:00:03,BB:00:00:00:00:01,-90,281
2026-08-18T11:09:40+00:00,AA:00:00:00:00:04,BB:00:00:00:00:01,-94,282
2026-08-18T11:09:40+00:00,AA:00:00:00:00:05,BB:00:00:00:00:01,-93,283
2026-08-18T11:09:50+00:00,AA:00:00:00:00:01,BB:00:00:00:00:01,-91,284
2026-08-18T11:09:50+00:00,AA:00:00:00:00:02,BB:00:00:00:00:01,-53,285
2026-08-18T11:09:50+00:00,AA:00:00:00:00:03,BB:00:00:00:00:01,-85,286
2026-08-18T11:09:50+00:00,AA:00:00:00:00:04,BB:00:00:00:00:01,-93,287
2026-08-18T11:09:50+00:00,AA:00:00:00:00:05,BB:00:00:00:00:01,-95,288
2026-08-18T11:10:00+00:00,AA:00:00:00:00:01,BB:00:00:00:00:01,-87,289
2026-08-18T11:10:00+00:00,AA:00:00:00:00:02,BB:00:00:00:00:01,-52,290
2026-08-18T11:10:00+00:00,AA:00:00:00:00:03,BB:00:00:00:00:01,-94,291
2026-08-18T11:10:00+00:00,AA:00:00:00:00:04,BB:00:00:00:00:01,-97,292
2026-08-18T11:10:00+00:00,AA:00:00:00:00:05,BB:00:00:00:00:01,-90,293
2026-08-18T11:10:10+00:00,AA:00:00:00:00:01,BB:00:00:00:00:01,-90,294
2026-08-18T11:10:10+00:00,AA:00:00:00:00:02,BB:00:00:00:00:01,-59,295
2026-08-18T11:10:10+00:00,AA:00:00:00:00:03,BB:00:00:00:00:01,-94,296
2026-08-18T11:10:10+00:00,AA:00:00:00:00:04,BB:00:00:00:00:01,-92,297
2026-08-18T11:10:10+00:00,AA:00:00:00:00:05,BB:00:00:00:00:01,-96,298
2026-08-18T11:10:20+00:00,AA:00:00:00:00:01,BB:00:00:00:00:01,-92,299
2026-08-18T11:10:20+00:00,AA:00:00:00:00:02,BB:00:00:00:00:01,-53,300
2026-08-18T11:10:20+00:00,AA:00:00:00:00:03,BB:00:00:00:00:01,-99,301
2026-08-18T11:10:20+00:00,AA:00:00:00:00:04,BB:00:00:00:00:01,-94,302
2026-08-18T11:10:30+00:00,AA:00:00:00:00:01,BB:00:00:00:00:01,-91,303
2026-08-18T11:10:30+00:00,AA:00:00:00:00:02,BB:00:00:00:00:01,-55,304
2026-08-18T11:10:30+00:00,AA:00:00:00:00:03,BB:00:00:00:00:01,-90,305
2026-08-18T11:10:30+00:00,AA:00:00:00:00:04,BB:00:00:00:00:01,-92,306
2026-08-18T11:10:30+00:00,AA:00:00:00:00:05,BB:00:00:00:00:01,-91,307
2026-08-18T11:10:40+00:00,AA:00:00:00:00:01,BB:00:00:00:00:01,-87,308
2026-08-18T11:10:40+00:00,AA:00:00:00:00:02,BB:00:00:00:00:01,-56,309
2026-08-18T11:10:40+00:00,AA:00:00:00:00:03,BB:00:00:00:00:01,-89,310
2026-08-18T11:10:40+00:00,AA:00:00:00:00:04,BB:00:00:00:00:01,-95,311
2026-08-18T11:10:40+00:00,AA:00:00:00:00:05,BB:00:00:00:00:01,-96,312
2026-08-18T11:10:50+00:00,AA:00:00:00:00:01,BB:00:00:00:00:01,-91,313
2026-08-18T11:10:50+00:00,AA:00:00:00:00:02,BB:00:00:00:00:01,-51,314
2026-08-18T11:10:50+00:00,AA:00:00:00:00:03,BB:00:00:00:00:01,-94,315
2026-08-18T11:10:50+00:00,AA:00:00:00:00:04,BB:00:00:00:00:01,-87,316
2026-08-18T11:10:50+00:00,AA:00:00:00:00:05,BB:00:00:00:00:01,-89,317
2026-08-18T11:11:00+00:00,AA:00:00:00:00:02,BB:00:00:00:00:01,-56,318
2026-08-18T11:11:00+00:00,AA:00:00:00:00:03,BB:00:00:00:00:01,-92,319
2026-08-18T11:11:00+00:00,AA:00:00:00:00:04,BB:00:00:00:00:01,-97,320
2026-08-18T11:11:00+00:00,AA:00:00:00:00:05,BB:00:00:00:00:01,-96,321
2026-08-18T11:11:10+00:00,AA:00:00:00:00:01,BB:00:00:00:00:01,-93,322
2026-08-18T11:11:10+00:00,AA:00:00:00:00:02,BB:00:00:00:00:01,-52,323
2026-08-18T11:11:10+00:00,AA:00:00:00:00:03,BB:00:00:00:00:01,-92,324
2026-08-18T11:11:10+00:00,AA:00:00:00:00:04,BB:00:00:00:00:01,-93,325
2026-08-18T11:11:10+00:00,AA:00:00:00:00:05,BB:00:00:00:00:01,-102,326
2026-08-18T11:11:20+00:00,AA:00:00:00:00:01,BB:00:00:00:00:01,-93,327
2026-08-18T11:11:20+00:00,AA:00:00:00:00:02,BB:00:00:00:00:01,-57,328
2026-08-18T11:11:20+00:00,AA:00:00:00:00:03,BB:00:00:00:00:01,-88,329
2026-08-18T11:11:20+00:00,AA:00:00:00:00:04,BB:00:00:00:00:01,-92,330
2026-08-18T11:11:20+00:00,AA:00:00:00:00:05,BB:00:00:00:00:01,-91,331
2026-08-18T11:11:30+00:00,AA:00:00:00:00:01,BB:00:00:00:00:01,-86,332
2026-08-18T11:11:30+00:00,AA:00:00:00:00:02,BB:00:00:00:00:01,-58,333
2026-08-18T11:11:30+00:00,AA:00:00:00:00:03,BB:00:00:00:00:01,-100,334
2026-08-18T11:11:30+00:00,AA:00:00:00:00:04,BB:00:00:00:00:01,-97,335
2026-08-18T11:11:30+00:00,AA:00:00:00:00:05,BB:00:00:00:00:01,-100,336
2026-08-18T11:11:40+00:00,AA:00:00:00:00:01,BB:00:00:00:00:01,-97,337
2026-08-18T11:11:40+00:00,AA:00:00:00:00:02,BB:00:00:00:00:01,-62,338
2026-08-18T11:11:40+00:00,AA:00:00:00:00:03,BB:00:00:00:00:01,-90,339
2026-08-18T11:11:40+00:00,AA:00:00:00:00:04,BB:00:00:00:00:01,-89,340
2026-08-18T11:11:40+00:00,AA:00:00:00:00:05,BB:00:00:00:00:01,-92,341
2026-08-18T11:11:50+00:00,AA:00:00:00:00:01,BB:00:00:00:00:01,-90,342
2026-08-18T11:11:50+00:00,AA:00:00:00:00:02,BB:00:00:00:00:01,-51,343
2026-08-18T11:11:50+00:00,AA:00:00:00:00:03,BB:00:00:00:00:01,-94,344
2026-08-18T11:11:50+00:00,AA:00:00:00:00:04,BB:00:00:00:00:01,-88,345
2026-08-18T11:11:50+00:00,AA:00:00:00:00:05,BB:00:00:00:00:01,-91,346
2026-08-18T11:12:00+00:00,AA:00:00:00:00:01,BB:00:00:00:00:01,-83,347
2026-08-18T11:12:00+00:00,AA:00:00:00:00:02,BB:00:00:00:00:01,-49,348
2026-08-18T11:12:00+00:00,AA:00:00:00:00:03,BB:00:00:00:00:01,-77,349
2026-08-18T11:12:00+00:00,AA:00:00:00:00:04,BB:00:00:00:00:01,-97,350
2026-08-18T11:12:00+00:00,AA:00:00:00:00:05,BB:00:00:00:00:01,-85,351
2026-08-18T11:12:10+00:00,AA:00:00:00:00:01,BB:00:00:00:00:01,-90,352
2026-08-18T11:12:10+00:00,AA:00:00:00:00:02,BB:00:00:00:00:01,-53,353
2026-08-18T11:12:10+00:00,AA:00:00:00:00:03,BB:00:00:00:00:01,-93,354
2026-08-18T11:12:10+00:00,AA:00:00:00:00:04,BB:00:00:00:00:01,-94,355
2026-08-18T11:12:10+00:00,AA:00:00:00:00:05,BB:00:00:00:00:01,-92,356
2026-08-18T11:12:20+00:00,AA:00:00:00:00:01,BB:00:00:00:00:01,-96,357
2026-08-18T11:12:20+00:00,AA:00:00:00:00:02,BB:00:00:00:00:01,-62,358
2026-08-18T11:12:20+00:00,AA:00:00:00:00:03,BB:00:00:00:00:01,-94,359
2026-08-18T11:12:20+00:00,AA:00:00:00:00:04,BB:00:00:00:00:01,-83,360
2026-08-18T11:12:20+00:00,AA:00:00:00:00:05,BB:00:00:00:00:01,-95,361
2026-08-18T11:12:30+00:00,AA:00:00:00:00:03,BB:00:00:00:00:01,-89,362
2026-08-18T11:12:30+00:00,AA:00:00:00:00:04,BB:00:00:00:00:01,-96,363
2026-08-18T11:12:30+00:00,AA:00:00:00:00:05,BB:00:00:00:00:01,-93,364
2026-08-18T11:12:40+00:00,AA:00:00:00:00:01,BB:00:00:00:00:01,-92,365
2026-08-18T11:12:40+00:00,AA:00:00:00:00:02,BB:00:00:00:00:01,-61,366
2026-08-18T11:12:40+00:00,AA:00:00:00:00:03,BB:00:00:00:00:01,-101,367
2026-08-18T11:12:40+00:00,AA:00:00:00:00:04,BB:00:00:00:00:01,-95,368
2026-08-18T11:12:40+00:00,AA:00:00:00:00:05,BB:00:00:00:00:01,-84,369
2026-08-18T11:12:50+00:00,AA:00:00:00:00:01,BB:00:00:00:00:01,-85,370
2026-08-18T11:12:50+00:00,AA:00:00:00:00:02,BB:00:00:00:00:01,-52,371
2026-08-18T11:12:50+00:00,AA:00:00:00:00:03,BB:00:00:00:00:01,-88,372
2026-08-18T11:12:50+00:00,AA:00:00:00:00:04,BB:00:00:00:00:01,-83,373
2026-08-18T11:12:50+00:00,AA:00:00:00:00:05,BB:00:00:00:00:01,-92,374
2026-08-18T11:13:00+00:00,AA:00:00:00:00:01,BB:00:00:00:00:01,-90,375
2026-08-18T11:13:00+00:00,AA:00:00:00:00:02,BB:00:00:00:00:01,-96,376
2026-08-18T11:13:00+00:00,AA:00:00:00:00:04,BB:00:00:00:00:01,-84,377
2026-08-18T11:13:00+00:00,AA:00:00:00:00:05,BB:00:00:00:00:01,-96,378
2026-08-18T11:13:10+00:00,AA:00:00:00:00:01,BB:00:00:00:00:01,-93,379
2026-08-18T11:13:10+00:00,AA:00:00:00:00:02,BB:00:00:00:00:01,-86,380
2026-08-18T11:13:10+00:00,AA:00:00:00:00:03,BB:00:00:00:00:01,-60,381
2026-08-18T11:13:10+00:00,AA:00:00:00:00:04,BB:00:00:00:00:01,-100,382
2026-08-18T11:13:10+00:00,AA:00:00:00:00:05,BB:00:00:00:00:01,-87,383
2026-08-18T11:13:20+00:00,AA:00:00:00:00:01,BB:00:00:00:00:01,-93,384
2026-08-18T11:13:20+00:00,AA:00:00:00:00:03,BB:00:00:00:00:01,-57,385
2026-08-18T11:13:20+00:00,AA:00:00:00:00:04,BB:00:00:00:00:01,-92,386
2026-08-18T11:13:20+00:00,AA:00:00:00:00:05,BB:00:00:00:00:01,-97,387
2026-08-18T11:13:30+00:00,AA:00:00:00:00:01,BB:00:00:00:00:01,-94,388
2026-08-18T11:13:30+00:00,AA:00:00:00:00:02,BB:00:00:00:00:01,-90,389
2026-08-18T11:13:30+00:00,AA:00:00:00:00:03,BB:00:00:00:00:01,-49,390
2026-08-18T11:13:30+00:00,AA:00:00:00:00:04,BB:00:00:00:00:01,-92,391
2026-08-18T11:13:30+00:00,AA:00:00:00:00:05,BB:00:00:00:00:01,-93,392
2026-08-18T11:13:40+00:00,AA:00:00:00:00:01,BB:00:00:00:00:01,-91,393
2026-08-18T11:13:40+00:00,AA:00:00:00:00:02,BB:00:00:00:00:01,-96,394
2026-08-18T11:13:40+00:00,AA:00:00:00:00:03,BB:00:00:00:00:01,-50,395
2026-08-18T11:13:40+00:00,AA:00:00:00:00:04,BB:00:00:00:00:01,-93,396
2026-08-18T11:13:40+00:00,AA:00:00:00:00:05,BB:00:00:00:00:01,-99,397
2026-08-18T11:13:50+00:00,AA:00:00:00:00:01,BB:00:00:00:00:01,-96,398
2026-08-18T11:13:50+00:00,AA:00:00:00:00:02,BB:00:00:00:00:01,-96,399
2026-08-18T11:13:50+00:00,AA:00:00:00:00:03,BB:00:00:00:00:01,-56,400
2026-08-18T11:13:50+00:00,AA:00:00:00:00:04,BB:00:00:00:00:01,-93,401
2026-08-18T11:13:50+00:00,AA:00:00:00:00:05,BB:00:00:00:00:01,-94,402
2026-08-18T11:14:00+00:00,AA:00:00:00:00:01,BB:00:00:00:00:01,-95,403
2026-08-18T11:14:00+00:00,AA:00:00:00:00:02,BB:00:00:00:00:01,-87,404
2026-08-18T11:14:00+00:00,AA:00:00:00:00:03,BB:00:00:00:00:01,-50,405
2026-08-18T11:14:00+00:00,AA:00:00:00:00:04,BB:00:00:00:00:01,-98,406
2026-08-18T11:14:00+00:00,AA:00:00:00:00:05,BB:00:00:00:00:01,-93,407
2026-08-18T11:14:10+00:00,AA:00:00:00:00:01,BB:00:00:00:00:01,-99,408
2026-08-18T11:14:10+00:00,AA:00:00:00:00:02,BB:00:00:00:00:01,-87,409
2026-08-18T11:14:10+00:00,AA:00:00:00:00:04,BB:00:00:00:00:01,-92,410
2026-08-18T11:14:10+00:00,AA:00:00:00:00:05,BB:00:00:00:00:01,-96,411
2026-08-18T11:14:20+00:00,AA:00:00:00:00:01,BB:00:00:00:00:01,-89,412
2026-08-18T11:14:20+00:00,AA:00:00:00:00:02,BB:00:00:00:00:01,-95,413
2026-08-18T11:14:20+00:00,AA:00:00:00:00:03,BB:00:00:00:00:01,-48,414
2026-08-18T11:14:20+00:00,AA:00:00:00:00:04,BB:00:00:00:00:01,-90,415
2026-08-18T11:14:20+00:00,AA:00:00:00:00:05,BB:00:00:00:00:01,-89,416
2026-08-18T11:14:30+00:00,AA:00:00:00:00:01,BB:00:00:00:00:01,-88,417
2026-08-18T11:14:30+00:00,AA:00:00:00:00:02,BB:00:00:00:00:01,-91,418
2026-08-18T11:14:30+00:00,AA:00:00:00:00:03,BB:00:00:00:00:01,-54,419
2026-08-18T11:14:30+00:00,AA:00:00:00:00:04,BB:00:00:00:00:01,-91,420
2026-08-18T11:14:30+00:00,AA:00:00:00:00:05,BB:00:00:00:00:01,-83,421
2026-08-18T11:14:40+00:00,AA:00:00:00:00:01,BB:00:00:00:00:01,-92,422
2026-08-18T11:14:40+00:00,AA:00:00:00:00:02,BB:00:00:00:00:01,-89,423
2026-08-18T11:14:40+00:00,AA:00:00:00:00:03,BB:00:00:00:00:01,-50,424
2026-08-18T11:14:40+00:00,AA:00:00:00:00:04,BB:00:00:00:00:01,-96,425
2026-08-18T11:14:40+00:00,AA:00:00:00:00:05,BB:00:00:00:00:01,-95,426
2026-08-18T11:14:50+00:00,AA:00:00:00:00:01,BB:00:00:00:00:01,-88,427
2026-08-18T11:14:50+00:00,AA:00:00:00:00:02,BB:00:00:00:00:01,-92,428
2026-08-18T11:14:50+00:00,AA:00:00:00:00:03,BB:00:00:00:00:01,-47,429
2026-08-18T11:14:50+00:00,AA:00:00:00:00:04,BB:00:00:00:00:01,-95,430
2026-08-18T11:14:50+00:00,AA:00:00:00:00:05,BB:00:00:00:00:01,-92,431
2026-08-18T11:15:00+00:00,AA:00:00:00:00:02,BB:00:00:00:00:01,-92,432
2026-08-18T11:15:00+00:00,AA:00:00:00:00:03,BB:00:00:00:00:01,-56,433
2026-08-18T11:15:00+00:00,AA:00:00:00:00:04,BB:00:00:00:00:01,-87,434
2026-08-18T11:15:00+00:00,AA:00:00:00:00:05,BB:00:00:00:00:01,-87,435
2026-08-18T11:15:10+00:00,AA:00:00:00:00:01,BB:00:00:00:00:01,-90,436
2026-08-18T11:15:10+00:00,AA:00:00:00:00:02,BB:00:00:00:00:01,-94,437
2026-08-18T11:15:10+00:00,AA:00:00:00:00:03,BB:00:00:00:00:01,-48,438
2026-08-18T11:15:10+00:00,AA:00:00:00:00:04,BB:00:00:00:00:01,-96,439
2026-08-18T11:15:10+00:00,AA:00:00:00:00:05,BB:00:00:00:00:01,-96,440
2026-08-18T11:15:20+00:00,AA:00:00:00:00:01,BB:00:00:00:00:01,-96,441
2026-08-18T11:15:20+00:00,AA:00:00:00:00:02,BB:00:00:00:00:01,-98,442
2026-08-18T11:15:20+00:00,AA:00:00:00:00:03,BB:00:00:00:00:01,-57,443
2026-08-18T11:15:20+00:00,AA:00:00:00:00:04,BB:00:00:00:00:01,-95,444
2026-08-18T11:15:20+00:00,AA:00:00:00:00:05,BB:00:00:00:00:01,-92,445
2026-08-18T11:15:30+00:00,AA:00:00:00:00:01,BB:00:00:00:00:01,-94,446
2026-08-18T11:15:30+00:00,AA:00:00:00:00:02,BB:00:00:00:00:01,-91,447
2026-08-18T11:15:30+00:00,AA:00:00:00:00:04,BB:00:00:00:00:01,-101,448
2026-08-18T11:15:30+00:00,AA:00:00:00:00:05,BB:00:00:00:00:01,-94,449
2026-08-18T11:15:40+00:00,AA:00:00:00:00:01,BB:00:00:00:00:01,-90,450
2026-08-18T11:15:40+00:00,AA:00:00:00:00:02,BB:00:00:00:00:01,-96,451
2026-08-18T11:15:40+00:00,AA:00:00:00:00:03,BB:00:00:00:00:01,-56,452
2026-08-18T11:15:40+00:00,AA:00:00:00:00:04,BB:00:00:00:00:01,-90,453
2026-08-18T11:15:40+00:00,AA:00:00:00:00:05,BB:00:00:00:00:01,-84,454
2026-08-18T11:15:50+00:00,AA:00:00:00:00:02,BB:00:00:00:00:01,-85,455
2026-08-18T11:15:50+00:00,AA:00:00:00:00:03,BB:00:00:00:00:01,-56,456
2026-08-18T11:15:50+00:00,AA:00:00:00:00:04,BB:00:00:00:00:01,-87,457
2026-08-18T11:15:50+00:00,AA:00:00:00:00:05,BB:00:00:00:00:01,-92,458
2026-08-18T11:16:00+00:00,AA:00:00:00:00:01,BB:00:00:00:00:01,-94,459
2026-08-18T11:16:00+00:00,AA:00:00:00:00:02,BB:00:00:00:00:01,-97,460
2026-08-18T11:16:00+00:00,AA:00:00:00:00:03,BB:00:00:00:00:01,-53,461
2026-08-18T11:16:00+00:00,AA:00:00:00:00:04,BB:00:00:00:00:01,-90,462
2026-08-18T11:16:00+00:00,AA:00:00:00:00:05,BB:00:00:00:00:01,-100,463
2026-08-18T11:16:10+00:00,AA:00:00:00:00:01,BB:00:00:00:00:01,-95,464
2026-08-18T11:16:10+00:00,AA:00:00:00:00:02,BB:00:00:00:00:01,-88,465
2026-08-18T11:16:10+00:00,AA:00:00:00:00:03,BB:00:00:00:00:01,-63,466
2026-08-18T11:16:10+00:00,AA:00:00:00:00:04,BB:00:00:00:00:01,-86,467
2026-08-18T11:16:10+00:00,AA:00:00:00:00:05,BB:00:00:00:00:01,-85,468
2026-08-18T11:16:20+00:00,AA:00:00:00:00:01,BB:00:00:00:00:01,-85,469
2026-08-18T11:16:20+00:00,AA:00:00:00:00:02,BB:00:00:00:00:01,-87,470
2026-08-18T11:16:20+00:00,AA:00:00:00:00:03,BB:00:00:00:00:01,-58,471
2026-08-18T11:16:20+00:00,AA:00:00:00:00:04,BB:00:00:00:00:01,-98,472
2026-08-18T11:16:20+00:00,AA:00:00:00:00:05,BB:00:00:00:00:01,-92,473
2026-08-18T11:16:30+00:00,AA:00:00:00:00:01,BB:00:00:00:00:01,-94,474
2026-08-18T11:16:30+00:00,AA:00:00:00:00:02,BB:00:00:00:00:01,-96,475
2026-08-18T11:16:30+00:00,AA:00:00:00:00:03,BB:00:00:00:00:01,-55,476
2026-08-18T11:16:30+00:00,AA:00:00:00:00:04,BB:00:00:00:00:01,-95,477
2026-08-18T11:16:30+00:00,AA:00:00:00:00:05,BB:00:00:00:00:01,-89,478
2026-08-18T11:16:40+00:00,AA:00:00:00:00:01,BB:00:00:00:00:01,-87,479
2026-08-18T11:16:40+00:00,AA:00:00:00:00:03,BB:00:00:00:00:01,-58,480
2026-08-18T11:16:40+00:00,AA:00:00:00:00:04,BB:00:00:00:00:01,-89,481
2026-08-18T11:16:40+00:00,AA:00:00:00:00:05,BB:00:00:00:00:01,-89,482
2026-08-18T11:16:50+00:00,AA:00:00:00:00:01,BB:00:00:00:00:01,-96,483
2026-08-18T11:16:50+00:00,AA:00:00:00:00:02,BB:00:00:00:00:01,-93,484
2026-08-18T11:16:50+00:00,AA:00:00:00:00:03,BB:00:00:00:00:01,-55,485
2026-08-18T11:16:50+00:00,AA:00:00:00:00:04,BB:00:00:00:00:01,-88,486
2026-08-18T11:16:50+00:00,AA:00:00:00:00:05,BB:00:00:00:00:01,-88,487
2026-08-18T11:17:00+00:00,AA:00:00:00:00:01,BB:00:00:00:00:01,-91,488
2026-08-18T11:17:00+00:00,AA:00:00:00:00:02,BB:00:00:00:00:01,-89,489
2026-08-18T11:17:00+00:00,AA:00:00:00:00:03,BB:00:00:00:00:01,-50,490
2026-08-18T11:17:00+00:00,AA:00:00:00:00:04,BB:00:00:00:00:01,-85,491
2026-08-18T11:17:00+00:00,AA:00:00:00:00:05,BB:00:00:00:00:01,-91,492
2026-08-18T11:17:10+00:00,AA:00:00:00:00:01,BB:00:00:00:00:01,-90,493
2026-08-18T11:17:10+00:00,AA:00:00:00:00:02,BB:00:00:00:00:01,-92,494
2026-08-18T11:17:10+00:00,AA:00:00:00:00:03,BB:00:00:00:00:01,-56,495
2026-08-18T11:17:10+00:00,AA:00:00:00:00:04,BB:00:00:00:00:01,-92,496
2026-08-18T11:17:10+00:00,AA:00:00:00:00:05,BB:00:00:00:00:01,-88,497
2026-08-18T11:17:20+00:00,AA:00:00:00:00:01,BB:00:00:00:00:01,-92,498
2026-08-18T11:17:20+00:00,AA:00:00:00:00:02,BB:00:00:00:00:01,-97,499
2026-08-18T11:17:20+00:00,AA:00:00:00:00:03,BB:00:00:00:00:01,-54,500
2026-08-18T11:17:20+00:00,AA:00:00:00:00:04,BB:00:00:00:00:01,-97,501
2026-08-18T11:17:20+00:00,AA:00:00:00:00:05,BB:00:00:00:00:01,-91,502
2026-08-18T11:17:30+00:00,AA:00:00:00:00:01,BB:00:00:00:00:01,-92,503
2026-08-18T11:17:30+00:00,AA:00:00:00:00:02,BB:00:00:00:00:01,-96,504
2026-08-18T11:17:30+00:00,AA:00:00:00:00:03,BB:00:00:00:00:01,-56,505
2026-08-18T11:17:30+00:00,AA:00:00:00:00:04,BB:00:00:00:00:01,-96,506
2026-08-18T11:17:30+00:00,AA:00:00:00:00:05,BB:00:00:00:00:01,-91,507
2026-08-18T11:17:40+00:00,AA:00:00:00:00:01,BB:00:00:00:00:01,-91,508
2026-08-18T11:17:40+00:00,AA:00:00:00:00:02,BB:00:00:00:00:01,-93,509
2026-08-18T11:17:40+00:00,AA:00:00:00:00:03,BB:00:00:00:00:01,-52,510
2026-08-18T11:17:40+00:00,AA:00:00:00:00:04,BB:00:00:00:00:01,-91,511
2026-08-18T11:17:40+00:00,AA:00:00:00:00:05,BB:00:00:00:00:01,-98,512
2026-08-18T11:17:50+00:00,AA:00:00:00:00:01,BB:00:00:00:00:01,-80,513
2026-08-18T11:17:50+00:00,AA:00:00:00:00:02,BB:00:00:00:00:01,-93,514
2026-08-18T11:17:50+00:00,AA:00:00:00:00:03,BB:00:00:00:00:01,-56,515
2026-08-18T11:17:50+00:00,AA:00:00:00:00:04,BB:00:00:00:00:01,-96,516
2026-08-18T11:17:50+00:00,AA:00:00:00:00:05,BB:00:00:00:00:01,-98,517
2026-08-18T11:18:00+00:00,AA:00:00:00:00:01,BB:00:00:00:00:01,-95,518
2026-08-18T11:18:00+00:00,AA:00:00:00:00:02,BB:00:00:00:00:01,-91,519
2026-08-18T11:18:00+00:00,AA:00:00:00:00:03,BB:00:00:00:00:01,-57,520
2026-08-18T11:18:00+00:00,AA:00:00:00:00:04,BB:00:00:00:00:01,-91,521
2026-08-18T11:18:00+00:00,AA:00:00:00:00:05,BB:00:00:00:00:01,-94,522
2026-08-18T11:18:10+00:00,AA:00:00:00:00:01,BB:00:00:00:00:01,-90,523
2026-08-18T11:18:10+00:00,AA:00:00:00:00:02,BB:00:00:00:00:01,-91,524
2026-08-18T11:18:10+00:00,AA:00:00:00:00:03,BB:00:00:00:00:01,-57,525
2026-08-18T11:18:10+00:00,AA:00:00:00:00:04,BB:00:00:00:00:01,-90,526
2026-08-18T11:18:10+00:00,AA:00:00:00:00:05,BB:00:00:00:00:01,-97,527
2026-08-18T11:18:20+00:00,AA:00:00:00:00:01,BB:00:00:00:00:01,-93,528
2026-08-18T11:18:20+00:00,AA:00:00:00:00:02,BB:00:00:00:00:01,-90,529
2026-08-18T11:18:20+00:00,AA:00:00:00:00:03,BB:00:00:00:00:01,-55,530
2026-08-18T11:18:20+00:00,AA:00:00:00:00:04,BB:00:00:00:00:01,-100,531
2026-08-18T11:18:20+00:00,AA:00:00:00:00:05,BB:00:00:00:00:01,-95,532
2026-08-18T11:18:30+00:00,AA:00:00:00:00:01,BB:00:00:00:00:01,-94,533
2026-08-18T11:18:30+00:00,AA:00:00:00:00:02,BB:00:00:00:00:01,-94,534
2026-08-18T11:18:30+00:00,AA:00:00:00:00:03,BB:00:00:00:00:01,-57,535
2026-08-18T11:18:30+00:00,AA:00:00:00:00:04,BB:00:00:00:00:01,-97,536
2026-08-18T11:18:30+00:00,AA:00:00:00:00:05,BB:00:00:00:00:01,-87,537
2026-08-18T11:18:40+00:00,AA:00:00:00:00:01,BB:00:00:00:00:01,-86,538
2026-08-18T11:18:40+00:00,AA:00:00:00:00:02,BB:00:00:00:00:01,-101,539
2026-08-18T11:18:40+00:00,AA:00:00:00:00:03,BB:00:00:00:00:01,-56,540
2026-08-18T11:18:40+00:00,AA:00:00:00:00:04,BB:00:00:00:00:01,-93,541
2026-08-18T11:18:40+00:00,AA:00:00:00:00:05,BB:00:00:00:00:01,-92,542
2026-08-18T11:18:50+00:00,AA:00:00:00:00:01,BB:00:00:00:00:01,-89,543
2026-08-18T11:18:50+00:00,AA:00:00:00:00:02,BB:00:00:00:00:01,-92,544
2026-08-18T11:18:50+00:00,AA:00:00:00:00:03,BB:00:00:00:00:01,-55,545
2026-08-18T11:18:50+00:00,AA:00:00:00:00:04,BB:00:00:00:00:01,-94,546
2026-08-18T11:18:50+00:00,AA:00:00:00:00:05,BB:00:00:00:00:01,-91,547
2026-08-18T11:19:00+00:00,AA:00:00:00:00:01,BB:00:00:00:00:01,-92,548
2026-08-18T11:19:00+00:00,AA:00:00:00:00:02,BB:00:00:00:00:01,-95,549
2026-08-18T11:19:00+00:00,AA:00:00:00:00:03,BB:00:00:00:00:01,-59,550
2026-08-18T11:19:00+00:00,AA:00:00:00:00:04,BB:00:00:00:00:01,-87,551
2026-08-18T11:19:00+00:00,AA:00:00:00:00:05,BB:00:00:00:00:01,-91,552
2026-08-18T11:19:10+00:00,AA:00:00:00:00:01,BB:00:00:00:00:01,-91,553
2026-08-18T11:19:10+00:00,AA:00:00:00:00:02,BB:00:00:00:00:01,-93,554
2026-08-18T11:19:10+00:00,AA:00:00:00:00:03,BB:00:00:00:00:01,-58,555
2026-08-18T11:19:10+00:00,AA:00:00:00:00:04,BB:00:00:00:00:01,-95,556
2026-08-18T11:19:10+00:00,AA:00:00:00:00:05,BB:00:00:00:00:01,-91,557
2026-08-18T11:19:20+00:00,AA:00:00:00:00:01,BB:00:00:00:00:01,-95,558
2026-08-18T11:19:20+00:00,AA:00:00:00:00:02,BB:00:00:00:00:01,-91,559
2026-08-18T11:19:20+00:00,AA:00:00:00:00:03,BB:00:00:00:00:01,-56,560
2026-08-18T11:19:20+00:00,AA:00:00:00:00:04,BB:00:00:00:00:01,-93,561
2026-08-18T11:19:20+00:00,AA:00:00:00:00:05,BB:00:00:00:00:01,-89,562
2026-08-18T11:19:30+00:00,AA:00:00:00:00:01,BB:00:00:00:00:01,-92,563
2026-08-18T11:19:30+00:00,AA:00:00:00:00:02,BB:00:00:00:00:01,-92,564
2026-08-18T11:19:30+00:00,AA:00:00:00:00:03,BB:00:00:00:00:01,-51,565
2026-08-18T11:19:30+00:00,AA:00:00:00:00:04,BB:00:00:00:00:01,-90,566
2026-08-18T11:19:30+00:00,AA:00:00:00:00:05,BB:00:00:00:00:01,-89,567
2026-08-18T11:19:40+00:00,AA:00:00:00:00:01,BB:00:00:00:00:01,-88,568
2026-08-18T11:19:40+00:00,AA:00:00:00:00:02,BB:00:00:00:00:01,-98,569
2026-08-18T11:19:40+00:00,AA:00:00:00:00:03,BB:00:00:00:00:01,-54,570
2026-08-18T11:19:40+00:00,AA:00:00:00:00:04,BB:00:00:00:00:01,-92,571
2026-08-18T11:19:40+00:00,AA:00:00:00:00:05,BB:00:00:00:00:01,-97,572
2026-08-18T11:19:50+00:00,AA:00:00:00:00:01,BB:00:00:00:00:01,-94,573
2026-08-18T11:19:50+00:00,AA:00:00:00:00:02,BB:00:00:00:00:01,-91,574
2026-08-18T11:19:50+00:00,AA:00:00:00:00:03,BB:00:00:00:00:01,-54,575
2026-08-18T11:19:50+00:00,AA:00:00:00:00:04,BB:00:00:00:00:01,-98,576
2026-08-18T11:19:50+00:00,AA:00:00:00:00:05,BB:00:00:00:00:01,-97,577
2026-08-18T11:20:00+00:00,AA:00:00:00:00:01,BB:00:00:00:00:01,-90,578
2026-08-18T11:20:00+00:00,AA:00:00:00:00:02,BB:00:00:00:00:01,-94,579
2026-08-18T11:20:00+00:00,AA:00:00:00:00:03,BB:00:00:00:00:01,-58,580
2026-08-18T11:20:00+00:00,AA:00:00:00:00:04,BB:00:00:00:00:01,-90,581
2026-08-18T11:20:00+00:00,AA:00:00:00:00:05,BB:00:00:00:00:01,-90,582
2026-08-18T11:20:10+00:00,AA:00:00:00:00:01,BB:00:00:00:00:01,-88,583
2026-08-18T11:20:10+00:00,AA:00:00:00:00:02,BB:00:00:00:00:01,-89,584
2026-08-18T11:20:10+00:00,AA:00:00:00:00:03,BB:00:00:00:00:01,-57,585
2026-08-18T11:20:10+00:00,AA:00:00:00:00:04,BB:00:00:00:00:01,-91,586
2026-08-18T11:20:10+00:00,AA:00:00:00:00:05,BB:00:00:00:00:01,-95,587
2026-08-18T11:20:20+00:00,AA:00:00:00:00:01,BB:00:00:00:00:01,-97,588
2026-08-18T11:20:20+00:00,AA:00:00:00:00:02,BB:00:00:00:00:01,-96,589
2026-08-18T11:20:20+00:00,AA:00:00:00:00:03,BB:00:00:00:00:01,-54,590
2026-08-18T11:20:20+00:00,AA:00:00:00:00:04,BB:00:00:00:00:01,-97,591
2026-08-18T11:20:20+00:00,AA:00:00:00:00:05,BB:00:00:00:00:01,-101,592
2026-08-18T11:20:30+00:00,AA:00:00:00:00:01,BB:00:00:00:00:01,-89,593
2026-08-18T11:20:30+00:00,AA:00:00:00:00:02,BB:00:00:00:00:01,-98,594
2026-08-18T11:20:30+00:00,AA:00:00:00:00:03,BB:00:00:00:00:01,-61,595
2026-08-18T11:20:30+00:00,AA:00:00:00:00:04,BB:00:00:00:00:01,-88,596
2026-08-18T11:20:30+00:00,AA:00:00:00:00:05,BB:00:00:00:00:01,-90,597
2026-08-18T11:20:40+00:00,AA:00:00:00:00:01,BB:00:00:00:00:01,-88,598
2026-08-18T11:20:40+00:00,AA:00:00:00:00:02,BB:00:00:00:00:01,-90,599
2026-08-18T11:20:40+00:00,AA:00:00:00:00:03,BB:00:00:00:00:01,-48,600
2026-08-18T11:20:40+00:00,AA:00:00:00:00:04,BB:00:00:00:00:01,-89,601
2026-08-18T11:20:40+00:00,AA:00:00:00:00:05,BB:00:00:00:00:01,-89,602
2026-08-18T11:20:50+00:00,AA:00:00:00:00:01,BB:00:00:00:00:01,-96,603
2026-08-18T11:20:50+00:00,AA:00:00:00:00:02,BB:00:00:00:00:01,-99,604
2026-08-18T11:20:50+00:00,AA:00:00:00:00:03,BB:00:00:00:00:01,-57,605
2026-08-18T11:20:50+00:00,AA:00:00:00:00:04,BB:00:00:00:00:01,-90,606
2026-08-18T11:20:50+00:00,AA:00:00:00:00:05,BB:00:00:00:00:01,-97,607
2026-08-18T11:21:00+00:00,AA:00:00:00:00:01,BB:00:00:00:00:01,-91,608
2026-08-18T11:21:00+00:00,AA:00:00:00:00:02,BB:00:00:00:00:01,-91,609
2026-08-18T11:21:00+00:00,AA:00:00:00:00:03,BB:00:00:00:00:01,-59,610
2026-08-18T11:21:00+00:00,AA:00:00:00:00:04,BB:00:00:00:00:01,-87,611
2026-08-18T11:21:00+00:00,AA:00:00:00:00:05,BB:00:00:00:00:01,-92,612
2026-08-18T11:21:10+00:00,AA:00:00:00:00:01,BB:00:00:00:00:01,-88,613
2026-08-18T11:21:10+00:00,AA:00:00:00:00:02,BB:00:00:00:00:01,-90,614
2026-08-18T11:21:10+00:00,AA:00:00:00:00:03,BB:00:00:00:00:01,-52,615
2026-08-18T11:21:10+00:00,AA:00:00:00:00:04,BB:00:00:00:00:01,-95,616
2026-08-18T11:21:10+00:00,AA:00:00:00:00:05,BB:00:00:00:00:01,-87,617
2026-08-18T11:21:20+00:00,AA:00:00:00:00:01,BB:00:00:00:00:01,-90,618
2026-08-18T11:21:20+00:00,AA:00:00:00:00:02,BB:00:00:00:00:01,-91,619
2026-08-18T11:21:20+00:00,AA:00:00:00:00:03,BB:00:00:00:00:01,-56,620
2026-08-18T11:21:20+00:00,AA:00:00:00:00:04,BB:00:00:00:00:01,-98,621
2026-08-18T11:21:20+00:00,AA:00:00:00:00:05,BB:00:00:00:00:01,-95,622
2026-08-18T11:21:30+00:00,AA:00:00:00:00:01,BB:00:00:00:00:01,-87,623
2026-08-18T11:21:30+00:00,AA:00:00:00:00:02,BB:00:00:00:00:01,-86,624
2026-08-18T11:21:30+00:00,AA:00:00:00:00:03,BB:00:00:00:00:01,-56,625
2026-08-18T11:21:30+00:00,AA:00:00:00:00:04,BB:00:00:00:00:01,-89,626
2026-08-18T11:21:30+00:00,AA:00:00:00:00:05,BB:00:00:00:00:01,-93,627
2026-08-18T11:21:40+00:00,AA:00:00:00:00:01,BB:00:00:00:00:01,-90,628
2026-08-18T11:21:40+00:00,AA:00:00:00:00:02,BB:00:00:00:00:01,-97,629
2026-08-18T11:21:40+00:00,AA:00:00:00:00:03,BB:00:00:00:00:01,-57,630
2026-08-18T11:21:40+00:00,AA:00:00:00:00:04,BB:00:00:00:00:01,-96,631
2026-08-18T11:21:40+00:00,AA:00:00:00:00:05,BB:00:00:00:00:01,-94,632
2026-08-18T11:21:50+00:00,AA:00:00:00:00:01,BB:00:00:00:00:01,-89,633
2026-08-18T11:21:50+00:00,AA:00:00:00:00:02,BB:00:00:00:00:01,-88,634
2026-08-18T11:21:50+00:00,AA:00:00:00:00:03,BB:00:00:00:00:01,-56,635
2026-08-18T11:21:50+00:00,AA:00:00:00:00:04,BB:00:00:00:00:01,-85,636
2026-08-18T11:21:50+00:00,AA:00:00:00:00:05,BB:00:00:00:00:01,-88,637
2026-08-18T11:22:00+00:00,AA:00:00:00:00:01,BB:00:00:00:00:01,-88,638
2026-08-18T11:22:00+00:00,AA:00:00:00:00:02,BB:00:00:00:00:01,-99,639
2026-08-18T11:22:00+00:00,AA:00:00:00:00:03,BB:00:00:00:00:01,-55,640
2026-08-18T11:22:00+00:00,AA:00:00:00:00:04,BB:00:00:00:00:01,-94,641
2026-08-18T11:22:00+00:00,AA:00:00:00:00:05,BB:00:00:00:00:01,-89,642
2026-08-18T11:22:10+00:00,AA:00:00:00:00:01,BB:00:00:00:00:01,-98,643
2026-08-18T11:22:10+00:00,AA:00:00:00:00:02,BB:00:00:00:00:01,-96,644
2026-08-18T11:22:10+00:00,AA:00:00:00:00:03,BB:00:00:00:00:01,-53,645
2026-08-18T11:22:10+00:00,AA:00:00:00:00:04,BB:00:00:00:00:01,-95,646
2026-08-18T11:22:10+00:00,AA:00:00:00:00:05,BB:00:00:00:00:01,-91,647
2026-08-18T11:22:20+00:00,AA:00:00:00:00:01,BB:00:00:00:00:01,-95,648
2026-08-18T11:22:20+00:00,AA:00:00:00:00:02,BB:00:00:00:00:01,-93,649
2026-08-18T11:22:20+00:00,AA:00:00:00:00:03,BB:00:00:00:00:01,-53,650
2026-08-18T11:22:20+00:00,AA:00:00:00:00:05,BB:00:00:00:00:01,-95,651
2026-08-18T11:22:30+00:00,AA:00:00:00:00:01,BB:00:00:00:00:01,-91,652
2026-08-18T11:22:30+00:00,AA:00:00:00:00:02,BB:00:00:00:00:01,-85,653
2026-08-18T11:22:30+00:00,AA:00:00:00:00:03,BB:00:00:00:00:01,-57,654
2026-08-18T11:22:30+00:00,AA:00:00:00:00:04,BB:00:00:00:00:01,-92,655
2026-08-18T11:22:30+00:00,AA:00:00:00:00:05,BB:00:00:00:00:01,-86,656
2026-08-18T11:22:40+00:00,AA:00:00:00:00:01,BB:00:00:00:00:01,-86,657
2026-08-18T11:22:40+00:00,AA:00:00:00:00:02,BB:00:00:00:00:01,-87,658
2026-08-18T11:22:40+00:00,AA:00:00:00:00:03,BB:00:00:00:00:01,-55,659
2026-08-18T11:22:40+00:00,AA:00:00:00:00:04,BB:00:00:00:00:01,-95,660
2026-08-18T11:22:40+00:00,AA:00:00:00:00:05,BB:00:00:00:00:01,-101,661
2026-08-18T11:22:50+00:00,AA:00:00:00:00:01,BB:00:00:00:00:01,-88,662
2026-08-18T11:22:50+00:00,AA:00:00:00:00:02,BB:00:00:00:00:01,-93,663
2026-08-18T11:22:50+00:00,AA:00:00:00:00:03,BB:00:00:00:00:01,-54,664
2026-08-18T11:22:50+00:00,AA:00:00:00:00:04,BB:00:00:00:00:01,-91,665
2026-08-18T11:22:50+00:00,AA:00:00:00:00:05,BB:00:00:00:00:01,-79,666
2026-08-18T11:23:00+00:00,AA:00:00:00:00:01,BB:00:00:00:00:01,-85,667
2026-08-18T11:23:00+00:00,AA:00:00:00:00:02,BB:00:00:00:00:01,-95,668
2026-08-18T11:23:00+00:00,AA:00:00:00:00:03,BB:00:00:00:00:01,-53,669
2026-08-18T11:23:00+00:00,AA:00:00:00:00:04,BB:00:00:00:00:01,-89,670
2026-08-18T11:23:00+00:00,AA:00:00:00:00:05,BB:00:00:00:00:01,-88,671
2026-08-18T11:23:10+00:00,AA:00:00:00:00:01,BB:00:00:00:00:01,-87,672
2026-08-18T11:23:10+00:00,AA:00:00:00:00:02,BB:00:00:00:00:01,-89,673
2026-08-18T11:23:10+00:00,AA:00:00:00:00:03,BB:00:00:00:00:01,-54,674
2026-08-18T11:23:10+00:00,AA:00:00:00:00:04,BB:00:00:00:00:01,-93,675
2026-08-18T11:23:10+00:00,AA:00:00:00:00:05,BB:00:00:00:00:01,-97,676
2026-08-18T11:23:20+00:00,AA:00:00:00:00:01,BB:00:00:00:00:01,-92,677
2026-08-18T11:23:20+00:00,AA:00:00:00:00:02,BB:00:00:00:00:01,-91,678
2026-08-18T11:23:20+00:00,AA:00:00:00:00:03,BB:00:00:00:00:01,-57,679
2026-08-18T11:23:20+00:00,AA:00:00:00:00:04,BB:00:00:00:00:01,-91,680
2026-08-18T11:23:20+00:00,AA:00:00:00:00:05,BB:00:00:00:00:01,-87,681
2026-08-18T11:23:30+00:00,AA:00:00:00:00:01,BB:00:00:00:00:01,-92,682
2026-08-18T11:23:30+00:00,AA:00:00:00:00:02,BB:00:00:00:00:01,-97,683
2026-08-18T11:23:30+00:00,AA:00:00:00:00:03,BB:00:00:00:00:01,-53,684
2026-08-18T11:23:30+00:00,AA:00:00:00:00:05,BB:00:00:00:00:01,-93,685
2026-08-18T11:23:40+00:00,AA:00:00:00:00:02,BB:00:00:00:00:01,-93,686
2026-08-18T11:23:40+00:00,AA:00:00:00:00:03,BB:00:00:00:00:01,-58,687
2026-08-18T11:23:40+00:00,AA:00:00:00:00:05,BB:00:00:00:00:01,-92,688
2026-08-18T11:23:50+00:00,AA:00:00:00:00:01,BB:00:00:00:00:01,-91,689
2026-08-18T11:23:50+00:00,AA:00:00:00:00:02,BB:00:00:00:00:01,-93,690
2026-08-18T11:23:50+00:00,AA:00:00:00:00:03,BB:00:00:00:00:01,-61,691
2026-08-18T11:23:50+00:00,AA:00:00:00:00:04,BB:00:00:00:00:01,-93,692
2026-08-18T11:23:50+00:00,AA:00:00:00:00:05,BB:00:00:00:00:01,-91,693
2026-08-18T11:24:00+00:00,AA:00:00:00:00:01,BB:00:00:00:00:01,-89,694
2026-08-18T11:24:00+00:00,AA:00:00:00:00:02,BB:00:00:00:00:01,-86,695
2026-08-18T11:24:00+00:00,AA:00:00:00:00:03,BB:00:00:00:00:01,-60,696
2026-08-18T11:24:00+00:00,AA:00:00:00:00:04,BB:00:00:00:00:01,-97,697
2026-08-18T11:24:00+00:00,AA:00:00:00:00:05,BB:00:00:00:00:01,-95,698
2026-08-18T11:24:10+00:00,AA:00:00:00:00:01,BB:00:00:00:00:01,-91,699
2026-08-18T11:24:10+00:00,AA:00:00:00:00:02,BB:00:00:00:00:01,-83,700
2026-08-18T11:24:10+00:00,AA:00:00:00:00:04,BB:00:00:00:00:01,-95,701
2026-08-18T11:24:10+00:00,AA:00:00:00:00:05,BB:00:00:00:00:01,-93,702
2026-08-18T11:24:20+00:00,AA:00:00:00:00:01,BB:00:00:00:00:01,-96,703
2026-08-18T11:24:20+00:00,AA:00:00:00:00:02,BB:00:00:00:00:01,-87,704
2026-08-18T11:24:20+00:00,AA:00:00:00:00:03,BB:00:00:00:00:01,-52,705
2026-08-18T11:24:20+00:00,AA:00:00:00:00:04,BB:00:00:00:00:01,-89,706
2026-08-18T11:24:30+00:00,AA:00:00:00:00:01,BB:00:00:00:00:01,-94,707
2026-08-18T11:24:30+00:00,AA:00:00:00:00:02,BB:00:00:00:00:01,-101,708
2026-08-18T11:24:30+00:00,AA:00:00:00:00:03,BB:00:00:00:00:01,-55,709
2026-08-18T11:24:30+00:00,AA:00:00:00:00:04,BB:00:00:00:00:01,-92,710
2026-08-18T11:24:30+00:00,AA:00:00:00:00:05,BB:00:00:00:00:01,-94,711
2026-08-18T11:24:40+00:00,AA:00:00:00:00:01,BB:00:00:00:00:01,-95,712
2026-08-18T11:24:40+00:00,AA:00:00:00:00:02,BB:00:00:00:00:01,-93,713
2026-08-18T11:24:40+00:00,AA:00:00:00:00:03,BB:00:00:00:00:01,-57,714
2026-08-18T11:24:40+00:00,AA:00:00:00:00:04,BB:00:00:00:00:01,-87,715
2026-08-18T11:24:40+00:00,AA:00:00:00:00:05,BB:00:00:00:00:01,-93,716
2026-08-18T11:24:50+00:00,AA:00:00:00:00:01,BB:00:00:00:00:01,-91,717
2026-08-18T11:24:50+00:00,AA:00:00:00:00:03,BB:00:00:00:00:01,-55,718
2026-08-18T11:24:50+00:00,AA:00:00:00:00:04,BB:00:00:00:00:01,-87,719
2026-08-18T11:24:50+00:00,AA:00:00:00:00:05,BB:00:00:00:00:01,-89,720
2026-08-18T11:25:00+00:00,AA:00:00:00:00:01,BB:00:00:00:00:01,-96,721
2026-08-18T11:25:00+00:00,AA:00:00:00:00:02,BB:00:00:00:00:01,-101,722
2026-08-18T11:25:00+00:00,AA:00:00:00:00:03,BB:00:00:00:00:01,-55,723
2026-08-18T11:25:00+00:00,AA:00:00:00:00:04,BB:00:00:00:00:01,-93,724
2026-08-18T11:25:00+00:00,AA:00:00:00:00:05,BB:00:00:00:00:01,-95,725
2026-08-18T11:25:10+00:00,AA:00:00:00:00:01,BB:00:00:00:00:01,-89,726
2026-08-18T11:25:10+00:00,AA:00:00:00:00:02,BB:00:00:00:00:01,-96,727
2026-08-18T11:25:10+00:00,AA:00:00:00:00:03,BB:00:00:00:00:01,-64,728
2026-08-18T11:25:10+00:00,AA:00:00:00:00:04,BB:00:00:00:00:01,-96,729
2026-08-18T11:25:10+00:00,AA:00:00:00:00:05,BB:00:00:00:00:01,-94,730
2026-08-18T11:25:20+00:00,AA:00:00:00:00:01,BB:00:00:00:00:01,-92,731
2026-08-18T11:25:20+00:00,AA:00:00:00:00:02,BB:00:00:00:00:01,-90,732
2026-08-18T11:25:20+00:00,AA:00:00:00:00:03,BB:00:00:00:00:01,-59,733
2026-08-18T11:25:20+00:00,AA:00:00:00:00:04,BB:00:00:00:00:01,-89,734
2026-08-18T11:25:20+00:00,AA:00:00:00:00:05,BB:00:00:00:00:01,-105,735
2026-08-18T11:25:30+00:00,AA:00:00:00:00:01,BB:00:00:00:00:01,-88,736
2026-08-18T11:25:30+00:00,AA:00:00:00:00:02,BB:00:00:00:00:01,-94,737
2026-08-18T11:25:30+00:00,AA:00:00:00:00:03,BB:00:00:00:00:01,-55,738
2026-08-18T11:25:30+00:00,AA:00:00:00:00:04,BB:00:00:00:00:01,-89,739
2026-08-18T11:25:30+00:00,AA:00:00:00:00:05,BB:00:00:00:00:01,-95,740
2026-08-18T11:25:40+00:00,AA:00:00:00:00:01,BB:00:00:00:00:01,-90,741
2026-08-18T11:25:40+00:00,AA:00:00:00:00:02,BB:00:00:00:00:01,-95,742
2026-08-18T11:25:40+00:00,AA:00:00:00:00:03,BB:00:00:00:00:01,-63,743
2026-08-18T11:25:40+00:00,AA:00:00:00:00:04,BB:00:00:00:00:01,-94,744
2026-08-18T11:25:40+00:00,AA:00:00:00:00:05,BB:00:00:00:00:01,-87,745
2026-08-18T11:25:50+00:00,AA:00:00:00:00:01,BB:00:00:00:00:01,-95,746
2026-08-18T11:25:50+00:00,AA:00:00:00:00:02,BB:00:00:00:00:01,-90,747
2026-08-18T11:25:50+00:00,AA:00:00:00:00:03,BB:00:00:00:00:01,-53,748
2026-08-18T11:25:50+00:00,AA:00:00:00:00:04,BB:00:00:00:00:01,-87,749
2026-08-18T11:25:50+00:00,AA:00:00:00:00:05,BB:00:00:00:00:01,-91,750
2026-08-18T11:26:00+00:00,AA:00:00:00:00:01,BB:00:00:00:00:01,-97,751
2026-08-18T11:26:00+00:00,AA:00:00:00:00:02,BB:00:00:00:00:01,-94,752
2026-08-18T11:26:00+00:00,AA:00:00:00:00:03,BB:00:00:00:00:01,-49,753
2026-08-18T11:26:00+00:00,AA:00:00:00:00:04,BB:00:00:00:00:01,-92,754
2026-08-18T11:26:10+00:00,AA:00:00:00:00:01,BB:00:00:00:00:01,-93,755
2026-08-18T11:26:10+00:00,AA:00:00:00:00:02,BB:00:00:00:00:01,-98,756
2026-08-18T11:26:10+00:00,AA:00:00:00:00:03,BB:00:00:00:00:01,-53,757
2026-08-18T11:26:10+00:00,AA:00:00:00:00:04,BB:00:00:00:00:01,-91,758
2026-08-18T11:26:10+00:00,AA:00:00:00:00:05,BB:00:00:00:00:01,-98,759
2026-08-18T11:26:20+00:00,AA:00:00:00:00:01,BB:00:00:00:00:01,-100,760
2026-08-18T11:26:20+00:00,AA:00:00:00:00:02,BB:00:00:00:00:01,-88,761
2026-08-18T11:26:20+00:00,AA:00:00:00:00:03,BB:00:00:00:00:01,-54,762
2026-08-18T11:26:20+00:00,AA:00:00:00:00:04,BB:00:00:00:00:01,-90,763
2026-08-18T11:26:20+00:00,AA:00:00:00:00:05,BB:00:00:00:00:01,-97,764
2026-08-18T11:26:30+00:00,AA:00:00:00:00:01,BB:00:00:00:00:01,-84,765
2026-08-18T11:26:30+00:00,AA:00:00:00:00:02,BB:00:00:00:00:01,-92,766
2026-08-18T11:26:30+00:00,AA:00:00:00:00:03,BB:00:00:00:00:01,-49,767
2026-08-18T11:26:30+00:00,AA:00:00:00:00:04,BB:00:00:00:00:01,-94,768
2026-08-18T11:26:30+00:00,AA:00:00:00:00:05,BB:00:00:00:00:01,-87,769
2026-08-18T11:26:40+00:00,AA:00:00:00:00:01,BB:00:00:00:00:01,-90,770
2026-08-18T11:26:40+00:00,AA:00:00:00:00:02,BB:00:00:00:00:01,-93,771
2026-08-18T11:26:40+00:00,AA:00:00:00:00:03,BB:00:00:00:00:01,-61,772
2026-08-18T11:26:40+00:00,AA:00:00:00:00:04,BB:00:00:00:00:01,-97,773
2026-08-18T11:26:40+00:00,AA:00:00:00:00:05,BB:00:00:00:00:01,-91,774
2026-08-18T11:26:50+00:00,AA:00:00:00:00:01,BB:00:00:00:00:01,-92,775
2026-08-18T11:26:50+00:00,AA:00:00:00:00:02,BB:00:00:00:00:01,-96,776
2026-08-18T11:26:50+00:00,AA:00:00:00:00:03,BB:00:00:00:00:01,-61,777
2026-08-18T11:26:50+00:00,AA:00:00:00:00:04,BB:00:00:00:00:01,-98,778
2026-08-18T11:26:50+00:00,AA:00:00:00:00:05,BB:00:00:00:00:01,-92,779
2026-08-18T11:27:00+00:00,AA:00:00:00:00:01,BB:00:00:00:00:01,-99,780
2026-08-18T11:27:00+00:00,AA:00:00:00:00:02,BB:00:00:00:00:01,-91,781
2026-08-18T11:27:00+00:00,AA:00:00:00:00:03,BB:00:00:00:00:01,-54,782
2026-08-18T11:27:00+00:00,AA:00:00:00:00:04,BB:00:00:00:00:01,-91,783
2026-08-18T11:27:00+00:00,AA:00:00:00:00:05,BB:00:00:00:00:01,-90,784
2026-08-18T11:27:10+00:00,AA:00:00:00:00:01,BB:00:00:00:00:01,-87,785
2026-08-18T11:27:10+00:00,AA:00:00:00:00:03,BB:00:00:00:00:01,-63,786
2026-08-18T11:27:10+00:00,AA:00:00:00:00:04,BB:00:00:00:00:01,-96,787
2026-08-18T11:27:10+00:00,AA:00:00:00:00:05,BB:00:00:00:00:01,-88,788
2026-08-18T11:27:20+00:00,AA:00:00:00:00:01,BB:00:00:00:00:01,-92,789
2026-08-18T11:27:20+00:00,AA:00:00:00:00:02,BB:00:00:00:00:01,-89,790
2026-08-18T11:27:20+00:00,AA:00:00:00:00:03,BB:00:00:00:00:01,-59,791
2026-08-18T11:27:20+00:00,AA:00:00:00:00:04,BB:00:00:00:00:01,-88,792
2026-08-18T11:27:20+00:00,AA:00:00:00:00:05,BB:00:00:00:00:01,-90,793
2026-08-18T11:27:30+00:00,AA:00:00:00:00:01,BB:00:00:00:00:01,-89,794
2026-08-18T11:27:30+00:00,AA:00:00:00:00:02,BB:00:00:00:00:01,-92,795
2026-08-18T11:27:30+00:00,AA:00:00:00:00:03,BB:00:00:00:00:01,-60,796
2026-08-18T11:27:30+00:00,AA:00:00:00:00:04,BB:00:00:00:00:01,-92,797
2026-08-18T11:27:30+00:00,AA:00:00:00:00:05,BB:00:00:00:00:01,-91,798
2026-08-18T11:27:40+00:00,AA:00:00:00:00:01,BB:00:00:00:00:01,-89,799
2026-08-18T11:27:40+00:00,AA:00:00:00:00:02,BB:00:00:00:00:01,-93,800
2026-08-18T11:27:40+00:00,AA:00:00:00:00:03,BB:00:00:00:00:01,-63,801
2026-08-18T11:27:40+00:00,AA:00:00:00:00:04,BB:00:00:00:00:01,-92,802
2026-08-18T11:27:40+00:00,AA:00:00:00:00:05,BB:00:00:00:00:01,-100,803
2026-08-18T11:27:50+00:00,AA:00:00:00:00:01,BB:00:00:00:00:01,-94,804
2026-08-18T11:27:50+00:00,AA:00:00:00:00:02,BB:00:00:00:00:01,-93,805
2026-08-18T11:27:50+00:00,AA:00:00:00:00:03,BB:00:00:00:00:01,-62,806
2026-08-18T11:27:50+00:00,AA:00:00:00:00:04,BB:00:00:00:00:01,-94,807
2026-08-18T11:27:50+00:00,AA:00:00:00:00:05,BB:00:00:00:00:01,-93,808
2026-08-18T11:28:00+00:00,AA:00:00:00:00:01,BB:00:00:00:00:01,-99,809
2026-08-18T11:28:00+00:00,AA:00:00:00:00:04,BB:00:00:00:00:01,-57,810
2026-08-18T11:28:00+00:00,AA:00:00:00:00:05,BB:00:00:00:00:01,-91,811
2026-08-18T11:28:10+00:00,AA:00:00:00:00:01,BB:00:00:00:00:01,-95,812
2026-08-18T11:28:10+00:00,AA:00:00:00:00:02,BB:00:00:00:00:01,-90,813
2026-08-18T11:28:10+00:00,AA:00:00:00:00:03,BB:00:00:00:00:01,-87,814
2026-08-18T11:28:10+00:00,AA:00:00:00:00:04,BB:00:00:00:00:01,-53,815
2026-08-18T11:28:10+00:00,AA:00:00:00:00:05,BB:00:00:00:00:01,-89,816
2026-08-18T11:28:20+00:00,AA:00:00:00:00:01,BB:00:00:00:00:01,-96,817
2026-08-18T11:28:20+00:00,AA:00:00:00:00:02,BB:00:00:00:00:01,-95,818
2026-08-18T11:28:20+00:00,AA:00:00:00:00:03,BB:00:00:00:00:01,-86,819
2026-08-18T11:28:20+00:00,AA:00:00:00:00:04,BB:00:00:00:00:01,-45,820
2026-08-18T11:28:20+00:00,AA:00:00:00:00:05,BB:00:00:00:00:01,-96,821
2026-08-18T11:28:30+00:00,AA:00:00:00:00:01,BB:00:00:00:00:01,-86,822
2026-08-18T11:28:30+00:00,AA:00:00:00:00:02,BB:00:00:00:00:01,-94,823
2026-08-18T11:28:30+00:00,AA:00:00:00:00:03,BB:00:00:00:00:01,-85,824
2026-08-18T11:28:30+00:00,AA:00:00:00:00:04,BB:00:00:00:00:01,-50,825
2026-08-18T11:28:30+00:00,AA:00:00:00:00:05,BB:00:00:00:00:01,-93,826
2026-08-18T11:28:40+00:00,AA:00:00:00:00:01,BB:00:00:00:00:01,-92,827
2026-08-18T11:28:40+00:00,AA:00:00:00:00:02,BB:00:00:00:00:01,-93,828
2026-08-18T11:28:40+00:00,AA:00:00:00:00:03,BB:00:00:00:00:01,-91,829
2026-08-18T11:28:40+00:00,AA:00:00:00:00:04,BB:00:00:00:00:01,-62,830
2026-08-18T11:28:40+00:00,AA:00:00:00:00:05,BB:00:00:00:00:01,-94,831
2026-08-18T11:28:50+00:00,AA:00:00:00:00:01,BB:00:00:00:00:01,-93,832
2026-08-18T11:28:50+00:00,AA:00:00:00:00:02,BB:00:00:00:00:01,-91,833
2026-08-18T11:28:50+00:00,AA:00:00:00:00:03,BB:00:00:00:00:01,-94,834
2026-08-18T11:28:50+00:00,AA:00:00:00:00:04,BB:00:00:00:00:01,-53,835
2026-08-18T11:28:50+00:00,AA:00:00:00:00:05,BB:00:00:00:00:01,-93,836
2026-08-18T11:29:00+00:00,AA:00:00:00:00:01,BB:00:00:00:00:01,-88,837
2026-08-18T11:29:00+00:00,AA:00:00:00:00:02,BB:00:00:00:00:01,-87,838
2026-08-18T11:29:00+00:00,AA:00:00:00:00:03,BB:00:00:00:00:01,-85,839
2026-08-18T11:29:00+00:00,AA:00:00:00:00:04,BB:00:00:00:00:01,-59,840
2026-08-18T11:29:00+00:00,AA:00:00:00:00:05,BB:00:00:00:00:01,-90,841
2026-08-18T11:29:10+00:00,AA:00:00:00:00:01,BB:00:00:00:00:01,-90,842
2026-08-18T11:29:10+00:00,AA:00:00:00:00:02,BB:00:00:00:00:01,-95,843
2026-08-18T11:29:10+00:00,AA:00:00:00:00:03,BB:00:00:00:00:01,-93,844
2026-08-18T11:29:10+00:00,AA:00:00:00:00:04,BB:00:00:00:00:01,-57,845
2026-08-18T11:29:10+00:00,AA:00:00:00:00:05,BB:00:00:00:00:01,-89,846
2026-08-18T11:29:20+00:00,AA:00:00:00:00:01,BB:00:00:00:00:01,-96,847
2026-08-18T11:29:20+00:00,AA:00:00:00:00:02,BB:00:00:00:00:01,-97,848
2026-08-18T11:29:20+00:00,AA:00:00:00:00:03,BB:00:00:00:00:01,-92,849
2026-08-18T11:29:20+00:00,AA:00:00:00:00:05,BB:00:00:00:00:01,-93,850
2026-08-18T11:29:30+00:00,AA:00:00:00:00:01,BB:00:00:00:00:01,-89,851
2026-08-18T11:29:30+00:00,AA:00:00:00:00:02,BB:00:00:00:00:01,-94,852
2026-08-18T11:29:30+00:00,AA:00:00:00:00:03,BB:00:00:00:00:01,-89,853
2026-08-18T11:29:30+00:00,AA:00:00:00:00:04,BB:00:00:00:00:01,-55,854
2026-08-18T11:29:30+00:00,AA:00:00:00:00:05,BB:00:00:00:00:01,-90,855
2026-08-18T11:29:40+00:00,AA:00:00:00:00:01,BB:00:00:00:00:01,-85,856
2026-08-18T11:29:40+00:00,AA:00:00:00:00:02,BB:00:00:00:00:01,-93,857
2026-08-18T11:29:40+00:00,AA:00:00:00:00:03,BB:00:00:00:00:01,-93,858
2026-08-18T11:29:40+00:00,AA:00:00:00:00:04,BB:00:00:00:00:01,-52,859
2026-08-18T11:29:40+00:00,AA:00:00:00:00:05,BB:00:00:00:00:01,-95,860
2026-08-18T11:29:50+00:00,AA:00:00:00:00:01,BB:00:00:00:00:01,-91,861
2026-08-18T11:29:50+00:00,AA:00:00:00:00:02,BB:00:00:00:00:01,-101,862
2026-08-18T11:29:50+00:00,AA:00:00:00:00:03,BB:00:00:00:00:01,-94,863
2026-08-18T11:29:50+00:00,AA:00:00:00:00:04,BB:00:00:00:00:01,-59,864
2026-08-18T11:29:50+00:00,AA:00:00:00:00:05,BB:00:00:00:00:01,-96,865
2026-08-18T11:30:00+00:00,AA:00:00:00:00:01,BB:00:00:00:00:01,-98,866
2026-08-18T11:30:00+00:00,AA:00:00:00:00:02,BB:00:00:00:00:01,-93,867
2026-08-18T11:30:00+00:00,AA:00:00:00:00:03,BB:00:00:00:00:01,-92,868
2026-08-18T11:30:00+00:00,AA:00:00:00:00:04,BB:00:00:00:00:01,-57,869
2026-08-18T11:30:00+00:00,AA:00:00:00:00:05,BB:00:00:00:00:01,-101,870
2026-08-18T11:30:10+00:00,AA:00:00:00:00:01,BB:00:00:00:00:01,-95,871
2026-08-18T11:30:10+00:00,AA:00:00:00:00:02,BB:00:00:00:00:01,-89,872
2026-08-18T11:30:10+00:00,AA:00:00:00:00:03,BB:00:00:00:00:01,-95,873
2026-08-18T11:30:10+00:00,AA:00:00:00:00:04,BB:00:00:00:00:01,-57,874
2026-08-18T11:30:10+00:00,AA:00:00:00:00:05,BB:00:00:00:00:01,-87,875
2026-08-18T11:30:20+00:00,AA:00:00:00:00:01,BB:00:00:00:00:01,-96,876
2026-08-18T11:30:20+00:00,AA:00:00:00:00:02,BB:00:00:00:00:01,-94,877
2026-08-18T11:30:20+00:00,AA:00:00:00:00:03,BB:00:00:00:00:01,-90,878
2026-08-18T11:30:20+00:00,AA:00:00:00:00:04,BB:00:00:00:00:01,-56,879
2026-08-18T11:30:20+00:00,AA:00:00:00:00:05,BB:00:00:00:00:01,-80,880
2026-08-18T11:30:30+00:00,AA:00:00:00:00:01,BB:00:00:00:00:01,-99,881
2026-08-18T11:30:30+00:00,AA:00:00:00:00:02,BB:00:00:00:00:01,-83,882
2026-08-18T11:30:30+00:00,AA:00:00:00:00:03,BB:00:00:00:00:01,-96,883
2026-08-18T11:30:30+00:00,AA:00:00:00:00:04,BB:00:00:00:00:01,-50,884
2026-08-18T11:30:40+00:00,AA:00:00:00:00:01,BB:00:00:00:00:01,-95,885
2026-08-18T11:30:40+00:00,AA:00:00:00:00:02,BB:00:00:00:00:01,-80,886
2026-08-18T11:30:40+00:00,AA:00:00:00:00:03,BB:00:00:00:00:01,-85,887
2026-08-18T11:30:40+00:00,AA:00:00:00:00:04,BB:00:00:00:00:01,-58,888
2026-08-18T11:30:40+00:00,AA:00:00:00:00:05,BB:00:00:00:00:01,-90,889
2026-08-18T11:30:50+00:00,AA:00:00:00:00:01,BB:00:00:00:00:01,-90,890
2026-08-18T11:30:50+00:00,AA:00:00:00:00:02,BB:00:00:00:00:01,-89,891
2026-08-18T11:30:50+00:00,AA:00:00:00:00:03,BB:00:00:00:00:01,-86,892
2026-08-18T11:30:50+00:00,AA:00:00:00:00:04,BB:00:00:00:00:01,-55,893
2026-08-18T11:30:50+00:00,AA:00:00:00:00:05,BB:00:00:00:00:01,-94,894
2026-08-18T11:31:00+00:00,AA:00:00:00:00:01,BB:00:00:00:00:01,-90,895
2026-08-18T11:31:00+00:00,AA:00:00:00:00:02,BB:00:00:00:00:01,-96,896
2026-08-18T11:31:00+00:00,AA:00:00:00:00:03,BB:00:00:00:00:01,-91,897
2026-08-18T11:31:00+00:00,AA:00:00:00:00:04,BB:00:00:00:00:01,-53,898
2026-08-18T11:31:00+00:00,AA:00:00:00:00:05,BB:00:00:00:00:01,-92,899
2026-08-18T11:31:10+00:00,AA:00:00:00:00:01,BB:00:00:00:00:01,-89,900
2026-08-18T11:31:10+00:00,AA:00:00:00:00:02,BB:00:00:00:00:01,-94,901
2026-08-18T11:31:10+00:00,AA:00:00:00:00:03,BB:00:00:00:00:01,-86,902
2026-08-18T11:31:10+00:00,AA:00:00:00:00:04,BB:00:00:00:00:01,-56,903
2026-08-18T11:31:10+00:00,AA:00:00:00:00:05,BB:00:00:00:00:01,-93,904
2026-08-18T11:31:20+00:00,AA:00:00:00:00:01,BB:00:00:00:00:01,-96,905
2026-08-18T11:31:20+00:00,AA:00:00:00:00:02,BB:00:00:00:00:01,-89,906
2026-08-18T11:31:20+00:00,AA:00:00:00:00:03,BB:00:00:00:00:01,-93,907
2026-08-18T11:31:20+00:00,AA:00:00:00:00:04,BB:00:00:00:00:01,-53,908
2026-08-18T11:31:20+00:00,AA:00:00:00:00:05,BB:00:00:00:00:01,-94,909
2026-08-18T11:31:30+00:00,AA:00:00:00:00:01,BB:00:00:00:00:01,-94,910
2026-08-18T11:31:30+00:00,AA:00:00:00:00:02,BB:00:00:00:00:01,-92,911
2026-08-18T11:31:30+00:00,AA:00:00:00:00:03,BB:00:00:00:00:01,-97,912
2026-08-18T11:31:30+00:00,AA:00:00:00:00:04,BB:00:00:00:00:01,-60,913
2026-08-18T11:31:30+00:00,AA:00:00:00:00:05,BB:00:00:00:00:01,-91,914
2026-08-18T11:31:40+00:00,AA:00:00:00:00:01,BB:00:00:00:00:01,-92,915
2026-08-18T11:31:40+00:00,AA:00:00:00:00:02,BB:00:00:00:00:01,-85,916
2026-08-18T11:31:40+00:00,AA:00:00:00:00:03,BB:00:00:00:00:01,-98,917
2026-08-18T11:31:40+00:00,AA:00:00:00:00:04,BB:00:00:00:00:01,-53,918
2026-08-18T11:31:40+00:00,AA:00:00:00:00:05,BB:00:00:00:00:01,-87,919
2026-08-18T11:31:50+00:00,AA:00:00:00:00:01,BB:00:00:00:00:01,-90,920
2026-08-18T11:31:50+00:00,AA:00:00:00:00:02,BB:00:00:00:00:01,-90,921
2026-08-18T11:31:50+00:00,AA:00:00:00:00:03,BB:00:00:00:00:01,-89,922
2026-08-18T11:31:50+00:00,AA:00:00:00:00:04,BB:00:00:00:00:01,-54,923
2026-08-18T11:31:50+00:00,AA:00:00:00:00:05,BB:00:00:00:00:01,-87,924
2026-08-18T11:32:00+00:00,AA:00:00:00:00:01,BB:00:00:00:00:01,-90,925
2026-08-18T11:32:00+00:00,AA:00:00:00:00:02,BB:00:00:00:00:01,-96,926
2026-08-18T11:32:00+00:00,AA:00:00:00:00:03,BB:00:00:00:00:01,-88,927
2026-08-18T11:32:00+00:00,AA:00:00:00:00:04,BB:00:00:00:00:01,-53,928
2026-08-18T11:32:00+00:00,AA:00:00:00:00:05,BB:00:00:00:00:01,-98,929
2026-08-18T11:32:10+00:00,AA:00:00:00:00:01,BB:00:00:00:00:01,-88,930
2026-08-18T11:32:10+00:00,AA:00:00:00:00:02,BB:00:00:00:00:01,-88,931
2026-08-18T11:32:10+00:00,AA:00:00:00:00:04,BB:00:00:00:00:01,-54,932
2026-08-18T11:32:10+00:00,AA:00:00:00:00:05,BB:00:00:00:00:01,-93,933
2026-08-18T11:32:20+00:00,AA:00:00:00:00:01,BB:00:00:00:00:01,-98,934
2026-08-18T11:32:20+00:00,AA:00:00:00:00:04,BB:00:00:00:00:01,-58,935
2026-08-18T11:32:20+00:00,AA:00:00:00:00:05,BB:00:00:00:00:01,-86,936
2026-08-18T11:32:30+00:00,AA:00:00:00:00:01,BB:00:00:00:00:01,-98,937
2026-08-18T11:32:30+00:00,AA:00:00:00:00:02,BB:00:00:00:00:01,-95,938
2026-08-18T11:32:30+00:00,AA:00:00:00:00:03,BB:00:00:00:00:01,-96,939
2026-08-18T11:32:30+00:00,AA:00:00:00:00:04,BB:00:00:00:00:01,-53,940
2026-08-18T11:32:30+00:00,AA:00:00:00:00:05,BB:00:00:00:00:01,-88,941
2026-08-18T11:32:40+00:00,AA:00:00:00:00:01,BB:00:00:00:00:01,-92,942
2026-08-18T11:32:40+00:00,AA:00:00:00:00:02,BB:00:00:00:00:01,-92,943
2026-08-18T11:32:40+00:00,AA:00:00:00:00:03,BB:00:00:00:00:01,-94,944
2026-08-18T11:32:40+00:00,AA:00:00:00:00:04,BB:00:00:00:00:01,-59,945
2026-08-18T11:32:40+00:00,AA:00:00:00:00:05,BB:00:00:00:00:01,-92,946
2026-08-18T11:32:50+00:00,AA:00:00:00:00:01,BB:00:00:00:00:01,-88,947
2026-08-18T11:32:50+00:00,AA:00:00:00:00:02,BB:00:00:00:00:01,-92,948
2026-08-18T11:32:50+00:00,AA:00:00:00:00:03,BB:00:00:00:00:01,-94,949
2026-08-18T11:32:50+00:00,AA:00:00:00:00:04,BB:00:00:00:00:01,-54,950
2026-08-18T11:32:50+00:00,AA:00:00:00:00:05,BB:00:00:00:00:01,-100,951
2026-08-18T11:33:00+00:00,AA:00:00:00:00:01,BB:00:00:00:00:01,-91,952
2026-08-18T11:33:00+00:00,AA:00:00:00:00:02,BB:00:00:00:00:01,-91,953
2026-08-18T11:33:00+00:00,AA:00:00:00:00:03,BB:00:00:00:00:01,-86,954
2026-08-18T11:33:00+00:00,AA:00:00:00:00:04,BB:00:00:00:00:01,-53,955
2026-08-18T11:33:00+00:00,AA:00:00:00:00:05,BB:00:00:00:00:01,-90,956
2026-08-18T11:33:10+00:00,AA:00:00:00:00:01,BB:00:00:00:00:01,-84,957
2026-08-18T11:33:10+00:00,AA:00:00:00:00:02,BB:00:00:00:00:01,-94,958
2026-08-18T11:33:10+00:00,AA:00:00:00:00:03,BB:00:00:00:00:01,-85,959
2026-08-18T11:33:10+00:00,AA:00:00:00:00:04,BB:00:00:00:00:01,-60,960
2026-08-18T11:33:10+00:00,AA:00:00:00:00:05,BB:00:00:00:00:01,-95,961
2026-08-18T11:33:20+00:00,AA:00:00:00:00:01,BB:00:00:00:00:01,-88,962
2026-08-18T11:33:20+00:00,AA:00:00:00:00:02,BB:00:00:00:00:01,-87,963
2026-08-18T11:33:20+00:00,AA:00:00:00:00:03,BB:00:00:00:00:01,-83,964
2026-08-18T11:33:20+00:00,AA:00:00:00:00:04,BB:00:00:00:00:01,-51,965
2026-08-18T11:33:20+00:00,AA:00:00:00:00:05,BB:00:00:00:00:01,-95,966
2026-08-18T11:33:30+00:00,AA:00:00:00:00:02,BB:00:00:00:00:01,-86,967
2026-08-18T11:33:30+00:00,AA:00:00:00:00:03,BB:00:00:00:00:01,-94,968
2026-08-18T11:33:30+00:00,AA:00:00:00:00:04,BB:00:00:00:00:01,-57,969
2026-08-18T11:33:30+00:00,AA:00:00:00:00:05,BB:00:00:00:00:01,-91,970
2026-08-18T11:33:40+00:00,AA:00:00:00:00:01,BB:00:00:00:00:01,-100,971
2026-08-18T11:33:40+00:00,AA:00:00:00:00:02,BB:00:00:00:00:01,-91,972
2026-08-18T11:33:40+00:00,AA:00:00:00:00:03,BB:00:00:00:00:01,-89,973
2026-08-18T11:33:40+00:00,AA:00:00:00:00:04,BB:00:00:00:00:01,-63,974
2026-08-18T11:33:40+00:00,AA:00:00:00:00:05,BB:00:00:00:00:01,-94,975
2026-08-18T11:33:50+00:00,AA:00:00:00:00:01,BB:00:00:00:00:01,-93,976
2026-08-18T11:33:50+00:00,AA:00:00:00:00:02,BB:00:00:00:00:01,-97,977
2026-08-18T11:33:50+00:00,AA:00:00:00:00:03,BB:00:00:00:00:01,-99,978
2026-08-18T11:33:50+00:00,AA:00:00:00:00:04,BB:00:00:00:00:01,-55,979
2026-08-18T11:33:50+00:00,AA:00:00:00:00:05,BB:00:00:00:00:01,-95,980
2026-08-18T11:34:00+00:00,AA:00:00:00:00:01,BB:00:00:00:00:01,-98,981
2026-08-18T11:34:00+00:00,AA:00:00:00:00:02,BB:00:00:00:00:01,-97,982
2026-08-18T11:34:00+00:00,AA:00:00:00:00:03,BB:00:00:00:00:01,-93,983
2026-08-18T11:34:00+00:00,AA:00:00:00:00:04,BB:00:00:00:00:01,-60,984
2026-08-18T11:34:00+00:00,AA:00:00:00:00:05,BB:00:00:00:00:01,-97,985
2026-08-18T11:34:10+00:00,AA:00:00:00:00:01,BB:00:00:00:00:01,-83,986
2026-08-18T11:34:10+00:00,AA:00:00:00:00:03,BB:00:00:00:00:01,-92,987
2026-08-18T11:34:10+00:00,AA:00:00:00:00:04,BB:00:00:00:00:01,-55,988
2026-08-18T11:34:10+00:00,AA:00:00:00:00:05,BB:00:00:00:00:01,-87,989
2026-08-18T11:34:20+00:00,AA:00:00:00:00:01,BB:00:00:00:00:01,-99,990
2026-08-18T11:34:20+00:00,AA:00:00:00:00:02,BB:00:00:00:00:01,-94,991
2026-08-18T11:34:20+00:00,AA:00:00:00:00:03,BB:00:00:00:00:01,-94,992
2026-08-18T11:34:20+00:00,AA:00:00:00:00:04,BB:00:00:00:00:01,-53,993
2026-08-18T11:34:20+00:00,AA:00:00:00:00:05,BB:00:00:00:00:01,-83,994
2026-08-18T11:34:30+00:00,AA:00:00:00:00:01,BB:00:00:00:00:01,-85,995
2026-08-18T11:34:30+00:00,AA:00:00:00:00:02,BB:00:00:00:00:01,-89,996
2026-08-18T11:34:30+00:00,AA:00:00:00:00:03,BB:00:00:00:00:01,-94,997
2026-08-18T11:34:30+00:00,AA:00:00:00:00:04,BB:00:00:00:00:01,-55,998
2026-08-18T11:34:30+00:00,AA:00:00:00:00:05,BB:00:00:00:00:01,-90,999
2026-08-18T11:34:40+00:00,AA:00:00:00:00:01,BB:00:00:00:00:01,-96,1000
2026-08-18T11:34:40+00:00,AA:00:00:00:00:02,BB:00:00:00:00:01,-94,1001
2026-08-18T11:34:40+00:00,AA:00:00:00:00:03,BB:00:00:00:00:01,-98,1002
2026-08-18T11:34:40+00:00,AA:00:00:00:00:04,BB:00:00:00:00:01,-50,1003
2026-08-18T11:34:40+00:00,AA:00:00:00:00:05,BB:00:00:00:00:01,-93,1004
2026-08-18T11:34:50+00:00,AA:00:00:00:00:01,BB:00:00:00:00:01,-95,1005
2026-08-18T11:34:50+00:00,AA:00:00:00:00:02,BB:00:00:00:00:01,-95,1006
2026-08-18T11:34:50+00:00,AA:00:00:00:00:03,BB:00:00:00:00:01,-96,1007
2026-08-18T11:34:50+00:00,AA:00:00:00:00:04,BB:00:00:00:00:01,-52,1008
2026-08-18T11:34:50+00:00,AA:00:00:00:00:05,BB:00:00:00:00:01,-86,1009
2026-08-18T11:35:00+00:00,AA:00:00:00:00:01,BB:00:00:00:00:01,-98,1010
2026-08-18T11:35:00+00:00,AA:00:00:00:00:02,BB:00:00:00:00:01,-93,1011
2026-08-18T11:35:00+00:00,AA:00:00:00:00:03,BB:00:00:00:00:01,-86,1012
2026-08-18T11:35:00+00:00,AA:00:00:00:00:04,BB:00:00:00:00:01,-63,1013
2026-08-18T11:35:00+00:00,AA:00:00:00:00:05,BB:00:00:00:00:01,-99,1014
2026-08-18T11:35:10+00:00,AA:00:00:00:00:01,BB:00:00:00:00:01,-88,1015
2026-08-18T11:35:10+00:00,AA:00:00:00:00:02,BB:00:00:00:00:01,-87,1016
2026-08-18T11:35:10+00:00,AA:00:00:00:00:03,BB:00:00:00:00:01,-92,1017
2026-08-18T11:35:10+00:00,AA:00:00:00:00:04,BB:00:00:00:00:01,-58,1018
2026-08-18T11:35:10+00:00,AA:00:00:00:00:05,BB:00:00:00:00:01,-97,1019
2026-08-18T11:35:20+00:00,AA:00:00:00:00:01,BB:00:00:00:00:01,-87,1020
2026-08-18T11:35:20+00:00,AA:00:00:00:00:02,BB:00:00:00:00:01,-92,1021
2026-08-18T11:35:20+00:00,AA:00:00:00:00:03,BB:00:00:00:00:01,-94,1022
2026-08-18T11:35:20+00:00,AA:00:00:00:00:04,BB:00:00:00:00:01,-44,1023
2026-08-18T11:35:20+00:00,AA:00:00:00:00:05,BB:00:00:00:00:01,-95,1024
2026-08-18T11:35:30+00:00,AA:00:00:00:00:01,BB:00:00:00:00:01,-98,1025
2026-08-18T11:35:30+00:00,AA:00:00:00:00:02,BB:00:00:00:00:01,-90,1026
2026-08-18T11:35:30+00:00,AA:00:00:00:00:03,BB:00:00:00:00:01,-91,1027
2026-08-18T11:35:30+00:00,AA:00:00:00:00:04,BB:00:00:00:00:01,-54,1028
2026-08-18T11:35:30+00:00,AA:00:00:00:00:05,BB:00:00:00:00:01,-95,1029
2026-08-18T11:35:40+00:00,AA:00:00:00:00:02,BB:00:00:00:00:01,-89,1030
2026-08-18T11:35:40+00:00,AA:00:00:00:00:03,BB:00:00:00:00:01,-95,1031
2026-08-18T11:35:40+00:00,AA:00:00:00:00:04,BB:00:00:00:00:01,-62,1032
2026-08-18T11:35:40+00:00,AA:00:00:00:00:05,BB:00:00:00:00:01,-92,1033
2026-08-18T11:35:50+00:00,AA:00:00:00:00:01,BB:00:00:00:00:01,-94,1034
2026-08-18T11:35:50+00:00,AA:00:00:00:00:02,BB:00:00:00:00:01,-91,1035
2026-08-18T11:35:50+00:00,AA:00:00:00:00:03,BB:00:00:00:00:01,-92,1036
2026-08-18T11:35:50+00:00,AA:00:00:00:00:04,BB:00:00:00:00:01,-61,1037
2026-08-18T11:35:50+00:00,AA:00:00:00:00:05,BB:00:00:00:00:01,-89,1038
2026-08-18T11:36:00+00:00,AA:00:00:00:00:01,BB:00:00:00:00:01,-88,1039
2026-08-18T11:36:00+00:00,AA:00:00:00:00:02,BB:00:00:00:00:01,-89,1040
2026-08-18T11:36:00+00:00,AA:00:00:00:00:03,BB:00:00:00:00:01,-86,1041
2026-08-18T11:36:00+00:00,AA:00:00:00:00:04,BB:00:00:00:00:01,-98,1042
2026-08-18T11:36:00+00:00,AA:00:00:00:00:05,BB:00:00:00:00:01,-47,1043
2026-08-18T11:36:10+00:00,AA:00:00:00:00:01,BB:00:00:00:00:01,-88,1044
2026-08-18T11:36:10+00:00,AA:00:00:00:00:02,BB:00:00:00:00:01,-83,1045
2026-08-18T11:36:10+00:00,AA:00:00:00:00:03,BB:00:00:00:00:01,-90,1046
2026-08-18T11:36:10+00:00,AA:00:00:00:00:04,BB:00:00:00:00:01,-98,1047
2026-08-18T11:36:10+00:00,AA:00:00:00:00:05,BB:00:00:00:00:01,-58,1048
2026-08-18T11:36:20+00:00,AA:00:00:00:00:01,BB:00:00:00:00:01,-90,1049
2026-08-18T11:36:20+00:00,AA:00:00:00:00:02,BB:00:00:00:00:01,-91,1050
2026-08-18T11:36:20+00:00,AA:00:00:00:00:03,BB:00:00:00:00:01,-99,1051
2026-08-18T11:36:20+00:00,AA:00:00:00:00:04,BB:00:00:00:00:01,-87,1052
2026-08-18T11:36:20+00:00,AA:00:00:00:00:05,BB:00:00:00:00:01,-47,1053
2026-08-18T11:36:30+00:00,AA:00:00:00:00:01,BB:00:00:00:00:01,-83,1054
2026-08-18T11:36:30+00:00,AA:00:00:00:00:02,BB:00:00:00:00:01,-91,1055
2026-08-18T11:36:30+00:00,AA:00:00:00:00:03,BB:00:00:00:00:01,-92,1056
2026-08-18T11:36:30+00:00,AA:00:00:00:00:04,BB:00:00:00:00:01,-96,1057
2026-08-18T11:36:30+00:00,AA:00:00:00:00:05,BB:00:00:00:00:01,-49,1058
2026-08-18T11:36:40+00:00,AA:00:00:00:00:01,BB:00:00:00:00:01,-92,1059
2026-08-18T11:36:40+00:00,AA:00:00:00:00:03,BB:00:00:00:00:01,-96,1060
2026-08-18T11:36:40+00:00,AA:00:00:00:00:04,BB:00:00:00:00:01,-92,1061
2026-08-18T11:36:40+00:00,AA:00:00:00:00:05,BB:00:00:00:00:01,-58,1062
2026-08-18T11:36:50+00:00,AA:00:00:00:00:01,BB:00:00:00:00:01,-97,1063
2026-08-18T11:36:50+00:00,AA:00:00:00:00:02,BB:00:00:00:00:01,-90,1064
2026-08-18T11:36:50+00:00,AA:00:00:00:00:03,BB:00:00:00:00:01,-98,1065
2026-08-18T11:36:50+00:00,AA:00:00:00:00:04,BB:00:00:00:00:01,-93,1066
2026-08-18T11:36:50+00:00,AA:00:00:00:00:05,BB:00:00:00:00:01,-61,1067
2026-08-18T11:37:00+00:00,AA:00:00:00:00:01,BB:00:00:00:00:01,-92,1068
2026-08-18T11:37:00+00:00,AA:00:00:00:00:02,BB:00:00:00:00:01,-92,1069
2026-08-18T11:37:00+00:00,AA:00:00:00:00:03,BB:00:00:00:00:01,-92,1070
2026-08-18T11:37:00+00:00,AA:00:00:00:00:04,BB:00:00:00:00:01,-90,1071
2026-08-18T11:37:00+00:00,AA:00:00:00:00:05,BB:00:00:00:00:01,-59,1072
2026-08-18T11:37:10+00:00,AA:00:00:00:00:01,BB:00:00:00:00:01,-93,1073
2026-08-18T11:37:10+00:00,AA:00:00:00:00:02,BB:00:00:00:00:01,-87,1074
2026-08-18T11:37:10+00:00,AA:00:00:00:00:03,BB:00:00:00:00:01,-89,1075
2026-08-18T11:37:10+00:00,AA:00:00:00:00:04,BB:00:00:00:00:01,-93,1076
2026-08-18T11:37:10+00:00,AA:00:00:00:00:05,BB:00:00:00:00:01,-51,1077
2026-08-18T11:37:20+00:00,AA:00:00:00:00:01,BB:00:00:00:00:01,-83,1078
2026-08-18T11:37:20+00:00,AA:00:00:00:00:02,BB:00:00:00:00:01,-98,1079
2026-08-18T11:37:20+00:00,AA:00:00:00:00:03,BB:00:00:00:00:01,-94,1080
2026-08-18T11:37:20+00:00,AA:00:00:00:00:04,BB:00:00:00:00:01,-91,1081
2026-08-18T11:37:20+00:00,AA:00:00:00:00:05,BB:00:00:00:00:01,-51,1082
2026-08-18T11:37:30+00:00,AA:00:00:00:00:01,BB:00:00:00:00:01,-90,1083
2026-08-18T11:37:30+00:00,AA:00:00:00:00:02,BB:00:00:00:00:01,-89,1084
2026-08-18T11:37:30+00:00,AA:00:00:00:00:03,BB:00:00:00:00:01,-91,1085
2026-08-18T11:37:30+00:00,AA:00:00:00:00:04,BB:00:00:00:00:01,-94,1086
2026-08-18T11:37:30+00:00,AA:00:00:00:00:05,BB:00:00:00:00:01,-56,1087
2026-08-18T11:37:40+00:00,AA:00:00:00:00:01,BB:00:00:00:00:01,-89,1088
2026-08-18T11:37:40+00:00,AA:00:00:00:00:02,BB:00:00:00:00:01,-93,1089
2026-08-18T11:37:40+00:00,AA:00:00:00:00:03,BB:00:00:00:00:01,-94,1090
2026-08-18T11:37:40+00:00,AA:00:00:00:00:04,BB:00:00:00:00:01,-89,1091
2026-08-18T11:37:40+00:00,AA:00:00:00:00:05,BB:00:00:00:00:01,-53,1092
2026-08-18T11:37:50+00:00,AA:00:00:00:00:01,BB:00:00:00:00:01,-92,1093
2026-08-18T11:37:50+00:00,AA:00:00:00:00:02,BB:00:00:00:00:01,-91,1094
2026-08-18T11:37:50+00:00,AA:00:00:00:00:03,BB:00:00:00:00:01,-89,1095
2026-08-18T11:37:50+00:00,AA:00:00:00:00:04,BB:00:00:00:00:01,-94,1096
2026-08-18T11:37:50+00:00,AA:00:00:00:00:05,BB:00:00:00:00:01,-49,1097
2026-08-18T11:38:00+00:00,AA:00:00:00:00:01,BB:00:00:00:00:01,-92,1098
2026-08-18T11:38:00+00:00,AA:00:00:00:00:02,BB:00:00:00:00:01,-88,1099
2026-08-18T11:38:00+00:00,AA:00:00:00:00:03,BB:00:00:00:00:01,-88,1100
2026-08-18T11:38:00+00:00,AA:00:00:00:00:04,BB:00:00:00:00:01,-89,1101
2026-08-18T11:38:00+00:00,AA:00:00:00:00:05,BB:00:00:00:00:01,-57,1102
2026-08-18T11:38:10+00:00,AA:00:00:00:00:01,BB:00:00:00:00:01,-97,1103
2026-08-18T11:38:10+00:00,AA:00:00:00:00:02,BB:00:00:00:00:01,-93,1104
2026-08-18T11:38:10+00:00,AA:00:00:00:00:03,BB:00:00:00:00:01,-96,1105
2026-08-18T11:38:10+00:00,AA:00:00:00:00:04,BB:00:00:00:00:01,-89,1106
2026-08-18T11:38:10+00:00,AA:00:00:00:00:05,BB:00:00:00:00:01,-61,1107
2026-08-18T11:38:20+00:00,AA:00:00:00:00:01,BB:00:00:00:00:01,-94,1108
2026-08-18T11:38:20+00:00,AA:00:00:00:00:02,BB:00:00:00:00:01,-94,1109
2026-08-18T11:38:20+00:00,AA:00:00:00:00:04,BB:00:00:00:00:01,-94,1110
2026-08-18T11:38:20+00:00,AA:00:00:00:00:05,BB:00:00:00:00:01,-59,1111
2026-08-18T11:38:30+00:00,AA:00:00:00:00:01,BB:00:00:00:00:01,-89,1112
2026-08-18T11:38:30+00:00,AA:00:00:00:00:02,BB:00:00:00:00:01,-99,1113
2026-08-18T11:38:30+00:00,AA:00:00:00:00:03,BB:00:00:00:00:01,-94,1114
2026-08-18T11:38:30+00:00,AA:00:00:00:00:04,BB:00:00:00:00:01,-98,1115
2026-08-18T11:38:30+00:00,AA:00:00:00:00:05,BB:00:00:00:00:01,-56,1116
2026-08-18T11:38:40+00:00,AA:00:00:00:00:01,BB:00:00:00:00:01,-94,1117
2026-08-18T11:38:40+00:00,AA:00:00:00:00:02,BB:00:00:00:00:01,-95,1118
2026-08-18T11:38:40+00:00,AA:00:00:00:00:03,BB:00:00:00:00:01,-86,1119
2026-08-18T11:38:40+00:00,AA:00:00:00:00:04,BB:00:00:00:00:01,-93,1120
2026-08-18T11:38:40+00:00,AA:00:00:00:00:05,BB:00:00:00:00:01,-51,1121
2026-08-18T11:38:50+00:00,AA:00:00:00:00:01,BB:00:00:00:00:01,-93,1122
2026-08-18T11:38:50+00:00,AA:00:00:00:00:02,BB:00:00:00:00:01,-97,1123
2026-08-18T11:38:50+00:00,AA:00:00:00:00:03,BB:00:00:00:00:01,-92,1124
2026-08-18T11:38:50+00:00,AA:00:00:00:00:04,BB:00:00:00:00:01,-96,1125
2026-08-18T11:38:50+00:00,AA:00:00:00:00:05,BB:00:00:00:00:01,-54,1126
2026-08-18T11:39:00+00:00,AA:00:00:00:00:01,BB:00:00:00:00:01,-96,1127
2026-08-18T11:39:00+00:00,AA:00:00:00:00:02,BB:00:00:00:00:01,-92,1128
2026-08-18T11:39:00+00:00,AA:00:00:00:00:03,BB:00:00:00:00:01,-101,1129
2026-08-18T11:39:00+00:00,AA:00:00:00:00:04,BB:00:00:00:00:01,-87,1130
2026-08-18T11:39:00+00:00,AA:00:00:00:00:05,BB:00:00:00:00:01,-53,1131
2026-08-18T11:39:10+00:00,AA:00:00:00:00:01,BB:00:00:00:00:01,-89,1132
2026-08-18T11:39:10+00:00,AA:00:00:00:00:02,BB:00:00:00:00:01,-97,1133
2026-08-18T11:39:10+00:00,AA:00:00:00:00:03,BB:00:00:00:00:01,-92,1134
2026-08-18T11:39:10+00:00,AA:00:00:00:00:04,BB:00:00:00:00:01,-93,1135
2026-08-18T11:39:10+00:00,AA:00:00:00:00:05,BB:00:00:00:00:01,-52,1136
2026-08-18T11:39:20+00:00,AA:00:00:00:00:01,BB:00:00:00:00:01,-89,1137
2026-08-18T11:39:20+00:00,AA:00:00:00:00:02,BB:00:00:00:00:01,-97,1138
2026-08-18T11:39:20+00:00,AA:00:00:00:00:03,BB:00:00:00:00:01,-89,1139
2026-08-18T11:39:20+00:00,AA:00:00:00:00:04,BB:00:00:00:00:01,-92,1140
2026-08-18T11:39:20+00:00,AA:00:00:00:00:05,BB:00:00:00:00:01,-64,1141
2026-08-18T11:39:30+00:00,AA:00:00:00:00:01,BB:00:00:00:00:01,-96,1142
2026-08-18T11:39:30+00:00,AA:00:00:00:00:02,BB:00:00:00:00:01,-90,1143
2026-08-18T11:39:30+00:00,AA:00:00:00:00:03,BB:00:00:00:00:01,-87,1144
2026-08-18T11:39:30+00:00,AA:00:00:00:00:04,BB:00:00:00:00:01,-94,1145
2026-08-18T11:39:30+00:00,AA:00:00:00:00:05,BB:00:00:00:00:01,-57,1146
2026-08-18T11:39:40+00:00,AA:00:00:00:00:01,BB:00:00:00:00:01,-93,1147
2026-08-18T11:39:40+00:00,AA:00:00:00:00:02,BB:00:00:00:00:01,-95,1148
2026-08-18T11:39:40+00:00,AA:00:00:00:00:03,BB:00:00:00:00:01,-90,1149
2026-08-18T11:39:40+00:00,AA:00:00:00:00:04,BB:00:00:00:00:01,-91,1150
2026-08-18T11:39:40+00:00,AA:00:00:00:00:05,BB:00:00:00:00:01,-57,1151
2026-08-18T11:39:50+00:00,AA:00:00:00:00:01,BB:00:00:00:00:01,-88,1152
2026-08-18T11:39:50+00:00,AA:00:00:00:00:02,BB:00:00:00:00:01,-98,1153
2026-08-18T11:39:50+00:00,AA:00:00:00:00:03,BB:00:00:00:00:01,-93,1154
2026-08-18T11:39:50+00:00,AA:00:00:00:00:04,BB:00:00:00:00:01,-95,1155
2026-08-18T11:39:50+00:00,AA:00:00:00:00:05,BB:00:00:00:00:01,-57,1156
2026-08-18T11:40:00+00:00,AA:00:00:00:00:01,BB:00:00:00:00:01,-90,1157
2026-08-18T11:40:00+00:00,AA:00:00:00:00:02,BB:00:00:00:00:01,-98,1158
2026-08-18T11:40:00+00:00,AA:00:00:00:00:03,BB:00:00:00:00:01,-90,1159
2026-08-18T11:40:00+00:00,AA:00:00:00:00:04,BB:00:00:00:00:01,-91,1160
2026-08-18T11:40:00+00:00,AA:00:00:00:00:05,BB:00:00:00:00:01,-52,1161
2026-08-18T11:40:10+00:00,AA:00:00:00:00:01,BB:00:00:00:00:01,-86,1162
2026-08-18T11:40:10+00:00,AA:00:00:00:00:02,BB:00:00:00:00:01,-89,1163
2026-08-18T11:40:10+00:00,AA:00:00:00:00:03,BB:00:00:00:00:01,-89,1164
2026-08-18T11:40:10+00:00,AA:00:00:00:00:05,BB:00:00:00:00:01,-60,1165
2026-08-18T11:40:20+00:00,AA:00:00:00:00:01,BB:00:00:00:00:01,-94,1166
2026-08-18T11:40:20+00:00,AA:00:00:00:00:02,BB:00:00:00:00:01,-92,1167
2026-08-18T11:40:20+00:00,AA:00:00:00:00:03,BB:00:00:00:00:01,-88,1168
2026-08-18T11:40:20+00:00,AA:00:00:00:00:04,BB:00:00:00:00:01,-91,1169
2026-08-18T11:40:20+00:00,AA:00:00:00:00:05,BB:00:00:00:00:01,-51,1170
2026-08-18T11:40:30+00:00,AA:00:00:00:00:01,BB:00:00:00:00:01,-101,1171
2026-08-18T11:40:30+00:00,AA:00:00:00:00:02,BB:00:00:00:00:01,-94,1172
2026-08-18T11:40:30+00:00,AA:00:00:00:00:03,BB:00:00:00:00:01,-96,1173
2026-08-18T11:40:30+00:00,AA:00:00:00:00:04,BB:00:00:00:00:01,-91,1174
2026-08-18T11:40:30+00:00,AA:00:00:00:00:05,BB:00:00:00:00:01,-55,1175
2026-08-18T11:40:40+00:00,AA:00:00:00:00:01,BB:00:00:00:00:01,-93,1176
2026-08-18T11:40:40+00:00,AA:00:00:00:00:02,BB:00:00:00:00:01,-87,1177
2026-08-18T11:40:40+00:00,AA:00:00:00:00:03,BB:00:00:00:00:01,-92,1178
2026-08-18T11:40:40+00:00,AA:00:00:00:00:04,BB:00:00:00:00:01,-99,1179
2026-08-18T11:40:40+00:00,AA:00:00:00:00:05,BB:00:00:00:00:01,-50,1180
2026-08-18T11:40:50+00:00,AA:00:00:00:00:01,BB:00:00:00:00:01,-87,1181
2026-08-18T11:40:50+00:00,AA:00:00:00:00:02,BB:00:00:00:00:01,-91,1182
2026-08-18T11:40:50+00:00,AA:00:00:00:00:03,BB:00:00:00:00:01,-93,1183
2026-08-18T11:40:50+00:00,AA:00:00:00:00:04,BB:00:00:00:00:01,-90,1184
2026-08-18T11:40:50+00:00,AA:00:00:00:00:05,BB:00:00:00:00:01,-55,1185
2026-08-18T11:41:00+00:00,AA:00:00:00:00:01,BB:00:00:00:00:01,-97,1186
2026-08-18T11:41:00+00:00,AA:00:00:00:00:02,BB:00:00:00:00:01,-77,1187
2026-08-18T11:41:00+00:00,AA:00:00:00:00:04,BB:00:00:00:00:01,-96,1188
2026-08-18T11:41:00+00:00,AA:00:00:00:00:05,BB:00:00:00:00:01,-54,1189
2026-08-18T11:41:10+00:00,AA:00:00:00:00:01,BB:00:00:00:00:01,-85,1190
2026-08-18T11:41:10+00:00,AA:00:00:00:00:02,BB:00:00:00:00:01,-93,1191
2026-08-18T11:41:10+00:00,AA:00:00:00:00:03,BB:00:00:00:00:01,-97,1192
2026-08-18T11:41:10+00:00,AA:00:00:00:00:04,BB:00:00:00:00:01,-91,1193
2026-08-18T11:41:10+00:00,AA:00:00:00:00:05,BB:00:00:00:00:01,-52,1194
2026-08-18T11:41:20+00:00,AA:00:00:00:00:01,BB:00:00:00:00:01,-93,1195
2026-08-18T11:41:20+00:00,AA:00:00:00:00:02,BB:00:00:00:00:01,-87,1196
2026-08-18T11:41:20+00:00,AA:00:00:00:00:03,BB:00:00:00:00:01,-93,1197
2026-08-18T11:41:20+00:00,AA:00:00:00:00:05,BB:00:00:00:00:01,-56,1198
2026-08-18T11:41:30+00:00,AA:00:00:00:00:01,BB:00:00:00:00:01,-94,1199
2026-08-18T11:41:30+00:00,AA:00:00:00:00:02,BB:00:00:00:00:01,-81,1200
2026-08-18T11:41:30+00:00,AA:00:00:00:00:03,BB:00:00:00:00:01,-98,1201
2026-08-18T11:41:30+00:00,AA:00:00:00:00:04,BB:00:00:00:00:01,-90,1202
2026-08-18T11:41:30+00:00,AA:00:00:00:00:05,BB:00:00:00:00:01,-57,1203
2026-08-18T11:41:40+00:00,AA:00:00:00:00:01,BB:00:00:00:00:01,-92,1204
2026-08-18T11:41:40+00:00,AA:00:00:00:00:02,BB:00:00:00:00:01,-98,1205
2026-08-18T11:41:40+00:00,AA:00:00:00:00:03,BB:00:00:00:00:01,-92,1206
2026-08-18T11:41:40+00:00,AA:00:00:00:00:04,BB:00:00:00:00:01,-88,1207
2026-08-18T11:41:40+00:00,AA:00:00:00:00:05,BB:00:00:00:00:01,-54,1208
2026-08-18T11:41:50+00:00,AA:00:00:00:00:01,BB:00:00:00:00:01,-93,1209
2026-08-18T11:41:50+00:00,AA:00:00:00:00:02,BB:00:00:00:00:01,-88,1210
2026-08-18T11:41:50+00:00,AA:00:00:00:00:03,BB:00:00:00:00:01,-93,1211
2026-08-18T11:41:50+00:00,AA:00:00:00:00:04,BB:00:00:00:00:01,-85,1212
2026-08-18T11:41:50+00:00,AA:00:00:00:00:05,BB:00:00:00:00:01,-55,1213
2026-08-18T11:42:00+00:00,AA:00:00:00:00:01,BB:00:00:00:00:01,-98,1214
2026-08-18T11:42:00+00:00,AA:00:00:00:00:02,BB:00:00:00:00:01,-90,1215
2026-08-18T11:42:00+00:00,AA:00:00:00:00:03,BB:00:00:00:00:01,-95,1216
2026-08-18T11:42:00+00:00,AA:00:00:00:00:04,BB:00:00:00:00:01,-93,1217
2026-08-18T11:42:00+00:00,AA:00:00:00:00:05,BB:00:00:00:00:01,-56,1218
2026-08-18T11:42:10+00:00,AA:00:00:00:00:01,BB:00:00:00:00:01,-85,1219
2026-08-18T11:42:10+00:00,AA:00:00:00:00:02,BB:00:00:00:00:01,-96,1220
2026-08-18T11:42:10+00:00,AA:00:00:00:00:03,BB:00:00:00:00:01,-94,1221
2026-08-18T11:42:10+00:00,AA:00:00:00:00:04,BB:00:00:00:00:01,-90,1222
2026-08-18T11:42:10+00:00,AA:00:00:00:00:05,BB:00:00:00:00:01,-54,1223
2026-08-18T11:42:20+00:00,AA:00:00:00:00:01,BB:00:00:00:00:01,-86,1224
2026-08-18T11:42:20+00:00,AA:00:00:00:00:02,BB:00:00:00:00:01,-86,1225
2026-08-18T11:42:20+00:00,AA:00:00:00:00:03,BB:00:00:00:00:01,-89,1226
2026-08-18T11:42:20+00:00,AA:00:00:00:00:04,BB:00:00:00:00:01,-93,1227
2026-08-18T11:42:20+00:00,AA:00:00:00:00:05,BB:00:00:00:00:01,-56,1228
2026-08-18T11:42:30+00:00,AA:00:00:00:00:01,BB:00:00:00:00:01,-94,1229
2026-08-18T11:42:30+00:00,AA:00:00:00:00:02,BB:00:00:00:00:01,-94,1230
2026-08-18T11:42:30+00:00,AA:00:00:00:00:03,BB:00:00:00:00:01,-95,1231
2026-08-18T11:42:30+00:00,AA:00:00:00:00:04,BB:00:00:00:00:01,-90,1232
2026-08-18T11:42:30+00:00,AA:00:00:00:00:05,BB:00:00:00:00:01,-52,1233
2026-08-18T11:42:40+00:00,AA:00:00:00:00:01,BB:00:00:00:00:01,-91,1234
2026-08-18T11:42:40+00:00,AA:00:00:00:00:02,BB:00:00:00:00:01,-86,1235
2026-08-18T11:42:40+00:00,AA:00:00:00:00:03,BB:00:00:00:00:01,-94,1236
2026-08-18T11:42:40+00:00,AA:00:00:00:00:04,BB:00:00:00:00:01,-92,1237
2026-08-18T11:42:40+00:00,AA:00:00:00:00:05,BB:00:00:00:00:01,-49,1238
2026-08-18T11:42:50+00:00,AA:00:00:00:00:02,BB:00:00:00:00:01,-94,1239
2026-08-18T11:42:50+00:00,AA:00:00:00:00:03,BB:00:00:00:00:01,-91,1240
2026-08-18T11:42:50+00:00,AA:00:00:00:00:04,BB:00:00:00:00:01,-92,1241
2026-08-18T11:42:50+00:00,AA:00:00:00:00:05,BB:00:00:00:00:01,-57,1242
2026-08-18T11:43:00+00:00,AA:00:00:00:00:01,BB:00:00:00:00:01,-88,1243
2026-08-18T11:43:00+00:00,AA:00:00:00:00:02,BB:00:00:00:00:01,-87,1244
2026-08-18T11:43:00+00:00,AA:00:00:00:00:03,BB:00:00:00:00:01,-90,1245
2026-08-18T11:43:00+00:00,AA:00:00:00:00:04,BB:00:00:00:00:01,-92,1246
2026-08-18T11:43:00+00:00,AA:00:00:00:00:05,BB:00:00:00:00:01,-58,1247
2026-08-18T11:43:10+00:00,AA:00:00:00:00:01,BB:00:00:00:00:01,-95,1248
2026-08-18T11:43:10+00:00,AA:00:00:00:00:02,BB:00:00:00:00:01,-90,1249
2026-08-18T11:43:10+00:00,AA:00:00:00:00:03,BB:00:00:00:00:01,-89,1250
2026-08-18T11:43:10+00:00,AA:00:00:00:00:04,BB:00:00:00:00:01,-90,1251
2026-08-18T11:43:10+00:00,AA:00:00:00:00:05,BB:00:00:00:00:01,-54,1252
2026-08-18T11:43:20+00:00,AA:00:00:00:00:01,BB:00:00:00:00:01,-100,1253
2026-08-18T11:43:20+00:00,AA:00:00:00:00:02,BB:00:00:00:00:01,-85,1254
2026-08-18T11:43:20+00:00,AA:00:00:00:00:03,BB:00:00:00:00:01,-92,1255
2026-08-18T11:43:20+00:00,AA:00:00:00:00:04,BB:00:00:00:00:01,-90,1256
2026-08-18T11:43:20+00:00,AA:00:00:00:00:05,BB:00:00:00:00:01,-60,1257
2026-08-18T11:43:30+00:00,AA:00:00:00:00:01,BB:00:00:00:00:01,-96,1258
2026-08-18T11:43:30+00:00,AA:00:00:00:00:02,BB:00:00:00:00:01,-94,1259
2026-08-18T11:43:30+00:00,AA:00:00:00:00:03,BB:00:00:00:00:01,-95,1260
2026-08-18T11:43:30+00:00,AA:00:00:00:00:04,BB:00:00:00:00:01,-92,1261
2026-08-18T11:43:30+00:00,AA:00:00:00:00:05,BB:00:00:00:00:01,-58,1262
2026-08-18T11:43:40+00:00,AA:00:00:00:00:01,BB:00:00:00:00:01,-88,1263
2026-08-18T11:43:40+00:00,AA:00:00:00:00:02,BB:00:00:00:00:01,-93,1264
2026-08-18T11:43:40+00:00,AA:00:00:00:00:05,BB:00:00:00:00:01,-53,1265
2026-08-18T11:43:50+00:00,AA:00:00:00:00:01,BB:00:00:00:00:01,-93,1266
2026-08-18T11:43:50+00:00,AA:00:00:00:00:02,BB:00:00:00:00:01,-96,1267
2026-08-18T11:43:50+00:00,AA:00:00:00:00:03,BB:00:00:00:00:01,-87,1268
2026-08-18T11:43:50+00:00,AA:00:00:00:00:04,BB:00:00:00:00:01,-92,1269
2026-08-18T11:43:50+00:00,AA:00:00:00:00:05,BB:00:00:00:00:01,-56,1270
2026-08-18T11:44:00+00:00,AA:00:00:00:00:01,BB:00:00:00:00:01,-91,1271
2026-08-18T11:44:00+00:00,AA:00:00:00:00:02,BB:00:00:00:00:01,-92,1272
2026-08-18T11:44:00+00:00,AA:00:00:00:00:03,BB:00:00:00:00:01,-95,1273
2026-08-18T11:44:00+00:00,AA:00:00:00:00:04,BB:00:00:00:00:01,-95,1274
2026-08-18T11:44:00+00:00,AA:00:00:00:00:05,BB:00:00:00:00:01,-51,1275
2026-08-18T11:44:10+00:00,AA:00:00:00:00:01,BB:00:00:00:00:01,-90,1276
2026-08-18T11:44:10+00:00,AA:00:00:00:00:02,BB:00:00:00:00:01,-94,1277
2026-08-18T11:44:10+00:00,AA:00:00:00:00:03,BB:00:00:00:00:01,-88,1278
2026-08-18T11:44:10+00:00,AA:00:00:00:00:04,BB:00:00:00:00:01,-96,1279
2026-08-18T11:44:10+00:00,AA:00:00:00:00:05,BB:00:00:00:00:01,-56,1280
2026-08-18T11:44:20+00:00,AA:00:00:00:00:01,BB:00:00:00:00:01,-93,1281
2026-08-18T11:44:20+00:00,AA:00:00:00:00:02,BB:00:00:00:00:01,-93,1282
2026-08-18T11:44:20+00:00,AA:00:00:00:00:03,BB:00:00:00:00:01,-91,1283
2026-08-18T11:44:20+00:00,AA:00:00:00:00:04,BB:00:00:00:00:01,-93,1284
2026-08-18T11:44:20+00:00,AA:00:00:00:00:05,BB:00:00:00:00:01,-60,1285
2026-08-18T11:44:30+00:00,AA:00:00:00:00:01,BB:00:00:00:00:01,-90,1286
2026-08-18T11:44:30+00:00,AA:00:00:00:00:02,BB:00:00:00:00:01,-92,1287
2026-08-18T11:44:30+00:00,AA:00:00:00:00:03,BB:00:00:00:00:01,-94,1288
2026-08-18T11:44:30+00:00,AA:00:00:00:00:04,BB:00:00:00:00:01,-87,1289
2026-08-18T11:44:30+00:00,AA:00:00:00:00:05,BB:00:00:00:00:01,-47,1290
2026-08-18T11:44:40+00:00,AA:00:00:00:00:01,BB:00:00:00:00:01,-92,1291
2026-08-18T11:44:40+00:00,AA:00:00:00:00:02,BB:00:00:00:00:01,-94,1292
2026-08-18T11:44:40+00:00,AA:00:00:00:00:03,BB:00:00:00:00:01,-93,1293
2026-08-18T11:44:40+00:00,AA:00:00:00:00:04,BB:00:00:00:00:01,-84,1294
2026-08-18T11:44:40+00:00,AA:00:00:00:00:05,BB:00:00:00:00:01,-54,1295
2026-08-18T11:44:50+00:00,AA:00:00:00:00:01,BB:00:00:00:00:01,-95,1296
2026-08-18T11:44:50+00:00,AA:00:00:00:00:02,BB:00:00:00:00:01,-93,1297
2026-08-18T11:44:50+00:00,AA:00:00:00:00:03,BB:00:00:00:00:01,-93,1298
2026-08-18T11:44:50+00:00,AA:00:00:00:00:04,BB:00:00:00:00:01,-97,1299
2026-08-18T11:44:50+00:00,AA:00:00:00:00:05,BB:00:00:00:00:01,-55,1300
2026-08-18T11:45:00+00:00,AA:00:00:00:00:01,BB:00:00:00:00:01,-88,1301
2026-08-18T11:45:00+00:00,AA:00:00:00:00:02,BB:00:00:00:00:01,-89,1302
2026-08-18T11:45:00+00:00,AA:00:00:00:00:03,BB:00:00:00:00:01,-93,1303
2026-08-18T11:45:00+00:00,AA:00:00:00:00:04,BB:00:00:00:00:01,-92,1304
2026-08-18T11:45:00+00:00,AA:00:00:00:00:05,BB:00:00:00:00:01,-59,1305
2026-08-18T11:45:10+00:00,AA:00:00:00:00:01,BB:00:00:00:00:01,-91,1306
2026-08-18T11:45:10+00:00,AA:00:00:00:00:02,BB:00:00:00:00:01,-89,1307
2026-08-18T11:45:10+00:00,AA:00:00:00:00:03,BB:00:00:00:00:01,-96,1308
2026-08-18T11:45:10+00:00,AA:00:00:00:00:04,BB:00:00:00:00:01,-95,1309
2026-08-18T11:45:10+00:00,AA:00:00:00:00:05,BB:00:00:00:00:01,-53,1310
2026-08-18T11:45:20+00:00,AA:00:00:00:00:01,BB:00:00:00:00:01,-92,1311
2026-08-18T11:45:20+00:00,AA:00:00:00:00:02,BB:00:00:00:00:01,-90,1312
2026-08-18T11:45:20+00:00,AA:00:00:00:00:03,BB:00:00:00:00:01,-90,1313
2026-08-18T11:45:20+00:00,AA:00:00:00:00:05,BB:00:00:00:00:01,-54,1314
2026-08-18T11:45:30+00:00,AA:00:00:00:00:01,BB:00:00:00:00:01,-92,1315
2026-08-18T11:45:30+00:00,AA:00:00:00:00:02,BB:00:00:00:00:01,-90,1316
2026-08-18T11:45:30+00:00,AA:00:00:00:00:03,BB:00:00:00:00:01,-95,1317
2026-08-18T11:45:30+00:00,AA:00:00:00:00:04,BB:00:00:00:00:01,-90,1318
2026-08-18T11:45:30+00:00,AA:00:00:00:00:05,BB:00:00:00:00:01,-50,1319
2026-08-18T11:45:40+00:00,AA:00:00:00:00:01,BB:00:00:00:00:01,-97,1320
2026-08-18T11:45:40+00:00,AA:00:00:00:00:02,BB:00:00:00:00:01,-91,1321
2026-08-18T11:45:40+00:00,AA:00:00:00:00:03,BB:00:00:00:00:01,-89,1322
2026-08-18T11:45:40+00:00,AA:00:00:00:00:04,BB:00:00:00:00:01,-84,1323
2026-08-18T11:45:40+00:00,AA:00:00:00:00:05,BB:00:00:00:00:01,-51,1324
2026-08-18T11:45:50+00:00,AA:00:00:00:00:01,BB:00:00:00:00:01,-92,1325
2026-08-18T11:45:50+00:00,AA:00:00:00:00:02,BB:00:00:00:00:01,-88,1326
2026-08-18T11:45:50+00:00,AA:00:00:00:00:03,BB:00:00:00:00:01,-99,1327
2026-08-18T11:45:50+00:00,AA:00:00:00:00:04,BB:00:00:00:00:01,-96,1328
2026-08-18T11:45:50+00:00,AA:00:00:00:00:05,BB:00:00:00:00:01,-61,1329
2026-08-18T11:46:00+00:00,AA:00:00:00:00:01,BB:00:00:00:00:01,-95,1330
2026-08-18T11:46:00+00:00,AA:00:00:00:00:02,BB:00:00:00:00:01,-93,1331
2026-08-18T11:46:00+00:00,AA:00:00:00:00:03,BB:00:00:00:00:01,-86,1332
2026-08-18T11:46:00+00:00,AA:00:00:00:00:04,BB:00:00:00:00:01,-92,1333
2026-08-18T11:46:00+00:00,AA:00:00:00:00:05,BB:00:00:00:00:01,-51,1334
2026-08-18T11:46:10+00:00,AA:00:00:00:00:01,BB:00:00:00:00:01,-95,1335
2026-08-18T11:46:10+00:00,AA:00:00:00:00:02,BB:00:00:00:00:01,-90,1336
2026-08-18T11:46:10+00:00,AA:00:00:00:00:03,BB:00:00:00:00:01,-92,1337
2026-08-18T11:46:10+00:00,AA:00:00:00:00:04,BB:00:00:00:00:01,-91,1338
2026-08-18T11:46:10+00:00,AA:00:00:00:00:05,BB:00:00:00:00:01,-56,1339
2026-08-18T11:46:20+00:00,AA:00:00:00:00:01,BB:00:00:00:00:01,-89,1340
2026-08-18T11:46:20+00:00,AA:00:00:00:00:02,BB:00:00:00:00:01,-93,1341
2026-08-18T11:46:20+00:00,AA:00:00:00:00:03,BB:00:00:00:00:01,-90,1342
2026-08-18T11:46:20+00:00,AA:00:00:00:00:04,BB:00:00:00:00:01,-98,1343
2026-08-18T11:46:20+00:00,AA:00:00:00:00:05,BB:00:00:00:00:01,-55,1344
2026-08-18T11:46:30+00:00,AA:00:00:00:00:01,BB:00:00:00:00:01,-90,1345
2026-08-18T11:46:30+00:00,AA:00:00:00:00:02,BB:00:00:00:00:01,-94,1346
2026-08-18T11:46:30+00:00,AA:00:00:00:00:03,BB:00:00:00:00:01,-93,1347
2026-08-18T11:46:30+00:00,AA:00:00:00:00:04,BB:00:00:00:00:01,-96,1348
2026-08-18T11:46:30+00:00,AA:00:00:00:00:05,BB:00:00:00:00:01,-52,1349
2026-08-18T11:46:40+00:00,AA:00:00:00:00:01,BB:00:00:00:00:01,-93,1350
2026-08-18T11:46:40+00:00,AA:00:00:00:00:02,BB:00:00:00:00:01,-89,1351
2026-08-18T11:46:40+00:00,AA:00:00:00:00:03,BB:00:00:00:00:01,-95,1352
2026-08-18T11:46:40+00:00,AA:00:00:00:00:04,BB:00:00:00:00:01,-99,1353
2026-08-18T11:46:40+00:00,AA:00:00:00:00:05,BB:00:00:00:00:01,-53,1354
2026-08-18T11:46:50+00:00,AA:00:00:00:00:01,BB:00:00:00:00:01,-95,1355
2026-08-18T11:46:50+00:00,AA:00:00:00:00:02,BB:00:00:00:00:01,-95,1356
2026-08-18T11:46:50+00:00,AA:00:00:00:00:03,BB:00:00:00:00:01,-88,1357
2026-08-18T11:46:50+00:00,AA:00:00:00:00:04,BB:00:00:00:00:01,-91,1358
2026-08-18T11:46:50+00:00,AA:00:00:00:00:05,BB:00:00:00:00:01,-55,1359
2026-08-18T11:47:00+00:00,AA:00:00:00:00:01,BB:00:00:00:00:01,-92,1360
2026-08-18T11:47:00+00:00,AA:00:00:00:00:02,BB:00:00:00:00:01,-95,1361
2026-08-18T11:47:00+00:00,AA:00:00:00:00:03,BB:00:00:00:00:01,-92,1362
2026-08-18T11:47:00+00:00,AA:00:00:00:00:05,BB:00:00:00:00:01,-50,1363
2026-08-18T11:47:10+00:00,AA:00:00:00:00:01,BB:00:00:00:00:01,-87,1364
2026-08-18T11:47:10+00:00,AA:00:00:00:00:02,BB:00:00:00:00:01,-95,1365
2026-08-18T11:47:10+00:00,AA:00:00:00:00:03,BB:00:00:00:00:01,-96,1366
2026-08-18T11:47:10+00:00,AA:00:00:00:00:04,BB:00:00:00:00:01,-91,1367
2026-08-18T11:47:10+00:00,AA:00:00:00:00:05,BB:00:00:00:00:01,-55,1368
2026-08-18T11:47:20+00:00,AA:00:00:00:00:01,BB:00:00:00:00:01,-86,1369
2026-08-18T11:47:20+00:00,AA:00:00:00:00:02,BB:00:00:00:00:01,-86,1370
2026-08-18T11:47:20+00:00,AA:00:00:00:00:03,BB:00:00:00:00:01,-88,1371
2026-08-18T11:47:20+00:00,AA:00:00:00:00:04,BB:00:00:00:00:01,-91,1372
2026-08-18T11:47:20+00:00,AA:00:00:00:00:05,BB:00:00:00:00:01,-53,1373
2026-08-18T11:47:30+00:00,AA:00:00:00:00:01,BB:00:00:00:00:01,-96,1374
2026-08-18T11:47:30+00:00,AA:00:00:00:00:02,BB:00:00:00:00:01,-91,1375
2026-08-18T11:47:30+00:00,AA:00:00:00:00:03,BB:00:00:00:00:01,-90,1376
2026-08-18T11:47:30+00:00,AA:00:00:00:00:04,BB:00:00:00:00:01,-91,1377
2026-08-18T11:47:30+00:00,AA:00:00:00:00:05,BB:00:00:00:00:01,-56,1378
2026-08-18T11:47:40+00:00,AA:00:00:00:00:01,BB:00:00:00:00:01,-93,1379
2026-08-18T11:47:40+00:00,AA:00:00:00:00:02,BB:00:00:00:00:01,-88,1380
2026-08-18T11:47:40+00:00,AA:00:00:00:00:03,BB:00:00:00:00:01,-92,1381
2026-08-18T11:47:40+00:00,AA:00:00:00:00:04,BB:00:00:00:00:01,-90,1382
2026-08-18T11:47:40+00:00,AA:00:00:00:00:05,BB:00:00:00:00:01,-61,1383
2026-08-18T11:47:50+00:00,AA:00:00:00:00:01,BB:00:00:00:00:01,-93,1384
2026-08-18T11:47:50+00:00,AA:00:00:00:00:02,BB:00:00:00:00:01,-85,1385
2026-08-18T11:47:50+00:00,AA:00:00:00:00:03,BB:00:00:00:00:01,-92,1386
2026-08-18T11:47:50+00:00,AA:00:00:00:00:04,BB:00:00:00:00:01,-101,1387
2026-08-18T11:47:50+00:00,AA:00:00:00:00:05,BB:00:00:00:00:01,-54,1388
2026-08-18T11:48:00+00:00,AA:00:00:00:00:01,BB:00:00:00:00:01,-91,1389
2026-08-18T11:48:00+00:00,AA:00:00:00:00:02,BB:00:00:00:00:01,-89,1390
2026-08-18T11:48:00+00:00,AA:00:00:00:00:04,BB:00:00:00:00:01,-93,1391
2026-08-18T11:48:10+00:00,AA:00:00:00:00:01,BB:00:00:00:00:01,-108,1392
2026-08-18T11:48:10+00:00,AA:00:00:00:00:02,BB:00:00:00:00:01,-94,1393
2026-08-18T11:48:10+00:00,AA:00:00:00:00:03,BB:00:00:00:00:01,-95,1394
2026-08-18T11:48:10+00:00,AA:00:00:00:00:04,BB:00:00:00:00:01,-79,1395
2026-08-18T11:48:10+00:00,AA:00:00:00:00:05,BB:00:00:00:00:01,-50,1396
2026-08-18T11:48:20+00:00,AA:00:00:00:00:01,BB:00:00:00:00:01,-91,1397
2026-08-18T11:48:20+00:00,AA:00:00:00:00:02,BB:00:00:00:00:01,-96,1398
2026-08-18T11:48:20+00:00,AA:00:00:00:00:03,BB:00:00:00:00:01,-90,1399
2026-08-18T11:48:20+00:00,AA:00:00:00:00:04,BB:00:00:00:00:01,-87,1400
2026-08-18T11:48:20+00:00,AA:00:00:00:00:05,BB:00:00:00:00:01,-54,1401
2026-08-18T11:48:30+00:00,AA:00:00:00:00:01,BB:00:00:00:00:01,-92,1402
2026-08-18T11:48:30+00:00,AA:00:00:00:00:02,BB:00:00:00:00:01,-97,1403
2026-08-18T11:48:30+00:00,AA:00:00:00:00:04,BB:00:00:00:00:01,-89,1404
2026-08-18T11:48:30+00:00,AA:00:00:00:00:05,BB:00:00:00:00:01,-58,1405
2026-08-18T11:48:40+00:00,AA:00:00:00:00:01,BB:00:00:00:00:01,-90,1406
2026-08-18T11:48:40+00:00,AA:00:00:00:00:02,BB:00:00:00:00:01,-90,1407
2026-08-18T11:48:40+00:00,AA:00:00:00:00:03,BB:00:00:00:00:01,-83,1408
2026-08-18T11:48:40+00:00,AA:00:00:00:00:04,BB:00:00:00:00:01,-92,1409
2026-08-18T11:48:40+00:00,AA:00:00:00:00:05,BB:00:00:00:00:01,-57,1410
2026-08-18T11:48:50+00:00,AA:00:00:00:00:01,BB:00:00:00:00:01,-101,1411
2026-08-18T11:48:50+00:00,AA:00:00:00:00:02,BB:00:00:00:00:01,-87,1412
2026-08-18T11:48:50+00:00,AA:00:00:00:00:03,BB:00:00:00:00:01,-91,1413
2026-08-18T11:48:50+00:00,AA:00:00:00:00:04,BB:00:00:00:00:01,-87,1414
2026-08-18T11:48:50+00:00,AA:00:00:00:00:05,BB:00:00:00:00:01,-62,1415
2026-08-18T11:49:00+00:00,AA:00:00:00:00:01,BB:00:00:00:00:01,-88,1416
2026-08-18T11:49:00+00:00,AA:00:00:00:00:02,BB:00:00:00:00:01,-93,1417
2026-08-18T11:49:00+00:00,AA:00:00:00:00:03,BB:00:00:00:00:01,-90,1418
2026-08-18T11:49:00+00:00,AA:00:00:00:00:04,BB:00:00:00:00:01,-90,1419
2026-08-18T11:49:00+00:00,AA:00:00:00:00:05,BB:00:00:00:00:01,-49,1420
2026-08-18T11:49:10+00:00,AA:00:00:00:00:01,BB:00:00:00:00:01,-93,1421
2026-08-18T11:49:10+00:00,AA:00:00:00:00:02,BB:00:00:00:00:01,-95,1422
2026-08-18T11:49:10+00:00,AA:00:00:00:00:03,BB:00:00:00:00:01,-101,1423
2026-08-18T11:49:10+00:00,AA:00:00:00:00:04,BB:00:00:00:00:01,-94,1424
2026-08-18T11:49:10+00:00,AA:00:00:00:00:05,BB:00:00:00:00:01,-56,1425
2026-08-18T11:49:20+00:00,AA:00:00:00:00:01,BB:00:00:00:00:01,-87,1426
2026-08-18T11:49:20+00:00,AA:00:00:00:00:02,BB:00:00:00:00:01,-87,1427
2026-08-18T11:49:20+00:00,AA:00:00:00:00:03,BB:00:00:00:00:01,-102,1428
2026-08-18T11:49:20+00:00,AA:00:00:00:00:04,BB:00:00:00:00:01,-84,1429
2026-08-18T11:49:20+00:00,AA:00:00:00:00:05,BB:00:00:00:00:01,-62,1430
2026-08-18T11:49:30+00:00,AA:00:00:00:00:01,BB:00:00:00:00:01,-97,1431
2026-08-18T11:49:30+00:00,AA:00:00:00:00:02,BB:00:00:00:00:01,-101,1432
2026-08-18T11:49:30+00:00,AA:00:00:00:00:03,BB:00:00:00:00:01,-96,1433
2026-08-18T11:49:30+00:00,AA:00:00:00:00:04,BB:00:00:00:00:01,-91,1434
2026-08-18T11:49:30+00:00,AA:00:00:00:00:05,BB:00:00:00:00:01,-44,1435
2026-08-18T11:49:40+00:00,AA:00:00:00:00:01,BB:00:00:00:00:01,-87,1436
2026-08-18T11:49:40+00:00,AA:00:00:00:00:02,BB:00:00:00:00:01,-89,1437
2026-08-18T11:49:40+00:00,AA:00:00:00:00:03,BB:00:00:00:00:01,-95,1438
2026-08-18T11:49:40+00:00,AA:00:00:00:00:04,BB:00:00:00:00:01,-91,1439
2026-08-18T11:49:40+00:00,AA:00:00:00:00:05,BB:00:00:00:00:01,-55,1440
2026-08-18T11:49:50+00:00,AA:00:00:00:00:01,BB:00:00:00:00:01,-90,1441
2026-08-18T11:49:50+00:00,AA:00:00:00:00:02,BB:00:00:00:00:01,-93,1442
2026-08-18T11:49:50+00:00,AA:00:00:00:00:03,BB:00:00:00:00:01,-102,1443
2026-08-18T11:49:50+00:00,AA:00:00:00:00:04,BB:00:00:00:00:01,-96,1444
2026-08-18T11:49:50+00:00,AA:00:00:00:00:05,BB:00:00:00:00:01,-52,1445
2026-08-18T11:50:00+00:00,AA:00:00:00:00:01,BB:00:00:00:00:01,-88,1446
2026-08-18T11:50:00+00:00,AA:00:00:00:00:02,BB:00:00:00:00:01,-96,1447
2026-08-18T11:50:00+00:00,AA:00:00:00:00:03,BB:00:00:00:00:01,-85,1448
2026-08-18T11:50:00+00:00,AA:00:00:00:00:04,BB:00:00:00:00:01,-89,1449
2026-08-18T11:50:00+00:00,AA:00:00:00:00:05,BB:00:00:00:00:01,-54,1450
2026-08-18T11:50:10+00:00,AA:00:00:00:00:01,BB:00:00:00:00:01,-92,1451
2026-08-18T11:50:10+00:00,AA:00:00:00:00:02,BB:00:00:00:00:01,-93,1452
2026-08-18T11:50:10+00:00,AA:00:00:00:00:03,BB:00:00:00:00:01,-97,1453
2026-08-18T11:50:10+00:00,AA:00:00:00:00:04,BB:00:00:00:00:01,-97,1454
2026-08-18T11:50:10+00:00,AA:00:00:00:00:05,BB:00:00:00:00:01,-58,1455
2026-08-18T11:50:20+00:00,AA:00:00:00:00:01,BB:00:00:00:00:01,-90,1456
2026-08-18T11:50:20+00:00,AA:00:00:00:00:02,BB:00:00:00:00:01,-93,1457
2026-08-18T11:50:20+00:00,AA:00:00:00:00:03,BB:00:00:00:00:01,-90,1458
2026-08-18T11:50:20+00:00,AA:00:00:00:00:04,BB:00:00:00:00:01,-90,1459
2026-08-18T11:50:20+00:00,AA:00:00:00:00:05,BB:00:00:00:00:01,-56,1460
2026-08-18T11:50:30+00:00,AA:00:00:00:00:01,BB:00:00:00:00:01,-98,1461
2026-08-18T11:50:30+00:00,AA:00:00:00:00:02,BB:00:00:00:00:01,-92,1462
2026-08-18T11:50:30+00:00,AA:00:00:00:00:03,BB:00:00:00:00:01,-91,1463
2026-08-18T11:50:30+00:00,AA:00:00:00:00:04,BB:00:00:00:00:01,-90,1464
2026-08-18T11:50:30+00:00,AA:00:00:00:00:05,BB:00:00:00:00:01,-52,1465
2026-08-18T11:50:40+00:00,AA:00:00:00:00:01,BB:00:00:00:00:01,-95,1466
2026-08-18T11:50:40+00:00,AA:00:00:00:00:02,BB:00:00:00:00:01,-97,1467
2026-08-18T11:50:40+00:00,AA:00:00:00:00:03,BB:00:00:00:00:01,-90,1468
2026-08-18T11:50:40+00:00,AA:00:00:00:00:04,BB:00:00:00:00:01,-89,1469
2026-08-18T11:50:40+00:00,AA:00:00:00:00:05,BB:00:00:00:00:01,-56,1470
2026-08-18T11:50:50+00:00,AA:00:00:00:00:01,BB:00:00:00:00:01,-88,1471
2026-08-18T11:50:50+00:00,AA:00:00:00:00:02,BB:00:00:00:00:01,-88,1472
2026-08-18T11:50:50+00:00,AA:00:00:00:00:03,BB:00:00:00:00:01,-89,1473
2026-08-18T11:50:50+00:00,AA:00:00:00:00:04,BB:00:00:00:00:01,-95,1474
2026-08-18T11:50:50+00:00,AA:00:00:00:00:05,BB:00:00:00:00:01,-52,1475
2026-08-18T11:51:00+00:00,AA:00:00:00:00:01,BB:00:00:00:00:01,-92,1476
2026-08-18T11:51:00+00:00,AA:00:00:00:00:02,BB:00:00:00:00:01,-89,1477
2026-08-18T11:51:00+00:00,AA:00:00:00:00:03,BB:00:00:00:00:01,-93,1478
2026-08-18T11:51:00+00:00,AA:00:00:00:00:04,BB:00:00:00:00:01,-93,1479
2026-08-18T11:51:00+00:00,AA:00:00:00:00:05,BB:00:00:00:00:01,-50,1480
2026-08-18T11:51:10+00:00,AA:00:00:00:00:01,BB:00:00:00:00:01,-93,1481
2026-08-18T11:51:10+00:00,AA:00:00:00:00:02,BB:00:00:00:00:01,-90,1482
2026-08-18T11:51:10+00:00,AA:00:00:00:00:03,BB:00:00:00:00:01,-96,1483
2026-08-18T11:51:10+00:00,AA:00:00:00:00:04,BB:00:00:00:00:01,-100,1484
2026-08-18T11:51:10+00:00,AA:00:00:00:00:05,BB:00:00:00:00:01,-54,1485
2026-08-18T11:51:20+00:00,AA:00:00:00:00:01,BB:00:00:00:00:01,-87,1486
2026-08-18T11:51:20+00:00,AA:00:00:00:00:02,BB:00:00:00:00:01,-96,1487
2026-08-18T11:51:20+00:00,AA:00:00:00:00:03,BB:00:00:00:00:01,-90,1488
2026-08-18T11:51:20+00:00,AA:00:00:00:00:04,BB:00:00:00:00:01,-98,1489
2026-08-18T11:51:30+00:00,AA:00:00:00:00:02,BB:00:00:00:00:01,-91,1490
2026-08-18T11:51:30+00:00,AA:00:00:00:00:04,BB:00:00:00:00:01,-105,1491
2026-08-18T11:51:30+00:00,AA:00:00:00:00:05,BB:00:00:00:00:01,-50,1492
2026-08-18T11:51:40+00:00,AA:00:00:00:00:01,BB:00:00:00:00:01,-92,1493
2026-08-18T11:51:40+00:00,AA:00:00:00:00:02,BB:00:00:00:00:01,-83,1494
2026-08-18T11:51:40+00:00,AA:00:00:00:00:03,BB:00:00:00:00:01,-95,1495
2026-08-18T11:51:40+00:00,AA:00:00:00:00:04,BB:00:00:00:00:01,-89,1496
2026-08-18T11:51:40+00:00,AA:00:00:00:00:05,BB:00:00:00:00:01,-63,1497
2026-08-18T11:51:50+00:00,AA:00:00:00:00:01,BB:00:00:00:00:01,-90,1498
2026-08-18T11:51:50+00:00,AA:00:00:00:00:02,BB:00:00:00:00:01,-96,1499
2026-08-18T11:51:50+00:00,AA:00:00:00:00:03,BB:00:00:00:00:01,-93,1500
2026-08-18T11:51:50+00:00,AA:00:00:00:00:04,BB:00:00:00:00:01,-98,1501
2026-08-18T11:51:50+00:00,AA:00:00:00:00:05,BB:00:00:00:00:01,-59,1502
2026-08-18T11:52:00+00:00,AA:00:00:00:00:01,BB:00:00:00:00:01,-94,1503
2026-08-18T11:52:00+00:00,AA:00:00:00:00:02,BB:00:00:00:00:01,-93,1504
2026-08-18T11:52:00+00:00,AA:00:00:00:00:03,BB:00:00:00:00:01,-94,1505
2026-08-18T11:52:00+00:00,AA:00:00:00:00:04,BB:00:00:00:00:01,-89,1506
2026-08-18T11:52:00+00:00,AA:00:00:00:00:05,BB:00:00:00:00:01,-56,1507
2026-08-18T11:52:10+00:00,AA:00:00:00:00:01,BB:00:00:00:00:01,-93,1508
2026-08-18T11:52:10+00:00,AA:00:00:00:00:02,BB:00:00:00:00:01,-97,1509
2026-08-18T11:52:10+00:00,AA:00:00:00:00:03,BB:00:00:00:00:01,-96,1510
2026-08-18T11:52:10+00:00,AA:00:00:00:00:04,BB:00:00:00:00:01,-93,1511
2026-08-18T11:52:10+00:00,AA:00:00:00:00:05,BB:00:00:00:00:01,-52,1512
2026-08-18T11:52:20+00:00,AA:00:00:00:00:01,BB:00:00:00:00:01,-91,1513
2026-08-18T11:52:20+00:00,AA:00:00:00:00:02,BB:00:00:00:00:01,-92,1514
2026-08-18T11:52:20+00:00,AA:00:00:00:00:03,BB:00:00:00:00:01,-93,1515
2026-08-18T11:52:20+00:00,AA:00:00:00:00:04,BB:00:00:00:00:01,-87,1516
2026-08-18T11:52:30+00:00,AA:00:00:00:00:01,BB:00:00:00:00:01,-94,1517
2026-08-18T11:52:30+00:00,AA:00:00:00:00:02,BB:00:00:00:00:01,-91,1518
2026-08-18T11:52:30+00:00,AA:00:00:00:00:03,BB:00:00:00:00:01,-95,1519
2026-08-18T11:52:30+00:00,AA:00:00:00:00:04,BB:00:00:00:00:01,-91,1520
2026-08-18T11:52:30+00:00,AA:00:00:00:00:05,BB:00:00:00:00:01,-52,1521
2026-08-18T11:52:40+00:00,AA:00:00:00:00:01,BB:00:00:00:00:01,-92,1522
2026-08-18T11:52:40+00:00,AA:00:00:00:00:02,BB:00:00:00:00:01,-100,1523
2026-08-18T11:52:40+00:00,AA:00:00:00:00:03,BB:00:00:00:00:01,-90,1524
2026-08-18T11:52:40+00:00,AA:00:00:00:00:04,BB:00:00:00:00:01,-89,1525
2026-08-18T11:52:40+00:00,AA:00:00:00:00:05,BB:00:00:00:00:01,-50,1526
2026-08-18T11:52:50+00:00,AA:00:00:00:00:01,BB:00:00:00:00:01,-99,1527
2026-08-18T11:52:50+00:00,AA:00:00:00:00:02,BB:00:00:00:00:01,-88,1528
2026-08-18T11:52:50+00:00,AA:00:00:00:00:03,BB:00:00:00:00:01,-99,1529
2026-08-18T11:52:50+00:00,AA:00:00:00:00:04,BB:00:00:00:00:01,-87,1530
2026-08-18T11:52:50+00:00,AA:00:00:00:00:05,BB:00:00:00:00:01,-58,1531
2026-08-18T11:53:00+00:00,AA:00:00:00:00:01,BB:00:00:00:00:01,-98,1532
2026-08-18T11:53:00+00:00,AA:00:00:00:00:02,BB:00:00:00:00:01,-92,1533
2026-08-18T11:53:00+00:00,AA:00:00:00:00:03,BB:00:00:00:00:01,-96,1534
2026-08-18T11:53:00+00:00,AA:00:00:00:00:04,BB:00:00:00:00:01,-88,1535
2026-08-18T11:53:00+00:00,AA:00:00:00:00:05,BB:00:00:00:00:01,-58,1536
2026-08-18T11:53:10+00:00,AA:00:00:00:00:01,BB:00:00:00:00:01,-94,1537
2026-08-18T11:53:10+00:00,AA:00:00:00:00:02,BB:00:00:00:00:01,-92,1538
2026-08-18T11:53:10+00:00,AA:00:00:00:00:03,BB:00:00:00:00:01,-98,1539
2026-08-18T11:53:10+00:00,AA:00:00:00:00:04,BB:00:00:00:00:01,-89,1540
2026-08-18T11:53:10+00:00,AA:00:00:00:00:05,BB:00:00:00:00:01,-51,1541
2026-08-18T11:53:20+00:00,AA:00:00:00:00:01,BB:00:00:00:00:01,-96,1542
2026-08-18T11:53:20+00:00,AA:00:00:00:00:02,BB:00:00:00:00:01,-97,1543
2026-08-18T11:53:20+00:00,AA:00:00:00:00:03,BB:00:00:00:00:01,-85,1544
2026-08-18T11:53:20+00:00,AA:00:00:00:00:04,BB:00:00:00:00:01,-91,1545
2026-08-18T11:53:20+00:00,AA:00:00:00:00:05,BB:00:00:00:00:01,-50,1546
2026-08-18T11:53:30+00:00,AA:00:00:00:00:01,BB:00:00:00:00:01,-95,1547
2026-08-18T11:53:30+00:00,AA:00:00:00:00:02,BB:00:00:00:00:01,-92,1548
2026-08-18T11:53:30+00:00,AA:00:00:00:00:03,BB:00:00:00:00:01,-85,1549
2026-08-18T11:53:30+00:00,AA:00:00:00:00:04,BB:00:00:00:00:01,-95,1550
2026-08-18T11:53:30+00:00,AA:00:00:00:00:05,BB:00:00:00:00:01,-58,1551
2026-08-18T11:53:40+00:00,AA:00:00:00:00:01,BB:00:00:00:00:01,-92,1552
2026-08-18T11:53:40+00:00,AA:00:00:00:00:02,BB:00:00:00:00:01,-88,1553
2026-08-18T11:53:40+00:00,AA:00:00:00:00:03,BB:00:00:00:00:01,-93,1554
2026-08-18T11:53:40+00:00,AA:00:00:00:00:04,BB:00:00:00:00:01,-91,1555
2026-08-18T11:53:40+00:00,AA:00:00:00:00:05,BB:00:00:00:00:01,-53,1556
2026-08-18T11:53:50+00:00,AA:00:00:00:00:01,BB:00:00:00:00:01,-95,1557
2026-08-18T11:53:50+00:00,AA:00:00:00:00:02,BB:00:00:00:00:01,-93,1558
2026-08-18T11:53:50+00:00,AA:00:00:00:00:04,BB:00:00:00:00:01,-97,1559
2026-08-18T11:53:50+00:00,AA:00:00:00:00:05,BB:00:00:00:00:01,-61,1560
2026-08-18T11:54:00+00:00,AA:00:00:00:00:01,BB:00:00:00:00:01,-89,1561
2026-08-18T11:54:00+00:00,AA:00:00:00:00:02,BB:00:00:00:00:01,-94,1562
2026-08-18T11:54:00+00:00,AA:00:00:00:00:03,BB:00:00:00:00:01,-86,1563
2026-08-18T11:54:00+00:00,AA:00:00:00:00:04,BB:00:00:00:00:01,-96,1564
2026-08-18T11:54:00+00:00,AA:00:00:00:00:05,BB:00:00:00:00:01,-58,1565
2026-08-18T11:54:10+00:00,AA:00:00:00:00:01,BB:00:00:00:00:01,-97,1566
2026-08-18T11:54:10+00:00,AA:00:00:00:00:02,BB:00:00:00:00:01,-89,1567
2026-08-18T11:54:10+00:00,AA:00:00:00:00:03,BB:00:00:00:00:01,-92,1568
2026-08-18T11:54:10+00:00,AA:00:00:00:00:04,BB:00:00:00:00:01,-86,1569
2026-08-18T11:54:10+00:00,AA:00:00:00:00:05,BB:00:00:00:00:01,-54,1570
2026-08-18T11:54:20+00:00,AA:00:00:00:00:01,BB:00:00:00:00:01,-92,1571
2026-08-18T11:54:20+00:00,AA:00:00:00:00:02,BB:00:00:00:00:01,-95,1572
2026-08-18T11:54:20+00:00,AA:00:00:00:00:03,BB:00:00:00:00:01,-87,1573
2026-08-18T11:54:20+00:00,AA:00:00:00:00:04,BB:00:00:00:00:01,-95,1574
2026-08-18T11:54:20+00:00,AA:00:00:00:00:05,BB:00:00:00:00:01,-51,1575
2026-08-18T11:54:30+00:00,AA:00:00:00:00:01,BB:00:00:00:00:01,-99,1576
2026-08-18T11:54:30+00:00,AA:00:00:00:00:02,BB:00:00:00:00:01,-90,1577
2026-08-18T11:54:30+00:00,AA:00:00:00:00:03,BB:00:00:00:00:01,-90,1578
2026-08-18T11:54:30+00:00,AA:00:00:00:00:04,BB:00:00:00:00:01,-90,1579
2026-08-18T11:54:30+00:00,AA:00:00:00:00:05,BB:00:00:00:00:01,-49,1580
2026-08-18T11:54:40+00:00,AA:00:00:00:00:01,BB:00:00:00:00:01,-96,1581
2026-08-18T11:54:40+00:00,AA:00:00:00:00:02,BB:00:00:00:00:01,-87,1582
2026-08-18T11:54:40+00:00,AA:00:00:00:00:03,BB:00:00:00:00:01,-94,1583
2026-08-18T11:54:40+00:00,AA:00:00:00:00:04,BB:00:00:00:00:01,-89,1584
2026-08-18T11:54:40+00:00,AA:00:00:00:00:05,BB:00:00:00:00:01,-63,1585
2026-08-18T11:54:50+00:00,AA:00:00:00:00:01,BB:00:00:00:00:01,-91,1586
2026-08-18T11:54:50+00:00,AA:00:00:00:00:02,BB:00:00:00:00:01,-84,1587
2026-08-18T11:54:50+00:00,AA:00:00:00:00:03,BB:00:00:00:00:01,-88,1588
2026-08-18T11:54:50+00:00,AA:00:00:00:00:04,BB:00:00:00:00:01,-94,1589
2026-08-18T11:54:50+00:00,AA:00:00:00:00:05,BB:00:00:00:00:01,-53,1590
2026-08-18T11:55:00+00:00,AA:00:00:00:00:01,BB:00:00:00:00:01,-90,1591
2026-08-18T11:55:00+00:00,AA:00:00:00:00:02,BB:00:00:00:00:01,-90,1592
2026-08-18T11:55:00+00:00,AA:00:00:00:00:03,BB:00:00:00:00:01,-88,1593
2026-08-18T11:55:00+00:00,AA:00:00:00:00:04,BB:00:00:00:00:01,-94,1594
2026-08-18T11:55:00+00:00,AA:00:00:00:00:05,BB:00:00:00:00:01,-54,1595
2026-08-18T11:55:10+00:00,AA:00:00:00:00:01,BB:00:00:00:00:01,-97,1596
2026-08-18T11:55:10+00:00,AA:00:00:00:00:02,BB:00:00:00:00:01,-92,1597
2026-08-18T11:55:10+00:00,AA:00:00:00:00:03,BB:00:00:00:00:01,-92,1598
2026-08-18T11:55:10+00:00,AA:00:00:00:00:04,BB:00:00:00:00:01,-89,1599
2026-08-18T11:55:10+00:00,AA:00:00:00:00:05,BB:00:00:00:00:01,-49,1600
2026-08-18T11:55:20+00:00,AA:00:00:00:00:01,BB:00:00:00:00:01,-87,1601
2026-08-18T11:55:20+00:00,AA:00:00:00:00:02,BB:00:00:00:00:01,-89,1602
2026-08-18T11:55:20+00:00,AA:00:00:00:00:03,BB:00:00:00:00:01,-88,1603
2026-08-18T11:55:20+00:00,AA:00:00:00:00:04,BB:00:00:00:00:01,-93,1604
2026-08-18T11:55:20+00:00,AA:00:00:00:00:05,BB:00:00:00:00:01,-55,1605
2026-08-18T11:55:30+00:00,AA:00:00:00:00:01,BB:00:00:00:00:01,-92,1606
2026-08-18T11:55:30+00:00,AA:00:00:00:00:02,BB:00:00:00:00:01,-90,1607
2026-08-18T11:55:30+00:00,AA:00:00:00:00:03,BB:00:00:00:00:01,-86,1608
2026-08-18T11:55:30+00:00,AA:00:00:00:00:04,BB:00:00:00:00:01,-93,1609
2026-08-18T11:55:30+00:00,AA:00:00:00:00:05,BB:00:00:00:00:01,-58,1610
2026-08-18T11:55:40+00:00,AA:00:00:00:00:01,BB:00:00:00:00:01,-94,1611
2026-08-18T11:55:40+00:00,AA:00:00:00:00:02,BB:00:00:00:00:01,-93,1612
2026-08-18T11:55:40+00:00,AA:00:00:00:00:03,BB:00:00:00:00:01,-94,1613
2026-08-18T11:55:40+00:00,AA:00:00:00:00:04,BB:00:00:00:00:01,-86,1614
2026-08-18T11:55:40+00:00,AA:00:00:00:00:05,BB:00:00:00:00:01,-45,1615
2026-08-18T11:55:50+00:00,AA:00:00:00:00:01,BB:00:00:00:00:01,-101,1616
2026-08-18T11:55:50+00:00,AA:00:00:00:00:02,BB:00:00:00:00:01,-94,1617
2026-08-18T11:55:50+00:00,AA:00:00:00:00:03,BB:00:00:00:00:01,-90,1618
2026-08-18T11:55:50+00:00,AA:00:00:00:00:04,BB:00:00:00:00:01,-94,1619
2026-08-18T11:55:50+00:00,AA:00:00:00:00:05,BB:00:00:00:00:01,-53,1620
2026-08-18T11:56:00+00:00,AA:00:00:00:00:01,BB:00:00:00:00:01,-93,1621
2026-08-18T11:56:00+00:00,AA:00:00:00:00:02,BB:00:00:00:00:01,-97,1622
2026-08-18T11:56:00+00:00,AA:00:00:00:00:03,BB:00:00:00:00:01,-93,1623
2026-08-18T11:56:00+00:00,AA:00:00:00:00:04,BB:00:00:00:00:01,-93,1624
2026-08-18T11:56:10+00:00,AA:00:00:00:00:01,BB:00:00:00:00:01,-92,1625
2026-08-18T11:56:10+00:00,AA:00:00:00:00:02,BB:00:00:00:00:01,-92,1626
2026-08-18T11:56:10+00:00,AA:00:00:00:00:03,BB:00:00:00:00:01,-93,1627
2026-08-18T11:56:10+00:00,AA:00:00:00:00:04,BB:00:00:00:00:01,-96,1628
2026-08-18T11:56:10+00:00,AA:00:00:00:00:05,BB:00:00:00:00:01,-52,1629
2026-08-18T11:56:20+00:00,AA:00:00:00:00:01,BB:00:00:00:00:01,-94,1630
2026-08-18T11:56:20+00:00,AA:00:00:00:00:02,BB:00:00:00:00:01,-97,1631
2026-08-18T11:56:20+00:00,AA:00:00:00:00:03,BB:00:00:00:00:01,-94,1632
2026-08-18T11:56:20+00:00,AA:00:00:00:00:04,BB:00:00:00:00:01,-95,1633
2026-08-18T11:56:20+00:00,AA:00:00:00:00:05,BB:00:00:00:00:01,-54,1634
2026-08-18T11:56:30+00:00,AA:00:00:00:00:01,BB:00:00:00:00:01,-94,1635
2026-08-18T11:56:30+00:00,AA:00:00:00:00:02,BB:00:00:00:00:01,-91,1636
2026-08-18T11:56:30+00:00,AA:00:00:00:00:03,BB:00:00:00:00:01,-91,1637
2026-08-18T11:56:30+00:00,AA:00:00:00:00:04,BB:00:00:00:00:01,-92,1638
2026-08-18T11:56:30+00:00,AA:00:00:00:00:05,BB:00:00:00:00:01,-50,1639
2026-08-18T11:56:40+00:00,AA:00:00:00:00:01,BB:00:00:00:00:01,-92,1640
2026-08-18T11:56:40+00:00,AA:00:00:00:00:02,BB:00:00:00:00:01,-91,1641
2026-08-18T11:56:40+00:00,AA:00:00:00:00:03,BB:00:00:00:00:01,-89,1642
2026-08-18T11:56:40+00:00,AA:00:00:00:00:04,BB:00:00:00:00:01,-93,1643
2026-08-18T11:56:40+00:00,AA:00:00:00:00:05,BB:00:00:00:00:01,-49,1644
2026-08-18T11:56:50+00:00,AA:00:00:00:00:01,BB:00:00:00:00:01,-96,1645
2026-08-18T11:56:50+00:00,AA:00:00:00:00:02,BB:00:00:00:00:01,-88,1646
2026-08-18T11:56:50+00:00,AA:00:00:00:00:03,BB:00:00:00:00:01,-89,1647
2026-08-18T11:56:50+00:00,AA:00:00:00:00:05,BB:00:00:00:00:01,-52,1648
2026-08-18T11:57:00+00:00,AA:00:00:00:00:01,BB:00:00:00:00:01,-94,1649
2026-08-18T11:57:00+00:00,AA:00:00:00:00:02,BB:00:00:00:00:01,-92,1650
2026-08-18T11:57:00+00:00,AA:00:00:00:00:03,BB:00:00:00:00:01,-94,1651
2026-08-18T11:57:00+00:00,AA:00:00:00:00:04,BB:00:00:00:00:01,-85,1652
2026-08-18T11:57:00+00:00,AA:00:00:00:00:05,BB:00:00:00:00:01,-49,1653
2026-08-18T11:57:10+00:00,AA:00:00:00:00:01,BB:00:00:00:00:01,-88,1654
2026-08-18T11:57:10+00:00,AA:00:00:00:00:02,BB:00:00:00:00:01,-93,1655
2026-08-18T11:57:10+00:00,AA:00:00:00:00:03,BB:00:00:00:00:01,-94,1656
2026-08-18T11:57:10+00:00,AA:00:00:00:00:04,BB:00:00:00:00:01,-98,1657
2026-08-18T11:57:10+00:00,AA:00:00:00:00:05,BB:00:00:00:00:01,-61,1658
2026-08-18T11:57:20+00:00,AA:00:00:00:00:01,BB:00:00:00:00:01,-90,1659
2026-08-18T11:57:20+00:00,AA:00:00:00:00:02,BB:00:00:00:00:01,-88,1660
2026-08-18T11:57:20+00:00,AA:00:00:00:00:03,BB:00:00:00:00:01,-98,1661
2026-08-18T11:57:20+00:00,AA:00:00:00:00:04,BB:00:00:00:00:01,-87,1662
2026-08-18T11:57:20+00:00,AA:00:00:00:00:05,BB:00:00:00:00:01,-54,1663
2026-08-18T11:57:30+00:00,AA:00:00:00:00:01,BB:00:00:00:00:01,-94,1664
2026-08-18T11:57:30+00:00,AA:00:00:00:00:02,BB:00:00:00:00:01,-90,1665
2026-08-18T11:57:30+00:00,AA:00:00:00:00:03,BB:00:00:00:00:01,-93,1666
2026-08-18T11:57:30+00:00,AA:00:00:00:00:04,BB:00:00:00:00:01,-90,1667
2026-08-18T11:57:30+00:00,AA:00:00:00:00:05,BB:00:00:00:00:01,-61,1668
2026-08-18T11:57:40+00:00,AA:00:00:00:00:01,BB:00:00:00:00:01,-93,1669
2026-08-18T11:57:40+00:00,AA:00:00:00:00:02,BB:00:00:00:00:01,-91,1670
2026-08-18T11:57:40+00:00,AA:00:00:00:00:03,BB:00:00:00:00:01,-90,1671
2026-08-18T11:57:40+00:00,AA:00:00:00:00:04,BB:00:00:00:00:01,-92,1672
2026-08-18T11:57:40+00:00,AA:00:00:00:00:05,BB:00:00:00:00:01,-56,1673
2026-08-18T11:57:50+00:00,AA:00:00:00:00:01,BB:00:00:00:00:01,-91,1674
2026-08-18T11:57:50+00:00,AA:00:00:00:00:02,BB:00:00:00:00:01,-94,1675
2026-08-18T11:57:50+00:00,AA:00:00:00:00:03,BB:00:00:00:00:01,-98,1676
2026-08-18T11:57:50+00:00,AA:00:00:00:00:04,BB:00:00:00:00:01,-102,1677
2026-08-18T11:57:50+00:00,AA:00:00:00:00:05,BB:00:00:00:00:01,-59,1678
2026-08-18T11:58:00+00:00,AA:00:00:00:00:01,BB:00:00:00:00:01,-98,1679
2026-08-18T11:58:00+00:00,AA:00:00:00:00:02,BB:00:00:00:00:01,-93,1680
2026-08-18T11:58:00+00:00,AA:00:00:00:00:03,BB:00:00:00:00:01,-92,1681
2026-08-18T11:58:00+00:00,AA:00:00:00:00:04,BB:00:00:00:00:01,-88,1682
2026-08-18T11:58:10+00:00,AA:00:00:00:00:01,BB:00:00:00:00:01,-96,1683
2026-08-18T11:58:10+00:00,AA:00:00:00:00:02,BB:00:00:00:00:01,-93,1684
2026-08-18T11:58:10+00:00,AA:00:00:00:00:03,BB:00:00:00:00:01,-94,1685
2026-08-18T11:58:10+00:00,AA:00:00:00:00:04,BB:00:00:00:00:01,-91,1686
2026-08-18T11:58:10+00:00,AA:00:00:00:00:05,BB:00:00:00:00:01,-56,1687
2026-08-18T11:58:20+00:00,AA:00:00:00:00:01,BB:00:00:00:00:01,-91,1688
2026-08-18T11:58:20+00:00,AA:00:00:00:00:02,BB:00:00:00:00:01,-92,1689
2026-08-18T11:58:20+00:00,AA:00:00:00:00:03,BB:00:00:00:00:01,-94,1690
2026-08-18T11:58:20+00:00,AA:00:00:00:00:04,BB:00:00:00:00:01,-90,1691
2026-08-18T11:58:20+00:00,AA:00:00:00:00:05,BB:00:00:00:00:01,-62,1692
2026-08-18T11:58:30+00:00,AA:00:00:00:00:01,BB:00:00:00:00:01,-89,1693
2026-08-18T11:58:30+00:00,AA:00:00:00:00:02,BB:00:00:00:00:01,-98,1694
2026-08-18T11:58:30+00:00,AA:00:00:00:00:03,BB:00:00:00:00:01,-92,1695
2026-08-18T11:58:30+00:00,AA:00:00:00:00:04,BB:00:00:00:00:01,-92,1696
2026-08-18T11:58:30+00:00,AA:00:00:00:00:05,BB:00:00:00:00:01,-55,1697
2026-08-18T11:58:40+00:00,AA:00:00:00:00:01,BB:00:00:00:00:01,-94,1698
2026-08-18T11:58:40+00:00,AA:00:00:00:00:02,BB:00:00:00:00:01,-94,1699
2026-08-18T11:58:40+00:00,AA:00:00:00:00:03,BB:00:00:00:00:01,-97,1700
2026-08-18T11:58:40+00:00,AA:00:00:00:00:04,BB:00:00:00:00:01,-101,1701
2026-08-18T11:58:40+00:00,AA:00:00:00:00:05,BB:00:00:00:00:01,-54,1702
2026-08-18T11:58:50+00:00,AA:00:00:00:00:01,BB:00:00:00:00:01,-88,1703
2026-08-18T11:58:50+00:00,AA:00:00:00:00:02,BB:00:00:00:00:01,-98,1704
2026-08-18T11:58:50+00:00,AA:00:00:00:00:03,BB:00:00:00:00:01,-91,1705
2026-08-18T11:58:50+00:00,AA:00:00:00:00:04,BB:00:00:00:00:01,-92,1706
2026-08-18T11:58:50+00:00,AA:00:00:00:00:05,BB:00:00:00:00:01,-58,1707
2026-08-18T11:59:00+00:00,AA:00:00:00:00:01,BB:00:00:00:00:01,-89,1708
2026-08-18T11:59:00+00:00,AA:00:00:00:00:02,BB:00:00:00:00:01,-93,1709
2026-08-18T11:59:00+00:00,AA:00:00:00:00:03,BB:00:00:00:00:01,-90,1710
2026-08-18T11:59:00+00:00,AA:00:00:00:00:04,BB:00:00:00:00:01,-91,1711
2026-08-18T11:59:00+00:00,AA:00:00:00:00:05,BB:00:00:00:00:01,-55,1712
2026-08-18T11:59:10+00:00,AA:00:00:00:00:01,BB:00:00:00:00:01,-94,1713
2026-08-18T11:59:10+00:00,AA:00:00:00:00:02,BB:00:00:00:00:01,-88,1714
2026-08-18T11:59:10+00:00,AA:00:00:00:00:03,BB:00:00:00:00:01,-94,1715
2026-08-18T11:59:10+00:00,AA:00:00:00:00:04,BB:00:00:00:00:01,-92,1716
2026-08-18T11:59:10+00:00,AA:00:00:00:00:05,BB:00:00:00:00:01,-57,1717
2026-08-18T11:59:20+00:00,AA:00:00:00:00:01,BB:00:00:00:00:01,-89,1718
2026-08-18T11:59:20+00:00,AA:00:00:00:00:02,BB:00:00:00:00:01,-97,1719
2026-08-18T11:59:20+00:00,AA:00:00:00:00:03,BB:00:00:00:00:01,-97,1720
2026-08-18T11:59:20+00:00,AA:00:00:00:00:04,BB:00:00:00:00:01,-100,1721
2026-08-18T11:59:20+00:00,AA:00:00:00:00:05,BB:00:00:00:00:01,-56,1722
2026-08-18T11:59:30+00:00,AA:00:00:00:00:01,BB:00:00:00:00:01,-92,1723
2026-08-18T11:59:30+00:00,AA:00:00:00:00:02,BB:00:00:00:00:01,-97,1724
2026-08-18T11:59:30+00:00,AA:00:00:00:00:03,BB:00:00:00:00:01,-91,1725
2026-08-18T11:59:30+00:00,AA:00:00:00:00:04,BB:00:00:00:00:01,-98,1726
2026-08-18T11:59:30+00:00,AA:00:00:00:00:05,BB:00:00:00:00:01,-58,1727
2026-08-18T11:59:40+00:00,AA:00:00:00:00:01,BB:00:00:00:00:01,-99,1728
2026-08-18T11:59:40+00:00,AA:00:00:00:00:02,BB:00:00:00:00:01,-97,1729
2026-08-18T11:59:40+00:00,AA:00:00:00:00:03,BB:00:00:00:00:01,-83,1730
2026-08-18T11:59:40+00:00,AA:00:00:00:00:04,BB:00:00:00:00:01,-93,1731
2026-08-18T11:59:40+00:00,AA:00:00:00:00:05,BB:00:00:00:00:01,-45,1732
2026-08-18T11:59:50+00:00,AA:00:00:00:00:01,BB:00:00:00:00:01,-94,1733
2026-08-18T11:59:50+00:00,AA:00:00:00:00:02,BB:00:00:00:00:01,-97,1734
2026-08-18T11:59:50+00:00,AA:00:00:00:00:03,BB:00:00:00:00:01,-89,1735
2026-08-18T11:59:50+00:00,AA:00:00:00:00:04,BB:00:00:00:00:01,-94,1736
2026-08-18T11:59:50+00:00,AA:00:00:00:00:05,BB:00:00:00:00:01,-63,1737
2026-08-18T12:00:00+00:00,AA:00:00:00:00:01,BB:00:00:00:00:01,-94,1738
2026-08-18T12:00:00+00:00,AA:00:00:00:00:02,BB:00:00:00:00:01,-94,1739
2026-08-18T12:00:00+00:00,AA:00:00:00:00:04,BB:00:00:00:00:01,-87,1740
2026-08-18T12:00:00+00:00,AA:00:00:00:00:05,BB:00:00:00:00:01,-50,1741
2026-08-18T12:00:10+00:00,AA:00:00:00:00:01,BB:00:00:00:00:01,-93,1742
2026-08-18T12:00:10+00:00,AA:00:00:00:00:02,BB:00:00:00:00:01,-89,1743
2026-08-18T12:00:10+00:00,AA:00:00:00:00:03,BB:00:00:00:00:01,-90,1744
2026-08-18T12:00:10+00:00,AA:00:00:00:00:04,BB:00:00:00:00:01,-94,1745
2026-08-18T12:00:10+00:00,AA:00:00:00:00:05,BB:00:00:00:00:01,-59,1746
2026-08-18T12:00:20+00:00,AA:00:00:00:00:01,BB:00:00:00:00:01,-94,1747
2026-08-18T12:00:20+00:00,AA:00:00:00:00:02,BB:00:00:00:00:01,-84,1748
2026-08-18T12:00:20+00:00,AA:00:00:00:00:03,BB:00:00:00:00:01,-90,1749
2026-08-18T12:00:20+00:00,AA:00:00:00:00:04,BB:00:00:00:00:01,-92,1750
2026-08-18T12:00:20+00:00,AA:00:00:00:00:05,BB:00:00:00:00:01,-55,1751
2026-08-18T12:00:30+00:00,AA:00:00:00:00:01,BB:00:00:00:00:01,-94,1752
2026-08-18T12:00:30+00:00,AA:00:00:00:00:02,BB:00:00:00:00:01,-89,1753
2026-08-18T12:00:30+00:00,AA:00:00:00:00:03,BB:00:00:00:00:01,-97,1754
2026-08-18T12:00:30+00:00,AA:00:00:00:00:04,BB:00:00:00:00:01,-85,1755
2026-08-18T12:00:30+00:00,AA:00:00:00:00:05,BB:00:00:00:00:01,-54,1756
2026-08-18T12:00:40+00:00,AA:00:00:00:00:01,BB:00:00:00:00:01,-93,1757
2026-08-18T12:00:40+00:00,AA:00:00:00:00:02,BB:00:00:00:00:01,-100,1758
2026-08-18T12:00:40+00:00,AA:00:00:00:00:03,BB:00:00:00:00:01,-91,1759
2026-08-18T12:00:40+00:00,AA:00:00:00:00:04,BB:00:00:00:00:01,-85,1760
2026-08-18T12:00:40+00:00,AA:00:00:00:00:05,BB:00:00:00:00:01,-60,1761
2026-08-18T12:00:50+00:00,AA:00:00:00:00:01,BB:00:00:00:00:01,-100,1762
2026-08-18T12:00:50+00:00,AA:00:00:00:00:02,BB:00:00:00:00:01,-89,1763
2026-08-18T12:00:50+00:00,AA:00:00:00:00:03,BB:00:00:00:00:01,-93,1764
2026-08-18T12:00:50+00:00,AA:00:00:00:00:04,BB:00:00:00:00:01,-92,1765
2026-08-18T12:00:50+00:00,AA:00:00:00:00:05,BB:00:00:00:00:01,-49,1766
2026-08-18T12:01:00+00:00,AA:00:00:00:00:01,BB:00:00:00:00:01,-88,1767
2026-08-18T12:01:00+00:00,AA:00:00:00:00:02,BB:00:00:00:00:01,-100,1768
2026-08-18T12:01:00+00:00,AA:00:00:00:00:03,BB:00:00:00:00:01,-92,1769
2026-08-18T12:01:00+00:00,AA:00:00:00:00:04,BB:00:00:00:00:01,-97,1770
2026-08-18T12:01:00+00:00,AA:00:00:00:00:05,BB:00:00:00:00:01,-52,1771
2026-08-18T12:01:10+00:00,AA:00:00:00:00:01,BB:00:00:00:00:01,-93,1772
2026-08-18T12:01:10+00:00,AA:00:00:00:00:02,BB:00:00:00:00:01,-91,1773
2026-08-18T12:01:10+00:00,AA:00:00:00:00:03,BB:00:00:00:00:01,-90,1774
2026-08-18T12:01:10+00:00,AA:00:00:00:00:04,BB:00:00:00:00:01,-97,1775
2026-08-18T12:01:10+00:00,AA:00:00:00:00:05,BB:00:00:00:00:01,-53,1776
2026-08-18T12:01:20+00:00,AA:00:00:00:00:01,BB:00:00:00:00:01,-92,1777
2026-08-18T12:01:20+00:00,AA:00:00:00:00:02,BB:00:00:00:00:01,-88,1778
2026-08-18T12:01:20+00:00,AA:00:00:00:00:03,BB:00:00:00:00:01,-90,1779
2026-08-18T12:01:20+00:00,AA:00:00:00:00:04,BB:00:00:00:00:01,-89,1780
2026-08-18T12:01:20+00:00,AA:00:00:00:00:05,BB:00:00:00:00:01,-59,1781
2026-08-18T12:01:30+00:00,AA:00:00:00:00:01,BB:00:00:00:00:01,-96,1782
2026-08-18T12:01:30+00:00,AA:00:00:00:00:02,BB:00:00:00:00:01,-96,1783
2026-08-18T12:01:30+00:00,AA:00:00:00:00:03,BB:00:00:00:00:01,-87,1784
2026-08-18T12:01:30+00:00,AA:00:00:00:00:04,BB:00:00:00:00:01,-91,1785
2026-08-18T12:01:30+00:00,AA:00:00:00:00:05,BB:00:00:00:00:01,-54,1786
2026-08-18T12:01:40+00:00,AA:00:00:00:00:01,BB:00:00:00:00:01,-94,1787
2026-08-18T12:01:40+00:00,AA:00:00:00:00:02,BB:00:00:00:00:01,-92,1788
2026-08-18T12:01:40+00:00,AA:00:00:00:00:03,BB:00:00:00:00:01,-94,1789
2026-08-18T12:01:40+00:00,AA:00:00:00:00:04,BB:00:00:00:00:01,-89,1790
2026-08-18T12:01:40+00:00,AA:00:00:00:00:05,BB:00:00:00:00:01,-68,1791
2026-08-18T12:01:50+00:00,AA:00:00:00:00:02,BB:00:00:00:00:01,-86,1792
2026-08-18T12:01:50+00:00,AA:00:00:00:00:03,BB:00:00:00:00:01,-92,1793
2026-08-18T12:01:50+00:00,AA:00:00:00:00:04,BB:00:00:00:00:01,-96,1794
2026-08-18T12:01:50+00:00,AA:00:00:00:00:05,BB:00:00:00:00:01,-59,1795
2026-08-18T12:02:00+00:00,AA:00:00:00:00:01,BB:00:00:00:00:01,-96,1796
2026-08-18T12:02:00+00:00,AA:00:00:00:00:02,BB:00:00:00:00:01,-84,1797
2026-08-18T12:02:00+00:00,AA:00:00:00:00:03,BB:00:00:00:00:01,-95,1798
2026-08-18T12:02:00+00:00,AA:00:00:00:00:04,BB:00:00:00:00:01,-93,1799
2026-08-18T12:02:00+00:00,AA:00:00:00:00:05,BB:00:00:00:00:01,-60,1800
2026-08-18T12:02:10+00:00,AA:00:00:00:00:01,BB:00:00:00:00:01,-87,1801
2026-08-18T12:02:10+00:00,AA:00:00:00:00:02,BB:00:00:00:00:01,-90,1802
2026-08-18T12:02:10+00:00,AA:00:00:00:00:03,BB:00:00:00:00:01,-94,1803
2026-08-18T12:02:10+00:00,AA:00:00:00:00:04,BB:00:00:00:00:01,-87,1804
2026-08-18T12:02:10+00:00,AA:00:00:00:00:05,BB:00:00:00:00:01,-46,1805
2026-08-18T12:02:20+00:00,AA:00:00:00:00:01,BB:00:00:00:00:01,-87,1806
2026-08-18T12:02:20+00:00,AA:00:00:00:00:02,BB:00:00:00:00:01,-90,1807
2026-08-18T12:02:20+00:00,AA:00:00:00:00:03,BB:00:00:00:00:01,-94,1808
2026-08-18T12:02:20+00:00,AA:00:00:00:00:04,BB:00:00:00:00:01,-91,1809
2026-08-18T12:02:20+00:00,AA:00:00:00:00:05,BB:00:00:00:00:01,-48,1810
2026-08-18T12:02:30+00:00,AA:00:00:00:00:01,BB:00:00:00:00:01,-93,1811
2026-08-18T12:02:30+00:00,AA:00:00:00:00:02,BB:00:00:00:00:01,-92,1812
2026-08-18T12:02:30+00:00,AA:00:00:00:00:03,BB:00:00:00:00:01,-94,1813
2026-08-18T12:02:30+00:00,AA:00:00:00:00:04,BB:00:00:00:00:01,-91,1814
2026-08-18T12:02:30+00:00,AA:00:00:00:00:05,BB:00:00:00:00:01,-54,1815
2026-08-18T12:02:40+00:00,AA:00:00:00:00:01,BB:00:00:00:00:01,-95,1816
2026-08-18T12:02:40+00:00,AA:00:00:00:00:02,BB:00:00:00:00:01,-93,1817
2026-08-18T12:02:40+00:00,AA:00:00:00:00:03,BB:00:00:00:00:01,-95,1818
2026-08-18T12:02:40+00:00,AA:00:00:00:00:04,BB:00:00:00:00:01,-95,1819
2026-08-18T12:02:40+00:00,AA:00:00:00:00:05,BB:00:00:00:00:01,-61,1820
2026-08-18T12:02:50+00:00,AA:00:00:00:00:01,BB:00:00:00:00:01,-93,1821
2026-08-18T12:02:50+00:00,AA:00:00:00:00:02,BB:00:00:00:00:01,-97,1822
2026-08-18T12:02:50+00:00,AA:00:00:00:00:03,BB:00:00:00:00:01,-95,1823
2026-08-18T12:02:50+00:00,AA:00:00:00:00:04,BB:00:00:00:00:01,-86,1824
2026-08-18T12:02:50+00:00,AA:00:00:00:00:05,BB:00:00:00:00:01,-51,1825
2026-08-18T12:03:00+00:00,AA:00:00:00:00:01,BB:00:00:00:00:01,-92,1826
2026-08-18T12:03:00+00:00,AA:00:00:00:00:02,BB:00:00:00:00:01,-96,1827
2026-08-18T12:03:00+00:00,AA:00:00:00:00:03,BB:00:00:00:00:01,-97,1828
2026-08-18T12:03:00+00:00,AA:00:00:00:00:04,BB:00:00:00:00:01,-91,1829
2026-08-18T12:03:00+00:00,AA:00:00:00:00:05,BB:00:00:00:00:01,-54,1830
2026-08-18T12:03:10+00:00,AA:00:00:00:00:01,BB:00:00:00:00:01,-97,1831
2026-08-18T12:03:10+00:00,AA:00:00:00:00:02,BB:00:00:00:00:01,-96,1832
2026-08-18T12:03:10+00:00,AA:00:00:00:00:03,BB:00:00:00:00:01,-100,1833
2026-08-18T12:03:10+00:00,AA:00:00:00:00:04,BB:00:00:00:00:01,-99,1834
2026-08-18T12:03:10+00:00,AA:00:00:00:00:05,BB:00:00:00:00:01,-48,1835
2026-08-18T12:03:20+00:00,AA:00:00:00:00:01,BB:00:00:00:00:01,-92,1836
2026-08-18T12:03:20+00:00,AA:00:00:00:00:02,BB:00:00:00:00:01,-92,1837
2026-08-18T12:03:20+00:00,AA:00:00:00:00:03,BB:00:00:00:00:01,-89,1838
2026-08-18T12:03:20+00:00,AA:00:00:00:00:04,BB:00:00:00:00:01,-93,1839
2026-08-18T12:03:20+00:00,AA:00:00:00:00:05,BB:00:00:00:00:01,-57,1840
2026-08-18T12:03:30+00:00,AA:00:00:00:00:01,BB:00:00:00:00:01,-89,1841
2026-08-18T12:03:30+00:00,AA:00:00:00:00:02,BB:00:00:00:00:01,-91,1842
2026-08-18T12:03:30+00:00,AA:00:00:00:00:03,BB:00:00:00:00:01,-90,1843
2026-08-18T12:03:30+00:00,AA:00:00:00:00:04,BB:00:00:00:00:01,-89,1844
2026-08-18T12:03:30+00:00,AA:00:00:00:00:05,BB:00:00:00:00:01,-48,1845
2026-08-18T12:03:40+00:00,AA:00:00:00:00:01,BB:00:00:00:00:01,-80,1846
2026-08-18T12:03:40+00:00,AA:00:00:00:00:02,BB:00:00:00:00:01,-97,1847
2026-08-18T12:03:40+00:00,AA:00:00:00:00:03,BB:00:00:00:00:01,-92,1848
2026-08-18T12:03:40+00:00,AA:00:00:00:00:04,BB:00:00:00:00:01,-91,1849
2026-08-18T12:03:40+00:00,AA:00:00:00:00:05,BB:00:00:00:00:01,-59,1850
2026-08-18T12:03:50+00:00,AA:00:00:00:00:01,BB:00:00:00:00:01,-92,1851
2026-08-18T12:03:50+00:00,AA:00:00:00:00:02,BB:00:00:00:00:01,-88,1852
2026-08-18T12:03:50+00:00,AA:00:00:00:00:03,BB:00:00:00:00:01,-89,1853
2026-08-18T12:03:50+00:00,AA:00:00:00:00:04,BB:00:00:00:00:01,-97,1854
2026-08-18T12:03:50+00:00,AA:00:00:00:00:05,BB:00:00:00:00:01,-53,1855
2026-08-18T12:04:00+00:00,AA:00:00:00:00:01,BB:00:00:00:00:01,-95,1856
2026-08-18T12:04:00+00:00,AA:00:00:00:00:02,BB:00:00:00:00:01,-94,1857
2026-08-18T12:04:00+00:00,AA:00:00:00:00:03,BB:00:00:00:00:01,-89,1858
2026-08-18T12:04:00+00:00,AA:00:00:00:00:04,BB:00:00:00:00:01,-92,1859
2026-08-18T12:04:00+00:00,AA:00:00:00:00:05,BB:00:00:00:00:01,-62,1860
2026-08-18T12:04:10+00:00,AA:00:00:00:00:01,BB:00:00:00:00:01,-89,1861
2026-08-18T12:04:10+00:00,AA:00:00:00:00:02,BB:00:00:00:00:01,-89,1862
2026-08-18T12:04:10+00:00,AA:00:00:00:00:03,BB:00:00:00:00:01,-95,1863
2026-08-18T12:04:10+00:00,AA:00:00:00:00:04,BB:00:00:00:00:01,-94,1864
2026-08-18T12:04:10+00:00,AA:00:00:00:00:05,BB:00:00:00:00:01,-56,1865
2026-08-18T12:04:20+00:00,AA:00:00:00:00:01,BB:00:00:00:00:01,-91,1866
2026-08-18T12:04:20+00:00,AA:00:00:00:00:02,BB:00:00:00:00:01,-94,1867
2026-08-18T12:04:20+00:00,AA:00:00:00:00:03,BB:00:00:00:00:01,-91,1868
2026-08-18T12:04:20+00:00,AA:00:00:00:00:04,BB:00:00:00:00:01,-93,1869
2026-08-18T12:04:20+00:00,AA:00:00:00:00:05,BB:00:00:00:00:01,-56,1870
2026-08-18T12:04:30+00:00,AA:00:00:00:00:01,BB:00:00:00:00:01,-92,1871
2026-08-18T12:04:30+00:00,AA:00:00:00:00:02,BB:00:00:00:00:01,-99,1872
2026-08-18T12:04:30+00:00,AA:00:00:00:00:03,BB:00:00:00:00:01,-97,1873
2026-08-18T12:04:30+00:00,AA:00:00:00:00:04,BB:00:00:00:00:01,-87,1874
2026-08-18T12:04:30+00:00,AA:00:00:00:00:05,BB:00:00:00:00:01,-55,1875
2026-08-18T12:04:40+00:00,AA:00:00:00:00:01,BB:00:00:00:00:01,-91,1876
2026-08-18T12:04:40+00:00,AA:00:00:00:00:02,BB:00:00:00:00:01,-85,1877
2026-08-18T12:04:40+00:00,AA:00:00:00:00:03,BB:00:00:00:00:01,-97,1878
2026-08-18T12:04:40+00:00,AA:00:00:00:00:04,BB:00:00:00:00:01,-91,1879
2026-08-18T12:04:40+00:00,AA:00:00:00:00:05,BB:00:00:00:00:01,-59,1880
2026-08-18T12:04:50+00:00,AA:00:00:00:00:01,BB:00:00:00:00:01,-99,1881
2026-08-18T12:04:50+00:00,AA:00:00:00:00:02,BB:00:00:00:00:01,-90,1882
2026-08-18T12:04:50+00:00,AA:00:00:00:00:03,BB:00:00:00:00:01,-88,1883
2026-08-18T12:04:50+00:00,AA:00:00:00:00:04,BB:00:00:00:00:01,-86,1884
2026-08-18T12:04:50+00:00,AA:00:00:00:00:05,BB:00:00:00:00:01,-57,1885
2026-08-18T12:05:00+00:00,AA:00:00:00:00:01,BB:00:00:00:00:01,-96,1886
2026-08-18T12:05:00+00:00,AA:00:00:00:00:02,BB:00:00:00:00:01,-92,1887
2026-08-18T12:05:00+00:00,AA:00:00:00:00:03,BB:00:00:00:00:01,-88,1888
2026-08-18T12:05:00+00:00,AA:00:00:00:00:04,BB:00:00:00:00:01,-91,1889
2026-08-18T12:05:00+00:00,AA:00:00:00:00:05,BB:00:00:00:00:01,-52,1890
2026-08-18T12:05:10+00:00,AA:00:00:00:00:01,BB:00:00:00:00:01,-94,1891
2026-08-18T12:05:10+00:00,AA:00:00:00:00:02,BB:00:00:00:00:01,-81,1892
2026-08-18T12:05:10+00:00,AA:00:00:00:00:03,BB:00:00:00:00:01,-89,1893
2026-08-18T12:05:10+00:00,AA:00:00:00:00:04,BB:00:00:00:00:01,-99,1894
2026-08-18T12:05:10+00:00,AA:00:00:00:00:05,BB:00:00:00:00:01,-56,1895
2026-08-18T12:05:20+00:00,AA:00:00:00:00:01,BB:00:00:00:00:01,-94,1896
2026-08-18T12:05:20+00:00,AA:00:00:00:00:02,BB:00:00:00:00:01,-93,1897
2026-08-18T12:05:20+00:00,AA:00:00:00:00:03,BB:00:00:00:00:01,-96,1898
2026-08-18T12:05:20+00:00,AA:00:00:00:00:04,BB:00:00:00:00:01,-98,1899
2026-08-18T12:05:20+00:00,AA:00:00:00:00:05,BB:00:00:00:00:01,-51,1900
2026-08-18T12:05:30+00:00,AA:00:00:00:00:01,BB:00:00:00:00:01,-95,1901
2026-08-18T12:05:30+00:00,AA:00:00:00:00:02,BB:00:00:00:00:01,-97,1902
2026-08-18T12:05:30+00:00,AA:00:00:00:00:03,BB:00:00:00:00:01,-92,1903
2026-08-18T12:05:30+00:00,AA:00:00:00:00:04,BB:00:00:00:00:01,-90,1904
2026-08-18T12:05:30+00:00,AA:00:00:00:00:05,BB:00:00:00:00:01,-53,1905
2026-08-18T12:05:40+00:00,AA:00:00:00:00:01,BB:00:00:00:00:01,-91,1906
2026-08-18T12:05:40+00:00,AA:00:00:00:00:02,BB:00:00:00:00:01,-90,1907
2026-08-18T12:05:40+00:00,AA:00:00:00:00:03,BB:00:00:00:00:01,-90,1908
2026-08-18T12:05:40+00:00,AA:00:00:00:00:04,BB:00:00:00:00:01,-90,1909
2026-08-18T12:05:40+00:00,AA:00:00:00:00:05,BB:00:00:00:00:01,-60,1910
2026-08-18T12:05:50+00:00,AA:00:00:00:00:01,BB:00:00:00:00:01,-91,1911
2026-08-18T12:05:50+00:00,AA:00:00:00:00:02,BB:00:00:00:00:01,-92,1912
2026-08-18T12:05:50+00:00,AA:00:00:00:00:03,BB:00:00:00:00:01,-93,1913
2026-08-18T12:05:50+00:00,AA:00:00:00:00:04,BB:00:00:00:00:01,-89,1914
2026-08-18T12:05:50+00:00,AA:00:00:00:00:05,BB:00:00:00:00:01,-50,1915
2026-08-18T12:06:00+00:00,AA:00:00:00:00:01,BB:00:00:00:00:01,-89,1916
2026-08-18T12:06:00+00:00,AA:00:00:00:00:02,BB:00:00:00:00:01,-91,1917
2026-08-18T12:06:00+00:00,AA:00:00:00:00:03,BB:00:00:00:00:01,-96,1918
2026-08-18T12:06:00+00:00,AA:00:00:00:00:04,BB:00:00:00:00:01,-95,1919
2026-08-18T12:06:00+00:00,AA:00:00:00:00:05,BB:00:00:00:00:01,-57,1920
2026-08-18T12:06:10+00:00,AA:00:00:00:00:01,BB:00:00:00:00:01,-95,1921
2026-08-18T12:06:10+00:00,AA:00:00:00:00:02,BB:00:00:00:00:01,-84,1922
2026-08-18T12:06:10+00:00,AA:00:00:00:00:03,BB:00:00:00:00:01,-92,1923
2026-08-18T12:06:10+00:00,AA:00:00:00:00:04,BB:00:00:00:00:01,-98,1924
2026-08-18T12:06:10+00:00,AA:00:00:00:00:05,BB:00:00:00:00:01,-59,1925
2026-08-18T12:06:20+00:00,AA:00:00:00:00:01,BB:00:00:00:00:01,-94,1926
2026-08-18T12:06:20+00:00,AA:00:00:00:00:02,BB:00:00:00:00:01,-95,1927
2026-08-18T12:06:20+00:00,AA:00:00:00:00:03,BB:00:00:00:00:01,-97,1928
2026-08-18T12:06:20+00:00,AA:00:00:00:00:04,BB:00:00:00:00:01,-90,1929
2026-08-18T12:06:20+00:00,AA:00:00:00:00:05,BB:00:00:00:00:01,-53,1930
2026-08-18T12:06:30+00:00,AA:00:00:00:00:01,BB:00:00:00:00:01,-90,1931
2026-08-18T12:06:30+00:00,AA:00:00:00:00:02,BB:00:00:00:00:01,-94,1932
2026-08-18T12:06:30+00:00,AA:00:00:00:00:03,BB:00:00:00:00:01,-91,1933
2026-08-18T12:06:30+00:00,AA:00:00:00:00:04,BB:00:00:00:00:01,-93,1934
2026-08-18T12:06:30+00:00,AA:00:00:00:00:05,BB:00:00:00:00:01,-56,1935
2026-08-18T12:06:40+00:00,AA:00:00:00:00:01,BB:00:00:00:00:01,-89,1936
2026-08-18T12:06:40+00:00,AA:00:00:00:00:02,BB:00:00:00:00:01,-89,1937
2026-08-18T12:06:40+00:00,AA:00:00:00:00:03,BB:00:00:00:00:01,-88,1938
2026-08-18T12:06:40+00:00,AA:00:00:00:00:04,BB:00:00:00:00:01,-100,1939
2026-08-18T12:06:40+00:00,AA:00:00:00:00:05,BB:00:00:00:00:01,-59,1940
2026-08-18T12:06:50+00:00,AA:00:00:00:00:01,BB:00:00:00:00:01,-93,1941
2026-08-18T12:06:50+00:00,AA:00:00:00:00:02,BB:00:00:00:00:01,-91,1942
2026-08-18T12:06:50+00:00,AA:00:00:00:00:03,BB:00:00:00:00:01,-85,1943
2026-08-18T12:06:50+00:00,AA:00:00:00:00:04,BB:00:00:00:00:01,-98,1944
2026-08-18T12:06:50+00:00,AA:00:00:00:00:05,BB:00:00:00:00:01,-58,1945
2026-08-18T12:07:00+00:00,AA:00:00:00:00:01,BB:00:00:00:00:01,-90,1946
2026-08-18T12:07:00+00:00,AA:00:00:00:00:02,BB:00:00:00:00:01,-91,1947
2026-08-18T12:07:00+00:00,AA:00:00:00:00:03,BB:00:00:00:00:01,-90,1948
2026-08-18T12:07:00+00:00,AA:00:00:00:00:04,BB:00:00:00:00:01,-95,1949
2026-08-18T12:07:00+00:00,AA:00:00:00:00:05,BB:00:00:00:00:01,-53,1950
2026-08-18T12:07:10+00:00,AA:00:00:00:00:01,BB:00:00:00:00:01,-86,1951
2026-08-18T12:07:10+00:00,AA:00:00:00:00:02,BB:00:00:00:00:01,-92,1952
2026-08-18T12:07:10+00:00,AA:00:00:00:00:03,BB:00:00:00:00:01,-92,1953
2026-08-18T12:07:10+00:00,AA:00:00:00:00:04,BB:00:00:00:00:01,-94,1954
2026-08-18T12:07:10+00:00,AA:00:00:00:00:05,BB:00:00:00:00:01,-52,1955
2026-08-18T12:07:20+00:00,AA:00:00:00:00:01,BB:00:00:00:00:01,-92,1956
2026-08-18T12:07:20+00:00,AA:00:00:00:00:02,BB:00:00:00:00:01,-84,1957
2026-08-18T12:07:20+00:00,AA:00:00:00:00:03,BB:00:00:00:00:01,-93,1958
2026-08-18T12:07:20+00:00,AA:00:00:00:00:04,BB:00:00:00:00:01,-86,1959
2026-08-18T12:07:20+00:00,AA:00:00:00:00:05,BB:00:00:00:00:01,-54,1960
2026-08-18T12:07:30+00:00,AA:00:00:00:00:01,BB:00:00:00:00:01,-96,1961
2026-08-18T12:07:30+00:00,AA:00:00:00:00:02,BB:00:00:00:00:01,-92,1962
2026-08-18T12:07:30+00:00,AA:00:00:00:00:03,BB:00:00:00:00:01,-89,1963
2026-08-18T12:07:30+00:00,AA:00:00:00:00:04,BB:00:00:00:00:01,-93,1964
2026-08-18T12:07:30+00:00,AA:00:00:00:00:05,BB:00:00:00:00:01,-63,1965
2026-08-18T12:07:40+00:00,AA:00:00:00:00:01,BB:00:00:00:00:01,-98,1966
2026-08-18T12:07:40+00:00,AA:00:00:00:00:02,BB:00:00:00:00:01,-90,1967
2026-08-18T12:07:40+00:00,AA:00:00:00:00:03,BB:00:00:00:00:01,-95,1968
2026-08-18T12:07:40+00:00,AA:00:00:00:00:04,BB:00:00:00:00:01,-90,1969
2026-08-18T12:07:40+00:00,AA:00:00:00:00:05,BB:00:00:00:00:01,-56,1970
2026-08-18T12:07:50+00:00,AA:00:00:00:00:01,BB:00:00:00:00:01,-94,1971
2026-08-18T12:07:50+00:00,AA:00:00:00:00:02,BB:00:00:00:00:01,-90,1972
2026-08-18T12:07:50+00:00,AA:00:00:00:00:03,BB:00:00:00:00:01,-91,1973
2026-08-18T12:07:50+00:00,AA:00:00:00:00:04,BB:00:00:00:00:01,-89,1974
2026-08-18T12:07:50+00:00,AA:00:00:00:00:05,BB:00:00:00:00:01,-54,1975
2026-08-18T12:08:00+00:00,AA:00:00:00:00:01,BB:00:00:00:00:01,-101,1976
2026-08-18T12:08:00+00:00,AA:00:00:00:00:02,BB:00:00:00:00:01,-84,1977
2026-08-18T12:08:00+00:00,AA:00:00:00:00:03,BB:00:00:00:00:01,-93,1978
2026-08-18T12:08:00+00:00,AA:00:00:00:00:04,BB:00:00:00:00:01,-97,1979
2026-08-18T12:08:00+00:00,AA:00:00:00:00:05,BB:00:00:00:00:01,-58,1980
2026-08-18T12:08:10+00:00,AA:00:00:00:00:01,BB:00:00:00:00:01,-95,1981
2026-08-18T12:08:10+00:00,AA:00:00:00:00:02,BB:00:00:00:00:01,-91,1982
2026-08-18T12:08:10+00:00,AA:00:00:00:00:03,BB:00:00:00:00:01,-95,1983
2026-08-18T12:08:10+00:00,AA:00:00:00:00:04,BB:00:00:00:00:01,-95,1984
2026-08-18T12:08:10+00:00,AA:00:00:00:00:05,BB:00:00:00:00:01,-55,1985
2026-08-18T12:08:20+00:00,AA:00:00:00:00:01,BB:00:00:00:00:01,-92,1986
2026-08-18T12:08:20+00:00,AA:00:00:00:00:03,BB:00:00:00:00:01,-91,1987
2026-08-18T12:08:20+00:00,AA:00:00:00:00:04,BB:00:00:00:00:01,-96,1988
2026-08-18T12:08:20+00:00,AA:00:00:00:00:05,BB:00:00:00:00:01,-61,1989
2026-08-18T12:08:30+00:00,AA:00:00:00:00:01,BB:00:00:00:00:01,-93,1990
2026-08-18T12:08:30+00:00,AA:00:00:00:00:02,BB:00:00:00:00:01,-94,1991
2026-08-18T12:08:30+00:00,AA:00:00:00:00:03,BB:00:00:00:00:01,-85,1992
2026-08-18T12:08:30+00:00,AA:00:00:00:00:04,BB:00:00:00:00:01,-89,1993
2026-08-18T12:08:30+00:00,AA:00:00:00:00:05,BB:00:00:00:00:01,-56,1994
2026-08-18T12:08:40+00:00,AA:00:00:00:00:01,BB:00:00:00:00:01,-87,1995
2026-08-18T12:08:40+00:00,AA:00:00:00:00:02,BB:00:00:00:00:01,-94,1996
2026-08-18T12:08:40+00:00,AA:00:00:00:00:03,BB:00:00:00:00:01,-91,1997
2026-08-18T12:08:40+00:00,AA:00:00:00:00:04,BB:00:00:00:00:01,-91,1998
2026-08-18T12:08:40+00:00,AA:00:00:00:00:05,BB:00:00:00:00:01,-52,1999
2026-08-18T12:08:50+00:00,AA:00:00:00:00:01,BB:00:00:00:00:01,-101,2000
2026-08-18T12:08:50+00:00,AA:00:00:00:00:02,BB:00:00:00:00:01,-97,2001
2026-08-18T12:08:50+00:00,AA:00:00:00:00:03,BB:00:00:00:00:01,-95,2002
2026-08-18T12:08:50+00:00,AA:00:00:00:00:04,BB:00:00:00:00:01,-91,2003
2026-08-18T12:08:50+00:00,AA:00:00:00:00:05,BB:00:00:00:00:01,-62,2004
2026-08-18T12:09:00+00:00,AA:00:00:00:00:01,BB:00:00:00:00:01,-97,2005
2026-08-18T12:09:00+00:00,AA:00:00:00:00:02,BB:00:00:00:00:01,-91,2006
2026-08-18T12:09:00+00:00,AA:00:00:00:00:04,BB:00:00:00:00:01,-90,2007
2026-08-18T12:09:00+00:00,AA:00:00:00:00:05,BB:00:00:00:00:01,-55,2008
2026-08-18T12:09:10+00:00,AA:00:00:00:00:01,BB:00:00:00:00:01,-89,2009
2026-08-18T12:09:10+00:00,AA:00:00:00:00:02,BB:00:00:00:00:01,-84,2010
2026-08-18T12:09:10+00:00,AA:00:00:00:00:03,BB:00:00:00:00:01,-92,2011
2026-08-18T12:09:10+00:00,AA:00:00:00:00:04,BB:00:00:00:00:01,-95,2012
2026-08-18T12:09:10+00:00,AA:00:00:00:00:05,BB:00:00:00:00:01,-62,2013
2026-08-18T12:09:20+00:00,AA:00:00:00:00:01,BB:00:00:00:00:01,-96,2014
2026-08-18T12:09:20+00:00,AA:00:00:00:00:02,BB:00:00:00:00:01,-91,2015
2026-08-18T12:09:20+00:00,AA:00:00:00:00:03,BB:00:00:00:00:01,-86,2016
2026-08-18T12:09:20+00:00,AA:00:00:00:00:04,BB:00:00:00:00:01,-94,2017
2026-08-18T12:09:20+00:00,AA:00:00:00:00:05,BB:00:00:00:00:01,-53,2018
2026-08-18T12:09:30+00:00,AA:00:00:00:00:01,BB:00:00:00:00:01,-86,2019
2026-08-18T12:09:30+00:00,AA:00:00:00:00:02,BB:00:00:00:00:01,-91,2020
2026-08-18T12:09:30+00:00,AA:00:00:00:00:03,BB:00:00:00:00:01,-89,2021
2026-08-18T12:09:30+00:00,AA:00:00:00:00:04,BB:00:00:00:00:01,-85,2022
2026-08-18T12:09:30+00:00,AA:00:00:00:00:05,BB:00:00:00:00:01,-49,2023
2026-08-18T12:09:40+00:00,AA:00:00:00:00:01,BB:00:00:00:00:01,-97,2024
2026-08-18T12:09:40+00:00,AA:00:00:00:00:02,BB:00:00:00:00:01,-96,2025
2026-08-18T12:09:40+00:00,AA:00:00:00:00:03,BB:00:00:00:00:01,-98,2026
2026-08-18T12:09:40+00:00,AA:00:00:00:00:05,BB:00:00:00:00:01,-49,2027
2026-08-18T12:09:50+00:00,AA:00:00:00:00:02,BB:00:00:00:00:01,-89,2028
2026-08-18T12:09:50+00:00,AA:00:00:00:00:03,BB:00:00:00:00:01,-94,2029
2026-08-18T12:09:50+00:00,AA:00:00:00:00:04,BB:00:00:00:00:01,-85,2030
2026-08-18T12:09:50+00:00,AA:00:00:00:00:05,BB:00:00:00:00:01,-53,2031
2026-08-18T12:10:00+00:00,AA:00:00:00:00:01,BB:00:00:00:00:01,-96,2032
2026-08-18T12:10:00+00:00,AA:00:00:00:00:02,BB:00:00:00:00:01,-92,2033
2026-08-18T12:10:00+00:00,AA:00:00:00:00:03,BB:00:00:00:00:01,-86,2034
2026-08-18T12:10:00+00:00,AA:00:00:00:00:04,BB:00:00:00:00:01,-93,2035
2026-08-18T12:10:00+00:00,AA:00:00:00:00:05,BB:00:00:00:00:01,-52,2036
2026-08-18T12:10:10+00:00,AA:00:00:00:00:01,BB:00:00:00:00:01,-92,2037
2026-08-18T12:10:10+00:00,AA:00:00:00:00:02,BB:00:00:00:00:01,-94,2038
2026-08-18T12:10:10+00:00,AA:00:00:00:00:03,BB:00:00:00:00:01,-94,2039
2026-08-18T12:10:10+00:00,AA:00:00:00:00:04,BB:00:00:00:00:01,-97,2040
2026-08-18T12:10:10+00:00,AA:00:00:00:00:05,BB:00:00:00:00:01,-54,2041
2026-08-18T12:10:20+00:00,AA:00:00:00:00:01,BB:00:00:00:00:01,-90,2042
2026-08-18T12:10:20+00:00,AA:00:00:00:00:02,BB:00:00:00:00:01,-86,2043
2026-08-18T12:10:20+00:00,AA:00:00:00:00:03,BB:00:00:00:00:01,-92,2044
2026-08-18T12:10:20+00:00,AA:00:00:00:00:04,BB:00:00:00:00:01,-90,2045
2026-08-18T12:10:20+00:00,AA:00:00:00:00:05,BB:00:00:00:00:01,-55,2046
2026-08-18T12:10:30+00:00,AA:00:00:00:00:01,BB:00:00:00:00:01,-90,2047
2026-08-18T12:10:30+00:00,AA:00:00:00:00:02,BB:00:00:00:00:01,-96,2048
2026-08-18T12:10:30+00:00,AA:00:00:00:00:03,BB:00:00:00:00:01,-90,2049
2026-08-18T12:10:30+00:00,AA:00:00:00:00:04,BB:00:00:00:00:01,-88,2050
2026-08-18T12:10:30+00:00,AA:00:00:00:00:05,BB:00:00:00:00:01,-49,2051
2026-08-18T12:10:40+00:00,AA:00:00:00:00:01,BB:00:00:00:00:01,-84,2052
2026-08-18T12:10:40+00:00,AA:00:00:00:00:02,BB:00:00:00:00:01,-92,2053
2026-08-18T12:10:40+00:00,AA:00:00:00:00:03,BB:00:00:00:00:01,-91,2054
2026-08-18T12:10:40+00:00,AA:00:00:00:00:04,BB:00:00:00:00:01,-95,2055
2026-08-18T12:10:40+00:00,AA:00:00:00:00:05,BB:00:00:00:00:01,-60,2056
2026-08-18T12:10:50+00:00,AA:00:00:00:00:01,BB:00:00:00:00:01,-88,2057
2026-08-18T12:10:50+00:00,AA:00:00:00:00:02,BB:00:00:00:00:01,-98,2058
2026-08-18T12:10:50+00:00,AA:00:00:00:00:03,BB:00:00:00:00:01,-91,2059
2026-08-18T12:10:50+00:00,AA:00:00:00:00:04,BB:00:00:00:00:01,-95,2060
2026-08-18T12:10:50+00:00,AA:00:00:00:00:05,BB:00:00:00:00:01,-51,2061
2026-08-18T12:11:00+00:00,AA:00:00:00:00:01,BB:00:00:00:00:01,-90,2062
2026-08-18T12:11:00+00:00,AA:00:00:00:00:02,BB:00:00:00:00:01,-92,2063
2026-08-18T12:11:00+00:00,AA:00:00:00:00:03,BB:00:00:00:00:01,-90,2064
2026-08-18T12:11:00+00:00,AA:00:00:00:00:04,BB:00:00:00:00:01,-87,2065
2026-08-18T12:11:00+00:00,AA:00:00:00:00:05,BB:00:00:00:00:01,-54,2066
2026-08-18T12:11:10+00:00,AA:00:00:00:00:01,BB:00:00:00:00:01,-96,2067
2026-08-18T12:11:10+00:00,AA:00:00:00:00:02,BB:00:00:00:00:01,-93,2068
2026-08-18T12:11:10+00:00,AA:00:00:00:00:03,BB:00:00:00:00:01,-100,2069
2026-08-18T12:11:10+00:00,AA:00:00:00:00:04,BB:00:00:00:00:01,-94,2070
2026-08-18T12:11:10+00:00,AA:00:00:00:00:05,BB:00:00:00:00:01,-57,2071
2026-08-18T12:11:20+00:00,AA:00:00:00:00:01,BB:00:00:00:00:01,-95,2072
2026-08-18T12:11:20+00:00,AA:00:00:00:00:02,BB:00:00:00:00:01,-87,2073
2026-08-18T12:11:20+00:00,AA:00:00:00:00:03,BB:00:00:00:00:01,-90,2074
2026-08-18T12:11:20+00:00,AA:00:00:00:00:04,BB:00:00:00:00:01,-91,2075
2026-08-18T12:11:20+00:00,AA:00:00:00:00:05,BB:00:00:00:00:01,-56,2076
2026-08-18T12:11:30+00:00,AA:00:00:00:00:01,BB:00:00:00:00:01,-89,2077
2026-08-18T12:11:30+00:00,AA:00:00:00:00:02,BB:00:00:00:00:01,-99,2078
2026-08-18T12:11:30+00:00,AA:00:00:00:00:03,BB:00:00:00:00:01,-89,2079
2026-08-18T12:11:30+00:00,AA:00:00:00:00:04,BB:00:00:00:00:01,-88,2080
2026-08-18T12:11:30+00:00,AA:00:00:00:00:05,BB:00:00:00:00:01,-56,2081
2026-08-18T12:11:40+00:00,AA:00:00:00:00:01,BB:00:00:00:00:01,-93,2082
2026-08-18T12:11:40+00:00,AA:00:00:00:00:02,BB:00:00:00:00:01,-98,2083
2026-08-18T12:11:40+00:00,AA:00:00:00:00:03,BB:00:00:00:00:01,-90,2084
2026-08-18T12:11:40+00:00,AA:00:00:00:00:04,BB:00:00:00:00:01,-91,2085
2026-08-18T12:11:40+00:00,AA:00:00:00:00:05,BB:00:00:00:00:01,-51,2086
2026-08-18T12:11:50+00:00,AA:00:00:00:00:01,BB:00:00:00:00:01,-95,2087
2026-08-18T12:11:50+00:00,AA:00:00:00:00:02,BB:00:00:00:00:01,-92,2088
2026-08-18T12:11:50+00:00,AA:00:00:00:00:03,BB:00:00:00:00:01,-94,2089
2026-08-18T12:11:50+00:00,AA:00:00:00:00:04,BB:00:00:00:00:01,-97,2090
2026-08-18T12:11:50+00:00,AA:00:00:00:00:05,BB:00:00:00:00:01,-62,2091
2026-08-18T12:12:00+00:00,AA:00:00:00:00:01,BB:00:00:00:00:01,-93,2092
2026-08-18T12:12:00+00:00,AA:00:00:00:00:02,BB:00:00:00:00:01,-87,2093
2026-08-18T12:12:00+00:00,AA:00:00:00:00:03,BB:00:00:00:00:01,-86,2094
2026-08-18T12:12:00+00:00,AA:00:00:00:00:04,BB:00:00:00:00:01,-91,2095
2026-08-18T12:12:00+00:00,AA:00:00:00:00:05,BB:00:00:00:00:01,-66,2096
2026-08-18T12:12:10+00:00,AA:00:00:00:00:01,BB:00:00:00:00:01,-90,2097
2026-08-18T12:12:10+00:00,AA:00:00:00:00:02,BB:00:00:00:00:01,-102,2098
2026-08-18T12:12:10+00:00,AA:00:00:00:00:03,BB:00:00:00:00:01,-88,2099
2026-08-18T12:12:10+00:00,AA:00:00:00:00:04,BB:00:00:00:00:01,-97,2100
2026-08-18T12:12:10+00:00,AA:00:00:00:00:05,BB:00:00:00:00:01,-58,2101
2026-08-18T12:12:20+00:00,AA:00:00:00:00:01,BB:00:00:00:00:01,-98,2102
2026-08-18T12:12:20+00:00,AA:00:00:00:00:02,BB:00:00:00:00:01,-93,2103
2026-08-18T12:12:20+00:00,AA:00:00:00:00:03,BB:00:00:00:00:01,-99,2104
2026-08-18T12:12:20+00:00,AA:00:00:00:00:04,BB:00:00:00:00:01,-94,2105
2026-08-18T12:12:20+00:00,AA:00:00:00:00:05,BB:00:00:00:00:01,-55,2106
2026-08-18T12:12:30+00:00,AA:00:00:00:00:01,BB:00:00:00:00:01,-89,2107
2026-08-18T12:12:30+00:00,AA:00:00:00:00:02,BB:00:00:00:00:01,-90,2108
2026-08-18T12:12:30+00:00,AA:00:00:00:00:03,BB:00:00:00:00:01,-95,2109
2026-08-18T12:12:30+00:00,AA:00:00:00:00:04,BB:00:00:00:00:01,-83,2110
2026-08-18T12:12:30+00:00,AA:00:00:00:00:05,BB:00:00:00:00:01,-60,2111
2026-08-18T12:12:40+00:00,AA:00:00:00:00:01,BB:00:00:00:00:01,-95,2112
2026-08-18T12:12:40+00:00,AA:00:00:00:00:02,BB:00:00:00:00:01,-91,2113
2026-08-18T12:12:40+00:00,AA:00:00:00:00:03,BB:00:00:00:00:01,-95,2114
2026-08-18T12:12:40+00:00,AA:00:00:00:00:04,BB:00:00:00:00:01,-89,2115
2026-08-18T12:12:40+00:00,AA:00:00:00:00:05,BB:00:00:00:00:01,-52,2116
2026-08-18T12:12:50+00:00,AA:00:00:00:00:01,BB:00:00:00:00:01,-86,2117
2026-08-18T12:12:50+00:00,AA:00:00:00:00:02,BB:00:00:00:00:01,-92,2118
2026-08-18T12:12:50+00:00,AA:00:00:00:00:03,BB:00:00:00:00:01,-88,2119
2026-08-18T12:12:50+00:00,AA:00:00:00:00:04,BB:00:00:00:00:01,-86,2120
2026-08-18T12:12:50+00:00,AA:00:00:00:00:05,BB:00:00:00:00:01,-59,2121
2026-08-18T12:13:00+00:00,AA:00:00:00:00:01,BB:00:00:00:00:01,-92,2122
2026-08-18T12:13:00+00:00,AA:00:00:00:00:02,BB:00:00:00:00:01,-99,2123
2026-08-18T12:13:00+00:00,AA:00:00:00:00:03,BB:00:00:00:00:01,-91,2124
2026-08-18T12:13:00+00:00,AA:00:00:00:00:04,BB:00:00:00:00:01,-89,2125
2026-08-18T12:13:00+00:00,AA:00:00:00:00:05,BB:00:00:00:00:01,-56,2126
2026-08-18T12:13:10+00:00,AA:00:00:00:00:01,BB:00:00:00:00:01,-86,2127
2026-08-18T12:13:10+00:00,AA:00:00:00:00:02,BB:00:00:00:00:01,-87,2128
2026-08-18T12:13:10+00:00,AA:00:00:00:00:03,BB:00:00:00:00:01,-90,2129
2026-08-18T12:13:10+00:00,AA:00:00:00:00:04,BB:00:00:00:00:01,-93,2130
2026-08-18T12:13:10+00:00,AA:00:00:00:00:05,BB:00:00:00:00:01,-49,2131
2026-08-18T12:13:20+00:00,AA:00:00:00:00:01,BB:00:00:00:00:01,-89,2132
2026-08-18T12:13:20+00:00,AA:00:00:00:00:02,BB:00:00:00:00:01,-88,2133
2026-08-18T12:13:20+00:00,AA:00:00:00:00:03,BB:00:00:00:00:01,-88,2134
2026-08-18T12:13:20+00:00,AA:00:00:00:00:04,BB:00:00:00:00:01,-105,2135
2026-08-18T12:13:20+00:00,AA:00:00:00:00:05,BB:00:00:00:00:01,-59,2136
2026-08-18T12:13:30+00:00,AA:00:00:00:00:01,BB:00:00:00:00:01,-85,2137
2026-08-18T12:13:30+00:00,AA:00:00:00:00:02,BB:00:00:00:00:01,-92,2138
2026-08-18T12:13:30+00:00,AA:00:00:00:00:03,BB:00:00:00:00:01,-94,2139
2026-08-18T12:13:30+00:00,AA:00:00:00:00:04,BB:00:00:00:00:01,-88,2140
2026-08-18T12:13:30+00:00,AA:00:00:00:00:05,BB:00:00:00:00:01,-61,2141
2026-08-18T12:13:40+00:00,AA:00:00:00:00:01,BB:00:00:00:00:01,-92,2142
2026-08-18T12:13:40+00:00,AA:00:00:00:00:02,BB:00:00:00:00:01,-95,2143
2026-08-18T12:13:40+00:00,AA:00:00:00:00:03,BB:00:00:00:00:01,-92,2144
2026-08-18T12:13:40+00:00,AA:00:00:00:00:04,BB:00:00:00:00:01,-93,2145
2026-08-18T12:13:40+00:00,AA:00:00:00:00:05,BB:00:00:00:00:01,-66,2146
2026-08-18T12:13:50+00:00,AA:00:00:00:00:01,BB:00:00:00:00:01,-94,2147
2026-08-18T12:13:50+00:00,AA:00:00:00:00:02,BB:00:00:00:00:01,-93,2148
2026-08-18T12:13:50+00:00,AA:00:00:00:00:03,BB:00:00:00:00:01,-89,2149
2026-08-18T12:13:50+00:00,AA:00:00:00:00:04,BB:00:00:00:00:01,-88,2150
2026-08-18T12:13:50+00:00,AA:00:00:00:00:05,BB:00:00:00:00:01,-57,2151
2026-08-18T12:14:00+00:00,AA:00:00:00:00:01,BB:00:00:00:00:01,-89,2152
2026-08-18T12:14:00+00:00,AA:00:00:00:00:02,BB:00:00:00:00:01,-84,2153
2026-08-18T12:14:00+00:00,AA:00:00:00:00:03,BB:00:00:00:00:01,-88,2154
2026-08-18T12:14:00+00:00,AA:00:00:00:00:04,BB:00:00:00:00:01,-88,2155
2026-08-18T12:14:00+00:00,AA:00:00:00:00:05,BB:00:00:00:00:01,-55,2156
2026-08-18T12:14:10+00:00,AA:00:00:00:00:01,BB:00:00:00:00:01,-90,2157
2026-08-18T12:14:10+00:00,AA:00:00:00:00:02,BB:00:00:00:00:01,-85,2158
2026-08-18T12:14:10+00:00,AA:00:00:00:00:03,BB:00:00:00:00:01,-90,2159
2026-08-18T12:14:10+00:00,AA:00:00:00:00:04,BB:00:00:00:00:01,-93,2160
2026-08-18T12:14:10+00:00,AA:00:00:00:00:05,BB:00:00:00:00:01,-54,2161
2026-08-18T12:14:20+00:00,AA:00:00:00:00:02,BB:00:00:00:00:01,-98,2162
2026-08-18T12:14:20+00:00,AA:00:00:00:00:03,BB:00:00:00:00:01,-87,2163
2026-08-18T12:14:20+00:00,AA:00:00:00:00:04,BB:00:00:00:00:01,-90,2164
2026-08-18T12:14:30+00:00,AA:00:00:00:00:01,BB:00:00:00:00:01,-90,2165
2026-08-18T12:14:30+00:00,AA:00:00:00:00:02,BB:00:00:00:00:01,-92,2166
2026-08-18T12:14:30+00:00,AA:00:00:00:00:03,BB:00:00:00:00:01,-99,2167
2026-08-18T12:14:30+00:00,AA:00:00:00:00:04,BB:00:00:00:00:01,-93,2168
2026-08-18T12:14:30+00:00,AA:00:00:00:00:05,BB:00:00:00:00:01,-58,2169
2026-08-18T12:14:40+00:00,AA:00:00:00:00:01,BB:00:00:00:00:01,-96,2170
2026-08-18T12:14:40+00:00,AA:00:00:00:00:02,BB:00:00:00:00:01,-92,2171
2026-08-18T12:14:40+00:00,AA:00:00:00:00:03,BB:00:00:00:00:01,-91,2172
2026-08-18T12:14:40+00:00,AA:00:00:00:00:04,BB:00:00:00:00:01,-90,2173
2026-08-18T12:14:40+00:00,AA:00:00:00:00:05,BB:00:00:00:00:01,-56,2174
2026-08-18T12:14:50+00:00,AA:00:00:00:00:01,BB:00:00:00:00:01,-85,2175
2026-08-18T12:14:50+00:00,AA:00:00:00:00:02,BB:00:00:00:00:01,-90,2176
2026-08-18T12:14:50+00:00,AA:00:00:00:00:03,BB:00:00:00:00:01,-91,2177
2026-08-18T12:14:50+00:00,AA:00:00:00:00:04,BB:00:00:00:00:01,-92,2178
2026-08-18T12:14:50+00:00,AA:00:00:00:00:05,BB:00:00:00:00:01,-55,2179
2026-08-18T12:15:00+00:00,AA:00:00:00:00:01,BB:00:00:00:00:01,-92,2180
2026-08-18T12:15:00+00:00,AA:00:00:00:00:02,BB:00:00:00:00:01,-91,2181
2026-08-18T12:15:00+00:00,AA:00:00:00:00:03,BB:00:00:00:00:01,-92,2182
2026-08-18T12:15:00+00:00,AA:00:00:00:00:04,BB:00:00:00:00:01,-86,2183
2026-08-18T12:15:00+00:00,AA:00:00:00:00:05,BB:00:00:00:00:01,-59,2184
2026-08-18T12:15:10+00:00,AA:00:00:00:00:01,BB:00:00:00:00:01,-89,2185
2026-08-18T12:15:10+00:00,AA:00:00:00:00:02,BB:00:00:00:00:01,-95,2186
2026-08-18T12:15:10+00:00,AA:00:00:00:00:03,BB:00:00:00:00:01,-94,2187
2026-08-18T12:15:10+00:00,AA:00:00:00:00:04,BB:00:00:00:00:01,-93,2188
2026-08-18T12:15:10+00:00,AA:00:00:00:00:05,BB:00:00:00:00:01,-55,2189
2026-08-18T12:15:20+00:00,AA:00:00:00:00:01,BB:00:00:00:00:01,-90,2190
2026-08-18T12:15:20+00:00,AA:00:00:00:00:02,BB:00:00:00:00:01,-94,2191
2026-08-18T12:15:20+00:00,AA:00:00:00:00:03,BB:00:00:00:00:01,-99,2192
2026-08-18T12:15:20+00:00,AA:00:00:00:00:04,BB:00:00:00:00:01,-95,2193
2026-08-18T12:15:20+00:00,AA:00:00:00:00:05,BB:00:00:00:00:01,-56,2194
2026-08-18T12:15:30+00:00,AA:00:00:00:00:01,BB:00:00:00:00:01,-95,2195
2026-08-18T12:15:30+00:00,AA:00:00:00:00:02,BB:00:00:00:00:01,-84,2196
2026-08-18T12:15:30+00:00,AA:00:00:00:00:03,BB:00:00:00:00:01,-88,2197
2026-08-18T12:15:30+00:00,AA:00:00:00:00:04,BB:00:00:00:00:01,-91,2198
2026-08-18T12:15:30+00:00,AA:00:00:00:00:05,BB:00:00:00:00:01,-56,2199
2026-08-18T12:15:40+00:00,AA:00:00:00:00:01,BB:00:00:00:00:01,-101,2200
2026-08-18T12:15:40+00:00,AA:00:00:00:00:02,BB:00:00:00:00:01,-95,2201
2026-08-18T12:15:40+00:00,AA:00:00:00:00:03,BB:00:00:00:00:01,-94,2202
2026-08-18T12:15:40+00:00,AA:00:00:00:00:04,BB:00:00:00:00:01,-99,2203
2026-08-18T12:15:40+00:00,AA:00:00:00:00:05,BB:00:00:00:00:01,-52,2204
2026-08-18T12:15:50+00:00,AA:00:00:00:00:01,BB:00:00:00:00:01,-91,2205
2026-08-18T12:15:50+00:00,AA:00:00:00:00:02,BB:00:00:00:00:01,-87,2206
2026-08-18T12:15:50+00:00,AA:00:00:00:00:03,BB:00:00:00:00:01,-88,2207
2026-08-18T12:15:50+00:00,AA:00:00:00:00:04,BB:00:00:00:00:01,-95,2208
2026-08-18T12:15:50+00:00,AA:00:00:00:00:05,BB:00:00:00:00:01,-55,2209
2026-08-18T12:16:00+00:00,AA:00:00:00:00:01,BB:00:00:00:00:01,-92,2210
2026-08-18T12:16:00+00:00,AA:00:00:00:00:02,BB:00:00:00:00:01,-96,2211
2026-08-18T12:16:00+00:00,AA:00:00:00:00:03,BB:00:00:00:00:01,-95,2212
2026-08-18T12:16:00+00:00,AA:00:00:00:00:04,BB:00:00:00:00:01,-89,2213
2026-08-18T12:16:00+00:00,AA:00:00:00:00:05,BB:00:00:00:00:01,-54,2214
2026-08-18T12:16:10+00:00,AA:00:00:00:00:01,BB:00:00:00:00:01,-90,2215
2026-08-18T12:16:10+00:00,AA:00:00:00:00:02,BB:00:00:00:00:01,-84,2216
2026-08-18T12:16:10+00:00,AA:00:00:00:00:03,BB:00:00:00:00:01,-80,2217
2026-08-18T12:16:10+00:00,AA:00:00:00:00:04,BB:00:00:00:00:01,-97,2218
2026-08-18T12:16:10+00:00,AA:00:00:00:00:05,BB:00:00:00:00:01,-44,2219
2026-08-18T12:16:20+00:00,AA:00:00:00:00:01,BB:00:00:00:00:01,-92,2220
2026-08-18T12:16:20+00:00,AA:00:00:00:00:02,BB:00:00:00:00:01,-96,2221
2026-08-18T12:16:20+00:00,AA:00:00:00:00:03,BB:00:00:00:00:01,-95,2222
2026-08-18T12:16:20+00:00,AA:00:00:00:00:04,BB:00:00:00:00:01,-93,2223
2026-08-18T12:16:20+00:00,AA:00:00:00:00:05,BB:00:00:00:00:01,-55,2224
2026-08-18T12:16:30+00:00,AA:00:00:00:00:01,BB:00:00:00:00:01,-82,2225
2026-08-18T12:16:30+00:00,AA:00:00:00:00:02,BB:00:00:00:00:01,-94,2226
2026-08-18T12:16:30+00:00,AA:00:00:00:00:03,BB:00:00:00:00:01,-103,2227
2026-08-18T12:16:30+00:00,AA:00:00:00:00:04,BB:00:00:00:00:01,-89,2228
2026-08-18T12:16:30+00:00,AA:00:00:00:00:05,BB:00:00:00:00:01,-55,2229
2026-08-18T12:16:40+00:00,AA:00:00:00:00:01,BB:00:00:00:00:01,-91,2230
2026-08-18T12:16:40+00:00,AA:00:00:00:00:02,BB:00:00:00:00:01,-93,2231
2026-08-18T12:16:40+00:00,AA:00:00:00:00:03,BB:00:00:00:00:01,-93,2232
2026-08-18T12:16:40+00:00,AA:00:00:00:00:04,BB:00:00:00:00:01,-87,2233
2026-08-18T12:16:40+00:00,AA:00:00:00:00:05,BB:00:00:00:00:01,-54,2234
2026-08-18T12:16:50+00:00,AA:00:00:00:00:01,BB:00:00:00:00:01,-91,2235
2026-08-18T12:16:50+00:00,AA:00:00:00:00:02,BB:00:00:00:00:01,-96,2236
2026-08-18T12:16:50+00:00,AA:00:00:00:00:03,BB:00:00:00:00:01,-88,2237
2026-08-18T12:16:50+00:00,AA:00:00:00:00:04,BB:00:00:00:00:01,-89,2238
2026-08-18T12:16:50+00:00,AA:00:00:00:00:05,BB:00:00:00:00:01,-53,2239
2026-08-18T12:17:00+00:00,AA:00:00:00:00:01,BB:00:00:00:00:01,-93,2240
2026-08-18T12:17:00+00:00,AA:00:00:00:00:02,BB:00:00:00:00:01,-99,2241
2026-08-18T12:17:00+00:00,AA:00:00:00:00:03,BB:00:00:00:00:01,-94,2242
2026-08-18T12:17:00+00:00,AA:00:00:00:00:04,BB:00:00:00:00:01,-97,2243
2026-08-18T12:17:00+00:00,AA:00:00:00:00:05,BB:00:00:00:00:01,-57,2244
2026-08-18T12:17:10+00:00,AA:00:00:00:00:01,BB:00:00:00:00:01,-86,2245
2026-08-18T12:17:10+00:00,AA:00:00:00:00:02,BB:00:00:00:00:01,-86,2246
2026-08-18T12:17:10+00:00,AA:00:00:00:00:03,BB:00:00:00:00:01,-90,2247
2026-08-18T12:17:10+00:00,AA:00:00:00:00:04,BB:00:00:00:00:01,-99,2248
2026-08-18T12:17:10+00:00,AA:00:00:00:00:05,BB:00:00:00:00:01,-51,2249
2026-08-18T12:17:20+00:00,AA:00:00:00:00:01,BB:00:00:00:00:01,-95,2250
2026-08-18T12:17:20+00:00,AA:00:00:00:00:02,BB:00:00:00:00:01,-96,2251
2026-08-18T12:17:20+00:00,AA:00:00:00:00:03,BB:00:00:00:00:01,-95,2252
2026-08-18T12:17:20+00:00,AA:00:00:00:00:04,BB:00:00:00:00:01,-90,2253
2026-08-18T12:17:20+00:00,AA:00:00:00:00:05,BB:00:00:00:00:01,-52,2254
2026-08-18T12:17:30+00:00,AA:00:00:00:00:01,BB:00:00:00:00:01,-88,2255
2026-08-18T12:17:30+00:00,AA:00:00:00:00:02,BB:00:00:00:00:01,-92,2256
2026-08-18T12:17:30+00:00,AA:00:00:00:00:03,BB:00:00:00:00:01,-96,2257
2026-08-18T12:17:30+00:00,AA:00:00:00:00:04,BB:00:00:00:00:01,-95,2258
2026-08-18T12:17:30+00:00,AA:00:00:00:00:05,BB:00:00:00:00:01,-55,2259
2026-08-18T12:17:40+00:00,AA:00:00:00:00:01,BB:00:00:00:00:01,-91,2260
2026-08-18T12:17:40+00:00,AA:00:00:00:00:02,BB:00:00:00:00:01,-91,2261
2026-08-18T12:17:40+00:00,AA:00:00:00:00:03,BB:00:00:00:00:01,-93,2262
2026-08-18T12:17:40+00:00,AA:00:00:00:00:04,BB:00:00:00:00:01,-91,2263
2026-08-18T12:17:40+00:00,AA:00:00:00:00:05,BB:00:00:00:00:01,-54,2264
2026-08-18T12:17:50+00:00,AA:00:00:00:00:01,BB:00:00:00:00:01,-90,2265
2026-08-18T12:17:50+00:00,AA:00:00:00:00:02,BB:00:00:00:00:01,-94,2266
2026-08-18T12:17:50+00:00,AA:00:00:00:00:03,BB:00:00:00:00:01,-94,2267
2026-08-18T12:17:50+00:00,AA:00:00:00:00:04,BB:00:00:00:00:01,-92,2268
2026-08-18T12:17:50+00:00,AA:00:00:00:00:05,BB:00:00:00:00:01,-53,2269
2026-08-18T12:18:00+00:00,AA:00:00:00:00:01,BB:00:00:00:00:01,-90,2270
2026-08-18T12:18:00+00:00,AA:00:00:00:00:02,BB:00:00:00:00:01,-93,2271
2026-08-18T12:18:00+00:00,AA:00:00:00:00:03,BB:00:00:00:00:01,-94,2272
2026-08-18T12:18:00+00:00,AA:00:00:00:00:04,BB:00:00:00:00:01,-89,2273
2026-08-18T12:18:00+00:00,AA:00:00:00:00:05,BB:00:00:00:00:01,-59,2274
2026-08-18T12:18:10+00:00,AA:00:00:00:00:02,BB:00:00:00:00:01,-94,2275
2026-08-18T12:18:10+00:00,AA:00:00:00:00:03,BB:00:00:00:00:01,-91,2276
2026-08-18T12:18:10+00:00,AA:00:00:00:00:04,BB:00:00:00:00:01,-91,2277
2026-08-18T12:18:10+00:00,AA:00:00:00:00:05,BB:00:00:00:00:01,-51,2278
2026-08-18T12:18:20+00:00,AA:00:00:00:00:01,BB:00:00:00:00:01,-91,2279
2026-08-18T12:18:20+00:00,AA:00:00:00:00:02,BB:00:00:00:00:01,-91,2280
2026-08-18T12:18:20+00:00,AA:00:00:00:00:03,BB:00:00:00:00:01,-87,2281
2026-08-18T12:18:20+00:00,AA:00:00:00:00:04,BB:00:00:00:00:01,-97,2282
2026-08-18T12:18:20+00:00,AA:00:00:00:00:05,BB:00:00:00:00:01,-52,2283
2026-08-18T12:18:30+00:00,AA:00:00:00:00:01,BB:00:00:00:00:01,-89,2284
2026-08-18T12:18:30+00:00,AA:00:00:00:00:02,BB:00:00:00:00:01,-95,2285
2026-08-18T12:18:30+00:00,AA:00:00:00:00:03,BB:00:00:00:00:01,-93,2286
2026-08-18T12:18:30+00:00,AA:00:00:00:00:04,BB:00:00:00:00:01,-98,2287
2026-08-18T12:18:30+00:00,AA:00:00:00:00:05,BB:00:00:00:00:01,-54,2288
2026-08-18T12:18:40+00:00,AA:00:00:00:00:01,BB:00:00:00:00:01,-87,2289
2026-08-18T12:18:40+00:00,AA:00:00:00:00:02,BB:00:00:00:00:01,-91,2290
2026-08-18T12:18:40+00:00,AA:00:00:00:00:03,BB:00:00:00:00:01,-90,2291
2026-08-18T12:18:40+00:00,AA:00:00:00:00:04,BB:00:00:00:00:01,-89,2292
2026-08-18T12:18:40+00:00,AA:00:00:00:00:05,BB:00:00:00:00:01,-49,2293
2026-08-18T12:18:50+00:00,AA:00:00:00:00:01,BB:00:00:00:00:01,-90,2294
2026-08-18T12:18:50+00:00,AA:00:00:00:00:02,BB:00:00:00:00:01,-93,2295
2026-08-18T12:18:50+00:00,AA:00:00:00:00:03,BB:00:00:00:00:01,-84,2296
2026-08-18T12:18:50+00:00,AA:00:00:00:00:04,BB:00:00:00:00:01,-84,2297
2026-08-18T12:18:50+00:00,AA:00:00:00:00:05,BB:00:00:00:00:01,-54,2298
2026-08-18T12:19:00+00:00,AA:00:00:00:00:01,BB:00:00:00:00:01,-100,2299
2026-08-18T12:19:00+00:00,AA:00:00:00:00:02,BB:00:00:00:00:01,-85,2300
2026-08-18T12:19:00+00:00,AA:00:00:00:00:03,BB:00:00:00:00:01,-89,2301
2026-08-18T12:19:00+00:00,AA:00:00:00:00:04,BB:00:00:00:00:01,-96,2302
2026-08-18T12:19:00+00:00,AA:00:00:00:00:05,BB:00:00:00:00:01,-64,2303
2026-08-18T12:19:10+00:00,AA:00:00:00:00:01,BB:00:00:00:00:01,-90,2304
2026-08-18T12:19:10+00:00,AA:00:00:00:00:02,BB:00:00:00:00:01,-96,2305
2026-08-18T12:19:10+00:00,AA:00:00:00:00:03,BB:00:00:00:00:01,-93,2306
2026-08-18T12:19:10+00:00,AA:00:00:00:00:04,BB:00:00:00:00:01,-94,2307
2026-08-18T12:19:10+00:00,AA:00:00:00:00:05,BB:00:00:00:00:01,-52,2308
2026-08-18T12:19:20+00:00,AA:00:00:00:00:01,BB:00:00:00:00:01,-87,2309
2026-08-18T12:19:20+00:00,AA:00:00:00:00:02,BB:00:00:00:00:01,-93,2310
2026-08-18T12:19:20+00:00,AA:00:00:00:00:03,BB:00:00:00:00:01,-86,2311
2026-08-18T12:19:20+00:00,AA:00:00:00:00:04,BB:00:00:00:00:01,-98,2312
2026-08-18T12:19:20+00:00,AA:00:00:00:00:05,BB:00:00:00:00:01,-58,2313
2026-08-18T12:19:30+00:00,AA:00:00:00:00:01,BB:00:00:00:00:01,-93,2314
2026-08-18T12:19:30+00:00,AA:00:00:00:00:02,BB:00:00:00:00:01,-93,2315
2026-08-18T12:19:30+00:00,AA:00:00:00:00:03,BB:00:00:00:00:01,-93,2316
2026-08-18T12:19:30+00:00,AA:00:00:00:00:04,BB:00:00:00:00:01,-96,2317
2026-08-18T12:19:30+00:00,AA:00:00:00:00:05,BB:00:00:00:00:01,-59,2318
2026-08-18T12:19:40+00:00,AA:00:00:00:00:01,BB:00:00:00:00:01,-86,2319
2026-08-18T12:19:40+00:00,AA:00:00:00:00:02,BB:00:00:00:00:01,-83,2320
2026-08-18T12:19:40+00:00,AA:00:00:00:00:03,BB:00:00:00:00:01,-95,2321
2026-08-18T12:19:40+00:00,AA:00:00:00:00:04,BB:00:00:00:00:01,-93,2322
2026-08-18T12:19:40+00:00,AA:00:00:00:00:05,BB:00:00:00:00:01,-53,2323
2026-08-18T12:19:50+00:00,AA:00:00:00:00:01,BB:00:00:00:00:01,-100,2324
2026-08-18T12:19:50+00:00,AA:00:00:00:00:04,BB:00:00:00:00:01,-86,2325
2026-08-18T12:19:50+00:00,AA:00:00:00:00:05,BB:00:00:00:00:01,-48,2326
2026-08-18T12:20:00+00:00,AA:00:00:00:00:01,BB:00:00:00:00:01,-101,2327
2026-08-18T12:20:00+00:00,AA:00:00:00:00:02,BB:00:00:00:00:01,-95,2328
2026-08-18T12:20:00+00:00,AA:00:00:00:00:03,BB:00:00:00:00:01,-87,2329
2026-08-18T12:20:00+00:00,AA:00:00:00:00:04,BB:00:00:00:00:01,-96,2330
2026-08-18T12:20:00+00:00,AA:00:00:00:00:05,BB:00:00:00:00:01,-59,2331
2026-08-18T12:20:10+00:00,AA:00:00:00:00:01,BB:00:00:00:00:01,-90,2332
2026-08-18T12:20:10+00:00,AA:00:00:00:00:02,BB:00:00:00:00:01,-85,2333
2026-08-18T12:20:10+00:00,AA:00:00:00:00:03,BB:00:00:00:00:01,-98,2334
2026-08-18T12:20:10+00:00,AA:00:00:00:00:04,BB:00:00:00:00:01,-90,2335
2026-08-18T12:20:10+00:00,AA:00:00:00:00:05,BB:00:00:00:00:01,-53,2336
2026-08-18T12:20:20+00:00,AA:00:00:00:00:01,BB:00:00:00:00:01,-93,2337
2026-08-18T12:20:20+00:00,AA:00:00:00:00:02,BB:00:00:00:00:01,-87,2338
2026-08-18T12:20:20+00:00,AA:00:00:00:00:03,BB:00:00:00:00:01,-93,2339
2026-08-18T12:20:20+00:00,AA:00:00:00:00:04,BB:00:00:00:00:01,-95,2340
2026-08-18T12:20:20+00:00,AA:00:00:00:00:05,BB:00:00:00:00:01,-60,2341
2026-08-18T12:20:30+00:00,AA:00:00:00:00:01,BB:00:00:00:00:01,-92,2342
2026-08-18T12:20:30+00:00,AA:00:00:00:00:02,BB:00:00:00:00:01,-89,2343
2026-08-18T12:20:30+00:00,AA:00:00:00:00:03,BB:00:00:00:00:01,-96,2344
2026-08-18T12:20:30+00:00,AA:00:00:00:00:04,BB:00:00:00:00:01,-85,2345
2026-08-18T12:20:30+00:00,AA:00:00:00:00:05,BB:00:00:00:00:01,-54,2346
2026-08-18T12:20:40+00:00,AA:00:00:00:00:02,BB:00:00:00:00:01,-89,2347
2026-08-18T12:20:40+00:00,AA:00:00:00:00:04,BB:00:00:00:00:01,-88,2348
2026-08-18T12:20:40+00:00,AA:00:00:00:00:05,BB:00:00:00:00:01,-59,2349
2026-08-18T12:20:50+00:00,AA:00:00:00:00:01,BB:00:00:00:00:01,-92,2350
2026-08-18T12:20:50+00:00,AA:00:00:00:00:02,BB:00:00:00:00:01,-93,2351
2026-08-18T12:20:50+00:00,AA:00:00:00:00:03,BB:00:00:00:00:01,-91,2352
2026-08-18T12:20:50+00:00,AA:00:00:00:00:04,BB:00:00:00:00:01,-94,2353
2026-08-18T12:20:50+00:00,AA:00:00:00:00:05,BB:00:00:00:00:01,-50,2354
2026-08-18T12:21:00+00:00,AA:00:00:00:00:01,BB:00:00:00:00:01,-100,2355
2026-08-18T12:21:00+00:00,AA:00:00:00:00:02,BB:00:00:00:00:01,-93,2356
2026-08-18T12:21:00+00:00,AA:00:00:00:00:03,BB:00:00:00:00:01,-99,2357
2026-08-18T12:21:00+00:00,AA:00:00:00:00:05,BB:00:00:00:00:01,-59,2358
2026-08-18T12:21:10+00:00,AA:00:00:00:00:01,BB:00:00:00:00:01,-92,2359
2026-08-18T12:21:10+00:00,AA:00:00:00:00:02,BB:00:00:00:00:01,-98,2360
2026-08-18T12:21:10+00:00,AA:00:00:00:00:03,BB:00:00:00:00:01,-93,2361
2026-08-18T12:21:10+00:00,AA:00:00:00:00:04,BB:00:00:00:00:01,-95,2362
2026-08-18T12:21:10+00:00,AA:00:00:00:00:05,BB:00:00:00:00:01,-53,2363
2026-08-18T12:21:20+00:00,AA:00:00:00:00:01,BB:00:00:00:00:01,-97,2364
2026-08-18T12:21:20+00:00,AA:00:00:00:00:02,BB:00:00:00:00:01,-89,2365
2026-08-18T12:21:20+00:00,AA:00:00:00:00:03,BB:00:00:00:00:01,-87,2366
2026-08-18T12:21:20+00:00,AA:00:00:00:00:04,BB:00:00:00:00:01,-86,2367
2026-08-18T12:21:20+00:00,AA:00:00:00:00:05,BB:00:00:00:00:01,-50,2368
2026-08-18T12:21:30+00:00,AA:00:00:00:00:01,BB:00:00:00:00:01,-87,2369
2026-08-18T12:21:30+00:00,AA:00:00:00:00:02,BB:00:00:00:00:01,-89,2370
2026-08-18T12:21:30+00:00,AA:00:00:00:00:03,BB:00:00:00:00:01,-89,2371
2026-08-18T12:21:30+00:00,AA:00:00:00:00:04,BB:00:00:00:00:01,-97,2372
2026-08-18T12:21:30+00:00,AA:00:00:00:00:05,BB:00:00:00:00:01,-58,2373
2026-08-18T12:21:40+00:00,AA:00:00:00:00:01,BB:00:00:00:00:01,-92,2374
2026-08-18T12:21:40+00:00,AA:00:00:00:00:02,BB:00:00:00:00:01,-86,2375
2026-08-18T12:21:40+00:00,AA:00:00:00:00:03,BB:00:00:00:00:01,-92,2376
2026-08-18T12:21:40+00:00,AA:00:00:00:00:04,BB:00:00:00:00:01,-94,2377
2026-08-18T12:21:40+00:00,AA:00:00:00:00:05,BB:00:00:00:00:01,-58,2378
2026-08-18T12:21:50+00:00,AA:00:00:00:00:01,BB:00:00:00:00:01,-88,2379
2026-08-18T12:21:50+00:00,AA:00:00:00:00:02,BB:00:00:00:00:01,-102,2380
2026-08-18T12:21:50+00:00,AA:00:00:00:00:03,BB:00:00:00:00:01,-93,2381
2026-08-18T12:21:50+00:00,AA:00:00:00:00:04,BB:00:00:00:00:01,-91,2382
2026-08-18T12:21:50+00:00,AA:00:00:00:00:05,BB:00:00:00:00:01,-64,2383
2026-08-18T12:22:00+00:00,AA:00:00:00:00:01,BB:00:00:00:00:01,-87,2384
2026-08-18T12:22:00+00:00,AA:00:00:00:00:02,BB:00:00:00:00:01,-85,2385
2026-08-18T12:22:00+00:00,AA:00:00:00:00:03,BB:00:00:00:00:01,-95,2386
2026-08-18T12:22:00+00:00,AA:00:00:00:00:04,BB:00:00:00:00:01,-90,2387
2026-08-18T12:22:00+00:00,AA:00:00:00:00:05,BB:00:00:00:00:01,-56,2388
2026-08-18T12:22:10+00:00,AA:00:00:00:00:01,BB:00:00:00:00:01,-93,2389
2026-08-18T12:22:10+00:00,AA:00:00:00:00:02,BB:00:00:00:00:01,-94,2390
2026-08-18T12:22:10+00:00,AA:00:00:00:00:03,BB:00:00:00:00:01,-94,2391
2026-08-18T12:22:10+00:00,AA:00:00:00:00:04,BB:00:00:00:00:01,-92,2392
2026-08-18T12:22:10+00:00,AA:00:00:00:00:05,BB:00:00:00:00:01,-55,2393
2026-08-18T12:22:20+00:00,AA:00:00:00:00:01,BB:00:00:00:00:01,-96,2394
2026-08-18T12:22:20+00:00,AA:00:00:00:00:02,BB:00:00:00:00:01,-94,2395
2026-08-18T12:22:20+00:00,AA:00:00:00:00:03,BB:00:00:00:00:01,-94,2396
2026-08-18T12:22:20+00:00,AA:00:00:00:00:04,BB:00:00:00:00:01,-94,2397
2026-08-18T12:22:20+00:00,AA:00:00:00:00:05,BB:00:00:00:00:01,-62,2398
2026-08-18T12:22:30+00:00,AA:00:00:00:00:01,BB:00:00:00:00:01,-95,2399
2026-08-18T12:22:30+00:00,AA:00:00:00:00:02,BB:00:00:00:00:01,-93,2400
2026-08-18T12:22:30+00:00,AA:00:00:00:00:03,BB:00:00:00:00:01,-93,2401
2026-08-18T12:22:30+00:00,AA:00:00:00:00:04,BB:00:00:00:00:01,-90,2402
2026-08-18T12:22:30+00:00,AA:00:00:00:00:05,BB:00:00:00:00:01,-58,2403
2026-08-18T12:22:40+00:00,AA:00:00:00:00:01,BB:00:00:00:00:01,-94,2404
2026-08-18T12:22:40+00:00,AA:00:00:00:00:02,BB:00:00:00:00:01,-91,2405
2026-08-18T12:22:40+00:00,AA:00:00:00:00:03,BB:00:00:00:00:01,-94,2406
2026-08-18T12:22:40+00:00,AA:00:00:00:00:04,BB:00:00:00:00:01,-97,2407
2026-08-18T12:22:40+00:00,AA:00:00:00:00:05,BB:00:00:00:00:01,-60,2408
2026-08-18T12:22:50+00:00,AA:00:00:00:00:01,BB:00:00:00:00:01,-91,2409
2026-08-18T12:22:50+00:00,AA:00:00:00:00:02,BB:00:00:00:00:01,-93,2410
2026-08-18T12:22:50+00:00,AA:00:00:00:00:03,BB:00:00:00:00:01,-88,2411
2026-08-18T12:22:50+00:00,AA:00:00:00:00:04,BB:00:00:00:00:01,-97,2412
2026-08-18T12:22:50+00:00,AA:00:00:00:00:05,BB:00:00:00:00:01,-53,2413
2026-08-18T12:23:00+00:00,AA:00:00:00:00:01,BB:00:00:00:00:01,-93,2414
2026-08-18T12:23:00+00:00,AA:00:00:00:00:02,BB:00:00:00:00:01,-95,2415
2026-08-18T12:23:00+00:00,AA:00:00:00:00:03,BB:00:00:00:00:01,-94,2416
2026-08-18T12:23:00+00:00,AA:00:00:00:00:04,BB:00:00:00:00:01,-97,2417
2026-08-18T12:23:00+00:00,AA:00:00:00:00:05,BB:00:00:00:00:01,-63,2418
2026-08-18T12:23:10+00:00,AA:00:00:00:00:01,BB:00:00:00:00:01,-101,2419
2026-08-18T12:23:10+00:00,AA:00:00:00:00:02,BB:00:00:00:00:01,-81,2420
2026-08-18T12:23:10+00:00,AA:00:00:00:00:03,BB:00:00:00:00:01,-97,2421
2026-08-18T12:23:10+00:00,AA:00:00:00:00:05,BB:00:00:00:00:01,-51,2422
2026-08-18T12:23:20+00:00,AA:00:00:00:00:01,BB:00:00:00:00:01,-88,2423
2026-08-18T12:23:20+00:00,AA:00:00:00:00:02,BB:00:00:00:00:01,-88,2424
2026-08-18T12:23:20+00:00,AA:00:00:00:00:03,BB:00:00:00:00:01,-95,2425
2026-08-18T12:23:20+00:00,AA:00:00:00:00:04,BB:00:00:00:00:01,-92,2426
2026-08-18T12:23:20+00:00,AA:00:00:00:00:05,BB:00:00:00:00:01,-55,2427
2026-08-18T12:23:30+00:00,AA:00:00:00:00:01,BB:00:00:00:00:01,-92,2428
2026-08-18T12:23:30+00:00,AA:00:00:00:00:02,BB:00:00:00:00:01,-86,2429
2026-08-18T12:23:30+00:00,AA:00:00:00:00:04,BB:00:00:00:00:01,-95,2430
2026-08-18T12:23:30+00:00,AA:00:00:00:00:05,BB:00:00:00:00:01,-53,2431
2026-08-18T12:23:40+00:00,AA:00:00:00:00:01,BB:00:00:00:00:01,-89,2432
2026-08-18T12:23:40+00:00,AA:00:00:00:00:02,BB:00:00:00:00:01,-92,2433
2026-08-18T12:23:40+00:00,AA:00:00:00:00:03,BB:00:00:00:00:01,-94,2434
2026-08-18T12:23:40+00:00,AA:00:00:00:00:04,BB:00:00:00:00:01,-88,2435
2026-08-18T12:23:40+00:00,AA:00:00:00:00:05,BB:00:00:00:00:01,-56,2436
2026-08-18T12:23:50+00:00,AA:00:00:00:00:01,BB:00:00:00:00:01,-95,2437
2026-08-18T12:23:50+00:00,AA:00:00:00:00:02,BB:00:00:00:00:01,-90,2438
2026-08-18T12:23:50+00:00,AA:00:00:00:00:03,BB:00:00:00:00:01,-92,2439
2026-08-18T12:23:50+00:00,AA:00:00:00:00:04,BB:00:00:00:00:01,-96,2440
2026-08-18T12:23:50+00:00,AA:00:00:00:00:05,BB:00:00:00:00:01,-63,2441
2026-08-18T12:24:00+00:00,AA:00:00:00:00:01,BB:00:00:00:00:01,-98,2442
2026-08-18T12:24:00+00:00,AA:00:00:00:00:02,BB:00:00:00:00:01,-91,2443
2026-08-18T12:24:00+00:00,AA:00:00:00:00:03,BB:00:00:00:00:01,-96,2444
2026-08-18T12:24:00+00:00,AA:00:00:00:00:04,BB:00:00:00:00:01,-86,2445
2026-08-18T12:24:00+00:00,AA:00:00:00:00:05,BB:00:00:00:00:01,-53,2446
2026-08-18T12:24:10+00:00,AA:00:00:00:00:01,BB:00:00:00:00:01,-95,2447
2026-08-18T12:24:10+00:00,AA:00:00:00:00:02,BB:00:00:00:00:01,-95,2448
2026-08-18T12:24:10+00:00,AA:00:00:00:00:03,BB:00:00:00:00:01,-93,2449
2026-08-18T12:24:10+00:00,AA:00:00:00:00:04,BB:00:00:00:00:01,-89,2450
2026-08-18T12:24:10+00:00,AA:00:00:00:00:05,BB:00:00:00:00:01,-57,2451
2026-08-18T12:24:20+00:00,AA:00:00:00:00:01,BB:00:00:00:00:01,-81,2452
2026-08-18T12:24:20+00:00,AA:00:00:00:00:02,BB:00:00:00:00:01,-90,2453
2026-08-18T12:24:20+00:00,AA:00:00:00:00:03,BB:00:00:00:00:01,-96,2454
2026-08-18T12:24:20+00:00,AA:00:00:00:00:04,BB:00:00:00:00:01,-94,2455
2026-08-18T12:24:20+00:00,AA:00:00:00:00:05,BB:00:00:00:00:01,-55,2456
2026-08-18T12:24:30+00:00,AA:00:00:00:00:01,BB:00:00:00:00:01,-98,2457
2026-08-18T12:24:30+00:00,AA:00:00:00:00:02,BB:00:00:00:00:01,-96,2458
2026-08-18T12:24:30+00:00,AA:00:00:00:00:03,BB:00:00:00:00:01,-90,2459
2026-08-18T12:24:30+00:00,AA:00:00:00:00:04,BB:00:00:00:00:01,-89,2460
2026-08-18T12:24:30+00:00,AA:00:00:00:00:05,BB:00:00:00:00:01,-56,2461
2026-08-18T12:24:40+00:00,AA:00:00:00:00:01,BB:00:00:00:00:01,-90,2462
2026-08-18T12:24:40+00:00,AA:00:00:00:00:02,BB:00:00:00:00:01,-99,2463
2026-08-18T12:24:40+00:00,AA:00:00:00:00:03,BB:00:00:00:00:01,-87,2464
2026-08-18T12:24:40+00:00,AA:00:00:00:00:04,BB:00:00:00:00:01,-91,2465
2026-08-18T12:24:40+00:00,AA:00:00:00:00:05,BB:00:00:00:00:01,-49,2466
2026-08-18T12:24:50+00:00,AA:00:00:00:00:01,BB:00:00:00:00:01,-95,2467
2026-08-18T12:24:50+00:00,AA:00:00:00:00:02,BB:00:00:00:00:01,-87,2468
2026-08-18T12:24:50+00:00,AA:00:00:00:00:03,BB:00:00:00:00:01,-86,2469
2026-08-18T12:24:50+00:00,AA:00:00:00:00:04,BB:00:00:00:00:01,-93,2470
2026-08-18T12:24:50+00:00,AA:00:00:00:00:05,BB:00:00:00:00:01,-57,2471
2026-08-18T12:25:00+00:00,AA:00:00:00:00:01,BB:00:00:00:00:01,-93,2472
2026-08-18T12:25:00+00:00,AA:00:00:00:00:02,BB:00:00:00:00:01,-97,2473
2026-08-18T12:25:00+00:00,AA:00:00:00:00:03,BB:00:00:00:00:01,-94,2474
2026-08-18T12:25:00+00:00,AA:00:00:00:00:04,BB:00:00:00:00:01,-97,2475
2026-08-18T12:25:00+00:00,AA:00:00:00:00:05,BB:00:00:00:00:01,-50,2476
2026-08-18T12:25:10+00:00,AA:00:00:00:00:01,BB:00:00:00:00:01,-91,2477
2026-08-18T12:25:10+00:00,AA:00:00:00:00:02,BB:00:00:00:00:01,-95,2478
2026-08-18T12:25:10+00:00,AA:00:00:00:00:03,BB:00:00:00:00:01,-94,2479
2026-08-18T12:25:10+00:00,AA:00:00:00:00:04,BB:00:00:00:00:01,-91,2480
2026-08-18T12:25:10+00:00,AA:00:00:00:00:05,BB:00:00:00:00:01,-52,2481
2026-08-18T12:25:20+00:00,AA:00:00:00:00:01,BB:00:00:00:00:01,-90,2482
2026-08-18T12:25:20+00:00,AA:00:00:00:00:02,BB:00:00:00:00:01,-90,2483
2026-08-18T12:25:20+00:00,AA:00:00:00:00:03,BB:00:00:00:00:01,-95,2484
2026-08-18T12:25:20+00:00,AA:00:00:00:00:04,BB:00:00:00:00:01,-95,2485
2026-08-18T12:25:20+00:00,AA:00:00:00:00:05,BB:00:00:00:00:01,-56,2486
2026-08-18T12:25:30+00:00,AA:00:00:00:00:01,BB:00:00:00:00:01,-90,2487
2026-08-18T12:25:30+00:00,AA:00:00:00:00:02,BB:00:00:00:00:01,-92,2488
2026-08-18T12:25:30+00:00,AA:00:00:00:00:03,BB:00:00:00:00:01,-90,2489
2026-08-18T12:25:30+00:00,AA:00:00:00:00:04,BB:00:00:00:00:01,-94,2490
2026-08-18T12:25:30+00:00,AA:00:00:00:00:05,BB:00:00:00:00:01,-54,2491
2026-08-18T12:25:40+00:00,AA:00:00:00:00:01,BB:00:00:00:00:01,-91,2492
2026-08-18T12:25:40+00:00,AA:00:00:00:00:02,BB:00:00:00:00:01,-91,2493
2026-08-18T12:25:40+00:00,AA:00:00:00:00:03,BB:00:00:00:00:01,-96,2494
2026-08-18T12:25:40+00:00,AA:00:00:00:00:04,BB:00:00:00:00:01,-95,2495
2026-08-18T12:25:40+00:00,AA:00:00:00:00:05,BB:00:00:00:00:01,-58,2496
2026-08-18T12:25:50+00:00,AA:00:00:00:00:01,BB:00:00:00:00:01,-94,2497
2026-08-18T12:25:50+00:00,AA:00:00:00:00:03,BB:00:00:00:00:01,-96,2498
2026-08-18T12:25:50+00:00,AA:00:00:00:00:04,BB:00:00:00:00:01,-94,2499
2026-08-18T12:25:50+00:00,AA:00:00:00:00:05,BB:00:00:00:00:01,-55,2500
2026-08-18T12:26:00+00:00,AA:00:00:00:00:01,BB:00:00:00:00:01,-96,2501
2026-08-18T12:26:00+00:00,AA:00:00:00:00:02,BB:00:00:00:00:01,-91,2502
2026-08-18T12:26:00+00:00,AA:00:00:00:00:03,BB:00:00:00:00:01,-95,2503
2026-08-18T12:26:00+00:00,AA:00:00:00:00:04,BB:00:00:00:00:01,-91,2504
2026-08-18T12:26:00+00:00,AA:00:00:00:00:05,BB:00:00:00:00:01,-62,2505
2026-08-18T12:26:10+00:00,AA:00:00:00:00:01,BB:00:00:00:00:01,-98,2506
2026-08-18T12:26:10+00:00,AA:00:00:00:00:02,BB:00:00:00:00:01,-96,2507
2026-08-18T12:26:10+00:00,AA:00:00:00:00:03,BB:00:00:00:00:01,-98,2508
2026-08-18T12:26:10+00:00,AA:00:00:00:00:04,BB:00:00:00:00:01,-88,2509
2026-08-18T12:26:10+00:00,AA:00:00:00:00:05,BB:00:00:00:00:01,-54,2510
2026-08-18T12:26:20+00:00,AA:00:00:00:00:01,BB:00:00:00:00:01,-89,2511
2026-08-18T12:26:20+00:00,AA:00:00:00:00:02,BB:00:00:00:00:01,-86,2512
2026-08-18T12:26:20+00:00,AA:00:00:00:00:03,BB:00:00:00:00:01,-86,2513
2026-08-18T12:26:20+00:00,AA:00:00:00:00:04,BB:00:00:00:00:01,-88,2514
2026-08-18T12:26:20+00:00,AA:00:00:00:00:05,BB:00:00:00:00:01,-59,2515
2026-08-18T12:26:30+00:00,AA:00:00:00:00:01,BB:00:00:00:00:01,-98,2516
2026-08-18T12:26:30+00:00,AA:00:00:00:00:02,BB:00:00:00:00:01,-97,2517
2026-08-18T12:26:30+00:00,AA:00:00:00:00:04,BB:00:00:00:00:01,-95,2518
2026-08-18T12:26:30+00:00,AA:00:00:00:00:05,BB:00:00:00:00:01,-53,2519
2026-08-18T12:26:40+00:00,AA:00:00:00:00:01,BB:00:00:00:00:01,-91,2520
2026-08-18T12:26:40+00:00,AA:00:00:00:00:02,BB:00:00:00:00:01,-96,2521
2026-08-18T12:26:40+00:00,AA:00:00:00:00:03,BB:00:00:00:00:01,-91,2522
2026-08-18T12:26:40+00:00,AA:00:00:00:00:04,BB:00:00:00:00:01,-86,2523
2026-08-18T12:26:40+00:00,AA:00:00:00:00:05,BB:00:00:00:00:01,-59,2524
2026-08-18T12:26:50+00:00,AA:00:00:00:00:01,BB:00:00:00:00:01,-94,2525
2026-08-18T12:26:50+00:00,AA:00:00:00:00:02,BB:00:00:00:00:01,-99,2526
2026-08-18T12:26:50+00:00,AA:00:00:00:00:03,BB:00:00:00:00:01,-95,2527
2026-08-18T12:26:50+00:00,AA:00:00:00:00:04,BB:00:00:00:00:01,-90,2528
2026-08-18T12:26:50+00:00,AA:00:00:00:00:05,BB:00:00:00:00:01,-54,2529
2026-08-18T12:27:00+00:00,AA:00:00:00:00:01,BB:00:00:00:00:01,-95,2530
2026-08-18T12:27:00+00:00,AA:00:00:00:00:02,BB:00:00:00:00:01,-89,2531
2026-08-18T12:27:00+00:00,AA:00:00:00:00:03,BB:00:00:00:00:01,-89,2532
2026-08-18T12:27:00+00:00,AA:00:00:00:00:04,BB:00:00:00:00:01,-100,2533
2026-08-18T12:27:00+00:00,AA:00:00:00:00:05,BB:00:00:00:00:01,-53,2534
2026-08-18T12:27:10+00:00,AA:00:00:00:00:01,BB:00:00:00:00:01,-92,2535
2026-08-18T12:27:10+00:00,AA:00:00:00:00:02,BB:00:00:00:00:01,-96,2536
2026-08-18T12:27:10+00:00,AA:00:00:00:00:03,BB:00:00:00:00:01,-89,2537
2026-08-18T12:27:10+00:00,AA:00:00:00:00:04,BB:00:00:00:00:01,-94,2538
2026-08-18T12:27:10+00:00,AA:00:00:00:00:05,BB:00:00:00:00:01,-50,2539
2026-08-18T12:27:20+00:00,AA:00:00:00:00:02,BB:00:00:00:00:01,-93,2540
2026-08-18T12:27:20+00:00,AA:00:00:00:00:04,BB:00:00:00:00:01,-92,2541
2026-08-18T12:27:20+00:00,AA:00:00:00:00:05,BB:00:00:00:00:01,-53,2542
2026-08-18T12:27:30+00:00,AA:00:00:00:00:01,BB:00:00:00:00:01,-90,2543
2026-08-18T12:27:30+00:00,AA:00:00:00:00:02,BB:00:00:00:00:01,-86,2544
2026-08-18T12:27:30+00:00,AA:00:00:00:00:03,BB:00:00:00:00:01,-90,2545
2026-08-18T12:27:30+00:00,AA:00:00:00:00:04,BB:00:00:00:00:01,-87,2546
2026-08-18T12:27:30+00:00,AA:00:00:00:00:05,BB:00:00:00:00:01,-61,2547
2026-08-18T12:27:40+00:00,AA:00:00:00:00:01,BB:00:00:00:00:01,-95,2548
2026-08-18T12:27:40+00:00,AA:00:00:00:00:02,BB:00:00:00:00:01,-90,2549
2026-08-18T12:27:40+00:00,AA:00:00:00:00:03,BB:00:00:00:00:01,-98,2550
2026-08-18T12:27:40+00:00,AA:00:00:00:00:04,BB:00:00:00:00:01,-94,2551
2026-08-18T12:27:40+00:00,AA:00:00:00:00:05,BB:00:00:00:00:01,-62,2552
2026-08-18T12:27:50+00:00,AA:00:00:00:00:01,BB:00:00:00:00:01,-86,2553
2026-08-18T12:27:50+00:00,AA:00:00:00:00:02,BB:00:00:00:00:01,-86,2554
2026-08-18T12:27:50+00:00,AA:00:00:00:00:03,BB:00:00:00:00:01,-92,2555
2026-08-18T12:27:50+00:00,AA:00:00:00:00:04,BB:00:00:00:00:01,-86,2556
2026-08-18T12:27:50+00:00,AA:00:00:00:00:05,BB:00:00:00:00:01,-54,2557
2026-08-18T12:28:00+00:00,AA:00:00:00:00:01,BB:00:00:00:00:01,-90,2558
2026-08-18T12:28:00+00:00,AA:00:00:00:00:02,BB:00:00:00:00:01,-92,2559
2026-08-18T12:28:00+00:00,AA:00:00:00:00:03,BB:00:00:00:00:01,-99,2560
2026-08-18T12:28:00+00:00,AA:00:00:00:00:04,BB:00:00:00:00:01,-90,2561
2026-08-18T12:28:00+00:00,AA:00:00:00:00:05,BB:00:00:00:00:01,-53,2562
2026-08-18T12:28:10+00:00,AA:00:00:00:00:01,BB:00:00:00:00:01,-88,2563
2026-08-18T12:28:10+00:00,AA:00:00:00:00:02,BB:00:00:00:00:01,-94,2564
2026-08-18T12:28:10+00:00,AA:00:00:00:00:03,BB:00:00:00:00:01,-90,2565
2026-08-18T12:28:10+00:00,AA:00:00:00:00:04,BB:00:00:00:00:01,-90,2566
2026-08-18T12:28:10+00:00,AA:00:00:00:00:05,BB:00:00:00:00:01,-57,2567
2026-08-18T12:28:20+00:00,AA:00:00:00:00:02,BB:00:00:00:00:01,-93,2568
2026-08-18T12:28:20+00:00,AA:00:00:00:00:03,BB:00:00:00:00:01,-93,2569
2026-08-18T12:28:20+00:00,AA:00:00:00:00:04,BB:00:00:00:00:01,-94,2570
2026-08-18T12:28:30+00:00,AA:00:00:00:00:02,BB:00:00:00:00:01,-91,2571
2026-08-18T12:28:30+00:00,AA:00:00:00:00:03,BB:00:00:00:00:01,-96,2572
2026-08-18T12:28:30+00:00,AA:00:00:00:00:04,BB:00:00:00:00:01,-88,2573
2026-08-18T12:28:30+00:00,AA:00:00:00:00:05,BB:00:00:00:00:01,-53,2574
2026-08-18T12:28:40+00:00,AA:00:00:00:00:01,BB:00:00:00:00:01,-87,2575
2026-08-18T12:28:40+00:00,AA:00:00:00:00:02,BB:00:00:00:00:01,-89,2576
2026-08-18T12:28:40+00:00,AA:00:00:00:00:03,BB:00:00:00:00:01,-89,2577
2026-08-18T12:28:40+00:00,AA:00:00:00:00:04,BB:00:00:00:00:01,-91,2578
2026-08-18T12:28:40+00:00,AA:00:00:00:00:05,BB:00:00:00:00:01,-59,2579
2026-08-18T12:28:50+00:00,AA:00:00:00:00:01,BB:00:00:00:00:01,-92,2580
2026-08-18T12:28:50+00:00,AA:00:00:00:00:02,BB:00:00:00:00:01,-85,2581
2026-08-18T12:28:50+00:00,AA:00:00:00:00:03,BB:00:00:00:00:01,-94,2582
2026-08-18T12:28:50+00:00,AA:00:00:00:00:04,BB:00:00:00:00:01,-86,2583
2026-08-18T12:28:50+00:00,AA:00:00:00:00:05,BB:00:00:00:00:01,-58,2584
2026-08-18T12:29:00+00:00,AA:00:00:00:00:01,BB:00:00:00:00:01,-88,2585
2026-08-18T12:29:00+00:00,AA:00:00:00:00:02,BB:00:00:00:00:01,-90,2586
2026-08-18T12:29:00+00:00,AA:00:00:00:00:03,BB:00:00:00:00:01,-85,2587
2026-08-18T12:29:00+00:00,AA:00:00:00:00:04,BB:00:00:00:00:01,-92,2588
2026-08-18T12:29:00+00:00,AA:00:00:00:00:05,BB:00:00:00:00:01,-51,2589
2026-08-18T12:29:10+00:00,AA:00:00:00:00:01,BB:00:00:00:00:01,-90,2590
2026-08-18T12:29:10+00:00,AA:00:00:00:00:02,BB:00:00:00:00:01,-90,2591
2026-08-18T12:29:10+00:00,AA:00:00:00:00:03,BB:00:00:00:00:01,-90,2592
2026-08-18T12:29:10+00:00,AA:00:00:00:00:04,BB:00:00:00:00:01,-90,2593
2026-08-18T12:29:10+00:00,AA:00:00:00:00:05,BB:00:00:00:00:01,-53,2594
2026-08-18T12:29:20+00:00,AA:00:00:00:00:01,BB:00:00:00:00:01,-99,2595
2026-08-18T12:29:20+00:00,AA:00:00:00:00:02,BB:00:00:00:00:01,-90,2596
2026-08-18T12:29:20+00:00,AA:00:00:00:00:03,BB:00:00:00:00:01,-99,2597
2026-08-18T12:29:20+00:00,AA:00:00:00:00:04,BB:00:00:00:00:01,-91,2598
2026-08-18T12:29:20+00:00,AA:00:00:00:00:05,BB:00:00:00:00:01,-53,2599
2026-08-18T12:29:30+00:00,AA:00:00:00:00:01,BB:00:00:00:00:01,-91,2600
2026-08-18T12:29:30+00:00,AA:00:00:00:00:02,BB:00:00:00:00:01,-105,2601
2026-08-18T12:29:30+00:00,AA:00:00:00:00:03,BB:00:00:00:00:01,-92,2602
2026-08-18T12:29:30+00:00,AA:00:00:00:00:04,BB:00:00:00:00:01,-97,2603
2026-08-18T12:29:30+00:00,AA:00:00:00:00:05,BB:00:00:00:00:01,-53,2604
2026-08-18T12:29:40+00:00,AA:00:00:00:00:01,BB:00:00:00:00:01,-95,2605
2026-08-18T12:29:40+00:00,AA:00:00:00:00:02,BB:00:00:00:00:01,-87,2606
2026-08-18T12:29:40+00:00,AA:00:00:00:00:03,BB:00:00:00:00:01,-90,2607
2026-08-18T12:29:40+00:00,AA:00:00:00:00:04,BB:00:00:00:00:01,-88,2608
2026-08-18T12:29:40+00:00,AA:00:00:00:00:05,BB:00:00:00:00:01,-55,2609
2026-08-18T12:29:50+00:00,AA:00:00:00:00:01,BB:00:00:00:00:01,-97,2610
2026-08-18T12:29:50+00:00,AA:00:00:00:00:02,BB:00:00:00:00:01,-94,2611
2026-08-18T12:29:50+00:00,AA:00:00:00:00:03,BB:00:00:00:00:01,-92,2612
2026-08-18T12:29:50+00:00,AA:00:00:00:00:04,BB:00:00:00:00:01,-88,2613
2026-08-18T12:29:50+00:00,AA:00:00:00:00:05,BB:00:00:00:00:01,-57,2614
2026-08-18T12:30:00+00:00,AA:00:00:00:00:01,BB:00:00:00:00:01,-92,2615
2026-08-18T12:30:00+00:00,AA:00:00:00:00:02,BB:00:00:00:00:01,-93,2616
2026-08-18T12:30:00+00:00,AA:00:00:00:00:03,BB:00:00:00:00:01,-88,2617
2026-08-18T12:30:00+00:00,AA:00:00:00:00:04,BB:00:00:00:00:01,-93,2618
2026-08-18T12:30:00+00:00,AA:00:00:00:00:05,BB:00:00:00:00:01,-57,2619
2026-08-18T12:30:10+00:00,AA:00:00:00:00:01,BB:00:00:00:00:01,-89,2620
2026-08-18T12:30:10+00:00,AA:00:00:00:00:02,BB:00:00:00:00:01,-97,2621
2026-08-18T12:30:10+00:00,AA:00:00:00:00:03,BB:00:00:00:00:01,-88,2622
2026-08-18T12:30:10+00:00,AA:00:00:00:00:04,BB:00:00:00:00:01,-94,2623
2026-08-18T12:30:10+00:00,AA:00:00:00:00:05,BB:00:00:00:00:01,-56,2624
2026-08-18T12:30:20+00:00,AA:00:00:00:00:01,BB:00:00:00:00:01,-90,2625
2026-08-18T12:30:20+00:00,AA:00:00:00:00:02,BB:00:00:00:00:01,-87,2626
2026-08-18T12:30:20+00:00,AA:00:00:00:00:03,BB:00:00:00:00:01,-90,2627
2026-08-18T12:30:20+00:00,AA:00:00:00:00:04,BB:00:00:00:00:01,-92,2628
2026-08-18T12:30:20+00:00,AA:00:00:00:00:05,BB:00:00:00:00:01,-54,2629
2026-08-18T12:30:30+00:00,AA:00:00:00:00:01,BB:00:00:00:00:01,-89,2630
2026-08-18T12:30:30+00:00,AA:00:00:00:00:02,BB:00:00:00:00:01,-84,2631
2026-08-18T12:30:30+00:00,AA:00:00:00:00:03,BB:00:00:00:00:01,-87,2632
2026-08-18T12:30:30+00:00,AA:00:00:00:00:04,BB:00:00:00:00:01,-87,2633
2026-08-18T12:30:30+00:00,AA:00:00:00:00:05,BB:00:00:00:00:01,-57,2634
2026-08-18T12:30:40+00:00,AA:00:00:00:00:01,BB:00:00:00:00:01,-91,2635
2026-08-18T12:30:40+00:00,AA:00:00:00:00:02,BB:00:00:00:00:01,-94,2636
2026-08-18T12:30:40+00:00,AA:00:00:00:00:03,BB:00:00:00:00:01,-102,2637
2026-08-18T12:30:40+00:00,AA:00:00:00:00:04,BB:00:00:00:00:01,-96,2638
2026-08-18T12:30:40+00:00,AA:00:00:00:00:05,BB:00:00:00:00:01,-55,2639
2026-08-18T12:30:50+00:00,AA:00:00:00:00:01,BB:00:00:00:00:01,-88,2640
2026-08-18T12:30:50+00:00,AA:00:00:00:00:02,BB:00:00:00:00:01,-89,2641
2026-08-18T12:30:50+00:00,AA:00:00:00:00:03,BB:00:00:00:00:01,-94,2642
2026-08-18T12:30:50+00:00,AA:00:00:00:00:04,BB:00:00:00:00:01,-92,2643
2026-08-18T12:30:50+00:00,AA:00:00:00:00:05,BB:00:00:00:00:01,-59,2644
2026-08-18T12:31:00+00:00,AA:00:00:00:00:01,BB:00:00:00:00:01,-91,2645
2026-08-18T12:31:00+00:00,AA:00:00:00:00:02,BB:00:00:00:00:01,-96,2646
2026-08-18T12:31:00+00:00,AA:00:00:00:00:03,BB:00:00:00:00:01,-89,2647
2026-08-18T12:31:00+00:00,AA:00:00:00:00:04,BB:00:00:00:00:01,-93,2648
2026-08-18T12:31:00+00:00,AA:00:00:00:00:05,BB:00:00:00:00:01,-50,2649
2026-08-18T12:31:10+00:00,AA:00:00:00:00:01,BB:00:00:00:00:01,-94,2650
2026-08-18T12:31:10+00:00,AA:00:00:00:00:02,BB:00:00:00:00:01,-88,2651
2026-08-18T12:31:10+00:00,AA:00:00:00:00:03,BB:00:00:00:00:01,-87,2652
2026-08-18T12:31:10+00:00,AA:00:00:00:00:04,BB:00:00:00:00:01,-87,2653
2026-08-18T12:31:10+00:00,AA:00:00:00:00:05,BB:00:00:00:00:01,-58,2654
2026-08-18T12:31:20+00:00,AA:00:00:00:00:01,BB:00:00:00:00:01,-95,2655
2026-08-18T12:31:20+00:00,AA:00:00:00:00:02,BB:00:00:00:00:01,-93,2656
2026-08-18T12:31:20+00:00,AA:00:00:00:00:03,BB:00:00:00:00:01,-89,2657
2026-08-18T12:31:20+00:00,AA:00:00:00:00:04,BB:00:00:00:00:01,-87,2658
2026-08-18T12:31:20+00:00,AA:00:00:00:00:05,BB:00:00:00:00:01,-56,2659
2026-08-18T12:31:30+00:00,AA:00:00:00:00:01,BB:00:00:00:00:01,-86,2660
2026-08-18T12:31:30+00:00,AA:00:00:00:00:02,BB:00:00:00:00:01,-101,2661
2026-08-18T12:31:30+00:00,AA:00:00:00:00:03,BB:00:00:00:00:01,-93,2662
2026-08-18T12:31:30+00:00,AA:00:00:00:00:04,BB:00:00:00:00:01,-88,2663
2026-08-18T12:31:30+00:00,AA:00:00:00:00:05,BB:00:00:00:00:01,-61,2664
2026-08-18T12:31:40+00:00,AA:00:00:00:00:01,BB:00:00:00:00:01,-82,2665
2026-08-18T12:31:40+00:00,AA:00:00:00:00:02,BB:00:00:00:00:01,-92,2666
2026-08-18T12:31:40+00:00,AA:00:00:00:00:03,BB:00:00:00:00:01,-101,2667
2026-08-18T12:31:40+00:00,AA:00:00:00:00:04,BB:00:00:00:00:01,-96,2668
2026-08-18T12:31:40+00:00,AA:00:00:00:00:05,BB:00:00:00:00:01,-60,2669
2026-08-18T12:31:50+00:00,AA:00:00:00:00:01,BB:00:00:00:00:01,-89,2670
2026-08-18T12:31:50+00:00,AA:00:00:00:00:02,BB:00:00:00:00:01,-102,2671
2026-08-18T12:31:50+00:00,AA:00:00:00:00:03,BB:00:00:00:00:01,-94,2672
2026-08-18T12:31:50+00:00,AA:00:00:00:00:04,BB:00:00:00:00:01,-91,2673
2026-08-18T12:31:50+00:00,AA:00:00:00:00:05,BB:00:00:00:00:01,-61,2674
2026-08-18T12:32:00+00:00,AA:00:00:00:00:01,BB:00:00:00:00:01,-94,2675
2026-08-18T12:32:00+00:00,AA:00:00:00:00:02,BB:00:00:00:00:01,-90,2676
2026-08-18T12:32:00+00:00,AA:00:00:00:00:03,BB:00:00:00:00:01,-95,2677
2026-08-18T12:32:00+00:00,AA:00:00:00:00:04,BB:00:00:00:00:01,-95,2678
2026-08-18T12:32:00+00:00,AA:00:00:00:00:05,BB:00:00:00:00:01,-55,2679
2026-08-18T12:32:10+00:00,AA:00:00:00:00:01,BB:00:00:00:00:01,-94,2680
2026-08-18T12:32:10+00:00,AA:00:00:00:00:02,BB:00:00:00:00:01,-96,2681
2026-08-18T12:32:10+00:00,AA:00:00:00:00:03,BB:00:00:00:00:01,-95,2682
2026-08-18T12:32:10+00:00,AA:00:00:00:00:04,BB:00:00:00:00:01,-94,2683
2026-08-18T12:32:10+00:00,AA:00:00:00:00:05,BB:00:00:00:00:01,-50,2684
2026-08-18T12:32:20+00:00,AA:00:00:00:00:01,BB:00:00:00:00:01,-91,2685
2026-08-18T12:32:20+00:00,AA:00:00:00:00:02,BB:00:00:00:00:01,-92,2686
2026-08-18T12:32:20+00:00,AA:00:00:00:00:03,BB:00:00:00:00:01,-90,2687
2026-08-18T12:32:20+00:00,AA:00:00:00:00:04,BB:00:00:00:00:01,-91,2688
2026-08-18T12:32:20+00:00,AA:00:00:00:00:05,BB:00:00:00:00:01,-61,2689
2026-08-18T12:32:30+00:00,AA:00:00:00:00:01,BB:00:00:00:00:01,-90,2690
2026-08-18T12:32:30+00:00,AA:00:00:00:00:02,BB:00:00:00:00:01,-100,2691
2026-08-18T12:32:30+00:00,AA:00:00:00:00:03,BB:00:00:00:00:01,-96,2692
2026-08-18T12:32:30+00:00,AA:00:00:00:00:04,BB:00:00:00:00:01,-95,2693
2026-08-18T12:32:30+00:00,AA:00:00:00:00:05,BB:00:00:00:00:01,-59,2694
2026-08-18T12:32:40+00:00,AA:00:00:00:00:01,BB:00:00:00:00:01,-93,2695
2026-08-18T12:32:40+00:00,AA:00:00:00:00:02,BB:00:00:00:00:01,-94,2696
2026-08-18T12:32:40+00:00,AA:00:00:00:00:03,BB:00:00:00:00:01,-95,2697
2026-08-18T12:32:40+00:00,AA:00:00:00:00:04,BB:00:00:00:00:01,-85,2698
2026-08-18T12:32:40+00:00,AA:00:00:00:00:05,BB:00:00:00:00:01,-61,2699
2026-08-18T12:32:50+00:00,AA:00:00:00:00:01,BB:00:00:00:00:01,-96,2700
2026-08-18T12:32:50+00:00,AA:00:00:00:00:02,BB:00:00:00:00:01,-91,2701
2026-08-18T12:32:50+00:00,AA:00:00:00:00:03,BB:00:00:00:00:01,-95,2702
2026-08-18T12:32:50+00:00,AA:00:00:00:00:04,BB:00:00:00:00:01,-88,2703
2026-08-18T12:32:50+00:00,AA:00:00:00:00:05,BB:00:00:00:00:01,-66,2704
2026-08-18T12:33:00+00:00,AA:00:00:00:00:01,BB:00:00:00:00:01,-87,2705
2026-08-18T12:33:00+00:00,AA:00:00:00:00:02,BB:00:00:00:00:01,-93,2706
2026-08-18T12:33:00+00:00,AA:00:00:00:00:03,BB:00:00:00:00:01,-90,2707
2026-08-18T12:33:00+00:00,AA:00:00:00:00:04,BB:00:00:00:00:01,-99,2708
2026-08-18T12:33:00+00:00,AA:00:00:00:00:05,BB:00:00:00:00:01,-53,2709
2026-08-18T12:33:10+00:00,AA:00:00:00:00:01,BB:00:00:00:00:01,-90,2710
2026-08-18T12:33:10+00:00,AA:00:00:00:00:02,BB:00:00:00:00:01,-96,2711
2026-08-18T12:33:10+00:00,AA:00:00:00:00:03,BB:00:00:00:00:01,-93,2712
2026-08-18T12:33:10+00:00,AA:00:00:00:00:04,BB:00:00:00:00:01,-86,2713
2026-08-18T12:33:10+00:00,AA:00:00:00:00:05,BB:00:00:00:00:01,-50,2714
2026-08-18T12:33:20+00:00,AA:00:00:00:00:01,BB:00:00:00:00:01,-87,2715
2026-08-18T12:33:20+00:00,AA:00:00:00:00:02,BB:00:00:00:00:01,-92,2716
2026-08-18T12:33:20+00:00,AA:00:00:00:00:03,BB:00:00:00:00:01,-87,2717
2026-08-18T12:33:20+00:00,AA:00:00:00:00:04,BB:00:00:00:00:01,-89,2718
2026-08-18T12:33:20+00:00,AA:00:00:00:00:05,BB:00:00:00:00:01,-53,2719
2026-08-18T12:33:30+00:00,AA:00:00:00:00:01,BB:00:00:00:00:01,-98,2720
2026-08-18T12:33:30+00:00,AA:00:00:00:00:02,BB:00:00:00:00:01,-95,2721
2026-08-18T12:33:30+00:00,AA:00:00:00:00:03,BB:00:00:00:00:01,-96,2722
2026-08-18T12:33:30+00:00,AA:00:00:00:00:04,BB:00:00:00:00:01,-93,2723
2026-08-18T12:33:30+00:00,AA:00:00:00:00:05,BB:00:00:00:00:01,-56,2724
2026-08-18T12:33:40+00:00,AA:00:00:00:00:01,BB:00:00:00:00:01,-87,2725
2026-08-18T12:33:40+00:00,AA:00:00:00:00:02,BB:00:00:00:00:01,-94,2726
2026-08-18T12:33:40+00:00,AA:00:00:00:00:03,BB:00:00:00:00:01,-89,2727
2026-08-18T12:33:40+00:00,AA:00:00:00:00:04,BB:00:00:00:00:01,-92,2728
2026-08-18T12:33:40+00:00,AA:00:00:00:00:05,BB:00:00:00:00:01,-52,2729
2026-08-18T12:33:50+00:00,AA:00:00:00:00:01,BB:00:00:00:00:01,-90,2730
2026-08-18T12:33:50+00:00,AA:00:00:00:00:02,BB:00:00:00:00:01,-91,2731
2026-08-18T12:33:50+00:00,AA:00:00:00:00:03,BB:00:00:00:00:01,-85,2732
2026-08-18T12:33:50+00:00,AA:00:00:00:00:04,BB:00:00:00:00:01,-90,2733
2026-08-18T12:33:50+00:00,AA:00:00:00:00:05,BB:00:00:00:00:01,-48,2734
2026-08-18T12:34:00+00:00,AA:00:00:00:00:01,BB:00:00:00:00:01,-94,2735
2026-08-18T12:34:00+00:00,AA:00:00:00:00:02,BB:00:00:00:00:01,-92,2736
2026-08-18T12:34:00+00:00,AA:00:00:00:00:03,BB:00:00:00:00:01,-94,2737
2026-08-18T12:34:00+00:00,AA:00:00:00:00:04,BB:00:00:00:00:01,-95,2738
2026-08-18T12:34:00+00:00,AA:00:00:00:00:05,BB:00:00:00:00:01,-53,2739
2026-08-18T12:34:10+00:00,AA:00:00:00:00:01,BB:00:00:00:00:01,-98,2740
2026-08-18T12:34:10+00:00,AA:00:00:00:00:02,BB:00:00:00:00:01,-90,2741
2026-08-18T12:34:10+00:00,AA:00:00:00:00:03,BB:00:00:00:00:01,-93,2742
2026-08-18T12:34:10+00:00,AA:00:00:00:00:04,BB:00:00:00:00:01,-86,2743
2026-08-18T12:34:10+00:00,AA:00:00:00:00:05,BB:00:00:00:00:01,-49,2744
2026-08-18T12:34:20+00:00,AA:00:00:00:00:01,BB:00:00:00:00:01,-93,2745
2026-08-18T12:34:20+00:00,AA:00:00:00:00:02,BB:00:00:00:00:01,-90,2746
2026-08-18T12:34:20+00:00,AA:00:00:00:00:03,BB:00:00:00:00:01,-91,2747
2026-08-18T12:34:20+00:00,AA:00:00:00:00:04,BB:00:00:00:00:01,-95,2748
2026-08-18T12:34:20+00:00,AA:00:00:00:00:05,BB:00:00:00:00:01,-52,2749
2026-08-18T12:34:30+00:00,AA:00:00:00:00:01,BB:00:00:00:00:01,-95,2750
2026-08-18T12:34:30+00:00,AA:00:00:00:00:02,BB:00:00:00:00:01,-100,2751
2026-08-18T12:34:30+00:00,AA:00:00:00:00:03,BB:00:00:00:00:01,-91,2752
2026-08-18T12:34:30+00:00,AA:00:00:00:00:04,BB:00:00:00:00:01,-96,2753
2026-08-18T12:34:30+00:00,AA:00:00:00:00:05,BB:00:00:00:00:01,-54,2754
2026-08-18T12:34:40+00:00,AA:00:00:00:00:01,BB:00:00:00:00:01,-99,2755
2026-08-18T12:34:40+00:00,AA:00:00:00:00:02,BB:00:00:00:00:01,-100,2756
2026-08-18T12:34:40+00:00,AA:00:00:00:00:03,BB:00:00:00:00:01,-92,2757
2026-08-18T12:34:40+00:00,AA:00:00:00:00:04,BB:00:00:00:00:01,-93,2758
2026-08-18T12:34:40+00:00,AA:00:00:00:00:05,BB:00:00:00:00:01,-57,2759
2026-08-18T12:34:50+00:00,AA:00:00:00:00:01,BB:00:00:00:00:01,-91,2760
2026-08-18T12:34:50+00:00,AA:00:00:00:00:02,BB:00:00:00:00:01,-98,2761
2026-08-18T12:34:50+00:00,AA:00:00:00:00:03,BB:00:00:00:00:01,-96,2762
2026-08-18T12:34:50+00:00,AA:00:00:00:00:04,BB:00:00:00:00:01,-87,2763
2026-08-18T12:34:50+00:00,AA:00:00:00:00:05,BB:00:00:00:00:01,-46,2764
2026-08-18T12:35:00+00:00,AA:00:00:00:00:02,BB:00:00:00:00:01,-96,2765
2026-08-18T12:35:00+00:00,AA:00:00:00:00:03,BB:00:00:00:00:01,-90,2766
2026-08-18T12:35:00+00:00,AA:00:00:00:00:04,BB:00:00:00:00:01,-95,2767
2026-08-18T12:35:00+00:00,AA:00:00:00:00:05,BB:00:00:00:00:01,-55,2768
2026-08-18T12:35:10+00:00,AA:00:00:00:00:01,BB:00:00:00:00:01,-88,2769
2026-08-18T12:35:10+00:00,AA:00:00:00:00:02,BB:00:00:00:00:01,-94,2770
2026-08-18T12:35:10+00:00,AA:00:00:00:00:03,BB:00:00:00:00:01,-93,2771
2026-08-18T12:35:10+00:00,AA:00:00:00:00:04,BB:00:00:00:00:01,-91,2772
2026-08-18T12:35:10+00:00,AA:00:00:00:00:05,BB:00:00:00:00:01,-55,2773
2026-08-18T12:35:20+00:00,AA:00:00:00:00:01,BB:00:00:00:00:01,-87,2774
2026-08-18T12:35:20+00:00,AA:00:00:00:00:02,BB:00:00:00:00:01,-91,2775
2026-08-18T12:35:20+00:00,AA:00:00:00:00:03,BB:00:00:00:00:01,-90,2776
2026-08-18T12:35:20+00:00,AA:00:00:00:00:04,BB:00:00:00:00:01,-96,2777
2026-08-18T12:35:20+00:00,AA:00:00:00:00:05,BB:00:00:00:00:01,-49,2778
2026-08-18T12:35:30+00:00,AA:00:00:00:00:01,BB:00:00:00:00:01,-91,2779
2026-08-18T12:35:30+00:00,AA:00:00:00:00:02,BB:00:00:00:00:01,-94,2780
2026-08-18T12:35:30+00:00,AA:00:00:00:00:03,BB:00:00:00:00:01,-86,2781
2026-08-18T12:35:30+00:00,AA:00:00:00:00:04,BB:00:00:00:00:01,-94,2782
2026-08-18T12:35:30+00:00,AA:00:00:00:00:05,BB:00:00:00:00:01,-49,2783
2026-08-18T12:35:40+00:00,AA:00:00:00:00:01,BB:00:00:00:00:01,-88,2784
2026-08-18T12:35:40+00:00,AA:00:00:00:00:02,BB:00:00:00:00:01,-91,2785
2026-08-18T12:35:40+00:00,AA:00:00:00:00:03,BB:00:00:00:00:01,-98,2786
2026-08-18T12:35:40+00:00,AA:00:00:00:00:04,BB:00:00:00:00:01,-88,2787
2026-08-18T12:35:40+00:00,AA:00:00:00:00:05,BB:00:00:00:00:01,-60,2788
2026-08-18T12:35:50+00:00,AA:00:00:00:00:01,BB:00:00:00:00:01,-98,2789
2026-08-18T12:35:50+00:00,AA:00:00:00:00:02,BB:00:00:00:00:01,-93,2790
2026-08-18T12:35:50+00:00,AA:00:00:00:00:03,BB:00:00:00:00:01,-91,2791
2026-08-18T12:35:50+00:00,AA:00:00:00:00:04,BB:00:00:00:00:01,-87,2792
2026-08-18T12:35:50+00:00,AA:00:00:00:00:05,BB:00:00:00:00:01,-57,2793
2026-08-18T12:36:00+00:00,AA:00:00:00:00:01,BB:00:00:00:00:01,-85,2794
2026-08-18T12:36:00+00:00,AA:00:00:00:00:02,BB:00:00:00:00:01,-88,2795
2026-08-18T12:36:00+00:00,AA:00:00:00:00:03,BB:00:00:00:00:01,-86,2796
2026-08-18T12:36:00+00:00,AA:00:00:00:00:04,BB:00:00:00:00:01,-94,2797
2026-08-18T12:36:00+00:00,AA:00:00:00:00:05,BB:00:00:00:00:01,-59,2798
2026-08-18T12:36:10+00:00,AA:00:00:00:00:01,BB:00:00:00:00:01,-88,2799
2026-08-18T12:36:10+00:00,AA:00:00:00:00:02,BB:00:00:00:00:01,-93,2800
2026-08-18T12:36:10+00:00,AA:00:00:00:00:03,BB:00:00:00:00:01,-93,2801
2026-08-18T12:36:10+00:00,AA:00:00:00:00:04,BB:00:00:00:00:01,-89,2802
2026-08-18T12:36:10+00:00,AA:00:00:00:00:05,BB:00:00:00:00:01,-55,2803
2026-08-18T12:36:20+00:00,AA:00:00:00:00:01,BB:00:00:00:00:01,-87,2804
2026-08-18T12:36:20+00:00,AA:00:00:00:00:02,BB:00:00:00:00:01,-94,2805
2026-08-18T12:36:20+00:00,AA:00:00:00:00:03,BB:00:00:00:00:01,-92,2806
2026-08-18T12:36:20+00:00,AA:00:00:00:00:04,BB:00:00:00:00:01,-95,2807
2026-08-18T12:36:20+00:00,AA:00:00:00:00:05,BB:00:00:00:00:01,-56,2808
2026-08-18T12:36:30+00:00,AA:00:00:00:00:01,BB:00:00:00:00:01,-95,2809
2026-08-18T12:36:30+00:00,AA:00:00:00:00:02,BB:00:00:00:00:01,-97,2810
2026-08-18T12:36:30+00:00,AA:00:00:00:00:03,BB:00:00:00:00:01,-92,2811
2026-08-18T12:36:30+00:00,AA:00:00:00:00:04,BB:00:00:00:00:01,-94,2812
2026-08-18T12:36:30+00:00,AA:00:00:00:00:05,BB:00:00:00:00:01,-59,2813
2026-08-18T12:36:40+00:00,AA:00:00:00:00:01,BB:00:00:00:00:01,-89,2814
2026-08-18T12:36:40+00:00,AA:00:00:00:00:02,BB:00:00:00:00:01,-101,2815
2026-08-18T12:36:40+00:00,AA:00:00:00:00:03,BB:00:00:00:00:01,-84,2816
2026-08-18T12:36:40+00:00,AA:00:00:00:00:04,BB:00:00:00:00:01,-89,2817
2026-08-18T12:36:40+00:00,AA:00:00:00:00:05,BB:00:00:00:00:01,-52,2818
2026-08-18T12:36:50+00:00,AA:00:00:00:00:01,BB:00:00:00:00:01,-94,2819
2026-08-18T12:36:50+00:00,AA:00:00:00:00:02,BB:00:00:00:00:01,-93,2820
2026-08-18T12:36:50+00:00,AA:00:00:00:00:03,BB:00:00:00:00:01,-86,2821
2026-08-18T12:36:50+00:00,AA:00:00:00:00:04,BB:00:00:00:00:01,-98,2822
2026-08-18T12:36:50+00:00,AA:00:00:00:00:05,BB:00:00:00:00:01,-56,2823
2026-08-18T12:37:00+00:00,AA:00:00:00:00:01,BB:00:00:00:00:01,-94,2824
2026-08-18T12:37:00+00:00,AA:00:00:00:00:02,BB:00:00:00:00:01,-93,2825
2026-08-18T12:37:00+00:00,AA:00:00:00:00:03,BB:00:00:00:00:01,-94,2826
2026-08-18T12:37:00+00:00,AA:00:00:00:00:04,BB:00:00:00:00:01,-95,2827
2026-08-18T12:37:00+00:00,AA:00:00:00:00:05,BB:00:00:00:00:01,-54,2828
2026-08-18T12:37:10+00:00,AA:00:00:00:00:01,BB:00:00:00:00:01,-82,2829
2026-08-18T12:37:10+00:00,AA:00:00:00:00:02,BB:00:00:00:00:01,-95,2830
2026-08-18T12:37:10+00:00,AA:00:00:00:00:03,BB:00:00:00:00:01,-87,2831
2026-08-18T12:37:10+00:00,AA:00:00:00:00:04,BB:00:00:00:00:01,-95,2832
2026-08-18T12:37:10+00:00,AA:00:00:00:00:05,BB:00:00:00:00:01,-62,2833
2026-08-18T12:37:20+00:00,AA:00:00:00:00:01,BB:00:00:00:00:01,-87,2834
2026-08-18T12:37:20+00:00,AA:00:00:00:00:02,BB:00:00:00:00:01,-87,2835
2026-08-18T12:37:20+00:00,AA:00:00:00:00:03,BB:00:00:00:00:01,-103,2836
2026-08-18T12:37:20+00:00,AA:00:00:00:00:04,BB:00:00:00:00:01,-91,2837
2026-08-18T12:37:20+00:00,AA:00:00:00:00:05,BB:00:00:00:00:01,-58,2838
2026-08-18T12:37:30+00:00,AA:00:00:00:00:01,BB:00:00:00:00:01,-88,2839
2026-08-18T12:37:30+00:00,AA:00:00:00:00:03,BB:00:00:00:00:01,-95,2840
2026-08-18T12:37:30+00:00,AA:00:00:00:00:04,BB:00:00:00:00:01,-94,2841
2026-08-18T12:37:30+00:00,AA:00:00:00:00:05,BB:00:00:00:00:01,-61,2842
2026-08-18T12:37:40+00:00,AA:00:00:00:00:01,BB:00:00:00:00:01,-89,2843
2026-08-18T12:37:40+00:00,AA:00:00:00:00:02,BB:00:00:00:00:01,-91,2844
2026-08-18T12:37:40+00:00,AA:00:00:00:00:03,BB:00:00:00:00:01,-90,2845
2026-08-18T12:37:40+00:00,AA:00:00:00:00:04,BB:00:00:00:00:01,-87,2846
2026-08-18T12:37:40+00:00,AA:00:00:00:00:05,BB:00:00:00:00:01,-57,2847
2026-08-18T12:37:50+00:00,AA:00:00:00:00:01,BB:00:00:00:00:01,-89,2848
2026-08-18T12:37:50+00:00,AA:00:00:00:00:02,BB:00:00:00:00:01,-95,2849
2026-08-18T12:37:50+00:00,AA:00:00:00:00:03,BB:00:00:00:00:01,-83,2850
2026-08-18T12:37:50+00:00,AA:00:00:00:00:04,BB:00:00:00:00:01,-89,2851
2026-08-18T12:37:50+00:00,AA:00:00:00:00:05,BB:00:00:00:00:01,-51,2852
2026-08-18T12:38:00+00:00,AA:00:00:00:00:01,BB:00:00:00:00:01,-93,2853
2026-08-18T12:38:00+00:00,AA:00:00:00:00:02,BB:00:00:00:00:01,-103,2854
2026-08-18T12:38:00+00:00,AA:00:00:00:00:03,BB:00:00:00:00:01,-95,2855
2026-08-18T12:38:00+00:00,AA:00:00:00:00:05,BB:00:00:00:00:01,-57,2856
2026-08-18T12:38:10+00:00,AA:00:00:00:00:01,BB:00:00:00:00:01,-93,2857
2026-08-18T12:38:10+00:00,AA:00:00:00:00:02,BB:00:00:00:00:01,-98,2858
2026-08-18T12:38:10+00:00,AA:00:00:00:00:03,BB:00:00:00:00:01,-90,2859
2026-08-18T12:38:10+00:00,AA:00:00:00:00:04,BB:00:00:00:00:01,-89,2860
2026-08-18T12:38:10+00:00,AA:00:00:00:00:05,BB:00:00:00:00:01,-51,2861
2026-08-18T12:38:20+00:00,AA:00:00:00:00:01,BB:00:00:00:00:01,-90,2862
2026-08-18T12:38:20+00:00,AA:00:00:00:00:02,BB:00:00:00:00:01,-96,2863
2026-08-18T12:38:20+00:00,AA:00:00:00:00:03,BB:00:00:00:00:01,-95,2864
2026-08-18T12:38:20+00:00,AA:00:00:00:00:04,BB:00:00:00:00:01,-96,2865
2026-08-18T12:38:20+00:00,AA:00:00:00:00:05,BB:00:00:00:00:01,-55,2866
2026-08-18T12:38:30+00:00,AA:00:00:00:00:01,BB:00:00:00:00:01,-91,2867
2026-08-18T12:38:30+00:00,AA:00:00:00:00:02,BB:00:00:00:00:01,-93,2868
2026-08-18T12:38:30+00:00,AA:00:00:00:00:03,BB:00:00:00:00:01,-94,2869
2026-08-18T12:38:30+00:00,AA:00:00:00:00:04,BB:00:00:00:00:01,-94,2870
2026-08-18T12:38:30+00:00,AA:00:00:00:00:05,BB:00:00:00:00:01,-50,2871
2026-08-18T12:38:40+00:00,AA:00:00:00:00:01,BB:00:00:00:00:01,-93,2872
2026-08-18T12:38:40+00:00,AA:00:00:00:00:02,BB:00:00:00:00:01,-90,2873
2026-08-18T12:38:40+00:00,AA:00:00:00:00:03,BB:00:00:00:00:01,-94,2874
2026-08-18T12:38:40+00:00,AA:00:00:00:00:05,BB:00:00:00:00:01,-54,2875
2026-08-18T12:38:50+00:00,AA:00:00:00:00:01,BB:00:00:00:00:01,-93,2876
2026-08-18T12:38:50+00:00,AA:00:00:00:00:02,BB:00:00:00:00:01,-85,2877
2026-08-18T12:38:50+00:00,AA:00:00:00:00:03,BB:00:00:00:00:01,-92,2878
2026-08-18T12:38:50+00:00,AA:00:00:00:00:04,BB:00:00:00:00:01,-88,2879
2026-08-18T12:38:50+00:00,AA:00:00:00:00:05,BB:00:00:00:00:01,-56,2880
2026-08-18T12:39:00+00:00,AA:00:00:00:00:01,BB:00:00:00:00:01,-93,2881
2026-08-18T12:39:00+00:00,AA:00:00:00:00:02,BB:00:00:00:00:01,-93,2882
2026-08-18T12:39:00+00:00,AA:00:00:00:00:03,BB:00:00:00:00:01,-84,2883
2026-08-18T12:39:00+00:00,AA:00:00:00:00:04,BB:00:00:00:00:01,-101,2884
2026-08-18T12:39:00+00:00,AA:00:00:00:00:05,BB:00:00:00:00:01,-55,2885
2026-08-18T12:39:10+00:00,AA:00:00:00:00:01,BB:00:00:00:00:01,-94,2886
2026-08-18T12:39:10+00:00,AA:00:00:00:00:02,BB:00:00:00:00:01,-96,2887
2026-08-18T12:39:10+00:00,AA:00:00:00:00:03,BB:00:00:00:00:01,-89,2888
2026-08-18T12:39:10+00:00,AA:00:00:00:00:04,BB:00:00:00:00:01,-90,2889
2026-08-18T12:39:10+00:00,AA:00:00:00:00:05,BB:00:00:00:00:01,-53,2890
2026-08-18T12:39:20+00:00,AA:00:00:00:00:01,BB:00:00:00:00:01,-85,2891
2026-08-18T12:39:20+00:00,AA:00:00:00:00:02,BB:00:00:00:00:01,-90,2892
2026-08-18T12:39:20+00:00,AA:00:00:00:00:03,BB:00:00:00:00:01,-96,2893
2026-08-18T12:39:20+00:00,AA:00:00:00:00:04,BB:00:00:00:00:01,-94,2894
2026-08-18T12:39:20+00:00,AA:00:00:00:00:05,BB:00:00:00:00:01,-56,2895
2026-08-18T12:39:30+00:00,AA:00:00:00:00:01,BB:00:00:00:00:01,-82,2896
2026-08-18T12:39:30+00:00,AA:00:00:00:00:02,BB:00:00:00:00:01,-97,2897
2026-08-18T12:39:30+00:00,AA:00:00:00:00:03,BB:00:00:00:00:01,-99,2898
2026-08-18T12:39:30+00:00,AA:00:00:00:00:04,BB:00:00:00:00:01,-93,2899
2026-08-18T12:39:30+00:00,AA:00:00:00:00:05,BB:00:00:00:00:01,-58,2900
2026-08-18T12:39:40+00:00,AA:00:00:00:00:01,BB:00:00:00:00:01,-91,2901
2026-08-18T12:39:40+00:00,AA:00:00:00:00:02,BB:00:00:00:00:01,-92,2902
2026-08-18T12:39:40+00:00,AA:00:00:00:00:03,BB:00:00:00:00:01,-99,2903
2026-08-18T12:39:40+00:00,AA:00:00:00:00:04,BB:00:00:00:00:01,-95,2904
2026-08-18T12:39:40+00:00,AA:00:00:00:00:05,BB:00:00:00:00:01,-56,2905
2026-08-18T12:39:50+00:00,AA:00:00:00:00:01,BB:00:00:00:00:01,-94,2906
2026-08-18T12:39:50+00:00,AA:00:00:00:00:02,BB:00:00:00:00:01,-91,2907
2026-08-18T12:39:50+00:00,AA:00:00:00:00:03,BB:00:00:00:00:01,-94,2908
2026-08-18T12:39:50+00:00,AA:00:00:00:00:04,BB:00:00:00:00:01,-90,2909
2026-08-18T12:39:50+00:00,AA:00:00:00:00:05,BB:00:00:00:00:01,-56,2910
2026-08-18T12:40:00+00:00,AA:00:00:00:00:01,BB:00:00:00:00:01,-100,2911
2026-08-18T12:40:00+00:00,AA:00:00:00:00:02,BB:00:00:00:00:01,-88,2912
2026-08-18T12:40:00+00:00,AA:00:00:00:00:03,BB:00:00:00:00:01,-101,2913
2026-08-18T12:40:00+00:00,AA:00:00:00:00:04,BB:00:00:00:00:01,-94,2914
2026-08-18T12:40:00+00:00,AA:00:00:00:00:05,BB:00:00:00:00:01,-54,2915
2026-08-18T12:40:10+00:00,AA:00:00:00:00:01,BB:00:00:00:00:01,-90,2916
2026-08-18T12:40:10+00:00,AA:00:00:00:00:02,BB:00:00:00:00:01,-87,2917
2026-08-18T12:40:10+00:00,AA:00:00:00:00:03,BB:00:00:00:00:01,-97,2918
2026-08-18T12:40:10+00:00,AA:00:00:00:00:04,BB:00:00:00:00:01,-94,2919
2026-08-18T12:40:10+00:00,AA:00:00:00:00:05,BB:00:00:00:00:01,-61,2920
2026-08-18T12:40:20+00:00,AA:00:00:00:00:01,BB:00:00:00:00:01,-92,2921
2026-08-18T12:40:20+00:00,AA:00:00:00:00:02,BB:00:00:00:00:01,-93,2922
2026-08-18T12:40:20+00:00,AA:00:00:00:00:03,BB:00:00:00:00:01,-96,2923
2026-08-18T12:40:20+00:00,AA:00:00:00:00:04,BB:00:00:00:00:01,-92,2924
2026-08-18T12:40:20+00:00,AA:00:00:00:00:05,BB:00:00:00:00:01,-53,2925
2026-08-18T12:40:30+00:00,AA:00:00:00:00:01,BB:00:00:00:00:01,-90,2926
2026-08-18T12:40:30+00:00,AA:00:00:00:00:02,BB:00:00:00:00:01,-98,2927
2026-08-18T12:40:30+00:00,AA:00:00:00:00:03,BB:00:00:00:00:01,-97,2928
2026-08-18T12:40:30+00:00,AA:00:00:00:00:04,BB:00:00:00:00:01,-98,2929
2026-08-18T12:40:30+00:00,AA:00:00:00:00:05,BB:00:00:00:00:01,-57,2930
2026-08-18T12:40:40+00:00,AA:00:00:00:00:01,BB:00:00:00:00:01,-85,2931
2026-08-18T12:40:40+00:00,AA:00:00:00:00:02,BB:00:00:00:00:01,-89,2932
2026-08-18T12:40:40+00:00,AA:00:00:00:00:03,BB:00:00:00:00:01,-93,2933
2026-08-18T12:40:40+00:00,AA:00:00:00:00:04,BB:00:00:00:00:01,-88,2934
2026-08-18T12:40:40+00:00,AA:00:00:00:00:05,BB:00:00:00:00:01,-61,2935
2026-08-18T12:40:50+00:00,AA:00:00:00:00:01,BB:00:00:00:00:01,-96,2936
2026-08-18T12:40:50+00:00,AA:00:00:00:00:02,BB:00:00:00:00:01,-85,2937
2026-08-18T12:40:50+00:00,AA:00:00:00:00:03,BB:00:00:00:00:01,-91,2938
2026-08-18T12:40:50+00:00,AA:00:00:00:00:04,BB:00:00:00:00:01,-90,2939
2026-08-18T12:40:50+00:00,AA:00:00:00:00:05,BB:00:00:00:00:01,-53,2940
2026-08-18T12:41:00+00:00,AA:00:00:00:00:01,BB:00:00:00:00:01,-87,2941
2026-08-18T12:41:00+00:00,AA:00:00:00:00:02,BB:00:00:00:00:01,-89,2942
2026-08-18T12:41:00+00:00,AA:00:00:00:00:03,BB:00:00:00:00:01,-91,2943
2026-08-18T12:41:00+00:00,AA:00:00:00:00:04,BB:00:00:00:00:01,-99,2944
2026-08-18T12:41:00+00:00,AA:00:00:00:00:05,BB:00:00:00:00:01,-54,2945
2026-08-18T12:41:10+00:00,AA:00:00:00:00:01,BB:00:00:00:00:01,-97,2946
2026-08-18T12:41:10+00:00,AA:00:00:00:00:02,BB:00:00:00:00:01,-92,2947
2026-08-18T12:41:10+00:00,AA:00:00:00:00:03,BB:00:00:00:00:01,-91,2948
2026-08-18T12:41:10+00:00,AA:00:00:00:00:04,BB:00:00:00:00:01,-90,2949
2026-08-18T12:41:10+00:00,AA:00:00:00:00:05,BB:00:00:00:00:01,-64,2950
2026-08-18T12:41:20+00:00,AA:00:00:00:00:01,BB:00:00:00:00:01,-91,2951
2026-08-18T12:41:20+00:00,AA:00:00:00:00:02,BB:00:00:00:00:01,-89,2952
2026-08-18T12:41:20+00:00,AA:00:00:00:00:03,BB:00:00:00:00:01,-83,2953
2026-08-18T12:41:20+00:00,AA:00:00:00:00:04,BB:00:00:00:00:01,-95,2954
2026-08-18T12:41:20+00:00,AA:00:00:00:00:05,BB:00:00:00:00:01,-61,2955
2026-08-18T12:41:30+00:00,AA:00:00:00:00:01,BB:00:00:00:00:01,-92,2956
2026-08-18T12:41:30+00:00,AA:00:00:00:00:02,BB:00:00:00:00:01,-88,2957
2026-08-18T12:41:30+00:00,AA:00:00:00:00:03,BB:00:00:00:00:01,-89,2958
2026-08-18T12:41:30+00:00,AA:00:00:00:00:04,BB:00:00:00:00:01,-91,2959
2026-08-18T12:41:30+00:00,AA:00:00:00:00:05,BB:00:00:00:00:01,-52,2960
2026-08-18T12:41:40+00:00,AA:00:00:00:00:01,BB:00:00:00:00:01,-90,2961
2026-08-18T12:41:40+00:00,AA:00:00:00:00:02,BB:00:00:00:00:01,-92,2962
2026-08-18T12:41:40+00:00,AA:00:00:00:00:03,BB:00:00:00:00:01,-93,2963
2026-08-18T12:41:40+00:00,AA:00:00:00:00:04,BB:00:00:00:00:01,-96,2964
2026-08-18T12:41:40+00:00,AA:00:00:00:00:05,BB:00:00:00:00:01,-53,2965
2026-08-18T12:41:50+00:00,AA:00:00:00:00:01,BB:00:00:00:00:01,-93,2966
2026-08-18T12:41:50+00:00,AA:00:00:00:00:02,BB:00:00:00:00:01,-91,2967
2026-08-18T12:41:50+00:00,AA:00:00:00:00:04,BB:00:00:00:00:01,-91,2968
2026-08-18T12:41:50+00:00,AA:00:00:00:00:05,BB:00:00:00:00:01,-54,2969
2026-08-18T12:42:00+00:00,AA:00:00:00:00:01,BB:00:00:00:00:01,-93,2970
2026-08-18T12:42:00+00:00,AA:00:00:00:00:02,BB:00:00:00:00:01,-97,2971
2026-08-18T12:42:00+00:00,AA:00:00:00:00:03,BB:00:00:00:00:01,-90,2972
2026-08-18T12:42:00+00:00,AA:00:00:00:00:04,BB:00:00:00:00:01,-90,2973
2026-08-18T12:42:00+00:00,AA:00:00:00:00:05,BB:00:00:00:00:01,-51,2974
2026-08-18T12:42:10+00:00,AA:00:00:00:00:01,BB:00:00:00:00:01,-93,2975
2026-08-18T12:42:10+00:00,AA:00:00:00:00:02,BB:00:00:00:00:01,-90,2976
2026-08-18T12:42:10+00:00,AA:00:00:00:00:03,BB:00:00:00:00:01,-94,2977
2026-08-18T12:42:10+00:00,AA:00:00:00:00:04,BB:00:00:00:00:01,-98,2978
2026-08-18T12:42:20+00:00,AA:00:00:00:00:01,BB:00:00:00:00:01,-94,2979
2026-08-18T12:42:20+00:00,AA:00:00:00:00:02,BB:00:00:00:00:01,-92,2980
2026-08-18T12:42:20+00:00,AA:00:00:00:00:03,BB:00:00:00:00:01,-90,2981
2026-08-18T12:42:20+00:00,AA:00:00:00:00:04,BB:00:00:00:00:01,-91,2982
2026-08-18T12:42:30+00:00,AA:00:00:00:00:01,BB:00:00:00:00:01,-87,2983
2026-08-18T12:42:30+00:00,AA:00:00:00:00:02,BB:00:00:00:00:01,-88,2984
2026-08-18T12:42:30+00:00,AA:00:00:00:00:04,BB:00:00:00:00:01,-87,2985
2026-08-18T12:42:30+00:00,AA:00:00:00:00:05,BB:00:00:00:00:01,-50,2986
2026-08-18T12:42:40+00:00,AA:00:00:00:00:01,BB:00:00:00:00:01,-93,2987
2026-08-18T12:42:40+00:00,AA:00:00:00:00:02,BB:00:00:00:00:01,-97,2988
2026-08-18T12:42:40+00:00,AA:00:00:00:00:03,BB:00:00:00:00:01,-95,2989
2026-08-18T12:42:40+00:00,AA:00:00:00:00:04,BB:00:00:00:00:01,-95,2990
2026-08-18T12:42:40+00:00,AA:00:00:00:00:05,BB:00:00:00:00:01,-59,2991
2026-08-18T12:42:50+00:00,AA:00:00:00:00:01,BB:00:00:00:00:01,-89,2992
2026-08-18T12:42:50+00:00,AA:00:00:00:00:02,BB:00:00:00:00:01,-90,2993
2026-08-18T12:42:50+00:00,AA:00:00:00:00:03,BB:00:00:00:00:01,-90,2994
2026-08-18T12:42:50+00:00,AA:00:00:00:00:04,BB:00:00:00:00:01,-91,2995
2026-08-18T12:42:50+00:00,AA:00:00:00:00:05,BB:00:00:00:00:01,-54,2996
2026-08-18T12:43:00+00:00,AA:00:00:00:00:01,BB:00:00:00:00:01,-97,2997
2026-08-18T12:43:00+00:00,AA:00:00:00:00:02,BB:00:00:00:00:01,-102,2998
2026-08-18T12:43:00+00:00,AA:00:00:00:00:03,BB:00:00:00:00:01,-89,2999
2026-08-18T12:43:00+00:00,AA:00:00:00:00:04,BB:00:00:00:00:01,-87,3000
2026-08-18T12:43:00+00:00,AA:00:00:00:00:05,BB:00:00:00:00:01,-55,3001
2026-08-18T12:43:10+00:00,AA:00:00:00:00:01,BB:00:00:00:00:01,-99,3002
2026-08-18T12:43:10+00:00,AA:00:00:00:00:02,BB:00:00:00:00:01,-94,3003
2026-08-18T12:43:10+00:00,AA:00:00:00:00:03,BB:00:00:00:00:01,-96,3004
2026-08-18T12:43:10+00:00,AA:00:00:00:00:04,BB:00:00:00:00:01,-89,3005
2026-08-18T12:43:10+00:00,AA:00:00:00:00:05,BB:00:00:00:00:01,-59,3006
2026-08-18T12:43:20+00:00,AA:00:00:00:00:01,BB:00:00:00:00:01,-100,3007
2026-08-18T12:43:20+00:00,AA:00:00:00:00:02,BB:00:00:00:00:01,-88,3008
2026-08-18T12:43:20+00:00,AA:00:00:00:00:03,BB:00:00:00:00:01,-95,3009
2026-08-18T12:43:20+00:00,AA:00:00:00:00:04,BB:00:00:00:00:01,-89,3010
2026-08-18T12:43:20+00:00,AA:00:00:00:00:05,BB:00:00:00:00:01,-53,3011
2026-08-18T12:43:30+00:00,AA:00:00:00:00:01,BB:00:00:00:00:01,-95,3012
2026-08-18T12:43:30+00:00,AA:00:00:00:00:02,BB:00:00:00:00:01,-88,3013
2026-08-18T12:43:30+00:00,AA:00:00:00:00:03,BB:00:00:00:00:01,-87,3014
2026-08-18T12:43:30+00:00,AA:00:00:00:00:04,BB:00:00:00:00:01,-95,3015
2026-08-18T12:43:30+00:00,AA:00:00:00:00:05,BB:00:00:00:00:01,-60,3016
2026-08-18T12:43:40+00:00,AA:00:00:00:00:01,BB:00:00:00:00:01,-100,3017
2026-08-18T12:43:40+00:00,AA:00:00:00:00:02,BB:00:00:00:00:01,-91,3018
2026-08-18T12:43:40+00:00,AA:00:00:00:00:03,BB:00:00:00:00:01,-103,3019
2026-08-18T12:43:40+00:00,AA:00:00:00:00:04,BB:00:00:00:00:01,-92,3020
2026-08-18T12:43:40+00:00,AA:00:00:00:00:05,BB:00:00:00:00:01,-52,3021
2026-08-18T12:43:50+00:00,AA:00:00:00:00:01,BB:00:00:00:00:01,-92,3022
2026-08-18T12:43:50+00:00,AA:00:00:00:00:02,BB:00:00:00:00:01,-90,3023
2026-08-18T12:43:50+00:00,AA:00:00:00:00:03,BB:00:00:00:00:01,-95,3024
2026-08-18T12:43:50+00:00,AA:00:00:00:00:04,BB:00:00:00:00:01,-89,3025
2026-08-18T12:43:50+00:00,AA:00:00:00:00:05,BB:00:00:00:00:01,-57,3026
2026-08-18T12:44:00+00:00,AA:00:00:00:00:01,BB:00:00:00:00:01,-94,3027
2026-08-18T12:44:00+00:00,AA:00:00:00:00:02,BB:00:00:00:00:01,-89,3028
2026-08-18T12:44:00+00:00,AA:00:00:00:00:03,BB:00:00:00:00:01,-95,3029
2026-08-18T12:44:00+00:00,AA:00:00:00:00:04,BB:00:00:00:00:01,-96,3030
2026-08-18T12:44:00+00:00,AA:00:00:00:00:05,BB:00:00:00:00:01,-56,3031
2026-08-18T12:44:10+00:00,AA:00:00:00:00:01,BB:00:00:00:00:01,-89,3032
2026-08-18T12:44:10+00:00,AA:00:00:00:00:02,BB:00:00:00:00:01,-100,3033
2026-08-18T12:44:10+00:00,AA:00:00:00:00:03,BB:00:00:00:00:01,-90,3034
2026-08-18T12:44:10+00:00,AA:00:00:00:00:04,BB:00:00:00:00:01,-93,3035
2026-08-18T12:44:20+00:00,AA:00:00:00:00:01,BB:00:00:00:00:01,-95,3036
2026-08-18T12:44:20+00:00,AA:00:00:00:00:02,BB:00:00:00:00:01,-89,3037
2026-08-18T12:44:20+00:00,AA:00:00:00:00:03,BB:00:00:00:00:01,-87,3038
2026-08-18T12:44:20+00:00,AA:00:00:00:00:04,BB:00:00:00:00:01,-88,3039
2026-08-18T12:44:20+00:00,AA:00:00:00:00:05,BB:00:00:00:00:01,-55,3040
2026-08-18T12:44:30+00:00,AA:00:00:00:00:01,BB:00:00:00:00:01,-96,3041
2026-08-18T12:44:30+00:00,AA:00:00:00:00:02,BB:00:00:00:00:01,-96,3042
2026-08-18T12:44:30+00:00,AA:00:00:00:00:03,BB:00:00:00:00:01,-90,3043
2026-08-18T12:44:30+00:00,AA:00:00:00:00:04,BB:00:00:00:00:01,-89,3044
2026-08-18T12:44:30+00:00,AA:00:00:00:00:05,BB:00:00:00:00:01,-59,3045
2026-08-18T12:44:40+00:00,AA:00:00:00:00:01,BB:00:00:00:00:01,-88,3046
2026-08-18T12:44:40+00:00,AA:00:00:00:00:02,BB:00:00:00:00:01,-92,3047
2026-08-18T12:44:40+00:00,AA:00:00:00:00:03,BB:00:00:00:00:01,-86,3048
2026-08-18T12:44:40+00:00,AA:00:00:00:00:04,BB:00:00:00:00:01,-88,3049
2026-08-18T12:44:40+00:00,AA:00:00:00:00:05,BB:00:00:00:00:01,-48,3050
2026-08-18T12:44:50+00:00,AA:00:00:00:00:01,BB:00:00:00:00:01,-89,3051
2026-08-18T12:44:50+00:00,AA:00:00:00:00:02,BB:00:00:00:00:01,-90,3052
2026-08-18T12:44:50+00:00,AA:00:00:00:00:03,BB:00:00:00:00:01,-98,3053
2026-08-18T12:44:50+00:00,AA:00:00:00:00:04,BB:00:00:00:00:01,-97,3054
2026-08-18T12:44:50+00:00,AA:00:00:00:00:05,BB:00:00:00:00:01,-53,3055
2026-08-18T12:45:00+00:00,AA:00:00:00:00:01,BB:00:00:00:00:01,-95,3056
2026-08-18T12:45:00+00:00,AA:00:00:00:00:02,BB:00:00:00:00:01,-95,3057
2026-08-18T12:45:00+00:00,AA:00:00:00:00:03,BB:00:00:00:00:01,-86,3058
2026-08-18T12:45:00+00:00,AA:00:00:00:00:04,BB:00:00:00:00:01,-91,3059
2026-08-18T12:45:00+00:00,AA:00:00:00:00:05,BB:00:00:00:00:01,-53,3060
2026-08-18T12:45:10+00:00,AA:00:00:00:00:01,BB:00:00:00:00:01,-82,3061
2026-08-18T12:45:10+00:00,AA:00:00:00:00:02,BB:00:00:00:00:01,-87,3062
2026-08-18T12:45:10+00:00,AA:00:00:00:00:03,BB:00:00:00:00:01,-94,3063
2026-08-18T12:45:10+00:00,AA:00:00:00:00:04,BB:00:00:00:00:01,-97,3064
2026-08-18T12:45:10+00:00,AA:00:00:00:00:05,BB:00:00:00:00:01,-53,3065
2026-08-18T12:45:20+00:00,AA:00:00:00:00:01,BB:00:00:00:00:01,-93,3066
2026-08-18T12:45:20+00:00,AA:00:00:00:00:02,BB:00:00:00:00:01,-90,3067
2026-08-18T12:45:20+00:00,AA:00:00:00:00:03,BB:00:00:00:00:01,-93,3068
2026-08-18T12:45:20+00:00,AA:00:00:00:00:04,BB:00:00:00:00:01,-88,3069
2026-08-18T12:45:20+00:00,AA:00:00:00:00:05,BB:00:00:00:00:01,-53,3070
2026-08-18T12:45:30+00:00,AA:00:00:00:00:01,BB:00:00:00:00:01,-91,3071
2026-08-18T12:45:30+00:00,AA:00:00:00:00:02,BB:00:00:00:00:01,-94,3072
2026-08-18T12:45:30+00:00,AA:00:00:00:00:03,BB:00:00:00:00:01,-94,3073
2026-08-18T12:45:30+00:00,AA:00:00:00:00:04,BB:00:00:00:00:01,-90,3074
2026-08-18T12:45:30+00:00,AA:00:00:00:00:05,BB:00:00:00:00:01,-53,3075
2026-08-18T12:45:40+00:00,AA:00:00:00:00:01,BB:00:00:00:00:01,-97,3076
2026-08-18T12:45:40+00:00,AA:00:00:00:00:02,BB:00:00:00:00:01,-91,3077
2026-08-18T12:45:40+00:00,AA:00:00:00:00:03,BB:00:00:00:00:01,-90,3078
2026-08-18T12:45:40+00:00,AA:00:00:00:00:04,BB:00:00:00:00:01,-91,3079
2026-08-18T12:45:40+00:00,AA:00:00:00:00:05,BB:00:00:00:00:01,-53,3080
2026-08-18T12:45:50+00:00,AA:00:00:00:00:01,BB:00:00:00:00:01,-98,3081
2026-08-18T12:45:50+00:00,AA:00:00:00:00:02,BB:00:00:00:00:01,-88,3082
2026-08-18T12:45:50+00:00,AA:00:00:00:00:03,BB:00:00:00:00:01,-93,3083
2026-08-18T12:45:50+00:00,AA:00:00:00:00:04,BB:00:00:00:00:01,-87,3084
2026-08-18T12:45:50+00:00,AA:00:00:00:00:05,BB:00:00:00:00:01,-52,3085
2026-08-18T12:46:00+00:00,AA:00:00:00:00:01,BB:00:00:00:00:01,-95,3086
2026-08-18T12:46:00+00:00,AA:00:00:00:00:02,BB:00:00:00:00:01,-90,3087
2026-08-18T12:46:00+00:00,AA:00:00:00:00:03,BB:00:00:00:00:01,-86,3088
2026-08-18T12:46:00+00:00,AA:00:00:00:00:04,BB:00:00:00:00:01,-94,3089
2026-08-18T12:46:00+00:00,AA:00:00:00:00:05,BB:00:00:00:00:01,-56,3090
2026-08-18T12:46:10+00:00,AA:00:00:00:00:01,BB:00:00:00:00:01,-101,3091
2026-08-18T12:46:10+00:00,AA:00:00:00:00:02,BB:00:00:00:00:01,-83,3092
2026-08-18T12:46:10+00:00,AA:00:00:00:00:03,BB:00:00:00:00:01,-95,3093
2026-08-18T12:46:10+00:00,AA:00:00:00:00:04,BB:00:00:00:00:01,-92,3094
2026-08-18T12:46:10+00:00,AA:00:00:00:00:05,BB:00:00:00:00:01,-53,3095
2026-08-18T12:46:20+00:00,AA:00:00:00:00:01,BB:00:00:00:00:01,-95,3096
2026-08-18T12:46:20+00:00,AA:00:00:00:00:02,BB:00:00:00:00:01,-94,3097
2026-08-18T12:46:20+00:00,AA:00:00:00:00:03,BB:00:00:00:00:01,-94,3098
2026-08-18T12:46:20+00:00,AA:00:00:00:00:04,BB:00:00:00:00:01,-91,3099
2026-08-18T12:46:20+00:00,AA:00:00:00:00:05,BB:00:00:00:00:01,-58,3100
2026-08-18T12:46:30+00:00,AA:00:00:00:00:01,BB:00:00:00:00:01,-91,3101
2026-08-18T12:46:30+00:00,AA:00:00:00:00:02,BB:00:00:00:00:01,-99,3102
2026-08-18T12:46:30+00:00,AA:00:00:00:00:03,BB:00:00:00:00:01,-85,3103
2026-08-18T12:46:30+00:00,AA:00:00:00:00:04,BB:00:00:00:00:01,-96,3104
2026-08-18T12:46:30+00:00,AA:00:00:00:00:05,BB:00:00:00:00:01,-64,3105
2026-08-18T12:46:40+00:00,AA:00:00:00:00:01,BB:00:00:00:00:01,-96,3106
2026-08-18T12:46:40+00:00,AA:00:00:00:00:02,BB:00:00:00:00:01,-87,3107
2026-08-18T12:46:40+00:00,AA:00:00:00:00:03,BB:00:00:00:00:01,-87,3108
2026-08-18T12:46:40+00:00,AA:00:00:00:00:04,BB:00:00:00:00:01,-93,3109
2026-08-18T12:46:40+00:00,AA:00:00:00:00:05,BB:00:00:00:00:01,-49,3110
2026-08-18T12:46:50+00:00,AA:00:00:00:00:01,BB:00:00:00:00:01,-94,3111
2026-08-18T12:46:50+00:00,AA:00:00:00:00:02,BB:00:00:00:00:01,-95,3112
2026-08-18T12:46:50+00:00,AA:00:00:00:00:03,BB:00:00:00:00:01,-93,3113
2026-08-18T12:46:50+00:00,AA:00:00:00:00:04,BB:00:00:00:00:01,-91,3114
2026-08-18T12:46:50+00:00,AA:00:00:00:00:05,BB:00:00:00:00:01,-57,3115
2026-08-18T12:47:00+00:00,AA:00:00:00:00:01,BB:00:00:00:00:01,-99,3116
2026-08-18T12:47:00+00:00,AA:00:00:00:00:03,BB:00:00:00:00:01,-92,3117
2026-08-18T12:47:00+00:00,AA:00:00:00:00:04,BB:00:00:00:00:01,-90,3118
2026-08-18T12:47:00+00:00,AA:00:00:00:00:05,BB:00:00:00:00:01,-53,3119
2026-08-18T12:47:10+00:00,AA:00:00:00:00:01,BB:00:00:00:00:01,-84,3120
2026-08-18T12:47:10+00:00,AA:00:00:00:00:02,BB:00:00:00:00:01,-87,3121
2026-08-18T12:47:10+00:00,AA:00:00:00:00:03,BB:00:00:00:00:01,-97,3122
2026-08-18T12:47:10+00:00,AA:00:00:00:00:04,BB:00:00:00:00:01,-87,3123
2026-08-18T12:47:10+00:00,AA:00:00:00:00:05,BB:00:00:00:00:01,-61,3124
2026-08-18T12:47:20+00:00,AA:00:00:00:00:01,BB:00:00:00:00:01,-99,3125
2026-08-18T12:47:20+00:00,AA:00:00:00:00:02,BB:00:00:00:00:01,-88,3126
2026-08-18T12:47:20+00:00,AA:00:00:00:00:03,BB:00:00:00:00:01,-89,3127
2026-08-18T12:47:20+00:00,AA:00:00:00:00:04,BB:00:00:00:00:01,-99,3128
2026-08-18T12:47:20+00:00,AA:00:00:00:00:05,BB:00:00:00:00:01,-58,3129
2026-08-18T12:47:30+00:00,AA:00:00:00:00:01,BB:00:00:00:00:01,-88,3130
2026-08-18T12:47:30+00:00,AA:00:00:00:00:02,BB:00:00:00:00:01,-93,3131
2026-08-18T12:47:30+00:00,AA:00:00:00:00:03,BB:00:00:00:00:01,-92,3132
2026-08-18T12:47:30+00:00,AA:00:00:00:00:04,BB:00:00:00:00:01,-97,3133
2026-08-18T12:47:30+00:00,AA:00:00:00:00:05,BB:00:00:00:00:01,-60,3134
2026-08-18T12:47:40+00:00,AA:00:00:00:00:01,BB:00:00:00:00:01,-94,3135
2026-08-18T12:47:40+00:00,AA:00:00:00:00:02,BB:00:00:00:00:01,-95,3136
2026-08-18T12:47:40+00:00,AA:00:00:00:00:03,BB:00:00:00:00:01,-103,3137
2026-08-18T12:47:40+00:00,AA:00:00:00:00:04,BB:00:00:00:00:01,-93,3138
2026-08-18T12:47:40+00:00,AA:00:00:00:00:05,BB:00:00:00:00:01,-52,3139
2026-08-18T12:47:50+00:00,AA:00:00:00:00:01,BB:00:00:00:00:01,-97,3140
2026-08-18T12:47:50+00:00,AA:00:00:00:00:02,BB:00:00:00:00:01,-98,3141
2026-08-18T12:47:50+00:00,AA:00:00:00:00:03,BB:00:00:00:00:01,-91,3142
2026-08-18T12:47:50+00:00,AA:00:00:00:00:04,BB:00:00:00:00:01,-89,3143
2026-08-18T12:47:50+00:00,AA:00:00:00:00:05,BB:00:00:00:00:01,-61,3144
2026-08-18T12:48:00+00:00,AA:00:00:00:00:01,BB:00:00:00:00:01,-89,3145
2026-08-18T12:48:00+00:00,AA:00:00:00:00:02,BB:00:00:00:00:01,-85,3146
2026-08-18T12:48:00+00:00,AA:00:00:00:00:03,BB:00:00:00:00:01,-90,3147
2026-08-18T12:48:00+00:00,AA:00:00:00:00:04,BB:00:00:00:00:01,-82,3148
2026-08-18T12:48:10+00:00,AA:00:00:00:00:01,BB:00:00:00:00:01,-98,3149
2026-08-18T12:48:10+00:00,AA:00:00:00:00:02,BB:00:00:00:00:01,-93,3150
2026-08-18T12:48:10+00:00,AA:00:00:00:00:03,BB:00:00:00:00:01,-94,3151
2026-08-18T12:48:10+00:00,AA:00:00:00:00:04,BB:00:00:00:00:01,-92,3152
2026-08-18T12:48:10+00:00,AA:00:00:00:00:05,BB:00:00:00:00:01,-53,3153
2026-08-18T12:48:20+00:00,AA:00:00:00:00:01,BB:00:00:00:00:01,-87,3154
2026-08-18T12:48:20+00:00,AA:00:00:00:00:02,BB:00:00:00:00:01,-88,3155
2026-08-18T12:48:20+00:00,AA:00:00:00:00:03,BB:00:00:00:00:01,-98,3156
2026-08-18T12:48:20+00:00,AA:00:00:00:00:04,BB:00:00:00:00:01,-90,3157
2026-08-18T12:48:20+00:00,AA:00:00:00:00:05,BB:00:00:00:00:01,-52,3158
2026-08-18T12:48:30+00:00,AA:00:00:00:00:01,BB:00:00:00:00:01,-85,3159
2026-08-18T12:48:30+00:00,AA:00:00:00:00:02,BB:00:00:00:00:01,-94,3160
2026-08-18T12:48:30+00:00,AA:00:00:00:00:03,BB:00:00:00:00:01,-92,3161
2026-08-18T12:48:30+00:00,AA:00:00:00:00:04,BB:00:00:00:00:01,-89,3162
2026-08-18T12:48:30+00:00,AA:00:00:00:00:05,BB:00:00:00:00:01,-55,3163
2026-08-18T12:48:40+00:00,AA:00:00:00:00:01,BB:00:00:00:00:01,-94,3164
2026-08-18T12:48:40+00:00,AA:00:00:00:00:02,BB:00:00:00:00:01,-91,3165
2026-08-18T12:48:40+00:00,AA:00:00:00:00:03,BB:00:00:00:00:01,-98,3166
2026-08-18T12:48:40+00:00,AA:00:00:00:00:04,BB:00:00:00:00:01,-98,3167
2026-08-18T12:48:40+00:00,AA:00:00:00:00:05,BB:00:00:00:00:01,-56,3168
2026-08-18T12:48:50+00:00,AA:00:00:00:00:01,BB:00:00:00:00:01,-92,3169
2026-08-18T12:48:50+00:00,AA:00:00:00:00:02,BB:00:00:00:00:01,-94,3170
2026-08-18T12:48:50+00:00,AA:00:00:00:00:03,BB:00:00:00:00:01,-98,3171
2026-08-18T12:48:50+00:00,AA:00:00:00:00:04,BB:00:00:00:00:01,-92,3172
2026-08-18T12:48:50+00:00,AA:00:00:00:00:05,BB:00:00:00:00:01,-58,3173
2026-08-18T12:49:00+00:00,AA:00:00:00:00:01,BB:00:00:00:00:01,-93,3174
2026-08-18T12:49:00+00:00,AA:00:00:00:00:03,BB:00:00:00:00:01,-82,3175
2026-08-18T12:49:00+00:00,AA:00:00:00:00:04,BB:00:00:00:00:01,-96,3176
2026-08-18T12:49:00+00:00,AA:00:00:00:00:05,BB:00:00:00:00:01,-52,3177
2026-08-18T12:49:10+00:00,AA:00:00:00:00:01,BB:00:00:00:00:01,-91,3178
2026-08-18T12:49:10+00:00,AA:00:00:00:00:02,BB:00:00:00:00:01,-95,3179
2026-08-18T12:49:10+00:00,AA:00:00:00:00:03,BB:00:00:00:00:01,-90,3180
2026-08-18T12:49:10+00:00,AA:00:00:00:00:04,BB:00:00:00:00:01,-95,3181
2026-08-18T12:49:10+00:00,AA:00:00:00:00:05,BB:00:00:00:00:01,-57,3182
2026-08-18T12:49:20+00:00,AA:00:00:00:00:01,BB:00:00:00:00:01,-90,3183
2026-08-18T12:49:20+00:00,AA:00:00:00:00:02,BB:00:00:00:00:01,-93,3184
2026-08-18T12:49:20+00:00,AA:00:00:00:00:03,BB:00:00:00:00:01,-91,3185
2026-08-18T12:49:20+00:00,AA:00:00:00:00:04,BB:00:00:00:00:01,-90,3186
2026-08-18T12:49:20+00:00,AA:00:00:00:00:05,BB:00:00:00:00:01,-50,3187
2026-08-18T12:49:30+00:00,AA:00:00:00:00:01,BB:00:00:00:00:01,-97,3188
2026-08-18T12:49:30+00:00,AA:00:00:00:00:02,BB:00:00:00:00:01,-94,3189
2026-08-18T12:49:30+00:00,AA:00:00:00:00:03,BB:00:00:00:00:01,-84,3190
2026-08-18T12:49:30+00:00,AA:00:00:00:00:04,BB:00:00:00:00:01,-92,3191
2026-08-18T12:49:30+00:00,AA:00:00:00:00:05,BB:00:00:00:00:01,-52,3192
2026-08-18T12:49:40+00:00,AA:00:00:00:00:01,BB:00:00:00:00:01,-85,3193
2026-08-18T12:49:40+00:00,AA:00:00:00:00:02,BB:00:00:00:00:01,-92,3194
2026-08-18T12:49:40+00:00,AA:00:00:00:00:03,BB:00:00:00:00:01,-96,3195
2026-08-18T12:49:40+00:00,AA:00:00:00:00:04,BB:00:00:00:00:01,-98,3196
2026-08-18T12:49:40+00:00,AA:00:00:00:00:05,BB:00:00:00:00:01,-55,3197
2026-08-18T12:49:50+00:00,AA:00:00:00:00:01,BB:00:00:00:00:01,-91,3198
2026-08-18T12:49:50+00:00,AA:00:00:00:00:02,BB:00:00:00:00:01,-104,3199
2026-08-18T12:49:50+00:00,AA:00:00:00:00:03,BB:00:00:00:00:01,-87,3200
2026-08-18T12:49:50+00:00,AA:00:00:00:00:04,BB:00:00:00:00:01,-96,3201
2026-08-18T12:49:50+00:00,AA:00:00:00:00:05,BB:00:00:00:00:01,-50,3202
2026-08-18T12:50:00+00:00,AA:00:00:00:00:01,BB:00:00:00:00:01,-87,3203
2026-08-18T12:50:00+00:00,AA:00:00:00:00:02,BB:00:00:00:00:01,-99,3204
2026-08-18T12:50:00+00:00,AA:00:00:00:00:03,BB:00:00:00:00:01,-90,3205
2026-08-18T12:50:00+00:00,AA:00:00:00:00:04,BB:00:00:00:00:01,-94,3206
2026-08-18T12:50:00+00:00,AA:00:00:00:00:05,BB:00:00:00:00:01,-56,3207
2026-08-18T12:50:10+00:00,AA:00:00:00:00:01,BB:00:00:00:00:01,-84,3208
2026-08-18T12:50:10+00:00,AA:00:00:00:00:02,BB:00:00:00:00:01,-87,3209
2026-08-18T12:50:10+00:00,AA:00:00:00:00:03,BB:00:00:00:00:01,-93,3210
2026-08-18T12:50:10+00:00,AA:00:00:00:00:04,BB:00:00:00:00:01,-86,3211
2026-08-18T12:50:10+00:00,AA:00:00:00:00:05,BB:00:00:00:00:01,-52,3212
2026-08-18T12:50:20+00:00,AA:00:00:00:00:01,BB:00:00:00:00:01,-86,3213
2026-08-18T12:50:20+00:00,AA:00:00:00:00:02,BB:00:00:00:00:01,-91,3214
2026-08-18T12:50:20+00:00,AA:00:00:00:00:03,BB:00:00:00:00:01,-100,3215
2026-08-18T12:50:20+00:00,AA:00:00:00:00:04,BB:00:00:00:00:01,-97,3216
2026-08-18T12:50:20+00:00,AA:00:00:00:00:05,BB:00:00:00:00:01,-48,3217
2026-08-18T12:50:30+00:00,AA:00:00:00:00:01,BB:00:00:00:00:01,-88,3218
2026-08-18T12:50:30+00:00,AA:00:00:00:00:02,BB:00:00:00:00:01,-87,3219
2026-08-18T12:50:30+00:00,AA:00:00:00:00:03,BB:00:00:00:00:01,-93,3220
2026-08-18T12:50:30+00:00,AA:00:00:00:00:04,BB:00:00:00:00:01,-97,3221
2026-08-18T12:50:30+00:00,AA:00:00:00:00:05,BB:00:00:00:00:01,-63,3222
2026-08-18T12:50:40+00:00,AA:00:00:00:00:01,BB:00:00:00:00:01,-93,3223
2026-08-18T12:50:40+00:00,AA:00:00:00:00:02,BB:00:00:00:00:01,-102,3224
2026-08-18T12:50:40+00:00,AA:00:00:00:00:03,BB:00:00:00:00:01,-87,3225
2026-08-18T12:50:40+00:00,AA:00:00:00:00:04,BB:00:00:00:00:01,-90,3226
2026-08-18T12:50:40+00:00,AA:00:00:00:00:05,BB:00:00:00:00:01,-46,3227
2026-08-18T12:50:50+00:00,AA:00:00:00:00:01,BB:00:00:00:00:01,-88,3228
2026-08-18T12:50:50+00:00,AA:00:00:00:00:02,BB:00:00:00:00:01,-87,3229
2026-08-18T12:50:50+00:00,AA:00:00:00:00:03,BB:00:00:00:00:01,-83,3230
2026-08-18T12:50:50+00:00,AA:00:00:00:00:04,BB:00:00:00:00:01,-91,3231
2026-08-18T12:50:50+00:00,AA:00:00:00:00:05,BB:00:00:00:00:01,-57,3232
2026-08-18T12:51:00+00:00,AA:00:00:00:00:01,BB:00:00:00:00:01,-92,3233
2026-08-18T12:51:00+00:00,AA:00:00:00:00:02,BB:00:00:00:00:01,-98,3234
2026-08-18T12:51:00+00:00,AA:00:00:00:00:03,BB:00:00:00:00:01,-99,3235
2026-08-18T12:51:00+00:00,AA:00:00:00:00:04,BB:00:00:00:00:01,-89,3236
2026-08-18T12:51:00+00:00,AA:00:00:00:00:05,BB:00:00:00:00:01,-51,3237
2026-08-18T12:51:10+00:00,AA:00:00:00:00:01,BB:00:00:00:00:01,-88,3238
2026-08-18T12:51:10+00:00,AA:00:00:00:00:02,BB:00:00:00:00:01,-100,3239
2026-08-18T12:51:10+00:00,AA:00:00:00:00:03,BB:00:00:00:00:01,-91,3240
2026-08-18T12:51:10+00:00,AA:00:00:00:00:04,BB:00:00:00:00:01,-98,3241
2026-08-18T12:51:10+00:00,AA:00:00:00:00:05,BB:00:00:00:00:01,-52,3242
2026-08-18T12:51:20+00:00,AA:00:00:00:00:01,BB:00:00:00:00:01,-96,3243
2026-08-18T12:51:20+00:00,AA:00:00:00:00:02,BB:00:00:00:00:01,-90,3244
2026-08-18T12:51:20+00:00,AA:00:00:00:00:03,BB:00:00:00:00:01,-95,3245
2026-08-18T12:51:20+00:00,AA:00:00:00:00:04,BB:00:00:00:00:01,-91,3246
2026-08-18T12:51:20+00:00,AA:00:00:00:00:05,BB:00:00:00:00:01,-61,3247
2026-08-18T12:51:30+00:00,AA:00:00:00:00:01,BB:00:00:00:00:01,-92,3248
2026-08-18T12:51:30+00:00,AA:00:00:00:00:02,BB:00:00:00:00:01,-100,3249
2026-08-18T12:51:30+00:00,AA:00:00:00:00:03,BB:00:00:00:00:01,-89,3250
2026-08-18T12:51:30+00:00,AA:00:00:00:00:04,BB:00:00:00:00:01,-86,3251
2026-08-18T12:51:30+00:00,AA:00:00:00:00:05,BB:00:00:00:00:01,-49,3252
2026-08-18T12:51:40+00:00,AA:00:00:00:00:01,BB:00:00:00:00:01,-92,3253
2026-08-18T12:51:40+00:00,AA:00:00:00:00:02,BB:00:00:00:00:01,-91,3254
2026-08-18T12:51:40+00:00,AA:00:00:00:00:03,BB:00:00:00:00:01,-89,3255
2026-08-18T12:51:40+00:00,AA:00:00:00:00:04,BB:00:00:00:00:01,-89,3256
2026-08-18T12:51:40+00:00,AA:00:00:00:00:05,BB:00:00:00:00:01,-58,3257
2026-08-18T12:51:50+00:00,AA:00:00:00:00:01,BB:00:00:00:00:01,-93,3258
2026-08-18T12:51:50+00:00,AA:00:00:00:00:02,BB:00:00:00:00:01,-94,3259
2026-08-18T12:51:50+00:00,AA:00:00:00:00:03,BB:00:00:00:00:01,-92,3260
2026-08-18T12:51:50+00:00,AA:00:00:00:00:04,BB:00:00:00:00:01,-90,3261
2026-08-18T12:51:50+00:00,AA:00:00:00:00:05,BB:00:00:00:00:01,-51,3262
2026-08-18T12:52:00+00:00,AA:00:00:00:00:01,BB:00:00:00:00:01,-94,3263
2026-08-18T12:52:00+00:00,AA:00:00:00:00:02,BB:00:00:00:00:01,-87,3264
2026-08-18T12:52:00+00:00,AA:00:00:00:00:03,BB:00:00:00:00:01,-94,3265
2026-08-18T12:52:00+00:00,AA:00:00:00:00:04,BB:00:00:00:00:01,-94,3266
2026-08-18T12:52:00+00:00,AA:00:00:00:00:05,BB:00:00:00:00:01,-54,3267
2026-08-18T12:52:10+00:00,AA:00:00:00:00:01,BB:00:00:00:00:01,-90,3268
2026-08-18T12:52:10+00:00,AA:00:00:00:00:02,BB:00:00:00:00:01,-91,3269
2026-08-18T12:52:10+00:00,AA:00:00:00:00:03,BB:00:00:00:00:01,-93,3270
2026-08-18T12:52:10+00:00,AA:00:00:00:00:04,BB:00:00:00:00:01,-90,3271
2026-08-18T12:52:10+00:00,AA:00:00:00:00:05,BB:00:00:00:00:01,-53,3272
2026-08-18T12:52:20+00:00,AA:00:00:00:00:01,BB:00:00:00:00:01,-85,3273
2026-08-18T12:52:20+00:00,AA:00:00:00:00:02,BB:00:00:00:00:01,-100,3274
2026-08-18T12:52:20+00:00,AA:00:00:00:00:03,BB:00:00:00:00:01,-100,3275
2026-08-18T12:52:20+00:00,AA:00:00:00:00:04,BB:00:00:00:00:01,-99,3276
2026-08-18T12:52:20+00:00,AA:00:00:00:00:05,BB:00:00:00:00:01,-56,3277
2026-08-18T12:52:30+00:00,AA:00:00:00:00:01,BB:00:00:00:00:01,-96,3278
2026-08-18T12:52:30+00:00,AA:00:00:00:00:02,BB:00:00:00:00:01,-90,3279
2026-08-18T12:52:30+00:00,AA:00:00:00:00:04,BB:00:00:00:00:01,-90,3280
2026-08-18T12:52:30+00:00,AA:00:00:00:00:05,BB:00:00:00:00:01,-57,3281
2026-08-18T12:52:40+00:00,AA:00:00:00:00:01,BB:00:00:00:00:01,-97,3282
2026-08-18T12:52:40+00:00,AA:00:00:00:00:02,BB:00:00:00:00:01,-90,3283
2026-08-18T12:52:40+00:00,AA:00:00:00:00:03,BB:00:00:00:00:01,-93,3284
2026-08-18T12:52:40+00:00,AA:00:00:00:00:04,BB:00:00:00:00:01,-88,3285
2026-08-18T12:52:40+00:00,AA:00:00:00:00:05,BB:00:00:00:00:01,-54,3286
2026-08-18T12:52:50+00:00,AA:00:00:00:00:01,BB:00:00:00:00:01,-90,3287
2026-08-18T12:52:50+00:00,AA:00:00:00:00:02,BB:00:00:00:00:01,-100,3288
2026-08-18T12:52:50+00:00,AA:00:00:00:00:03,BB:00:00:00:00:01,-91,3289
2026-08-18T12:52:50+00:00,AA:00:00:00:00:04,BB:00:00:00:00:01,-99,3290
2026-08-18T12:52:50+00:00,AA:00:00:00:00:05,BB:00:00:00:00:01,-58,3291
2026-08-18T12:53:00+00:00,AA:00:00:00:00:02,BB:00:00:00:00:01,-97,3292
2026-08-18T12:53:00+00:00,AA:00:00:00:00:03,BB:00:00:00:00:01,-92,3293
2026-08-18T12:53:00+00:00,AA:00:00:00:00:04,BB:00:00:00:00:01,-97,3294
2026-08-18T12:53:00+00:00,AA:00:00:00:00:05,BB:00:00:00:00:01,-60,3295
2026-08-18T12:53:10+00:00,AA:00:00:00:00:01,BB:00:00:00:00:01,-92,3296
2026-08-18T12:53:10+00:00,AA:00:00:00:00:02,BB:00:00:00:00:01,-95,3297
2026-08-18T12:53:10+00:00,AA:00:00:00:00:03,BB:00:00:00:00:01,-99,3298
2026-08-18T12:53:10+00:00,AA:00:00:00:00:04,BB:00:00:00:00:01,-96,3299
2026-08-18T12:53:10+00:00,AA:00:00:00:00:05,BB:00:00:00:00:01,-56,3300
2026-08-18T12:53:20+00:00,AA:00:00:00:00:01,BB:00:00:00:00:01,-89,3301
2026-08-18T12:53:20+00:00,AA:00:00:00:00:02,BB:00:00:00:00:01,-95,3302
2026-08-18T12:53:20+00:00,AA:00:00:00:00:03,BB:00:00:00:00:01,-89,3303
2026-08-18T12:53:20+00:00,AA:00:00:00:00:04,BB:00:00:00:00:01,-93,3304
2026-08-18T12:53:20+00:00,AA:00:00:00:00:05,BB:00:00:00:00:01,-56,3305
2026-08-18T12:53:30+00:00,AA:00:00:00:00:01,BB:00:00:00:00:01,-89,3306
2026-08-18T12:53:30+00:00,AA:00:00:00:00:02,BB:00:00:00:00:01,-90,3307
2026-08-18T12:53:30+00:00,AA:00:00:00:00:03,BB:00:00:00:00:01,-83,3308
2026-08-18T12:53:30+00:00,AA:00:00:00:00:04,BB:00:00:00:00:01,-89,3309
2026-08-18T12:53:30+00:00,AA:00:00:00:00:05,BB:00:00:00:00:01,-60,3310
2026-08-18T12:53:40+00:00,AA:00:00:00:00:01,BB:00:00:00:00:01,-94,3311
2026-08-18T12:53:40+00:00,AA:00:00:00:00:02,BB:00:00:00:00:01,-102,3312
2026-08-18T12:53:40+00:00,AA:00:00:00:00:03,BB:00:00:00:00:01,-93,3313
2026-08-18T12:53:40+00:00,AA:00:00:00:00:04,BB:00:00:00:00:01,-99,3314
2026-08-18T12:53:40+00:00,AA:00:00:00:00:05,BB:00:00:00:00:01,-57,3315
2026-08-18T12:53:50+00:00,AA:00:00:00:00:01,BB:00:00:00:00:01,-94,3316
2026-08-18T12:53:50+00:00,AA:00:00:00:00:02,BB:00:00:00:00:01,-90,3317
2026-08-18T12:53:50+00:00,AA:00:00:00:00:03,BB:00:00:00:00:01,-90,3318
2026-08-18T12:53:50+00:00,AA:00:00:00:00:04,BB:00:00:00:00:01,-103,3319
2026-08-18T12:53:50+00:00,AA:00:00:00:00:05,BB:00:00:00:00:01,-49,3320
2026-08-18T12:54:00+00:00,AA:00:00:00:00:01,BB:00:00:00:00:01,-91,3321
2026-08-18T12:54:00+00:00,AA:00:00:00:00:02,BB:00:00:00:00:01,-92,3322
2026-08-18T12:54:00+00:00,AA:00:00:00:00:03,BB:00:00:00:00:01,-88,3323
2026-08-18T12:54:00+00:00,AA:00:00:00:00:04,BB:00:00:00:00:01,-86,3324
2026-08-18T12:54:00+00:00,AA:00:00:00:00:05,BB:00:00:00:00:01,-51,3325
2026-08-18T12:54:10+00:00,AA:00:00:00:00:01,BB:00:00:00:00:01,-90,3326
2026-08-18T12:54:10+00:00,AA:00:00:00:00:02,BB:00:00:00:00:01,-91,3327
2026-08-18T12:54:10+00:00,AA:00:00:00:00:03,BB:00:00:00:00:01,-89,3328
2026-08-18T12:54:10+00:00,AA:00:00:00:00:04,BB:00:00:00:00:01,-84,3329
2026-08-18T12:54:10+00:00,AA:00:00:00:00:05,BB:00:00:00:00:01,-53,3330
2026-08-18T12:54:20+00:00,AA:00:00:00:00:01,BB:00:00:00:00:01,-94,3331
2026-08-18T12:54:20+00:00,AA:00:00:00:00:02,BB:00:00:00:00:01,-96,3332
2026-08-18T12:54:20+00:00,AA:00:00:00:00:03,BB:00:00:00:00:01,-88,3333
2026-08-18T12:54:20+00:00,AA:00:00:00:00:04,BB:00:00:00:00:01,-94,3334
2026-08-18T12:54:20+00:00,AA:00:00:00:00:05,BB:00:00:00:00:01,-54,3335
2026-08-18T12:54:30+00:00,AA:00:00:00:00:01,BB:00:00:00:00:01,-91,3336
2026-08-18T12:54:30+00:00,AA:00:00:00:00:02,BB:00:00:00:00:01,-85,3337
2026-08-18T12:54:30+00:00,AA:00:00:00:00:03,BB:00:00:00:00:01,-94,3338
2026-08-18T12:54:30+00:00,AA:00:00:00:00:04,BB:00:00:00:00:01,-98,3339
2026-08-18T12:54:30+00:00,AA:00:00:00:00:05,BB:00:00:00:00:01,-61,3340
2026-08-18T12:54:40+00:00,AA:00:00:00:00:01,BB:00:00:00:00:01,-93,3341
2026-08-18T12:54:40+00:00,AA:00:00:00:00:02,BB:00:00:00:00:01,-88,3342
2026-08-18T12:54:40+00:00,AA:00:00:00:00:03,BB:00:00:00:00:01,-87,3343
2026-08-18T12:54:40+00:00,AA:00:00:00:00:04,BB:00:00:00:00:01,-89,3344
2026-08-18T12:54:40+00:00,AA:00:00:00:00:05,BB:00:00:00:00:01,-53,3345
2026-08-18T12:54:50+00:00,AA:00:00:00:00:01,BB:00:00:00:00:01,-96,3346
2026-08-18T12:54:50+00:00,AA:00:00:00:00:02,BB:00:00:00:00:01,-92,3347
2026-08-18T12:54:50+00:00,AA:00:00:00:00:03,BB:00:00:00:00:01,-85,3348
2026-08-18T12:54:50+00:00,AA:00:00:00:00:04,BB:00:00:00:00:01,-89,3349
2026-08-18T12:54:50+00:00,AA:00:00:00:00:05,BB:00:00:00:00:01,-53,3350
2026-08-18T12:55:00+00:00,AA:00:00:00:00:01,BB:00:00:00:00:01,-93,3351
2026-08-18T12:55:00+00:00,AA:00:00:00:00:02,BB:00:00:00:00:01,-94,3352
2026-08-18T12:55:00+00:00,AA:00:00:00:00:03,BB:00:00:00:00:01,-91,3353
2026-08-18T12:55:00+00:00,AA:00:00:00:00:04,BB:00:00:00:00:01,-85,3354
2026-08-18T12:55:00+00:00,AA:00:00:00:00:05,BB:00:00:00:00:01,-63,3355
2026-08-18T12:55:10+00:00,AA:00:00:00:00:01,BB:00:00:00:00:01,-90,3356
2026-08-18T12:55:10+00:00,AA:00:00:00:00:02,BB:00:00:00:00:01,-90,3357
2026-08-18T12:55:10+00:00,AA:00:00:00:00:03,BB:00:00:00:00:01,-92,3358
2026-08-18T12:55:10+00:00,AA:00:00:00:00:04,BB:00:00:00:00:01,-90,3359
2026-08-18T12:55:20+00:00,AA:00:00:00:00:01,BB:00:00:00:00:01,-91,3360
2026-08-18T12:55:20+00:00,AA:00:00:00:00:02,BB:00:00:00:00:01,-91,3361
2026-08-18T12:55:20+00:00,AA:00:00:00:00:03,BB:00:00:00:00:01,-97,3362
2026-08-18T12:55:20+00:00,AA:00:00:00:00:04,BB:00:00:00:00:01,-99,3363
2026-08-18T12:55:20+00:00,AA:00:00:00:00:05,BB:00:00:00:00:01,-56,3364
2026-08-18T12:55:30+00:00,AA:00:00:00:00:01,BB:00:00:00:00:01,-98,3365
2026-08-18T12:55:30+00:00,AA:00:00:00:00:02,BB:00:00:00:00:01,-97,3366
2026-08-18T12:55:30+00:00,AA:00:00:00:00:03,BB:00:00:00:00:01,-89,3367
2026-08-18T12:55:30+00:00,AA:00:00:00:00:04,BB:00:00:00:00:01,-92,3368
2026-08-18T12:55:30+00:00,AA:00:00:00:00:05,BB:00:00:00:00:01,-64,3369
2026-08-18T12:55:40+00:00,AA:00:00:00:00:01,BB:00:00:00:00:01,-101,3370
2026-08-18T12:55:40+00:00,AA:00:00:00:00:02,BB:00:00:00:00:01,-94,3371
2026-08-18T12:55:40+00:00,AA:00:00:00:00:03,BB:00:00:00:00:01,-91,3372
2026-08-18T12:55:40+00:00,AA:00:00:00:00:04,BB:00:00:00:00:01,-87,3373
2026-08-18T12:55:40+00:00,AA:00:00:00:00:05,BB:00:00:00:00:01,-58,3374
2026-08-18T12:55:50+00:00,AA:00:00:00:00:01,BB:00:00:00:00:01,-100,3375
2026-08-18T12:55:50+00:00,AA:00:00:00:00:02,BB:00:00:00:00:01,-91,3376
2026-08-18T12:55:50+00:00,AA:00:00:00:00:03,BB:00:00:00:00:01,-89,3377
2026-08-18T12:55:50+00:00,AA:00:00:00:00:04,BB:00:00:00:00:01,-93,3378
2026-08-18T12:56:00+00:00,AA:00:00:00:00:01,BB:00:00:00:00:01,-92,3379
2026-08-18T12:56:00+00:00,AA:00:00:00:00:02,BB:00:00:00:00:01,-90,3380
2026-08-18T12:56:00+00:00,AA:00:00:00:00:03,BB:00:00:00:00:01,-92,3381
2026-08-18T12:56:00+00:00,AA:00:00:00:00:04,BB:00:00:00:00:01,-94,3382
2026-08-18T12:56:00+00:00,AA:00:00:00:00:05,BB:00:00:00:00:01,-57,3383
2026-08-18T12:56:10+00:00,AA:00:00:00:00:01,BB:00:00:00:00:01,-94,3384
2026-08-18T12:56:10+00:00,AA:00:00:00:00:02,BB:00:00:00:00:01,-90,3385
2026-08-18T12:56:10+00:00,AA:00:00:00:00:03,BB:00:00:00:00:01,-92,3386
2026-08-18T12:56:10+00:00,AA:00:00:00:00:04,BB:00:00:00:00:01,-95,3387
2026-08-18T12:56:10+00:00,AA:00:00:00:00:05,BB:00:00:00:00:01,-58,3388
2026-08-18T12:56:20+00:00,AA:00:00:00:00:01,BB:00:00:00:00:01,-90,3389
2026-08-18T12:56:20+00:00,AA:00:00:00:00:02,BB:00:00:00:00:01,-90,3390
2026-08-18T12:56:20+00:00,AA:00:00:00:00:04,BB:00:00:00:00:01,-93,3391
2026-08-18T12:56:20+00:00,AA:00:00:00:00:05,BB:00:00:00:00:01,-51,3392
2026-08-18T12:56:30+00:00,AA:00:00:00:00:01,BB:00:00:00:00:01,-95,3393
2026-08-18T12:56:30+00:00,AA:00:00:00:00:02,BB:00:00:00:00:01,-94,3394
2026-08-18T12:56:30+00:00,AA:00:00:00:00:03,BB:00:00:00:00:01,-89,3395
2026-08-18T12:56:30+00:00,AA:00:00:00:00:04,BB:00:00:00:00:01,-95,3396
2026-08-18T12:56:30+00:00,AA:00:00:00:00:05,BB:00:00:00:00:01,-61,3397
2026-08-18T12:56:40+00:00,AA:00:00:00:00:01,BB:00:00:00:00:01,-94,3398
2026-08-18T12:56:40+00:00,AA:00:00:00:00:02,BB:00:00:00:00:01,-87,3399
2026-08-18T12:56:40+00:00,AA:00:00:00:00:03,BB:00:00:00:00:01,-87,3400
2026-08-18T12:56:40+00:00,AA:00:00:00:00:04,BB:00:00:00:00:01,-88,3401
2026-08-18T12:56:40+00:00,AA:00:00:00:00:05,BB:00:00:00:00:01,-47,3402
2026-08-18T12:56:50+00:00,AA:00:00:00:00:01,BB:00:00:00:00:01,-89,3403
2026-08-18T12:56:50+00:00,AA:00:00:00:00:02,BB:00:00:00:00:01,-95,3404
2026-08-18T12:56:50+00:00,AA:00:00:00:00:03,BB:00:00:00:00:01,-88,3405
2026-08-18T12:56:50+00:00,AA:00:00:00:00:04,BB:00:00:00:00:01,-94,3406
2026-08-18T12:56:50+00:00,AA:00:00:00:00:05,BB:00:00:00:00:01,-53,3407
2026-08-18T12:57:00+00:00,AA:00:00:00:00:01,BB:00:00:00:00:01,-101,3408
2026-08-18T12:57:00+00:00,AA:00:00:00:00:03,BB:00:00:00:00:01,-91,3409
2026-08-18T12:57:00+00:00,AA:00:00:00:00:04,BB:00:00:00:00:01,-94,3410
2026-08-18T12:57:00+00:00,AA:00:00:00:00:05,BB:00:00:00:00:01,-51,3411
2026-08-18T12:57:10+00:00,AA:00:00:00:00:01,BB:00:00:00:00:01,-87,3412
2026-08-18T12:57:10+00:00,AA:00:00:00:00:02,BB:00:00:00:00:01,-91,3413
2026-08-18T12:57:10+00:00,AA:00:00:00:00:03,BB:00:00:00:00:01,-88,3414
2026-08-18T12:57:10+00:00,AA:00:00:00:00:04,BB:00:00:00:00:01,-99,3415
2026-08-18T12:57:10+00:00,AA:00:00:00:00:05,BB:00:00:00:00:01,-48,3416
2026-08-18T12:57:20+00:00,AA:00:00:00:00:01,BB:00:00:00:00:01,-88,3417
2026-08-18T12:57:20+00:00,AA:00:00:00:00:02,BB:00:00:00:00:01,-88,3418
2026-08-18T12:57:20+00:00,AA:00:00:00:00:03,BB:00:00:00:00:01,-100,3419
2026-08-18T12:57:20+00:00,AA:00:00:00:00:04,BB:00:00:00:00:01,-83,3420
2026-08-18T12:57:20+00:00,AA:00:00:00:00:05,BB:00:00:00:00:01,-54,3421
2026-08-18T12:57:30+00:00,AA:00:00:00:00:01,BB:00:00:00:00:01,-94,3422
2026-08-18T12:57:30+00:00,AA:00:00:00:00:02,BB:00:00:00:00:01,-85,3423
2026-08-18T12:57:30+00:00,AA:00:00:00:00:03,BB:00:00:00:00:01,-97,3424
2026-08-18T12:57:30+00:00,AA:00:00:00:00:04,BB:00:00:00:00:01,-94,3425
2026-08-18T12:57:30+00:00,AA:00:00:00:00:05,BB:00:00:00:00:01,-55,3426
2026-08-18T12:57:40+00:00,AA:00:00:00:00:01,BB:00:00:00:00:01,-97,3427
2026-08-18T12:57:40+00:00,AA:00:00:00:00:02,BB:00:00:00:00:01,-89,3428
2026-08-18T12:57:40+00:00,AA:00:00:00:00:03,BB:00:00:00:00:01,-91,3429
2026-08-18T12:57:40+00:00,AA:00:00:00:00:04,BB:00:00:00:00:01,-96,3430
2026-08-18T12:57:40+00:00,AA:00:00:00:00:05,BB:00:00:00:00:01,-55,3431
2026-08-18T12:57:50+00:00,AA:00:00:00:00:01,BB:00:00:00:00:01,-97,3432
2026-08-18T12:57:50+00:00,AA:00:00:00:00:02,BB:00:00:00:00:01,-100,3433
2026-08-18T12:57:50+00:00,AA:00:00:00:00:03,BB:00:00:00:00:01,-89,3434
2026-08-18T12:57:50+00:00,AA:00:00:00:00:04,BB:00:00:00:00:01,-94,3435
2026-08-18T12:57:50+00:00,AA:00:00:00:00:05,BB:00:00:00:00:01,-59,3436
2026-08-18T12:58:00+00:00,AA:00:00:00:00:01,BB:00:00:00:00:01,-102,3437
2026-08-18T12:58:00+00:00,AA:00:00:00:00:02,BB:00:00:00:00:01,-95,3438
2026-08-18T12:58:00+00:00,AA:00:00:00:00:03,BB:00:00:00:00:01,-97,3439
2026-08-18T12:58:00+00:00,AA:00:00:00:00:04,BB:00:00:00:00:01,-98,3440
2026-08-18T12:58:00+00:00,AA:00:00:00:00:05,BB:00:00:00:00:01,-53,3441
2026-08-18T12:58:10+00:00,AA:00:00:00:00:01,BB:00:00:00:00:01,-98,3442
2026-08-18T12:58:10+00:00,AA:00:00:00:00:02,BB:00:00:00:00:01,-94,3443
2026-08-18T12:58:10+00:00,AA:00:00:00:00:03,BB:00:00:00:00:01,-93,3444
2026-08-18T12:58:10+00:00,AA:00:00:00:00:04,BB:00:00:00:00:01,-87,3445
2026-08-18T12:58:10+00:00,AA:00:00:00:00:05,BB:00:00:00:00:01,-53,3446
2026-08-18T12:58:20+00:00,AA:00:00:00:00:01,BB:00:00:00:00:01,-90,3447
2026-08-18T12:58:20+00:00,AA:00:00:00:00:02,BB:00:00:00:00:01,-93,3448
2026-08-18T12:58:20+00:00,AA:00:00:00:00:03,BB:00:00:00:00:01,-85,3449
2026-08-18T12:58:20+00:00,AA:00:00:00:00:04,BB:00:00:00:00:01,-91,3450
2026-08-18T12:58:20+00:00,AA:00:00:00:00:05,BB:00:00:00:00:01,-52,3451
2026-08-18T12:58:30+00:00,AA:00:00:00:00:01,BB:00:00:00:00:01,-95,3452
2026-08-18T12:58:30+00:00,AA:00:00:00:00:02,BB:00:00:00:00:01,-93,3453
2026-08-18T12:58:30+00:00,AA:00:00:00:00:03,BB:00:00:00:00:01,-91,3454
2026-08-18T12:58:30+00:00,AA:00:00:00:00:04,BB:00:00:00:00:01,-96,3455
2026-08-18T12:58:30+00:00,AA:00:00:00:00:05,BB:00:00:00:00:01,-53,3456
2026-08-18T12:58:40+00:00,AA:00:00:00:00:01,BB:00:00:00:00:01,-92,3457
2026-08-18T12:58:40+00:00,AA:00:00:00:00:02,BB:00:00:00:00:01,-90,3458
2026-08-18T12:58:40+00:00,AA:00:00:00:00:03,BB:00:00:00:00:01,-90,3459
2026-08-18T12:58:40+00:00,AA:00:00:00:00:04,BB:00:00:00:00:01,-90,3460
2026-08-18T12:58:40+00:00,AA:00:00:00:00:05,BB:00:00:00:00:01,-57,3461
2026-08-18T12:58:50+00:00,AA:00:00:00:00:01,BB:00:00:00:00:01,-91,3462
2026-08-18T12:58:50+00:00,AA:00:00:00:00:02,BB:00:00:00:00:01,-91,3463
2026-08-18T12:58:50+00:00,AA:00:00:00:00:03,BB:00:00:00:00:01,-92,3464
2026-08-18T12:58:50+00:00,AA:00:00:00:00:04,BB:00:00:00:00:01,-95,3465
2026-08-18T12:58:50+00:00,AA:00:00:00:00:05,BB:00:00:00:00:01,-53,3466
2026-08-18T12:59:00+00:00,AA:00:00:00:00:01,BB:00:00:00:00:01,-90,3467
2026-08-18T12:59:00+00:00,AA:00:00:00:00:02,BB:00:00:00:00:01,-90,3468
2026-08-18T12:59:00+00:00,AA:00:00:00:00:03,BB:00:00:00:00:01,-99,3469
2026-08-18T12:59:00+00:00,AA:00:00:00:00:04,BB:00:00:00:00:01,-92,3470
2026-08-18T12:59:00+00:00,AA:00:00:00:00:05,BB:00:00:00:00:01,-51,3471
2026-08-18T12:59:10+00:00,AA:00:00:00:00:01,BB:00:00:00:00:01,-90,3472
2026-08-18T12:59:10+00:00,AA:00:00:00:00:02,BB:00:00:00:00:01,-94,3473
2026-08-18T12:59:10+00:00,AA:00:00:00:00:03,BB:00:00:00:00:01,-90,3474
2026-08-18T12:59:10+00:00,AA:00:00:00:00:04,BB:00:00:00:00:01,-86,3475
2026-08-18T12:59:10+00:00,AA:00:00:00:00:05,BB:00:00:00:00:01,-56,3476
2026-08-18T12:59:20+00:00,AA:00:00:00:00:01,BB:00:00:00:00:01,-91,3477
2026-08-18T12:59:20+00:00,AA:00:00:00:00:02,BB:00:00:00:00:01,-95,3478
2026-08-18T12:59:20+00:00,AA:00:00:00:00:03,BB:00:00:00:00:01,-94,3479
2026-08-18T12:59:20+00:00,AA:00:00:00:00:04,BB:00:00:00:00:01,-94,3480
2026-08-18T12:59:20+00:00,AA:00:00:00:00:05,BB:00:00:00:00:01,-48,3481
2026-08-18T12:59:30+00:00,AA:00:00:00:00:01,BB:00:00:00:00:01,-93,3482
2026-08-18T12:59:30+00:00,AA:00:00:00:00:02,BB:00:00:00:00:01,-88,3483
2026-08-18T12:59:30+00:00,AA:00:00:00:00:03,BB:00:00:00:00:01,-94,3484
2026-08-18T12:59:30+00:00,AA:00:00:00:00:05,BB:00:00:00:00:01,-58,3485
2026-08-18T12:59:40+00:00,AA:00:00:00:00:01,BB:00:00:00:00:01,-88,3486
2026-08-18T12:59:40+00:00,AA:00:00:00:00:02,BB:00:00:00:00:01,-94,3487
2026-08-18T12:59:40+00:00,AA:00:00:00:00:03,BB:00:00:00:00:01,-95,3488
2026-08-18T12:59:40+00:00,AA:00:00:00:00:04,BB:00:00:00:00:01,-89,3489
2026-08-18T12:59:40+00:00,AA:00:00:00:00:05,BB:00:00:00:00:01,-56,3490
2026-08-18T12:59:50+00:00,AA:00:00:00:00:01,BB:00:00:00:00:01,-92,3491
2026-08-18T12:59:50+00:00,AA:00:00:00:00:02,BB:00:00:00:00:01,-93,3492
2026-08-18T12:59:50+00:00,AA:00:00:00:00:03,BB:00:00:00:00:01,-88,3493
2026-08-18T12:59:50+00:00,AA:00:00:00:00:04,BB:00:00:00:00:01,-95,3494
2026-08-18T12:59:50+00:00,AA:00:00:00:00:05,BB:00:00:00:00:01,-56,3495
2026-08-18T13:00:00+00:00,AA:00:00:00:00:01,BB:00:00:00:00:01,-89,3496
2026-08-18T13:00:00+00:00,AA:00:00:00:00:02,BB:00:00:00:00:01,-93,3497
2026-08-18T13:00:00+00:00,AA:00:00:00:00:03,BB:00:00:00:00:01,-92,3498
2026-08-18T13:00:00+00:00,AA:00:00:00:00:04,BB:00:00:00:00:01,-85,3499
2026-08-18T13:00:00+00:00,AA:00:00:00:00:05,BB:00:00:00:00:01,-51,3500
2026-08-18T13:00:10+00:00,AA:00:00:00:00:01,BB:00:00:00:00:01,-92,3501
2026-08-18T13:00:10+00:00,AA:00:00:00:00:02,BB:00:00:00:00:01,-86,3502
2026-08-18T13:00:10+00:00,AA:00:00:00:00:03,BB:00:00:00:00:01,-91,3503
2026-08-18T13:00:10+00:00,AA:00:00:00:00:04,BB:00:00:00:00:01,-101,3504
2026-08-18T13:00:10+00:00,AA:00:00:00:00:05,BB:00:00:00:00:01,-54,3505
2026-08-18T13:00:20+00:00,AA:00:00:00:00:01,BB:00:00:00:00:01,-87,3506
2026-08-18T13:00:20+00:00,AA:00:00:00:00:02,BB:00:00:00:00:01,-96,3507
2026-08-18T13:00:20+00:00,AA:00:00:00:00:03,BB:00:00:00:00:01,-91,3508
2026-08-18T13:00:20+00:00,AA:00:00:00:00:04,BB:00:00:00:00:01,-98,3509
2026-08-18T13:00:20+00:00,AA:00:00:00:00:05,BB:00:00:00:00:01,-52,3510
2026-08-18T13:00:30+00:00,AA:00:00:00:00:01,BB:00:00:00:00:01,-97,3511
2026-08-18T13:00:30+00:00,AA:00:00:00:00:02,BB:00:00:00:00:01,-89,3512
2026-08-18T13:00:30+00:00,AA:00:00:00:00:03,BB:00:00:00:00:01,-99,3513
2026-08-18T13:00:30+00:00,AA:00:00:00:00:04,BB:00:00:00:00:01,-91,3514
2026-08-18T13:00:30+00:00,AA:00:00:00:00:05,BB:00:00:00:00:01,-61,3515
2026-08-18T13:00:40+00:00,AA:00:00:00:00:01,BB:00:00:00:00:01,-88,3516
2026-08-18T13:00:40+00:00,AA:00:00:00:00:02,BB:00:00:00:00:01,-94,3517
2026-08-18T13:00:40+00:00,AA:00:00:00:00:03,BB:00:00:00:00:01,-94,3518
2026-08-18T13:00:40+00:00,AA:00:00:00:00:04,BB:00:00:00:00:01,-83,3519
2026-08-18T13:00:40+00:00,AA:00:00:00:00:05,BB:00:00:00:00:01,-58,3520
2026-08-18T13:00:50+00:00,AA:00:00:00:00:01,BB:00:00:00:00:01,-94,3521
2026-08-18T13:00:50+00:00,AA:00:00:00:00:02,BB:00:00:00:00:01,-96,3522
2026-08-18T13:00:50+00:00,AA:00:00:00:00:03,BB:00:00:00:00:01,-92,3523
2026-08-18T13:00:50+00:00,AA:00:00:00:00:04,BB:00:00:00:00:01,-93,3524
2026-08-18T13:00:50+00:00,AA:00:00:00:00:05,BB:00:00:00:00:01,-58,3525
2026-08-18T13:01:00+00:00,AA:00:00:00:00:01,BB:00:00:00:00:01,-98,3526
2026-08-18T13:01:00+00:00,AA:00:00:00:00:02,BB:00:00:00:00:01,-87,3527
2026-08-18T13:01:00+00:00,AA:00:00:00:00:03,BB:00:00:00:00:01,-98,3528
2026-08-18T13:01:00+00:00,AA:00:00:00:00:04,BB:00:00:00:00:01,-94,3529
2026-08-18T13:01:00+00:00,AA:00:00:00:00:05,BB:00:00:00:00:01,-56,3530
2026-08-18T13:01:10+00:00,AA:00:00:00:00:01,BB:00:00:00:00:01,-93,3531
2026-08-18T13:01:10+00:00,AA:00:00:00:00:02,BB:00:00:00:00:01,-92,3532
2026-08-18T13:01:10+00:00,AA:00:00:00:00:03,BB:00:00:00:00:01,-87,3533
2026-08-18T13:01:10+00:00,AA:00:00:00:00:04,BB:00:00:00:00:01,-91,3534
2026-08-18T13:01:20+00:00,AA:00:00:00:00:01,BB:00:00:00:00:01,-94,3535
2026-08-18T13:01:20+00:00,AA:00:00:00:00:02,BB:00:00:00:00:01,-97,3536
2026-08-18T13:01:20+00:00,AA:00:00:00:00:03,BB:00:00:00:00:01,-101,3537
2026-08-18T13:01:20+00:00,AA:00:00:00:00:04,BB:00:00:00:00:01,-89,3538
2026-08-18T13:01:20+00:00,AA:00:00:00:00:05,BB:00:00:00:00:01,-46,3539
2026-08-18T13:01:30+00:00,AA:00:00:00:00:02,BB:00:00:00:00:01,-93,3540
2026-08-18T13:01:30+00:00,AA:00:00:00:00:03,BB:00:00:00:00:01,-86,3541
2026-08-18T13:01:30+00:00,AA:00:00:00:00:04,BB:00:00:00:00:01,-92,3542
2026-08-18T13:01:30+00:00,AA:00:00:00:00:05,BB:00:00:00:00:01,-63,3543
2026-08-18T13:01:40+00:00,AA:00:00:00:00:01,BB:00:00:00:00:01,-96,3544
2026-08-18T13:01:40+00:00,AA:00:00:00:00:02,BB:00:00:00:00:01,-90,3545
2026-08-18T13:01:40+00:00,AA:00:00:00:00:03,BB:00:00:00:00:01,-87,3546
2026-08-18T13:01:40+00:00,AA:00:00:00:00:04,BB:00:00:00:00:01,-89,3547
2026-08-18T13:01:40+00:00,AA:00:00:00:00:05,BB:00:00:00:00:01,-51,3548
2026-08-18T13:01:50+00:00,AA:00:00:00:00:01,BB:00:00:00:00:01,-93,3549
2026-08-18T13:01:50+00:00,AA:00:00:00:00:02,BB:00:00:00:00:01,-90,3550
2026-08-18T13:01:50+00:00,AA:00:00:00:00:03,BB:00:00:00:00:01,-89,3551
2026-08-18T13:01:50+00:00,AA:00:00:00:00:04,BB:00:00:00:00:01,-99,3552
2026-08-18T13:01:50+00:00,AA:00:00:00:00:05,BB:00:00:00:00:01,-54,3553
2026-08-18T13:02:00+00:00,AA:00:00:00:00:01,BB:00:00:00:00:01,-94,3554
2026-08-18T13:02:00+00:00,AA:00:00:00:00:02,BB:00:00:00:00:01,-89,3555
2026-08-18T13:02:00+00:00,AA:00:00:00:00:03,BB:00:00:00:00:01,-93,3556
2026-08-18T13:02:00+00:00,AA:00:00:00:00:04,BB:00:00:00:00:01,-91,3557
2026-08-18T13:02:00+00:00,AA:00:00:00:00:05,BB:00:00:00:00:01,-49,3558
2026-08-18T13:02:10+00:00,AA:00:00:00:00:01,BB:00:00:00:00:01,-94,3559
2026-08-18T13:02:10+00:00,AA:00:00:00:00:02,BB:00:00:00:00:01,-96,3560
2026-08-18T13:02:10+00:00,AA:00:00:00:00:03,BB:00:00:00:00:01,-96,3561
2026-08-18T13:02:10+00:00,AA:00:00:00:00:04,BB:00:00:00:00:01,-89,3562
2026-08-18T13:02:10+00:00,AA:00:00:00:00:05,BB:00:00:00:00:01,-54,3563
2026-08-18T13:02:20+00:00,AA:00:00:00:00:01,BB:00:00:00:00:01,-86,3564
2026-08-18T13:02:20+00:00,AA:00:00:00:00:02,BB:00:00:00:00:01,-86,3565
2026-08-18T13:02:20+00:00,AA:00:00:00:00:03,BB:00:00:00:00:01,-93,3566
2026-08-18T13:02:20+00:00,AA:00:00:00:00:04,BB:00:00:00:00:01,-93,3567
2026-08-18T13:02:20+00:00,AA:00:00:00:00:05,BB:00:00:00:00:01,-56,3568
2026-08-18T13:02:30+00:00,AA:00:00:00:00:01,BB:00:00:00:00:01,-88,3569
2026-08-18T13:02:30+00:00,AA:00:00:00:00:02,BB:00:00:00:00:01,-91,3570
2026-08-18T13:02:30+00:00,AA:00:00:00:00:03,BB:00:00:00:00:01,-87,3571
2026-08-18T13:02:30+00:00,AA:00:00:00:00:04,BB:00:00:00:00:01,-97,3572
2026-08-18T13:02:30+00:00,AA:00:00:00:00:05,BB:00:00:00:00:01,-50,3573
2026-08-18T13:02:40+00:00,AA:00:00:00:00:01,BB:00:00:00:00:01,-97,3574
2026-08-18T13:02:40+00:00,AA:00:00:00:00:02,BB:00:00:00:00:01,-84,3575
2026-08-18T13:02:40+00:00,AA:00:00:00:00:03,BB:00:00:00:00:01,-93,3576
2026-08-18T13:02:40+00:00,AA:00:00:00:00:04,BB:00:00:00:00:01,-90,3577
2026-08-18T13:02:40+00:00,AA:00:00:00:00:05,BB:00:00:00:00:01,-49,3578
2026-08-18T13:02:50+00:00,AA:00:00:00:00:01,BB:00:00:00:00:01,-89,3579
2026-08-18T13:02:50+00:00,AA:00:00:00:00:02,BB:00:00:00:00:01,-94,3580
2026-08-18T13:02:50+00:00,AA:00:00:00:00:03,BB:00:00:00:00:01,-94,3581
2026-08-18T13:02:50+00:00,AA:00:00:00:00:04,BB:00:00:00:00:01,-95,3582
2026-08-18T13:02:50+00:00,AA:00:00:00:00:05,BB:00:00:00:00:01,-54,3583
2026-08-18T13:03:00+00:00,AA:00:00:00:00:01,BB:00:00:00:00:01,-94,3584
2026-08-18T13:03:00+00:00,AA:00:00:00:00:02,BB:00:00:00:00:01,-88,3585
2026-08-18T13:03:00+00:00,AA:00:00:00:00:03,BB:00:00:00:00:01,-95,3586
2026-08-18T13:03:00+00:00,AA:00:00:00:00:04,BB:00:00:00:00:01,-84,3587
2026-08-18T13:03:00+00:00,AA:00:00:00:00:05,BB:00:00:00:00:01,-56,3588
2026-08-18T13:03:10+00:00,AA:00:00:00:00:01,BB:00:00:00:00:01,-89,3589
2026-08-18T13:03:10+00:00,AA:00:00:00:00:02,BB:00:00:00:00:01,-97,3590
2026-08-18T13:03:10+00:00,AA:00:00:00:00:03,BB:00:00:00:00:01,-95,3591
2026-08-18T13:03:10+00:00,AA:00:00:00:00:04,BB:00:00:00:00:01,-88,3592
2026-08-18T13:03:10+00:00,AA:00:00:00:00:05,BB:00:00:00:00:01,-62,3593
2026-08-18T13:03:20+00:00,AA:00:00:00:00:01,BB:00:00:00:00:01,-89,3594
2026-08-18T13:03:20+00:00,AA:00:00:00:00:02,BB:00:00:00:00:01,-84,3595
2026-08-18T13:03:20+00:00,AA:00:00:00:00:04,BB:00:00:00:00:01,-97,3596
2026-08-18T13:03:20+00:00,AA:00:00:00:00:05,BB:00:00:00:00:01,-58,3597
2026-08-18T13:03:30+00:00,AA:00:00:00:00:01,BB:00:00:00:00:01,-87,3598
2026-08-18T13:03:30+00:00,AA:00:00:00:00:02,BB:00:00:00:00:01,-94,3599
2026-08-18T13:03:30+00:00,AA:00:00:00:00:03,BB:00:00:00:00:01,-91,3600
2026-08-18T13:03:30+00:00,AA:00:00:00:00:04,BB:00:00:00:00:01,-89,3601
2026-08-18T13:03:30+00:00,AA:00:00:00:00:05,BB:00:00:00:00:01,-54,3602
2026-08-18T13:03:40+00:00,AA:00:00:00:00:01,BB:00:00:00:00:01,-91,3603
2026-08-18T13:03:40+00:00,AA:00:00:00:00:02,BB:00:00:00:00:01,-86,3604
2026-08-18T13:03:40+00:00,AA:00:00:00:00:03,BB:00:00:00:00:01,-89,3605
2026-08-18T13:03:40+00:00,AA:00:00:00:00:04,BB:00:00:00:00:01,-93,3606
2026-08-18T13:03:40+00:00,AA:00:00:00:00:05,BB:00:00:00:00:01,-50,3607
2026-08-18T13:03:50+00:00,AA:00:00:00:00:01,BB:00:00:00:00:01,-81,3608
2026-08-18T13:03:50+00:00,AA:00:00:00:00:02,BB:00:00:00:00:01,-90,3609
2026-08-18T13:03:50+00:00,AA:00:00:00:00:03,BB:00:00:00:00:01,-92,3610
2026-08-18T13:03:50+00:00,AA:00:00:00:00:04,BB:00:00:00:00:01,-98,3611
2026-08-18T13:03:50+00:00,AA:00:00:00:00:05,BB:00:00:00:00:01,-58,3612
2026-08-18T13:04:00+00:00,AA:00:00:00:00:01,BB:00:00:00:00:01,-91,3613
2026-08-18T13:04:00+00:00,AA:00:00:00:00:02,BB:00:00:00:00:01,-90,3614
2026-08-18T13:04:00+00:00,AA:00:00:00:00:03,BB:00:00:00:00:01,-95,3615
2026-08-18T13:04:00+00:00,AA:00:00:00:00:04,BB:00:00:00:00:01,-88,3616
2026-08-18T13:04:00+00:00,AA:00:00:00:00:05,BB:00:00:00:00:01,-50,3617
2026-08-18T13:04:10+00:00,AA:00:00:00:00:01,BB:00:00:00:00:01,-99,3618
2026-08-18T13:04:10+00:00,AA:00:00:00:00:02,BB:00:00:00:00:01,-97,3619
2026-08-18T13:04:10+00:00,AA:00:00:00:00:03,BB:00:00:00:00:01,-87,3620
2026-08-18T13:04:10+00:00,AA:00:00:00:00:04,BB:00:00:00:00:01,-93,3621
2026-08-18T13:04:10+00:00,AA:00:00:00:00:05,BB:00:00:00:00:01,-52,3622
2026-08-18T13:04:20+00:00,AA:00:00:00:00:02,BB:00:00:00:00:01,-96,3623
2026-08-18T13:04:20+00:00,AA:00:00:00:00:03,BB:00:00:00:00:01,-91,3624
2026-08-18T13:04:20+00:00,AA:00:00:00:00:04,BB:00:00:00:00:01,-93,3625
2026-08-18T13:04:20+00:00,AA:00:00:00:00:05,BB:00:00:00:00:01,-54,3626
2026-08-18T13:04:30+00:00,AA:00:00:00:00:01,BB:00:00:00:00:01,-95,3627
2026-08-18T13:04:30+00:00,AA:00:00:00:00:02,BB:00:00:00:00:01,-101,3628
2026-08-18T13:04:30+00:00,AA:00:00:00:00:03,BB:00:00:00:00:01,-98,3629
2026-08-18T13:04:30+00:00,AA:00:00:00:00:04,BB:00:00:00:00:01,-94,3630
2026-08-18T13:04:30+00:00,AA:00:00:00:00:05,BB:00:00:00:00:01,-57,3631
2026-08-18T13:04:40+00:00,AA:00:00:00:00:01,BB:00:00:00:00:01,-93,3632
2026-08-18T13:04:40+00:00,AA:00:00:00:00:02,BB:00:00:00:00:01,-91,3633
2026-08-18T13:04:40+00:00,AA:00:00:00:00:03,BB:00:00:00:00:01,-86,3634
2026-08-18T13:04:40+00:00,AA:00:00:00:00:04,BB:00:00:00:00:01,-100,3635
2026-08-18T13:04:40+00:00,AA:00:00:00:00:05,BB:00:00:00:00:01,-51,3636
2026-08-18T13:04:50+00:00,AA:00:00:00:00:01,BB:00:00:00:00:01,-90,3637
2026-08-18T13:04:50+00:00,AA:00:00:00:00:02,BB:00:00:00:00:01,-99,3638
2026-08-18T13:04:50+00:00,AA:00:00:00:00:03,BB:00:00:00:00:01,-92,3639
2026-08-18T13:04:50+00:00,AA:00:00:00:00:04,BB:00:00:00:00:01,-96,3640
2026-08-18T13:04:50+00:00,AA:00:00:00:00:05,BB:00:00:00:00:01,-55,3641
2026-08-18T13:05:00+00:00,AA:00:00:00:00:01,BB:00:00:00:00:01,-94,3642
2026-08-18T13:05:00+00:00,AA:00:00:00:00:02,BB:00:00:00:00:01,-98,3643
2026-08-18T13:05:00+00:00,AA:00:00:00:00:03,BB:00:00:00:00:01,-99,3644
2026-08-18T13:05:00+00:00,AA:00:00:00:00:04,BB:00:00:00:00:01,-87,3645
2026-08-18T13:05:00+00:00,AA:00:00:00:00:05,BB:00:00:00:00:01,-54,3646
2026-08-18T13:05:10+00:00,AA:00:00:00:00:01,BB:00:00:00:00:01,-89,3647
2026-08-18T13:05:10+00:00,AA:00:00:00:00:02,BB:00:00:00:00:01,-95,3648
2026-08-18T13:05:10+00:00,AA:00:00:00:00:03,BB:00:00:00:00:01,-84,3649
2026-08-18T13:05:10+00:00,AA:00:00:00:00:04,BB:00:00:00:00:01,-96,3650
2026-08-18T13:05:10+00:00,AA:00:00:00:00:05,BB:00:00:00:00:01,-51,3651
2026-08-18T13:05:20+00:00,AA:00:00:00:00:01,BB:00:00:00:00:01,-95,3652
2026-08-18T13:05:20+00:00,AA:00:00:00:00:02,BB:00:00:00:00:01,-91,3653
2026-08-18T13:05:20+00:00,AA:00:00:00:00:03,BB:00:00:00:00:01,-95,3654
2026-08-18T13:05:20+00:00,AA:00:00:00:00:04,BB:00:00:00:00:01,-95,3655
2026-08-18T13:05:20+00:00,AA:00:00:00:00:05,BB:00:00:00:00:01,-54,3656
2026-08-18T13:05:30+00:00,AA:00:00:00:00:01,BB:00:00:00:00:01,-95,3657
2026-08-18T13:05:30+00:00,AA:00:00:00:00:02,BB:00:00:00:00:01,-91,3658
2026-08-18T13:05:30+00:00,AA:00:00:00:00:03,BB:00:00:00:00:01,-86,3659
2026-08-18T13:05:30+00:00,AA:00:00:00:00:04,BB:00:00:00:00:01,-89,3660
2026-08-18T13:05:30+00:00,AA:00:00:00:00:05,BB:00:00:00:00:01,-59,3661
2026-08-18T13:05:40+00:00,AA:00:00:00:00:01,BB:00:00:00:00:01,-90,3662
2026-08-18T13:05:40+00:00,AA:00:00:00:00:02,BB:00:00:00:00:01,-93,3663
2026-08-18T13:05:40+00:00,AA:00:00:00:00:03,BB:00:00:00:00:01,-91,3664
2026-08-18T13:05:40+00:00,AA:00:00:00:00:04,BB:00:00:00:00:01,-89,3665
2026-08-18T13:05:40+00:00,AA:00:00:00:00:05,BB:00:00:00:00:01,-53,3666
2026-08-18T13:05:50+00:00,AA:00:00:00:00:01,BB:00:00:00:00:01,-98,3667
2026-08-18T13:05:50+00:00,AA:00:00:00:00:02,BB:00:00:00:00:01,-78,3668
2026-08-18T13:05:50+00:00,AA:00:00:00:00:03,BB:00:00:00:00:01,-92,3669
2026-08-18T13:05:50+00:00,AA:00:00:00:00:04,BB:00:00:00:00:01,-92,3670
2026-08-18T13:05:50+00:00,AA:00:00:00:00:05,BB:00:00:00:00:01,-55,3671
2026-08-18T13:06:00+00:00,AA:00:00:00:00:01,BB:00:00:00:00:01,-91,3672
2026-08-18T13:06:00+00:00,AA:00:00:00:00:02,BB:00:00:00:00:01,-96,3673
2026-08-18T13:06:00+00:00,AA:00:00:00:00:03,BB:00:00:00:00:01,-95,3674
2026-08-18T13:06:00+00:00,AA:00:00:00:00:04,BB:00:00:00:00:01,-59,3675
2026-08-18T13:06:00+00:00,AA:00:00:00:00:05,BB:00:00:00:00:01,-90,3676
2026-08-18T13:06:10+00:00,AA:00:00:00:00:01,BB:00:00:00:00:01,-89,3677
2026-08-18T13:06:10+00:00,AA:00:00:00:00:02,BB:00:00:00:00:01,-97,3678
2026-08-18T13:06:10+00:00,AA:00:00:00:00:03,BB:00:00:00:00:01,-91,3679
2026-08-18T13:06:10+00:00,AA:00:00:00:00:04,BB:00:00:00:00:01,-56,3680
2026-08-18T13:06:10+00:00,AA:00:00:00:00:05,BB:00:00:00:00:01,-96,3681
2026-08-18T13:06:20+00:00,AA:00:00:00:00:01,BB:00:00:00:00:01,-89,3682
2026-08-18T13:06:20+00:00,AA:00:00:00:00:02,BB:00:00:00:00:01,-86,3683
2026-08-18T13:06:20+00:00,AA:00:00:00:00:03,BB:00:00:00:00:01,-97,3684
2026-08-18T13:06:20+00:00,AA:00:00:00:00:04,BB:00:00:00:00:01,-53,3685
2026-08-18T13:06:20+00:00,AA:00:00:00:00:05,BB:00:00:00:00:01,-85,3686
2026-08-18T13:06:30+00:00,AA:00:00:00:00:01,BB:00:00:00:00:01,-85,3687
2026-08-18T13:06:30+00:00,AA:00:00:00:00:02,BB:00:00:00:00:01,-90,3688
2026-08-18T13:06:30+00:00,AA:00:00:00:00:03,BB:00:00:00:00:01,-95,3689
2026-08-18T13:06:30+00:00,AA:00:00:00:00:04,BB:00:00:00:00:01,-61,3690
2026-08-18T13:06:30+00:00,AA:00:00:00:00:05,BB:00:00:00:00:01,-88,3691
2026-08-18T13:06:40+00:00,AA:00:00:00:00:01,BB:00:00:00:00:01,-85,3692
2026-08-18T13:06:40+00:00,AA:00:00:00:00:02,BB:00:00:00:00:01,-91,3693
2026-08-18T13:06:40+00:00,AA:00:00:00:00:03,BB:00:00:00:00:01,-89,3694
2026-08-18T13:06:40+00:00,AA:00:00:00:00:04,BB:00:00:00:00:01,-56,3695
2026-08-18T13:06:50+00:00,AA:00:00:00:00:01,BB:00:00:00:00:01,-97,3696
2026-08-18T13:06:50+00:00,AA:00:00:00:00:02,BB:00:00:00:00:01,-96,3697
2026-08-18T13:06:50+00:00,AA:00:00:00:00:03,BB:00:00:00:00:01,-89,3698
2026-08-18T13:06:50+00:00,AA:00:00:00:00:04,BB:00:00:00:00:01,-59,3699
2026-08-18T13:06:50+00:00,AA:00:00:00:00:05,BB:00:00:00:00:01,-94,3700
2026-08-18T13:07:00+00:00,AA:00:00:00:00:01,BB:00:00:00:00:01,-88,3701
2026-08-18T13:07:00+00:00,AA:00:00:00:00:02,BB:00:00:00:00:01,-89,3702
2026-08-18T13:07:00+00:00,AA:00:00:00:00:03,BB:00:00:00:00:01,-95,3703
2026-08-18T13:07:00+00:00,AA:00:00:00:00:04,BB:00:00:00:00:01,-55,3704
2026-08-18T13:07:00+00:00,AA:00:00:00:00:05,BB:00:00:00:00:01,-93,3705
2026-08-18T13:07:10+00:00,AA:00:00:00:00:01,BB:00:00:00:00:01,-89,3706
2026-08-18T13:07:10+00:00,AA:00:00:00:00:02,BB:00:00:00:00:01,-87,3707
2026-08-18T13:07:10+00:00,AA:00:00:00:00:03,BB:00:00:00:00:01,-90,3708
2026-08-18T13:07:10+00:00,AA:00:00:00:00:04,BB:00:00:00:00:01,-57,3709
2026-08-18T13:07:10+00:00,AA:00:00:00:00:05,BB:00:00:00:00:01,-91,3710
2026-08-18T13:07:20+00:00,AA:00:00:00:00:01,BB:00:00:00:00:01,-93,3711
2026-08-18T13:07:20+00:00,AA:00:00:00:00:02,BB:00:00:00:00:01,-92,3712
2026-08-18T13:07:20+00:00,AA:00:00:00:00:03,BB:00:00:00:00:01,-90,3713
2026-08-18T13:07:20+00:00,AA:00:00:00:00:04,BB:00:00:00:00:01,-53,3714
2026-08-18T13:07:20+00:00,AA:00:00:00:00:05,BB:00:00:00:00:01,-97,3715
2026-08-18T13:07:30+00:00,AA:00:00:00:00:01,BB:00:00:00:00:01,-91,3716
2026-08-18T13:07:30+00:00,AA:00:00:00:00:02,BB:00:00:00:00:01,-98,3717
2026-08-18T13:07:30+00:00,AA:00:00:00:00:03,BB:00:00:00:00:01,-92,3718
2026-08-18T13:07:30+00:00,AA:00:00:00:00:04,BB:00:00:00:00:01,-54,3719
2026-08-18T13:07:30+00:00,AA:00:00:00:00:05,BB:00:00:00:00:01,-91,3720
2026-08-18T13:07:40+00:00,AA:00:00:00:00:01,BB:00:00:00:00:01,-101,3721
2026-08-18T13:07:40+00:00,AA:00:00:00:00:02,BB:00:00:00:00:01,-93,3722
2026-08-18T13:07:40+00:00,AA:00:00:00:00:03,BB:00:00:00:00:01,-98,3723
2026-08-18T13:07:40+00:00,AA:00:00:00:00:04,BB:00:00:00:00:01,-58,3724
2026-08-18T13:07:40+00:00,AA:00:00:00:00:05,BB:00:00:00:00:01,-98,3725
2026-08-18T13:07:50+00:00,AA:00:00:00:00:01,BB:00:00:00:00:01,-90,3726
2026-08-18T13:07:50+00:00,AA:00:00:00:00:02,BB:00:00:00:00:01,-98,3727
2026-08-18T13:07:50+00:00,AA:00:00:00:00:03,BB:00:00:00:00:01,-97,3728
2026-08-18T13:07:50+00:00,AA:00:00:00:00:04,BB:00:00:00:00:01,-50,3729
2026-08-18T13:07:50+00:00,AA:00:00:00:00:05,BB:00:00:00:00:01,-96,3730
2026-08-18T13:08:00+00:00,AA:00:00:00:00:01,BB:00:00:00:00:01,-90,3731
2026-08-18T13:08:00+00:00,AA:00:00:00:00:02,BB:00:00:00:00:01,-87,3732
2026-08-18T13:08:00+00:00,AA:00:00:00:00:03,BB:00:00:00:00:01,-91,3733
2026-08-18T13:08:00+00:00,AA:00:00:00:00:04,BB:00:00:00:00:01,-47,3734
2026-08-18T13:08:00+00:00,AA:00:00:00:00:05,BB:00:00:00:00:01,-94,3735
2026-08-18T13:08:10+00:00,AA:00:00:00:00:01,BB:00:00:00:00:01,-83,3736
2026-08-18T13:08:10+00:00,AA:00:00:00:00:03,BB:00:00:00:00:01,-87,3737
2026-08-18T13:08:10+00:00,AA:00:00:00:00:04,BB:00:00:00:00:01,-53,3738
2026-08-18T13:08:10+00:00,AA:00:00:00:00:05,BB:00:00:00:00:01,-92,3739
2026-08-18T13:08:20+00:00,AA:00:00:00:00:01,BB:00:00:00:00:01,-94,3740
2026-08-18T13:08:20+00:00,AA:00:00:00:00:02,BB:00:00:00:00:01,-88,3741
2026-08-18T13:08:20+00:00,AA:00:00:00:00:03,BB:00:00:00:00:01,-94,3742
2026-08-18T13:08:20+00:00,AA:00:00:00:00:04,BB:00:00:00:00:01,-55,3743
2026-08-18T13:08:20+00:00,AA:00:00:00:00:05,BB:00:00:00:00:01,-97,3744
2026-08-18T13:08:30+00:00,AA:00:00:00:00:01,BB:00:00:00:00:01,-88,3745
2026-08-18T13:08:30+00:00,AA:00:00:00:00:02,BB:00:00:00:00:01,-90,3746
2026-08-18T13:08:30+00:00,AA:00:00:00:00:03,BB:00:00:00:00:01,-92,3747
2026-08-18T13:08:30+00:00,AA:00:00:00:00:04,BB:00:00:00:00:01,-55,3748
2026-08-18T13:08:30+00:00,AA:00:00:00:00:05,BB:00:00:00:00:01,-97,3749
2026-08-18T13:08:40+00:00,AA:00:00:00:00:01,BB:00:00:00:00:01,-92,3750
2026-08-18T13:08:40+00:00,AA:00:00:00:00:02,BB:00:00:00:00:01,-82,3751
2026-08-18T13:08:40+00:00,AA:00:00:00:00:03,BB:00:00:00:00:01,-91,3752
2026-08-18T13:08:40+00:00,AA:00:00:00:00:04,BB:00:00:00:00:01,-57,3753
2026-08-18T13:08:40+00:00,AA:00:00:00:00:05,BB:00:00:00:00:01,-93,3754
2026-08-18T13:08:50+00:00,AA:00:00:00:00:01,BB:00:00:00:00:01,-87,3755
2026-08-18T13:08:50+00:00,AA:00:00:00:00:02,BB:00:00:00:00:01,-91,3756
2026-08-18T13:08:50+00:00,AA:00:00:00:00:03,BB:00:00:00:00:01,-98,3757
2026-08-18T13:08:50+00:00,AA:00:00:00:00:04,BB:00:00:00:00:01,-55,3758
2026-08-18T13:08:50+00:00,AA:00:00:00:00:05,BB:00:00:00:00:01,-91,3759
2026-08-18T13:09:00+00:00,AA:00:00:00:00:01,BB:00:00:00:00:01,-95,3760
2026-08-18T13:09:00+00:00,AA:00:00:00:00:02,BB:00:00:00:00:01,-99,3761
2026-08-18T13:09:00+00:00,AA:00:00:00:00:03,BB:00:00:00:00:01,-94,3762
2026-08-18T13:09:00+00:00,AA:00:00:00:00:04,BB:00:00:00:00:01,-63,3763
2026-08-18T13:09:00+00:00,AA:00:00:00:00:05,BB:00:00:00:00:01,-92,3764
2026-08-18T13:09:10+00:00,AA:00:00:00:00:01,BB:00:00:00:00:01,-92,3765
2026-08-18T13:09:10+00:00,AA:00:00:00:00:02,BB:00:00:00:00:01,-89,3766
2026-08-18T13:09:10+00:00,AA:00:00:00:00:03,BB:00:00:00:00:01,-94,3767
2026-08-18T13:09:10+00:00,AA:00:00:00:00:04,BB:00:00:00:00:01,-66,3768
2026-08-18T13:09:10+00:00,AA:00:00:00:00:05,BB:00:00:00:00:01,-86,3769
2026-08-18T13:09:20+00:00,AA:00:00:00:00:01,BB:00:00:00:00:01,-93,3770
2026-08-18T13:09:20+00:00,AA:00:00:00:00:02,BB:00:00:00:00:01,-94,3771
2026-08-18T13:09:20+00:00,AA:00:00:00:00:03,BB:00:00:00:00:01,-91,3772
2026-08-18T13:09:20+00:00,AA:00:00:00:00:04,BB:00:00:00:00:01,-57,3773
2026-08-18T13:09:20+00:00,AA:00:00:00:00:05,BB:00:00:00:00:01,-89,3774
2026-08-18T13:09:30+00:00,AA:00:00:00:00:01,BB:00:00:00:00:01,-90,3775
2026-08-18T13:09:30+00:00,AA:00:00:00:00:02,BB:00:00:00:00:01,-91,3776
2026-08-18T13:09:30+00:00,AA:00:00:00:00:03,BB:00:00:00:00:01,-87,3777
2026-08-18T13:09:30+00:00,AA:00:00:00:00:04,BB:00:00:00:00:01,-54,3778
2026-08-18T13:09:30+00:00,AA:00:00:00:00:05,BB:00:00:00:00:01,-88,3779
2026-08-18T13:09:40+00:00,AA:00:00:00:00:01,BB:00:00:00:00:01,-94,3780
2026-08-18T13:09:40+00:00,AA:00:00:00:00:02,BB:00:00:00:00:01,-88,3781
2026-08-18T13:09:40+00:00,AA:00:00:00:00:03,BB:00:00:00:00:01,-90,3782
2026-08-18T13:09:40+00:00,AA:00:00:00:00:04,BB:00:00:00:00:01,-60,3783
2026-08-18T13:09:40+00:00,AA:00:00:00:00:05,BB:00:00:00:00:01,-91,3784
2026-08-18T13:09:50+00:00,AA:00:00:00:00:03,BB:00:00:00:00:01,-89,3785
2026-08-18T13:09:50+00:00,AA:00:00:00:00:04,BB:00:00:00:00:01,-50,3786
2026-08-18T13:10:00+00:00,AA:00:00:00:00:02,BB:00:00:00:00:01,-98,3787
2026-08-18T13:10:00+00:00,AA:00:00:00:00:03,BB:00:00:00:00:01,-95,3788
2026-08-18T13:10:00+00:00,AA:00:00:00:00:04,BB:00:00:00:00:01,-50,3789
2026-08-18T13:10:00+00:00,AA:00:00:00:00:05,BB:00:00:00:00:01,-89,3790
2026-08-18T13:10:10+00:00,AA:00:00:00:00:01,BB:00:00:00:00:01,-96,3791
2026-08-18T13:10:10+00:00,AA:00:00:00:00:02,BB:00:00:00:00:01,-95,3792
2026-08-18T13:10:10+00:00,AA:00:00:00:00:03,BB:00:00:00:00:01,-94,3793
2026-08-18T13:10:10+00:00,AA:00:00:00:00:04,BB:00:00:00:00:01,-65,3794
2026-08-18T13:10:10+00:00,AA:00:00:00:00:05,BB:00:00:00:00:01,-98,3795
2026-08-18T13:10:20+00:00,AA:00:00:00:00:01,BB:00:00:00:00:01,-89,3796
2026-08-18T13:10:20+00:00,AA:00:00:00:00:02,BB:00:00:00:00:01,-94,3797
2026-08-18T13:10:20+00:00,AA:00:00:00:00:03,BB:00:00:00:00:01,-93,3798
2026-08-18T13:10:20+00:00,AA:00:00:00:00:04,BB:00:00:00:00:01,-56,3799
2026-08-18T13:10:20+00:00,AA:00:00:00:00:05,BB:00:00:00:00:01,-90,3800
2026-08-18T13:10:30+00:00,AA:00:00:00:00:01,BB:00:00:00:00:01,-90,3801
2026-08-18T13:10:30+00:00,AA:00:00:00:00:02,BB:00:00:00:00:01,-100,3802
2026-08-18T13:10:30+00:00,AA:00:00:00:00:03,BB:00:00:00:00:01,-98,3803
2026-08-18T13:10:30+00:00,AA:00:00:00:00:04,BB:00:00:00:00:01,-56,3804
2026-08-18T13:10:30+00:00,AA:00:00:00:00:05,BB:00:00:00:00:01,-86,3805
2026-08-18T13:10:40+00:00,AA:00:00:00:00:01,BB:00:00:00:00:01,-86,3806
2026-08-18T13:10:40+00:00,AA:00:00:00:00:02,BB:00:00:00:00:01,-93,3807
2026-08-18T13:10:40+00:00,AA:00:00:00:00:03,BB:00:00:00:00:01,-90,3808
2026-08-18T13:10:40+00:00,AA:00:00:00:00:04,BB:00:00:00:00:01,-58,3809
2026-08-18T13:10:40+00:00,AA:00:00:00:00:05,BB:00:00:00:00:01,-87,3810
2026-08-18T13:10:50+00:00,AA:00:00:00:00:01,BB:00:00:00:00:01,-95,3811
2026-08-18T13:10:50+00:00,AA:00:00:00:00:02,BB:00:00:00:00:01,-93,3812
2026-08-18T13:10:50+00:00,AA:00:00:00:00:03,BB:00:00:00:00:01,-97,3813
2026-08-18T13:10:50+00:00,AA:00:00:00:00:04,BB:00:00:00:00:01,-55,3814
2026-08-18T13:10:50+00:00,AA:00:00:00:00:05,BB:00:00:00:00:01,-92,3815
2026-08-18T13:11:00+00:00,AA:00:00:00:00:01,BB:00:00:00:00:01,-90,3816
2026-08-18T13:11:00+00:00,AA:00:00:00:00:02,BB:00:00:00:00:01,-87,3817
2026-08-18T13:11:00+00:00,AA:00:00:00:00:03,BB:00:00:00:00:01,-88,3818
2026-08-18T13:11:00+00:00,AA:00:00:00:00:04,BB:00:00:00:00:01,-52,3819
2026-08-18T13:11:00+00:00,AA:00:00:00:00:05,BB:00:00:00:00:01,-92,3820
2026-08-18T13:11:10+00:00,AA:00:00:00:00:01,BB:00:00:00:00:01,-90,3821
2026-08-18T13:11:10+00:00,AA:00:00:00:00:02,BB:00:00:00:00:01,-93,3822
2026-08-18T13:11:10+00:00,AA:00:00:00:00:03,BB:00:00:00:00:01,-95,3823
2026-08-18T13:11:10+00:00,AA:00:00:00:00:04,BB:00:00:00:00:01,-56,3824
2026-08-18T13:11:10+00:00,AA:00:00:00:00:05,BB:00:00:00:00:01,-88,3825
2026-08-18T13:11:20+00:00,AA:00:00:00:00:02,BB:00:00:00:00:01,-94,3826
2026-08-18T13:11:20+00:00,AA:00:00:00:00:03,BB:00:00:00:00:01,-90,3827
2026-08-18T13:11:20+00:00,AA:00:00:00:00:04,BB:00:00:00:00:01,-51,3828
2026-08-18T13:11:20+00:00,AA:00:00:00:00:05,BB:00:00:00:00:01,-92,3829
2026-08-18T13:11:30+00:00,AA:00:00:00:00:01,BB:00:00:00:00:01,-99,3830
2026-08-18T13:11:30+00:00,AA:00:00:00:00:02,BB:00:00:00:00:01,-98,3831
2026-08-18T13:11:30+00:00,AA:00:00:00:00:03,BB:00:00:00:00:01,-87,3832
2026-08-18T13:11:30+00:00,AA:00:00:00:00:04,BB:00:00:00:00:01,-57,3833
2026-08-18T13:11:30+00:00,AA:00:00:00:00:05,BB:00:00:00:00:01,-93,3834
2026-08-18T13:11:40+00:00,AA:00:00:00:00:01,BB:00:00:00:00:01,-96,3835
2026-08-18T13:11:40+00:00,AA:00:00:00:00:02,BB:00:00:00:00:01,-91,3836
2026-08-18T13:11:40+00:00,AA:00:00:00:00:03,BB:00:00:00:00:01,-90,3837
2026-08-18T13:11:40+00:00,AA:00:00:00:00:04,BB:00:00:00:00:01,-54,3838
2026-08-18T13:11:40+00:00,AA:00:00:00:00:05,BB:00:00:00:00:01,-92,3839
2026-08-18T13:11:50+00:00,AA:00:00:00:00:01,BB:00:00:00:00:01,-91,3840
2026-08-18T13:11:50+00:00,AA:00:00:00:00:02,BB:00:00:00:00:01,-101,3841
2026-08-18T13:11:50+00:00,AA:00:00:00:00:04,BB:00:00:00:00:01,-58,3842
2026-08-18T13:11:50+00:00,AA:00:00:00:00:05,BB:00:00:00:00:01,-89,3843
2026-08-18T13:12:00+00:00,AA:00:00:00:00:01,BB:00:00:00:00:01,-93,3844
2026-08-18T13:12:00+00:00,AA:00:00:00:00:02,BB:00:00:00:00:01,-91,3845
2026-08-18T13:12:00+00:00,AA:00:00:00:00:03,BB:00:00:00:00:01,-94,3846
2026-08-18T13:12:00+00:00,AA:00:00:00:00:04,BB:00:00:00:00:01,-93,3847
2026-08-18T13:12:00+00:00,AA:00:00:00:00:05,BB:00:00:00:00:01,-50,3848
2026-08-18T13:12:10+00:00,AA:00:00:00:00:01,BB:00:00:00:00:01,-95,3849
2026-08-18T13:12:10+00:00,AA:00:00:00:00:02,BB:00:00:00:00:01,-94,3850
2026-08-18T13:12:10+00:00,AA:00:00:00:00:03,BB:00:00:00:00:01,-98,3851
2026-08-18T13:12:10+00:00,AA:00:00:00:00:04,BB:00:00:00:00:01,-92,3852
2026-08-18T13:12:10+00:00,AA:00:00:00:00:05,BB:00:00:00:00:01,-58,3853
2026-08-18T13:12:20+00:00,AA:00:00:00:00:01,BB:00:00:00:00:01,-96,3854
2026-08-18T13:12:20+00:00,AA:00:00:00:00:02,BB:00:00:00:00:01,-96,3855
2026-08-18T13:12:20+00:00,AA:00:00:00:00:03,BB:00:00:00:00:01,-92,3856
2026-08-18T13:12:20+00:00,AA:00:00:00:00:04,BB:00:00:00:00:01,-88,3857
2026-08-18T13:12:20+00:00,AA:00:00:00:00:05,BB:00:00:00:00:01,-63,3858
2026-08-18T13:12:30+00:00,AA:00:00:00:00:01,BB:00:00:00:00:01,-98,3859
2026-08-18T13:12:30+00:00,AA:00:00:00:00:02,BB:00:00:00:00:01,-91,3860
2026-08-18T13:12:30+00:00,AA:00:00:00:00:03,BB:00:00:00:00:01,-98,3861
2026-08-18T13:12:30+00:00,AA:00:00:00:00:04,BB:00:00:00:00:01,-99,3862
2026-08-18T13:12:30+00:00,AA:00:00:00:00:05,BB:00:00:00:00:01,-59,3863
2026-08-18T13:12:40+00:00,AA:00:00:00:00:01,BB:00:00:00:00:01,-99,3864
2026-08-18T13:12:40+00:00,AA:00:00:00:00:02,BB:00:00:00:00:01,-88,3865
2026-08-18T13:12:40+00:00,AA:00:00:00:00:03,BB:00:00:00:00:01,-86,3866
2026-08-18T13:12:40+00:00,AA:00:00:00:00:04,BB:00:00:00:00:01,-93,3867
2026-08-18T13:12:40+00:00,AA:00:00:00:00:05,BB:00:00:00:00:01,-62,3868
2026-08-18T13:12:50+00:00,AA:00:00:00:00:01,BB:00:00:00:00:01,-88,3869
2026-08-18T13:12:50+00:00,AA:00:00:00:00:02,BB:00:00:00:00:01,-97,3870
2026-08-18T13:12:50+00:00,AA:00:00:00:00:03,BB:00:00:00:00:01,-97,3871
2026-08-18T13:12:50+00:00,AA:00:00:00:00:04,BB:00:00:00:00:01,-92,3872
2026-08-18T13:12:50+00:00,AA:00:00:00:00:05,BB:00:00:00:00:01,-64,3873
2026-08-18T13:13:00+00:00,AA:00:00:00:00:01,BB:00:00:00:00:01,-85,3874
2026-08-18T13:13:00+00:00,AA:00:00:00:00:02,BB:00:00:00:00:01,-93,3875
2026-08-18T13:13:00+00:00,AA:00:00:00:00:03,BB:00:00:00:00:01,-94,3876
2026-08-18T13:13:00+00:00,AA:00:00:00:00:04,BB:00:00:00:00:01,-97,3877
2026-08-18T13:13:00+00:00,AA:00:00:00:00:05,BB:00:00:00:00:01,-53,3878
2026-08-18T13:13:10+00:00,AA:00:00:00:00:01,BB:00:00:00:00:01,-89,3879
2026-08-18T13:13:10+00:00,AA:00:00:00:00:02,BB:00:00:00:00:01,-88,3880
2026-08-18T13:13:10+00:00,AA:00:00:00:00:03,BB:00:00:00:00:01,-83,3881
2026-08-18T13:13:10+00:00,AA:00:00:00:00:04,BB:00:00:00:00:01,-91,3882
2026-08-18T13:13:10+00:00,AA:00:00:00:00:05,BB:00:00:00:00:01,-54,3883
2026-08-18T13:13:20+00:00,AA:00:00:00:00:01,BB:00:00:00:00:01,-93,3884
2026-08-18T13:13:20+00:00,AA:00:00:00:00:02,BB:00:00:00:00:01,-83,3885
2026-08-18T13:13:20+00:00,AA:00:00:00:00:03,BB:00:00:00:00:01,-98,3886
2026-08-18T13:13:20+00:00,AA:00:00:00:00:04,BB:00:00:00:00:01,-98,3887
2026-08-18T13:13:20+00:00,AA:00:00:00:00:05,BB:00:00:00:00:01,-57,3888
2026-08-18T13:13:30+00:00,AA:00:00:00:00:01,BB:00:00:00:00:01,-90,3889
2026-08-18T13:13:30+00:00,AA:00:00:00:00:02,BB:00:00:00:00:01,-98,3890
2026-08-18T13:13:30+00:00,AA:00:00:00:00:03,BB:00:00:00:00:01,-91,3891
2026-08-18T13:13:30+00:00,AA:00:00:00:00:04,BB:00:00:00:00:01,-92,3892
2026-08-18T13:13:40+00:00,AA:00:00:00:00:01,BB:00:00:00:00:01,-88,3893
2026-08-18T13:13:40+00:00,AA:00:00:00:00:02,BB:00:00:00:00:01,-89,3894
2026-08-18T13:13:40+00:00,AA:00:00:00:00:03,BB:00:00:00:00:01,-85,3895
2026-08-18T13:13:40+00:00,AA:00:00:00:00:04,BB:00:00:00:00:01,-93,3896
2026-08-18T13:13:40+00:00,AA:00:00:00:00:05,BB:00:00:00:00:01,-57,3897
2026-08-18T13:13:50+00:00,AA:00:00:00:00:01,BB:00:00:00:00:01,-88,3898
2026-08-18T13:13:50+00:00,AA:00:00:00:00:02,BB:00:00:00:00:01,-85,3899
2026-08-18T13:13:50+00:00,AA:00:00:00:00:03,BB:00:00:00:00:01,-92,3900
2026-08-18T13:13:50+00:00,AA:00:00:00:00:04,BB:00:00:00:00:01,-93,3901
2026-08-18T13:13:50+00:00,AA:00:00:00:00:05,BB:00:00:00:00:01,-54,3902
2026-08-18T13:14:00+00:00,AA:00:00:00:00:01,BB:00:00:00:00:01,-88,3903
2026-08-18T13:14:00+00:00,AA:00:00:00:00:02,BB:00:00:00:00:01,-89,3904
2026-08-18T13:14:00+00:00,AA:00:00:00:00:03,BB:00:00:00:00:01,-90,3905
2026-08-18T13:14:00+00:00,AA:00:00:00:00:04,BB:00:00:00:00:01,-93,3906
2026-08-18T13:14:00+00:00,AA:00:00:00:00:05,BB:00:00:00:00:01,-56,3907
2026-08-18T13:14:10+00:00,AA:00:00:00:00:01,BB:00:00:00:00:01,-86,3908
2026-08-18T13:14:10+00:00,AA:00:00:00:00:02,BB:00:00:00:00:01,-96,3909
2026-08-18T13:14:10+00:00,AA:00:00:00:00:03,BB:00:00:00:00:01,-96,3910
2026-08-18T13:14:10+00:00,AA:00:00:00:00:04,BB:00:00:00:00:01,-88,3911
2026-08-18T13:14:10+00:00,AA:00:00:00:00:05,BB:00:00:00:00:01,-44,3912
2026-08-18T13:14:20+00:00,AA:00:00:00:00:01,BB:00:00:00:00:01,-88,3913
2026-08-18T13:14:20+00:00,AA:00:00:00:00:02,BB:00:00:00:00:01,-92,3914
2026-08-18T13:14:20+00:00,AA:00:00:00:00:03,BB:00:00:00:00:01,-94,3915
2026-08-18T13:14:20+00:00,AA:00:00:00:00:04,BB:00:00:00:00:01,-88,3916
2026-08-18T13:14:20+00:00,AA:00:00:00:00:05,BB:00:00:00:00:01,-56,3917
2026-08-18T13:14:30+00:00,AA:00:00:00:00:01,BB:00:00:00:00:01,-93,3918
2026-08-18T13:14:30+00:00,AA:00:00:00:00:02,BB:00:00:00:00:01,-81,3919
2026-08-18T13:14:30+00:00,AA:00:00:00:00:03,BB:00:00:00:00:01,-97,3920
2026-08-18T13:14:30+00:00,AA:00:00:00:00:04,BB:00:00:00:00:01,-92,3921
2026-08-18T13:14:30+00:00,AA:00:00:00:00:05,BB:00:00:00:00:01,-58,3922
2026-08-18T13:14:40+00:00,AA:00:00:00:00:01,BB:00:00:00:00:01,-97,3923
2026-08-18T13:14:40+00:00,AA:00:00:00:00:02,BB:00:00:00:00:01,-93,3924
2026-08-18T13:14:40+00:00,AA:00:00:00:00:03,BB:00:00:00:00:01,-87,3925
2026-08-18T13:14:40+00:00,AA:00:00:00:00:04,BB:00:00:00:00:01,-87,3926
2026-08-18T13:14:40+00:00,AA:00:00:00:00:05,BB:00:00:00:00:01,-63,3927
2026-08-18T13:14:50+00:00,AA:00:00:00:00:01,BB:00:00:00:00:01,-94,3928
2026-08-18T13:14:50+00:00,AA:00:00:00:00:02,BB:00:00:00:00:01,-88,3929
2026-08-18T13:14:50+00:00,AA:00:00:00:00:03,BB:00:00:00:00:01,-88,3930
2026-08-18T13:14:50+00:00,AA:00:00:00:00:04,BB:00:00:00:00:01,-92,3931
2026-08-18T13:14:50+00:00,AA:00:00:00:00:05,BB:00:00:00:00:01,-61,3932
2026-08-18T13:15:00+00:00,AA:00:00:00:00:01,BB:00:00:00:00:01,-93,3933
2026-08-18T13:15:00+00:00,AA:00:00:00:00:02,BB:00:00:00:00:01,-94,3934
2026-08-18T13:15:00+00:00,AA:00:00:00:00:03,BB:00:00:00:00:01,-92,3935
2026-08-18T13:15:00+00:00,AA:00:00:00:00:04,BB:00:00:00:00:01,-95,3936
2026-08-18T13:15:00+00:00,AA:00:00:00:00:05,BB:00:00:00:00:01,-53,3937
2026-08-18T13:15:10+00:00,AA:00:00:00:00:01,BB:00:00:00:00:01,-93,3938
2026-08-18T13:15:10+00:00,AA:00:00:00:00:02,BB:00:00:00:00:01,-92,3939
2026-08-18T13:15:10+00:00,AA:00:00:00:00:03,BB:00:00:00:00:01,-94,3940
2026-08-18T13:15:10+00:00,AA:00:00:00:00:04,BB:00:00:00:00:01,-86,3941
2026-08-18T13:15:10+00:00,AA:00:00:00:00:05,BB:00:00:00:00:01,-58,3942
2026-08-18T13:15:20+00:00,AA:00:00:00:00:01,BB:00:00:00:00:01,-97,3943
2026-08-18T13:15:20+00:00,AA:00:00:00:00:02,BB:00:00:00:00:01,-88,3944
2026-08-18T13:15:20+00:00,AA:00:00:00:00:03,BB:00:00:00:00:01,-95,3945
2026-08-18T13:15:20+00:00,AA:00:00:00:00:04,BB:00:00:00:00:01,-96,3946
2026-08-18T13:15:20+00:00,AA:00:00:00:00:05,BB:00:00:00:00:01,-55,3947
2026-08-18T13:15:30+00:00,AA:00:00:00:00:01,BB:00:00:00:00:01,-90,3948
2026-08-18T13:15:30+00:00,AA:00:00:00:00:02,BB:00:00:00:00:01,-93,3949
2026-08-18T13:15:30+00:00,AA:00:00:00:00:03,BB:00:00:00:00:01,-101,3950
2026-08-18T13:15:30+00:00,AA:00:00:00:00:04,BB:00:00:00:00:01,-97,3951
2026-08-18T13:15:30+00:00,AA:00:00:00:00:05,BB:00:00:00:00:01,-49,3952
2026-08-18T13:15:40+00:00,AA:00:00:00:00:01,BB:00:00:00:00:01,-91,3953
2026-08-18T13:15:40+00:00,AA:00:00:00:00:02,BB:00:00:00:00:01,-92,3954
2026-08-18T13:15:40+00:00,AA:00:00:00:00:03,BB:00:00:00:00:01,-89,3955
2026-08-18T13:15:40+00:00,AA:00:00:00:00:04,BB:00:00:00:00:01,-92,3956
2026-08-18T13:15:40+00:00,AA:00:00:00:00:05,BB:00:00:00:00:01,-54,3957
2026-08-18T13:15:50+00:00,AA:00:00:00:00:01,BB:00:00:00:00:01,-97,3958
2026-08-18T13:15:50+00:00,AA:00:00:00:00:02,BB:00:00:00:00:01,-96,3959
2026-08-18T13:15:50+00:00,AA:00:00:00:00:03,BB:00:00:00:00:01,-89,3960
2026-08-18T13:15:50+00:00,AA:00:00:00:00:04,BB:00:00:00:00:01,-85,3961
2026-08-18T13:15:50+00:00,AA:00:00:00:00:05,BB:00:00:00:00:01,-58,3962
2026-08-18T13:16:00+00:00,AA:00:00:00:00:01,BB:00:00:00:00:01,-94,3963
2026-08-18T13:16:00+00:00,AA:00:00:00:00:02,BB:00:00:00:00:01,-93,3964
2026-08-18T13:16:00+00:00,AA:00:00:00:00:03,BB:00:00:00:00:01,-94,3965
2026-08-18T13:16:00+00:00,AA:00:00:00:00:05,BB:00:00:00:00:01,-45,3966
2026-08-18T13:16:10+00:00,AA:00:00:00:00:01,BB:00:00:00:00:01,-82,3967
2026-08-18T13:16:10+00:00,AA:00:00:00:00:02,BB:00:00:00:00:01,-90,3968
2026-08-18T13:16:10+00:00,AA:00:00:00:00:03,BB:00:00:00:00:01,-96,3969
2026-08-18T13:16:10+00:00,AA:00:00:00:00:04,BB:00:00:00:00:01,-88,3970
2026-08-18T13:16:10+00:00,AA:00:00:00:00:05,BB:00:00:00:00:01,-55,3971
2026-08-18T13:16:20+00:00,AA:00:00:00:00:01,BB:00:00:00:00:01,-93,3972
2026-08-18T13:16:20+00:00,AA:00:00:00:00:02,BB:00:00:00:00:01,-99,3973
2026-08-18T13:16:20+00:00,AA:00:00:00:00:03,BB:00:00:00:00:01,-90,3974
2026-08-18T13:16:20+00:00,AA:00:00:00:00:04,BB:00:00:00:00:01,-94,3975
2026-08-18T13:16:20+00:00,AA:00:00:00:00:05,BB:00:00:00:00:01,-49,3976
2026-08-18T13:16:30+00:00,AA:00:00:00:00:02,BB:00:00:00:00:01,-95,3977
2026-08-18T13:16:30+00:00,AA:00:00:00:00:04,BB:00:00:00:00:01,-92,3978
2026-08-18T13:16:30+00:00,AA:00:00:00:00:05,BB:00:00:00:00:01,-59,3979
2026-08-18T13:16:40+00:00,AA:00:00:00:00:01,BB:00:00:00:00:01,-93,3980
2026-08-18T13:16:40+00:00,AA:00:00:00:00:02,BB:00:00:00:00:01,-94,3981
2026-08-18T13:16:40+00:00,AA:00:00:00:00:03,BB:00:00:00:00:01,-87,3982
2026-08-18T13:16:40+00:00,AA:00:00:00:00:04,BB:00:00:00:00:01,-87,3983
2026-08-18T13:16:40+00:00,AA:00:00:00:00:05,BB:00:00:00:00:01,-51,3984
2026-08-18T13:16:50+00:00,AA:00:00:00:00:01,BB:00:00:00:00:01,-97,3985
2026-08-18T13:16:50+00:00,AA:00:00:00:00:02,BB:00:00:00:00:01,-88,3986
2026-08-18T13:16:50+00:00,AA:00:00:00:00:03,BB:00:00:00:00:01,-87,3987
2026-08-18T13:16:50+00:00,AA:00:00:00:00:04,BB:00:00:00:00:01,-91,3988
2026-08-18T13:16:50+00:00,AA:00:00:00:00:05,BB:00:00:00:00:01,-48,3989
2026-08-18T13:17:00+00:00,AA:00:00:00:00:01,BB:00:00:00:00:01,-93,3990
2026-08-18T13:17:00+00:00,AA:00:00:00:00:03,BB:00:00:00:00:01,-86,3991
2026-08-18T13:17:00+00:00,AA:00:00:00:00:04,BB:00:00:00:00:01,-84,3992
2026-08-18T13:17:10+00:00,AA:00:00:00:00:01,BB:00:00:00:00:01,-93,3993
2026-08-18T13:17:10+00:00,AA:00:00:00:00:02,BB:00:00:00:00:01,-81,3994
2026-08-18T13:17:10+00:00,AA:00:00:00:00:03,BB:00:00:00:00:01,-88,3995
2026-08-18T13:17:10+00:00,AA:00:00:00:00:04,BB:00:00:00:00:01,-86,3996
2026-08-18T13:17:10+00:00,AA:00:00:00:00:05,BB:00:00:00:00:01,-56,3997
2026-08-18T13:17:20+00:00,AA:00:00:00:00:01,BB:00:00:00:00:01,-92,3998
2026-08-18T13:17:20+00:00,AA:00:00:00:00:02,BB:00:00:00:00:01,-87,3999
2026-08-18T13:17:20+00:00,AA:00:00:00:00:03,BB:00:00:00:00:01,-94,4000
2026-08-18T13:17:20+00:00,AA:00:00:00:00:04,BB:00:00:00:00:01,-95,4001
2026-08-18T13:17:20+00:00,AA:00:00:00:00:05,BB:00:00:00:00:01,-59,4002
2026-08-18T13:17:30+00:00,AA:00:00:00:00:01,BB:00:00:00:00:01,-98,4003
2026-08-18T13:17:30+00:00,AA:00:00:00:00:02,BB:00:00:00:00:01,-93,4004
2026-08-18T13:17:30+00:00,AA:00:00:00:00:03,BB:00:00:00:00:01,-86,4005
2026-08-18T13:17:30+00:00,AA:00:00:00:00:04,BB:00:00:00:00:01,-88,4006
2026-08-18T13:17:30+00:00,AA:00:00:00:00:05,BB:00:00:00:00:01,-53,4007
2026-08-18T13:17:40+00:00,AA:00:00:00:00:01,BB:00:00:00:00:01,-87,4008
2026-08-18T13:17:40+00:00,AA:00:00:00:00:02,BB:00:00:00:00:01,-91,4009
2026-08-18T13:17:40+00:00,AA:00:00:00:00:03,BB:00:00:00:00:01,-92,4010
2026-08-18T13:17:40+00:00,AA:00:00:00:00:04,BB:00:00:00:00:01,-99,4011
2026-08-18T13:17:40+00:00,AA:00:00:00:00:05,BB:00:00:00:00:01,-58,4012
2026-08-18T13:17:50+00:00,AA:00:00:00:00:01,BB:00:00:00:00:01,-95,4013
2026-08-18T13:17:50+00:00,AA:00:00:00:00:02,BB:00:00:00:00:01,-84,4014
2026-08-18T13:17:50+00:00,AA:00:00:00:00:03,BB:00:00:00:00:01,-89,4015
2026-08-18T13:17:50+00:00,AA:00:00:00:00:04,BB:00:00:00:00:01,-92,4016
2026-08-18T13:17:50+00:00,AA:00:00:00:00:05,BB:00:00:00:00:01,-56,4017
2026-08-18T13:18:00+00:00,AA:00:00:00:00:01,BB:00:00:00:00:01,-90,4018
2026-08-18T13:18:00+00:00,AA:00:00:00:00:02,BB:00:00:00:00:01,-96,4019
2026-08-18T13:18:00+00:00,AA:00:00:00:00:03,BB:00:00:00:00:01,-94,4020
2026-08-18T13:18:00+00:00,AA:00:00:00:00:04,BB:00:00:00:00:01,-99,4021
2026-08-18T13:18:00+00:00,AA:00:00:00:00:05,BB:00:00:00:00:01,-47,4022
2026-08-18T13:18:10+00:00,AA:00:00:00:00:01,BB:00:00:00:00:01,-94,4023
2026-08-18T13:18:10+00:00,AA:00:00:00:00:02,BB:00:00:00:00:01,-90,4024
2026-08-18T13:18:10+00:00,AA:00:00:00:00:03,BB:00:00:00:00:01,-87,4025
2026-08-18T13:18:10+00:00,AA:00:00:00:00:04,BB:00:00:00:00:01,-90,4026
2026-08-18T13:18:10+00:00,AA:00:00:00:00:05,BB:00:00:00:00:01,-53,4027
2026-08-18T13:18:20+00:00,AA:00:00:00:00:02,BB:00:00:00:00:01,-93,4028
2026-08-18T13:18:20+00:00,AA:00:00:00:00:03,BB:00:00:00:00:01,-95,4029
2026-08-18T13:18:20+00:00,AA:00:00:00:00:04,BB:00:00:00:00:01,-88,4030
2026-08-18T13:18:20+00:00,AA:00:00:00:00:05,BB:00:00:00:00:01,-52,4031
2026-08-18T13:18:30+00:00,AA:00:00:00:00:01,BB:00:00:00:00:01,-92,4032
2026-08-18T13:18:30+00:00,AA:00:00:00:00:02,BB:00:00:00:00:01,-91,4033
2026-08-18T13:18:30+00:00,AA:00:00:00:00:03,BB:00:00:00:00:01,-98,4034
2026-08-18T13:18:30+00:00,AA:00:00:00:00:05,BB:00:00:00:00:01,-60,4035
2026-08-18T13:18:40+00:00,AA:00:00:00:00:01,BB:00:00:00:00:01,-95,4036
2026-08-18T13:18:40+00:00,AA:00:00:00:00:02,BB:00:00:00:00:01,-93,4037
2026-08-18T13:18:40+00:00,AA:00:00:00:00:03,BB:00:00:00:00:01,-92,4038
2026-08-18T13:18:40+00:00,AA:00:00:00:00:04,BB:00:00:00:00:01,-89,4039
2026-08-18T13:18:40+00:00,AA:00:00:00:00:05,BB:00:00:00:00:01,-50,4040
2026-08-18T13:18:50+00:00,AA:00:00:00:00:01,BB:00:00:00:00:01,-93,4041
2026-08-18T13:18:50+00:00,AA:00:00:00:00:02,BB:00:00:00:00:01,-88,4042
2026-08-18T13:18:50+00:00,AA:00:00:00:00:03,BB:00:00:00:00:01,-88,4043
2026-08-18T13:18:50+00:00,AA:00:00:00:00:04,BB:00:00:00:00:01,-98,4044
2026-08-18T13:18:50+00:00,AA:00:00:00:00:05,BB:00:00:00:00:01,-49,4045
2026-08-18T13:19:00+00:00,AA:00:00:00:00:01,BB:00:00:00:00:01,-92,4046
2026-08-18T13:19:00+00:00,AA:00:00:00:00:02,BB:00:00:00:00:01,-88,4047
2026-08-18T13:19:00+00:00,AA:00:00:00:00:04,BB:00:00:00:00:01,-89,4048
2026-08-18T13:19:00+00:00,AA:00:00:00:00:05,BB:00:00:00:00:01,-54,4049
2026-08-18T13:19:10+00:00,AA:00:00:00:00:01,BB:00:00:00:00:01,-88,4050
2026-08-18T13:19:10+00:00,AA:00:00:00:00:02,BB:00:00:00:00:01,-95,4051
2026-08-18T13:19:10+00:00,AA:00:00:00:00:04,BB:00:00:00:00:01,-93,4052
2026-08-18T13:19:10+00:00,AA:00:00:00:00:05,BB:00:00:00:00:01,-55,4053
2026-08-18T13:19:20+00:00,AA:00:00:00:00:01,BB:00:00:00:00:01,-91,4054
2026-08-18T13:19:20+00:00,AA:00:00:00:00:02,BB:00:00:00:00:01,-91,4055
2026-08-18T13:19:20+00:00,AA:00:00:00:00:03,BB:00:00:00:00:01,-94,4056
2026-08-18T13:19:20+00:00,AA:00:00:00:00:04,BB:00:00:00:00:01,-95,4057
2026-08-18T13:19:20+00:00,AA:00:00:00:00:05,BB:00:00:00:00:01,-53,4058
2026-08-18T13:19:30+00:00,AA:00:00:00:00:01,BB:00:00:00:00:01,-94,4059
2026-08-18T13:19:30+00:00,AA:00:00:00:00:02,BB:00:00:00:00:01,-88,4060
2026-08-18T13:19:30+00:00,AA:00:00:00:00:03,BB:00:00:00:00:01,-93,4061
2026-08-18T13:19:30+00:00,AA:00:00:00:00:04,BB:00:00:00:00:01,-89,4062
2026-08-18T13:19:30+00:00,AA:00:00:00:00:05,BB:00:00:00:00:01,-49,4063
2026-08-18T13:19:40+00:00,AA:00:00:00:00:01,BB:00:00:00:00:01,-97,4064
2026-08-18T13:19:40+00:00,AA:00:00:00:00:02,BB:00:00:00:00:01,-92,4065
2026-08-18T13:19:40+00:00,AA:00:00:00:00:03,BB:00:00:00:00:01,-97,4066
2026-08-18T13:19:40+00:00,AA:00:00:00:00:04,BB:00:00:00:00:01,-94,4067
2026-08-18T13:19:40+00:00,AA:00:00:00:00:05,BB:00:00:00:00:01,-51,4068
2026-08-18T13:19:50+00:00,AA:00:00:00:00:01,BB:00:00:00:00:01,-93,4069
2026-08-18T13:19:50+00:00,AA:00:00:00:00:02,BB:00:00:00:00:01,-87,4070
2026-08-18T13:19:50+00:00,AA:00:00:00:00:03,BB:00:00:00:00:01,-93,4071
2026-08-18T13:19:50+00:00,AA:00:00:00:00:04,BB:00:00:00:00:01,-94,4072
2026-08-18T13:19:50+00:00,AA:00:00:00:00:05,BB:00:00:00:00:01,-55,4073
2026-08-18T13:20:00+00:00,AA:00:00:00:00:01,BB:00:00:00:00:01,-91,4074
2026-08-18T13:20:00+00:00,AA:00:00:00:00:02,BB:00:00:00:00:01,-90,4075
2026-08-18T13:20:00+00:00,AA:00:00:00:00:04,BB:00:00:00:00:01,-90,4076
2026-08-18T13:20:00+00:00,AA:00:00:00:00:05,BB:00:00:00:00:01,-55,4077
2026-08-18T13:20:10+00:00,AA:00:00:00:00:01,BB:00:00:00:00:01,-87,4078
2026-08-18T13:20:10+00:00,AA:00:00:00:00:02,BB:00:00:00:00:01,-85,4079
2026-08-18T13:20:10+00:00,AA:00:00:00:00:03,BB:00:00:00:00:01,-93,4080
2026-08-18T13:20:10+00:00,AA:00:00:00:00:04,BB:00:00:00:00:01,-101,4081
2026-08-18T13:20:10+00:00,AA:00:00:00:00:05,BB:00:00:00:00:01,-51,4082
2026-08-18T13:20:20+00:00,AA:00:00:00:00:01,BB:00:00:00:00:01,-95,4083
2026-08-18T13:20:20+00:00,AA:00:00:00:00:02,BB:00:00:00:00:01,-85,4084
2026-08-18T13:20:20+00:00,AA:00:00:00:00:03,BB:00:00:00:00:01,-93,4085
2026-08-18T13:20:20+00:00,AA:00:00:00:00:04,BB:00:00:00:00:01,-90,4086
2026-08-18T13:20:20+00:00,AA:00:00:00:00:05,BB:00:00:00:00:01,-53,4087
2026-08-18T13:20:30+00:00,AA:00:00:00:00:01,BB:00:00:00:00:01,-93,4088
2026-08-18T13:20:30+00:00,AA:00:00:00:00:02,BB:00:00:00:00:01,-96,4089
2026-08-18T13:20:30+00:00,AA:00:00:00:00:03,BB:00:00:00:00:01,-94,4090
2026-08-18T13:20:30+00:00,AA:00:00:00:00:04,BB:00:00:00:00:01,-96,4091
2026-08-18T13:20:30+00:00,AA:00:00:00:00:05,BB:00:00:00:00:01,-53,4092
2026-08-18T13:20:40+00:00,AA:00:00:00:00:01,BB:00:00:00:00:01,-106,4093
2026-08-18T13:20:40+00:00,AA:00:00:00:00:02,BB:00:00:00:00:01,-93,4094
2026-08-18T13:20:40+00:00,AA:00:00:00:00:03,BB:00:00:00:00:01,-97,4095
2026-08-18T13:20:40+00:00,AA:00:00:00:00:04,BB:00:00:00:00:01,-89,4096
2026-08-18T13:20:40+00:00,AA:00:00:00:00:05,BB:00:00:00:00:01,-56,4097
2026-08-18T13:20:50+00:00,AA:00:00:00:00:01,BB:00:00:00:00:01,-98,4098
2026-08-18T13:20:50+00:00,AA:00:00:00:00:02,BB:00:00:00:00:01,-93,4099
2026-08-18T13:20:50+00:00,AA:00:00:00:00:03,BB:00:00:00:00:01,-102,4100
2026-08-18T13:20:50+00:00,AA:00:00:00:00:04,BB:00:00:00:00:01,-97,4101
2026-08-18T13:20:50+00:00,AA:00:00:00:00:05,BB:00:00:00:00:01,-56,4102
2026-08-18T13:21:00+00:00,AA:00:00:00:00:01,BB:00:00:00:00:01,-96,4103
2026-08-18T13:21:00+00:00,AA:00:00:00:00:02,BB:00:00:00:00:01,-99,4104
2026-08-18T13:21:00+00:00,AA:00:00:00:00:03,BB:00:00:00:00:01,-85,4105
2026-08-18T13:21:00+00:00,AA:00:00:00:00:04,BB:00:00:00:00:01,-89,4106
2026-08-18T13:21:00+00:00,AA:00:00:00:00:05,BB:00:00:00:00:01,-58,4107
2026-08-18T13:21:10+00:00,AA:00:00:00:00:01,BB:00:00:00:00:01,-90,4108
2026-08-18T13:21:10+00:00,AA:00:00:00:00:02,BB:00:00:00:00:01,-89,4109
2026-08-18T13:21:10+00:00,AA:00:00:00:00:03,BB:00:00:00:00:01,-94,4110
2026-08-18T13:21:10+00:00,AA:00:00:00:00:04,BB:00:00:00:00:01,-90,4111
2026-08-18T13:21:10+00:00,AA:00:00:00:00:05,BB:00:00:00:00:01,-53,4112
2026-08-18T13:21:20+00:00,AA:00:00:00:00:01,BB:00:00:00:00:01,-92,4113
2026-08-18T13:21:20+00:00,AA:00:00:00:00:02,BB:00:00:00:00:01,-97,4114
2026-08-18T13:21:20+00:00,AA:00:00:00:00:03,BB:00:00:00:00:01,-87,4115
2026-08-18T13:21:20+00:00,AA:00:00:00:00:04,BB:00:00:00:00:01,-94,4116
2026-08-18T13:21:20+00:00,AA:00:00:00:00:05,BB:00:00:00:00:01,-60,4117
2026-08-18T13:21:30+00:00,AA:00:00:00:00:01,BB:00:00:00:00:01,-91,4118
2026-08-18T13:21:30+00:00,AA:00:00:00:00:02,BB:00:00:00:00:01,-95,4119
2026-08-18T13:21:30+00:00,AA:00:00:00:00:03,BB:00:00:00:00:01,-94,4120
2026-08-18T13:21:30+00:00,AA:00:00:00:00:04,BB:00:00:00:00:01,-90,4121
2026-08-18T13:21:30+00:00,AA:00:00:00:00:05,BB:00:00:00:00:01,-57,4122
2026-08-18T13:21:40+00:00,AA:00:00:00:00:01,BB:00:00:00:00:01,-94,4123
2026-08-18T13:21:40+00:00,AA:00:00:00:00:02,BB:00:00:00:00:01,-92,4124
2026-08-18T13:21:40+00:00,AA:00:00:00:00:03,BB:00:00:00:00:01,-89,4125
2026-08-18T13:21:40+00:00,AA:00:00:00:00:04,BB:00:00:00:00:01,-89,4126
2026-08-18T13:21:40+00:00,AA:00:00:00:00:05,BB:00:00:00:00:01,-54,4127
2026-08-18T13:21:50+00:00,AA:00:00:00:00:01,BB:00:00:00:00:01,-88,4128
2026-08-18T13:21:50+00:00,AA:00:00:00:00:02,BB:00:00:00:00:01,-89,4129
2026-08-18T13:21:50+00:00,AA:00:00:00:00:03,BB:00:00:00:00:01,-85,4130
2026-08-18T13:21:50+00:00,AA:00:00:00:00:04,BB:00:00:00:00:01,-91,4131
2026-08-18T13:21:50+00:00,AA:00:00:00:00:05,BB:00:00:00:00:01,-57,4132
2026-08-18T13:22:00+00:00,AA:00:00:00:00:01,BB:00:00:00:00:01,-97,4133
2026-08-18T13:22:00+00:00,AA:00:00:00:00:02,BB:00:00:00:00:01,-86,4134
2026-08-18T13:22:00+00:00,AA:00:00:00:00:03,BB:00:00:00:00:01,-88,4135
2026-08-18T13:22:00+00:00,AA:00:00:00:00:04,BB:00:00:00:00:01,-91,4136
2026-08-18T13:22:00+00:00,AA:00:00:00:00:05,BB:00:00:00:00:01,-54,4137
2026-08-18T13:22:10+00:00,AA:00:00:00:00:01,BB:00:00:00:00:01,-90,4138
2026-08-18T13:22:10+00:00,AA:00:00:00:00:02,BB:00:00:00:00:01,-92,4139
2026-08-18T13:22:10+00:00,AA:00:00:00:00:03,BB:00:00:00:00:01,-88,4140
2026-08-18T13:22:10+00:00,AA:00:00:00:00:04,BB:00:00:00:00:01,-93,4141
2026-08-18T13:22:10+00:00,AA:00:00:00:00:05,BB:00:00:00:00:01,-58,4142
2026-08-18T13:22:20+00:00,AA:00:00:00:00:01,BB:00:00:00:00:01,-101,4143
2026-08-18T13:22:20+00:00,AA:00:00:00:00:02,BB:00:00:00:00:01,-92,4144
2026-08-18T13:22:20+00:00,AA:00:00:00:00:03,BB:00:00:00:00:01,-91,4145
2026-08-18T13:22:20+00:00,AA:00:00:00:00:04,BB:00:00:00:00:01,-91,4146
2026-08-18T13:22:20+00:00,AA:00:00:00:00:05,BB:00:00:00:00:01,-62,4147
2026-08-18T13:22:30+00:00,AA:00:00:00:00:01,BB:00:00:00:00:01,-92,4148
2026-08-18T13:22:30+00:00,AA:00:00:00:00:02,BB:00:00:00:00:01,-98,4149
2026-08-18T13:22:30+00:00,AA:00:00:00:00:03,BB:00:00:00:00:01,-83,4150
2026-08-18T13:22:30+00:00,AA:00:00:00:00:04,BB:00:00:00:00:01,-93,4151
2026-08-18T13:22:30+00:00,AA:00:00:00:00:05,BB:00:00:00:00:01,-51,4152
2026-08-18T13:22:40+00:00,AA:00:00:00:00:01,BB:00:00:00:00:01,-89,4153
2026-08-18T13:22:40+00:00,AA:00:00:00:00:02,BB:00:00:00:00:01,-88,4154
2026-08-18T13:22:40+00:00,AA:00:00:00:00:03,BB:00:00:00:00:01,-84,4155
2026-08-18T13:22:40+00:00,AA:00:00:00:00:04,BB:00:00:00:00:01,-102,4156
2026-08-18T13:22:40+00:00,AA:00:00:00:00:05,BB:00:00:00:00:01,-53,4157
2026-08-18T13:22:50+00:00,AA:00:00:00:00:01,BB:00:00:00:00:01,-86,4158
2026-08-18T13:22:50+00:00,AA:00:00:00:00:03,BB:00:00:00:00:01,-92,4159
2026-08-18T13:22:50+00:00,AA:00:00:00:00:04,BB:00:00:00:00:01,-94,4160
2026-08-18T13:22:50+00:00,AA:00:00:00:00:05,BB:00:00:00:00:01,-57,4161
2026-08-18T13:23:00+00:00,AA:00:00:00:00:01,BB:00:00:00:00:01,-83,4162
2026-08-18T13:23:00+00:00,AA:00:00:00:00:02,BB:00:00:00:00:01,-93,4163
2026-08-18T13:23:00+00:00,AA:00:00:00:00:03,BB:00:00:00:00:01,-91,4164
2026-08-18T13:23:00+00:00,AA:00:00:00:00:04,BB:00:00:00:00:01,-91,4165
2026-08-18T13:23:00+00:00,AA:00:00:00:00:05,BB:00:00:00:00:01,-57,4166
2026-08-18T13:23:10+00:00,AA:00:00:00:00:01,BB:00:00:00:00:01,-94,4167
2026-08-18T13:23:10+00:00,AA:00:00:00:00:02,BB:00:00:00:00:01,-98,4168
2026-08-18T13:23:10+00:00,AA:00:00:00:00:03,BB:00:00:00:00:01,-92,4169
2026-08-18T13:23:10+00:00,AA:00:00:00:00:04,BB:00:00:00:00:01,-93,4170
2026-08-18T13:23:10+00:00,AA:00:00:00:00:05,BB:00:00:00:00:01,-51,4171
2026-08-18T13:23:20+00:00,AA:00:00:00:00:01,BB:00:00:00:00:01,-91,4172
2026-08-18T13:23:20+00:00,AA:00:00:00:00:02,BB:00:00:00:00:01,-92,4173
2026-08-18T13:23:20+00:00,AA:00:00:00:00:03,BB:00:00:00:00:01,-91,4174
2026-08-18T13:23:20+00:00,AA:00:00:00:00:04,BB:00:00:00:00:01,-88,4175
2026-08-18T13:23:20+00:00,AA:00:00:00:00:05,BB:00:00:00:00:01,-51,4176
2026-08-18T13:23:30+00:00,AA:00:00:00:00:01,BB:00:00:00:00:01,-83,4177
2026-08-18T13:23:30+00:00,AA:00:00:00:00:02,BB:00:00:00:00:01,-91,4178
2026-08-18T13:23:30+00:00,AA:00:00:00:00:03,BB:00:00:00:00:01,-92,4179
2026-08-18T13:23:30+00:00,AA:00:00:00:00:04,BB:00:00:00:00:01,-95,4180
2026-08-18T13:23:30+00:00,AA:00:00:00:00:05,BB:00:00:00:00:01,-49,4181
2026-08-18T13:23:40+00:00,AA:00:00:00:00:01,BB:00:00:00:00:01,-96,4182
2026-08-18T13:23:40+00:00,AA:00:00:00:00:02,BB:00:00:00:00:01,-93,4183
2026-08-18T13:23:40+00:00,AA:00:00:00:00:03,BB:00:00:00:00:01,-98,4184
2026-08-18T13:23:40+00:00,AA:00:00:00:00:04,BB:00:00:00:00:01,-86,4185
2026-08-18T13:23:40+00:00,AA:00:00:00:00:05,BB:00:00:00:00:01,-51,4186
2026-08-18T13:23:50+00:00,AA:00:00:00:00:01,BB:00:00:00:00:01,-88,4187
2026-08-18T13:23:50+00:00,AA:00:00:00:00:02,BB:00:00:00:00:01,-90,4188
2026-08-18T13:23:50+00:00,AA:00:00:00:00:03,BB:00:00:00:00:01,-86,4189
2026-08-18T13:23:50+00:00,AA:00:00:00:00:04,BB:00:00:00:00:01,-96,4190
2026-08-18T13:24:00+00:00,AA:00:00:00:00:01,BB:00:00:00:00:01,-90,4191
2026-08-18T13:24:00+00:00,AA:00:00:00:00:02,BB:00:00:00:00:01,-86,4192
2026-08-18T13:24:00+00:00,AA:00:00:00:00:03,BB:00:00:00:00:01,-95,4193
2026-08-18T13:24:00+00:00,AA:00:00:00:00:04,BB:00:00:00:00:01,-93,4194
2026-08-18T13:24:00+00:00,AA:00:00:00:00:05,BB:00:00:00:00:01,-46,4195
2026-08-18T13:24:10+00:00,AA:00:00:00:00:01,BB:00:00:00:00:01,-98,4196
2026-08-18T13:24:10+00:00,AA:00:00:00:00:02,BB:00:00:00:00:01,-94,4197
2026-08-18T13:24:10+00:00,AA:00:00:00:00:03,BB:00:00:00:00:01,-101,4198
2026-08-18T13:24:10+00:00,AA:00:00:00:00:04,BB:00:00:00:00:01,-88,4199
2026-08-18T13:24:10+00:00,AA:00:00:00:00:05,BB:00:00:00:00:01,-57,4200
2026-08-18T13:24:20+00:00,AA:00:00:00:00:01,BB:00:00:00:00:01,-93,4201
2026-08-18T13:24:20+00:00,AA:00:00:00:00:02,BB:00:00:00:00:01,-94,4202
2026-08-18T13:24:20+00:00,AA:00:00:00:00:03,BB:00:00:00:00:01,-90,4203
2026-08-18T13:24:20+00:00,AA:00:00:00:00:04,BB:00:00:00:00:01,-98,4204
2026-08-18T13:24:30+00:00,AA:00:00:00:00:01,BB:00:00:00:00:01,-99,4205
2026-08-18T13:24:30+00:00,AA:00:00:00:00:02,BB:00:00:00:00:01,-92,4206
2026-08-18T13:24:30+00:00,AA:00:00:00:00:03,BB:00:00:00:00:01,-96,4207
2026-08-18T13:24:30+00:00,AA:00:00:00:00:04,BB:00:00:00:00:01,-92,4208
2026-08-18T13:24:30+00:00,AA:00:00:00:00:05,BB:00:00:00:00:01,-52,4209
2026-08-18T13:24:40+00:00,AA:00:00:00:00:01,BB:00:00:00:00:01,-95,4210
2026-08-18T13:24:40+00:00,AA:00:00:00:00:02,BB:00:00:00:00:01,-100,4211
2026-08-18T13:24:40+00:00,AA:00:00:00:00:03,BB:00:00:00:00:01,-93,4212
2026-08-18T13:24:40+00:00,AA:00:00:00:00:04,BB:00:00:00:00:01,-97,4213
2026-08-18T13:24:40+00:00,AA:00:00:00:00:05,BB:00:00:00:00:01,-56,4214
2026-08-18T13:24:50+00:00,AA:00:00:00:00:01,BB:00:00:00:00:01,-97,4215
2026-08-18T13:24:50+00:00,AA:00:00:00:00:02,BB:00:00:00:00:01,-92,4216
2026-08-18T13:24:50+00:00,AA:00:00:00:00:03,BB:00:00:00:00:01,-91,4217
2026-08-18T13:24:50+00:00,AA:00:00:00:00:04,BB:00:00:00:00:01,-89,4218
2026-08-18T13:24:50+00:00,AA:00:00:00:00:05,BB:00:00:00:00:01,-56,4219
2026-08-18T13:25:00+00:00,AA:00:00:00:00:01,BB:00:00:00:00:01,-92,4220
2026-08-18T13:25:00+00:00,AA:00:00:00:00:02,BB:00:00:00:00:01,-85,4221
2026-08-18T13:25:00+00:00,AA:00:00:00:00:03,BB:00:00:00:00:01,-95,4222
2026-08-18T13:25:00+00:00,AA:00:00:00:00:04,BB:00:00:00:00:01,-88,4223
2026-08-18T13:25:00+00:00,AA:00:00:00:00:05,BB:00:00:00:00:01,-56,4224
2026-08-18T13:25:10+00:00,AA:00:00:00:00:01,BB:00:00:00:00:01,-97,4225
2026-08-18T13:25:10+00:00,AA:00:00:00:00:02,BB:00:00:00:00:01,-95,4226
2026-08-18T13:25:10+00:00,AA:00:00:00:00:03,BB:00:00:00:00:01,-94,4227
2026-08-18T13:25:10+00:00,AA:00:00:00:00:04,BB:00:00:00:00:01,-91,4228
2026-08-18T13:25:10+00:00,AA:00:00:00:00:05,BB:00:00:00:00:01,-58,4229
2026-08-18T13:25:20+00:00,AA:00:00:00:00:02,BB:00:00:00:00:01,-93,4230
2026-08-18T13:25:20+00:00,AA:00:00:00:00:03,BB:00:00:00:00:01,-92,4231
2026-08-18T13:25:20+00:00,AA:00:00:00:00:04,BB:00:00:00:00:01,-94,4232
2026-08-18T13:25:20+00:00,AA:00:00:00:00:05,BB:00:00:00:00:01,-60,4233
2026-08-18T13:25:30+00:00,AA:00:00:00:00:01,BB:00:00:00:00:01,-99,4234
2026-08-18T13:25:30+00:00,AA:00:00:00:00:02,BB:00:00:00:00:01,-91,4235
2026-08-18T13:25:30+00:00,AA:00:00:00:00:03,BB:00:00:00:00:01,-95,4236
2026-08-18T13:25:30+00:00,AA:00:00:00:00:04,BB:00:00:00:00:01,-90,4237
2026-08-18T13:25:30+00:00,AA:00:00:00:00:05,BB:00:00:00:00:01,-61,4238
2026-08-18T13:25:40+00:00,AA:00:00:00:00:01,BB:00:00:00:00:01,-93,4239
2026-08-18T13:25:40+00:00,AA:00:00:00:00:02,BB:00:00:00:00:01,-96,4240
2026-08-18T13:25:40+00:00,AA:00:00:00:00:03,BB:00:00:00:00:01,-91,4241
2026-08-18T13:25:40+00:00,AA:00:00:00:00:04,BB:00:00:00:00:01,-90,4242
2026-08-18T13:25:40+00:00,AA:00:00:00:00:05,BB:00:00:00:00:01,-61,4243
2026-08-18T13:25:50+00:00,AA:00:00:00:00:01,BB:00:00:00:00:01,-92,4244
2026-08-18T13:25:50+00:00,AA:00:00:00:00:02,BB:00:00:00:00:01,-91,4245
2026-08-18T13:25:50+00:00,AA:00:00:00:00:03,BB:00:00:00:00:01,-90,4246
2026-08-18T13:25:50+00:00,AA:00:00:00:00:04,BB:00:00:00:00:01,-91,4247
2026-08-18T13:25:50+00:00,AA:00:00:00:00:05,BB:00:00:00:00:01,-54,4248
2026-08-18T13:26:00+00:00,AA:00:00:00:00:01,BB:00:00:00:00:01,-90,4249
2026-08-18T13:26:00+00:00,AA:00:00:00:00:02,BB:00:00:00:00:01,-92,4250
2026-08-18T13:26:00+00:00,AA:00:00:00:00:03,BB:00:00:00:00:01,-90,4251
2026-08-18T13:26:00+00:00,AA:00:00:00:00:04,BB:00:00:00:00:01,-97,4252
2026-08-18T13:26:00+00:00,AA:00:00:00:00:05,BB:00:00:00:00:01,-52,4253
2026-08-18T13:26:10+00:00,AA:00:00:00:00:01,BB:00:00:00:00:01,-98,4254
2026-08-18T13:26:10+00:00,AA:00:00:00:00:02,BB:00:00:00:00:01,-92,4255
2026-08-18T13:26:10+00:00,AA:00:00:00:00:03,BB:00:00:00:00:01,-90,4256
2026-08-18T13:26:10+00:00,AA:00:00:00:00:04,BB:00:00:00:00:01,-82,4257
2026-08-18T13:26:10+00:00,AA:00:00:00:00:05,BB:00:00:00:00:01,-54,4258
2026-08-18T13:26:20+00:00,AA:00:00:00:00:01,BB:00:00:00:00:01,-92,4259
2026-08-18T13:26:20+00:00,AA:00:00:00:00:02,BB:00:00:00:00:01,-96,4260
2026-08-18T13:26:20+00:00,AA:00:00:00:00:03,BB:00:00:00:00:01,-97,4261
2026-08-18T13:26:20+00:00,AA:00:00:00:00:04,BB:00:00:00:00:01,-91,4262
2026-08-18T13:26:20+00:00,AA:00:00:00:00:05,BB:00:00:00:00:01,-56,4263
2026-08-18T13:26:30+00:00,AA:00:00:00:00:01,BB:00:00:00:00:01,-90,4264
2026-08-18T13:26:30+00:00,AA:00:00:00:00:02,BB:00:00:00:00:01,-93,4265
2026-08-18T13:26:30+00:00,AA:00:00:00:00:03,BB:00:00:00:00:01,-93,4266
2026-08-18T13:26:30+00:00,AA:00:00:00:00:04,BB:00:00:00:00:01,-93,4267
2026-08-18T13:26:30+00:00,AA:00:00:00:00:05,BB:00:00:00:00:01,-50,4268
2026-08-18T13:26:40+00:00,AA:00:00:00:00:01,BB:00:00:00:00:01,-91,4269
2026-08-18T13:26:40+00:00,AA:00:00:00:00:02,BB:00:00:00:00:01,-92,4270
2026-08-18T13:26:40+00:00,AA:00:00:00:00:03,BB:00:00:00:00:01,-94,4271
2026-08-18T13:26:40+00:00,AA:00:00:00:00:04,BB:00:00:00:00:01,-94,4272
2026-08-18T13:26:40+00:00,AA:00:00:00:00:05,BB:00:00:00:00:01,-49,4273
2026-08-18T13:26:50+00:00,AA:00:00:00:00:01,BB:00:00:00:00:01,-97,4274
2026-08-18T13:26:50+00:00,AA:00:00:00:00:02,BB:00:00:00:00:01,-91,4275
2026-08-18T13:26:50+00:00,AA:00:00:00:00:03,BB:00:00:00:00:01,-91,4276
2026-08-18T13:26:50+00:00,AA:00:00:00:00:04,BB:00:00:00:00:01,-94,4277
2026-08-18T13:26:50+00:00,AA:00:00:00:00:05,BB:00:00:00:00:01,-56,4278
2026-08-18T13:27:00+00:00,AA:00:00:00:00:01,BB:00:00:00:00:01,-88,4279
2026-08-18T13:27:00+00:00,AA:00:00:00:00:02,BB:00:00:00:00:01,-95,4280
2026-08-18T13:27:00+00:00,AA:00:00:00:00:03,BB:00:00:00:00:01,-97,4281
2026-08-18T13:27:00+00:00,AA:00:00:00:00:04,BB:00:00:00:00:01,-96,4282
2026-08-18T13:27:00+00:00,AA:00:00:00:00:05,BB:00:00:00:00:01,-57,4283
2026-08-18T13:27:10+00:00,AA:00:00:00:00:01,BB:00:00:00:00:01,-85,4284
2026-08-18T13:27:10+00:00,AA:00:00:00:00:02,BB:00:00:00:00:01,-87,4285
2026-08-18T13:27:10+00:00,AA:00:00:00:00:03,BB:00:00:00:00:01,-95,4286
2026-08-18T13:27:10+00:00,AA:00:00:00:00:04,BB:00:00:00:00:01,-92,4287
2026-08-18T13:27:10+00:00,AA:00:00:00:00:05,BB:00:00:00:00:01,-57,4288
2026-08-18T13:27:20+00:00,AA:00:00:00:00:01,BB:00:00:00:00:01,-89,4289
2026-08-18T13:27:20+00:00,AA:00:00:00:00:02,BB:00:00:00:00:01,-87,4290
2026-08-18T13:27:20+00:00,AA:00:00:00:00:03,BB:00:00:00:00:01,-93,4291
2026-08-18T13:27:20+00:00,AA:00:00:00:00:04,BB:00:00:00:00:01,-99,4292
2026-08-18T13:27:20+00:00,AA:00:00:00:00:05,BB:00:00:00:00:01,-64,4293
2026-08-18T13:27:30+00:00,AA:00:00:00:00:01,BB:00:00:00:00:01,-97,4294
2026-08-18T13:27:30+00:00,AA:00:00:00:00:02,BB:00:00:00:00:01,-89,4295
2026-08-18T13:27:30+00:00,AA:00:00:00:00:03,BB:00:00:00:00:01,-92,4296
2026-08-18T13:27:30+00:00,AA:00:00:00:00:04,BB:00:00:00:00:01,-97,4297
2026-08-18T13:27:30+00:00,AA:00:00:00:00:05,BB:00:00:00:00:01,-52,4298
2026-08-18T13:27:40+00:00,AA:00:00:00:00:01,BB:00:00:00:00:01,-96,4299
2026-08-18T13:27:40+00:00,AA:00:00:00:00:02,BB:00:00:00:00:01,-86,4300
2026-08-18T13:27:40+00:00,AA:00:00:00:00:03,BB:00:00:00:00:01,-96,4301
2026-08-18T13:27:40+00:00,AA:00:00:00:00:04,BB:00:00:00:00:01,-90,4302
2026-08-18T13:27:40+00:00,AA:00:00:00:00:05,BB:00:00:00:00:01,-53,4303
2026-08-18T13:27:50+00:00,AA:00:00:00:00:01,BB:00:00:00:00:01,-96,4304
2026-08-18T13:27:50+00:00,AA:00:00:00:00:02,BB:00:00:00:00:01,-97,4305
2026-08-18T13:27:50+00:00,AA:00:00:00:00:03,BB:00:00:00:00:01,-95,4306
2026-08-18T13:27:50+00:00,AA:00:00:00:00:05,BB:00:00:00:00:01,-55,4307
2026-08-18T13:28:00+00:00,AA:00:00:00:00:01,BB:00:00:00:00:01,-101,4308
2026-08-18T13:28:00+00:00,AA:00:00:00:00:02,BB:00:00:00:00:01,-96,4309
2026-08-18T13:28:00+00:00,AA:00:00:00:00:03,BB:00:00:00:00:01,-97,4310
2026-08-18T13:28:00+00:00,AA:00:00:00:00:04,BB:00:00:00:00:01,-86,4311
2026-08-18T13:28:00+00:00,AA:00:00:00:00:05,BB:00:00:00:00:01,-56,4312
2026-08-18T13:28:10+00:00,AA:00:00:00:00:02,BB:00:00:00:00:01,-89,4313
2026-08-18T13:28:10+00:00,AA:00:00:00:00:03,BB:00:00:00:00:01,-94,4314
2026-08-18T13:28:10+00:00,AA:00:00:00:00:04,BB:00:00:00:00:01,-85,4315
2026-08-18T13:28:10+00:00,AA:00:00:00:00:05,BB:00:00:00:00:01,-47,4316
2026-08-18T13:28:20+00:00,AA:00:00:00:00:01,BB:00:00:00:00:01,-82,4317
2026-08-18T13:28:20+00:00,AA:00:00:00:00:02,BB:00:00:00:00:01,-90,4318
2026-08-18T13:28:20+00:00,AA:00:00:00:00:03,BB:00:00:00:00:01,-93,4319
2026-08-18T13:28:20+00:00,AA:00:00:00:00:04,BB:00:00:00:00:01,-93,4320
2026-08-18T13:28:20+00:00,AA:00:00:00:00:05,BB:00:00:00:00:01,-51,4321
2026-08-18T13:28:30+00:00,AA:00:00:00:00:01,BB:00:00:00:00:01,-91,4322
2026-08-18T13:28:30+00:00,AA:00:00:00:00:02,BB:00:00:00:00:01,-99,4323
2026-08-18T13:28:30+00:00,AA:00:00:00:00:03,BB:00:00:00:00:01,-95,4324
2026-08-18T13:28:30+00:00,AA:00:00:00:00:04,BB:00:00:00:00:01,-92,4325
2026-08-18T13:28:30+00:00,AA:00:00:00:00:05,BB:00:00:00:00:01,-62,4326
2026-08-18T13:28:40+00:00,AA:00:00:00:00:01,BB:00:00:00:00:01,-95,4327
2026-08-18T13:28:40+00:00,AA:00:00:00:00:02,BB:00:00:00:00:01,-90,4328
2026-08-18T13:28:40+00:00,AA:00:00:00:00:03,BB:00:00:00:00:01,-93,4329
2026-08-18T13:28:40+00:00,AA:00:00:00:00:04,BB:00:00:00:00:01,-90,4330
2026-08-18T13:28:40+00:00,AA:00:00:00:00:05,BB:00:00:00:00:01,-55,4331
2026-08-18T13:28:50+00:00,AA:00:00:00:00:01,BB:00:00:00:00:01,-97,4332
2026-08-18T13:28:50+00:00,AA:00:00:00:00:02,BB:00:00:00:00:01,-95,4333
2026-08-18T13:28:50+00:00,AA:00:00:00:00:03,BB:00:00:00:00:01,-99,4334
2026-08-18T13:28:50+00:00,AA:00:00:00:00:04,BB:00:00:00:00:01,-88,4335
2026-08-18T13:28:50+00:00,AA:00:00:00:00:05,BB:00:00:00:00:01,-57,4336
2026-08-18T13:29:00+00:00,AA:00:00:00:00:01,BB:00:00:00:00:01,-86,4337
2026-08-18T13:29:00+00:00,AA:00:00:00:00:03,BB:00:00:00:00:01,-90,4338
2026-08-18T13:29:00+00:00,AA:00:00:00:00:04,BB:00:00:00:00:01,-90,4339
2026-08-18T13:29:00+00:00,AA:00:00:00:00:05,BB:00:00:00:00:01,-52,4340
2026-08-18T13:29:10+00:00,AA:00:00:00:00:01,BB:00:00:00:00:01,-86,4341
2026-08-18T13:29:10+00:00,AA:00:00:00:00:02,BB:00:00:00:00:01,-90,4342
2026-08-18T13:29:10+00:00,AA:00:00:00:00:03,BB:00:00:00:00:01,-96,4343
2026-08-18T13:29:10+00:00,AA:00:00:00:00:04,BB:00:00:00:00:01,-91,4344
2026-08-18T13:29:10+00:00,AA:00:00:00:00:05,BB:00:00:00:00:01,-57,4345
2026-08-18T13:29:20+00:00,AA:00:00:00:00:01,BB:00:00:00:00:01,-91,4346
2026-08-18T13:29:20+00:00,AA:00:00:00:00:02,BB:00:00:00:00:01,-90,4347
2026-08-18T13:29:20+00:00,AA:00:00:00:00:03,BB:00:00:00:00:01,-91,4348
2026-08-18T13:29:20+00:00,AA:00:00:00:00:04,BB:00:00:00:00:01,-93,4349
2026-08-18T13:29:20+00:00,AA:00:00:00:00:05,BB:00:00:00:00:01,-50,4350
2026-08-18T13:29:30+00:00,AA:00:00:00:00:01,BB:00:00:00:00:01,-90,4351
2026-08-18T13:29:30+00:00,AA:00:00:00:00:02,BB:00:00:00:00:01,-97,4352
2026-08-18T13:29:30+00:00,AA:00:00:00:00:03,BB:00:00:00:00:01,-94,4353
2026-08-18T13:29:30+00:00,AA:00:00:00:00:04,BB:00:00:00:00:01,-87,4354
2026-08-18T13:29:30+00:00,AA:00:00:00:00:05,BB:00:00:00:00:01,-56,4355
2026-08-18T13:29:40+00:00,AA:00:00:00:00:01,BB:00:00:00:00:01,-89,4356
2026-08-18T13:29:40+00:00,AA:00:00:00:00:02,BB:00:00:00:00:01,-91,4357
2026-08-18T13:29:40+00:00,AA:00:00:00:00:03,BB:00:00:00:00:01,-94,4358
2026-08-18T13:29:40+00:00,AA:00:00:00:00:04,BB:00:00:00:00:01,-89,4359
2026-08-18T13:29:50+00:00,AA:00:00:00:00:01,BB:00:00:00:00:01,-98,4360
2026-08-18T13:29:50+00:00,AA:00:00:00:00:02,BB:00:00:00:00:01,-89,4361
2026-08-18T13:29:50+00:00,AA:00:00:00:00:03,BB:00:00:00:00:01,-90,4362
2026-08-18T13:29:50+00:00,AA:00:00:00:00:04,BB:00:00:00:00:01,-91,4363
2026-08-18T13:29:50+00:00,AA:00:00:00:00:05,BB:00:00:00:00:01,-57,4364
2026-08-18T13:30:00+00:00,AA:00:00:00:00:01,BB:00:00:00:00:01,-99,4365
2026-08-18T13:30:00+00:00,AA:00:00:00:00:02,BB:00:00:00:00:01,-96,4366
2026-08-18T13:30:00+00:00,AA:00:00:00:00:03,BB:00:00:00:00:01,-100,4367
2026-08-18T13:30:00+00:00,AA:00:00:00:00:04,BB:00:00:00:00:01,-90,4368
2026-08-18T13:30:00+00:00,AA:00:00:00:00:05,BB:00:00:00:00:01,-50,4369
2026-08-18T13:30:10+00:00,AA:00:00:00:00:01,BB:00:00:00:00:01,-97,4370
2026-08-18T13:30:10+00:00,AA:00:00:00:00:02,BB:00:00:00:00:01,-87,4371
2026-08-18T13:30:10+00:00,AA:00:00:00:00:03,BB:00:00:00:00:01,-83,4372
2026-08-18T13:30:10+00:00,AA:00:00:00:00:04,BB:00:00:00:00:01,-97,4373
2026-08-18T13:30:10+00:00,AA:00:00:00:00:05,BB:00:00:00:00:01,-63,4374
2026-08-18T13:30:20+00:00,AA:00:00:00:00:01,BB:00:00:00:00:01,-94,4375
2026-08-18T13:30:20+00:00,AA:00:00:00:00:02,BB:00:00:00:00:01,-89,4376
2026-08-18T13:30:20+00:00,AA:00:00:00:00:03,BB:00:00:00:00:01,-87,4377
2026-08-18T13:30:20+00:00,AA:00:00:00:00:04,BB:00:00:00:00:01,-96,4378
2026-08-18T13:30:20+00:00,AA:00:00:00:00:05,BB:00:00:00:00:01,-56,4379
2026-08-18T13:30:30+00:00,AA:00:00:00:00:01,BB:00:00:00:00:01,-93,4380
2026-08-18T13:30:30+00:00,AA:00:00:00:00:02,BB:00:00:00:00:01,-99,4381
2026-08-18T13:30:30+00:00,AA:00:00:00:00:03,BB:00:00:00:00:01,-92,4382
2026-08-18T13:30:30+00:00,AA:00:00:00:00:04,BB:00:00:00:00:01,-102,4383
2026-08-18T13:30:30+00:00,AA:00:00:00:00:05,BB:00:00:00:00:01,-58,4384
2026-08-18T13:30:40+00:00,AA:00:00:00:00:01,BB:00:00:00:00:01,-89,4385
2026-08-18T13:30:40+00:00,AA:00:00:00:00:02,BB:00:00:00:00:01,-90,4386
2026-08-18T13:30:40+00:00,AA:00:00:00:00:03,BB:00:00:00:00:01,-93,4387
2026-08-18T13:30:40+00:00,AA:00:00:00:00:04,BB:00:00:00:00:01,-88,4388
2026-08-18T13:30:40+00:00,AA:00:00:00:00:05,BB:00:00:00:00:01,-55,4389
2026-08-18T13:30:50+00:00,AA:00:00:00:00:01,BB:00:00:00:00:01,-95,4390
2026-08-18T13:30:50+00:00,AA:00:00:00:00:02,BB:00:00:00:00:01,-88,4391
2026-08-18T13:30:50+00:00,AA:00:00:00:00:03,BB:00:00:00:00:01,-96,4392
2026-08-18T13:30:50+00:00,AA:00:00:00:00:04,BB:00:00:00:00:01,-93,4393
2026-08-18T13:30:50+00:00,AA:00:00:00:00:05,BB:00:00:00:00:01,-55,4394
2026-08-18T13:31:00+00:00,AA:00:00:00:00:01,BB:00:00:00:00:01,-86,4395
2026-08-18T13:31:00+00:00,AA:00:00:00:00:02,BB:00:00:00:00:01,-99,4396
2026-08-18T13:31:00+00:00,AA:00:00:00:00:03,BB:00:00:00:00:01,-86,4397
2026-08-18T13:31:00+00:00,AA:00:00:00:00:04,BB:00:00:00:00:01,-100,4398
2026-08-18T13:31:00+00:00,AA:00:00:00:00:05,BB:00:00:00:00:01,-58,4399
2026-08-18T13:31:10+00:00,AA:00:00:00:00:01,BB:00:00:00:00:01,-92,4400
2026-08-18T13:31:10+00:00,AA:00:00:00:00:02,BB:00:00:00:00:01,-96,4401
2026-08-18T13:31:10+00:00,AA:00:00:00:00:03,BB:00:00:00:00:01,-96,4402
2026-08-18T13:31:10+00:00,AA:00:00:00:00:04,BB:00:00:00:00:01,-92,4403
2026-08-18T13:31:10+00:00,AA:00:00:00:00:05,BB:00:00:00:00:01,-55,4404
2026-08-18T13:31:20+00:00,AA:00:00:00:00:01,BB:00:00:00:00:01,-90,4405
2026-08-18T13:31:20+00:00,AA:00:00:00:00:02,BB:00:00:00:00:01,-89,4406
2026-08-18T13:31:20+00:00,AA:00:00:00:00:03,BB:00:00:00:00:01,-94,4407
2026-08-18T13:31:20+00:00,AA:00:00:00:00:04,BB:00:00:00:00:01,-92,4408
2026-08-18T13:31:20+00:00,AA:00:00:00:00:05,BB:00:00:00:00:01,-51,4409
2026-08-18T13:31:30+00:00,AA:00:00:00:00:01,BB:00:00:00:00:01,-95,4410
2026-08-18T13:31:30+00:00,AA:00:00:00:00:02,BB:00:00:00:00:01,-84,4411
2026-08-18T13:31:30+00:00,AA:00:00:00:00:03,BB:00:00:00:00:01,-96,4412
2026-08-18T13:31:30+00:00,AA:00:00:00:00:05,BB:00:00:00:00:01,-52,4413
2026-08-18T13:31:40+00:00,AA:00:00:00:00:01,BB:00:00:00:00:01,-93,4414
2026-08-18T13:31:40+00:00,AA:00:00:00:00:02,BB:00:00:00:00:01,-96,4415
2026-08-18T13:31:40+00:00,AA:00:00:00:00:03,BB:00:00:00:00:01,-89,4416
2026-08-18T13:31:40+00:00,AA:00:00:00:00:04,BB:00:00:00:00:01,-88,4417
2026-08-18T13:31:40+00:00,AA:00:00:00:00:05,BB:00:00:00:00:01,-50,4418
2026-08-18T13:31:50+00:00,AA:00:00:00:00:01,BB:00:00:00:00:01,-91,4419
2026-08-18T13:31:50+00:00,AA:00:00:00:00:02,BB:00:00:00:00:01,-95,4420
2026-08-18T13:31:50+00:00,AA:00:00:00:00:03,BB:00:00:00:00:01,-89,4421
2026-08-18T13:31:50+00:00,AA:00:00:00:00:04,BB:00:00:00:00:01,-85,4422
2026-08-18T13:31:50+00:00,AA:00:00:00:00:05,BB:00:00:00:00:01,-62,4423
2026-08-18T13:32:00+00:00,AA:00:00:00:00:01,BB:00:00:00:00:01,-93,4424
2026-08-18T13:32:00+00:00,AA:00:00:00:00:02,BB:00:00:00:00:01,-93,4425
2026-08-18T13:32:00+00:00,AA:00:00:00:00:03,BB:00:00:00:00:01,-94,4426
2026-08-18T13:32:00+00:00,AA:00:00:00:00:04,BB:00:00:00:00:01,-86,4427
2026-08-18T13:32:00+00:00,AA:00:00:00:00:05,BB:00:00:00:00:01,-56,4428
2026-08-18T13:32:10+00:00,AA:00:00:00:00:01,BB:00:00:00:00:01,-95,4429
2026-08-18T13:32:10+00:00,AA:00:00:00:00:02,BB:00:00:00:00:01,-89,4430
2026-08-18T13:32:10+00:00,AA:00:00:00:00:03,BB:00:00:00:00:01,-94,4431
2026-08-18T13:32:10+00:00,AA:00:00:00:00:04,BB:00:00:00:00:01,-94,4432
2026-08-18T13:32:10+00:00,AA:00:00:00:00:05,BB:00:00:00:00:01,-52,4433
2026-08-18T13:32:20+00:00,AA:00:00:00:00:01,BB:00:00:00:00:01,-89,4434
2026-08-18T13:32:20+00:00,AA:00:00:00:00:02,BB:00:00:00:00:01,-87,4435
2026-08-18T13:32:20+00:00,AA:00:00:00:00:03,BB:00:00:00:00:01,-92,4436
2026-08-18T13:32:20+00:00,AA:00:00:00:00:04,BB:00:00:00:00:01,-92,4437
2026-08-18T13:32:20+00:00,AA:00:00:00:00:05,BB:00:00:00:00:01,-50,4438
2026-08-18T13:32:30+00:00,AA:00:00:00:00:01,BB:00:00:00:00:01,-89,4439
2026-08-18T13:32:30+00:00,AA:00:00:00:00:02,BB:00:00:00:00:01,-83,4440
2026-08-18T13:32:30+00:00,AA:00:00:00:00:03,BB:00:00:00:00:01,-93,4441
2026-08-18T13:32:30+00:00,AA:00:00:00:00:04,BB:00:00:00:00:01,-93,4442
2026-08-18T13:32:30+00:00,AA:00:00:00:00:05,BB:00:00:00:00:01,-53,4443
2026-08-18T13:32:40+00:00,AA:00:00:00:00:01,BB:00:00:00:00:01,-91,4444
2026-08-18T13:32:40+00:00,AA:00:00:00:00:02,BB:00:00:00:00:01,-93,4445
2026-08-18T13:32:40+00:00,AA:00:00:00:00:03,BB:00:00:00:00:01,-92,4446
2026-08-18T13:32:40+00:00,AA:00:00:00:00:04,BB:00:00:00:00:01,-92,4447
2026-08-18T13:32:40+00:00,AA:00:00:00:00:05,BB:00:00:00:00:01,-52,4448
2026-08-18T13:32:50+00:00,AA:00:00:00:00:01,BB:00:00:00:00:01,-89,4449
2026-08-18T13:32:50+00:00,AA:00:00:00:00:02,BB:00:00:00:00:01,-90,4450
2026-08-18T13:32:50+00:00,AA:00:00:00:00:03,BB:00:00:00:00:01,-81,4451
2026-08-18T13:32:50+00:00,AA:00:00:00:00:04,BB:00:00:00:00:01,-90,4452
2026-08-18T13:32:50+00:00,AA:00:00:00:00:05,BB:00:00:00:00:01,-52,4453
2026-08-18T13:33:00+00:00,AA:00:00:00:00:01,BB:00:00:00:00:01,-87,4454
2026-08-18T13:33:00+00:00,AA:00:00:00:00:02,BB:00:00:00:00:01,-93,4455
2026-08-18T13:33:00+00:00,AA:00:00:00:00:03,BB:00:00:00:00:01,-84,4456
2026-08-18T13:33:00+00:00,AA:00:00:00:00:04,BB:00:00:00:00:01,-91,4457
2026-08-18T13:33:00+00:00,AA:00:00:00:00:05,BB:00:00:00:00:01,-57,4458
2026-08-18T13:33:10+00:00,AA:00:00:00:00:01,BB:00:00:00:00:01,-97,4459
2026-08-18T13:33:10+00:00,AA:00:00:00:00:02,BB:00:00:00:00:01,-95,4460
2026-08-18T13:33:10+00:00,AA:00:00:00:00:03,BB:00:00:00:00:01,-88,4461
2026-08-18T13:33:10+00:00,AA:00:00:00:00:04,BB:00:00:00:00:01,-90,4462
2026-08-18T13:33:10+00:00,AA:00:00:00:00:05,BB:00:00:00:00:01,-53,4463
2026-08-18T13:33:20+00:00,AA:00:00:00:00:01,BB:00:00:00:00:01,-96,4464
2026-08-18T13:33:20+00:00,AA:00:00:00:00:02,BB:00:00:00:00:01,-95,4465
2026-08-18T13:33:20+00:00,AA:00:00:00:00:03,BB:00:00:00:00:01,-94,4466
2026-08-18T13:33:20+00:00,AA:00:00:00:00:04,BB:00:00:00:00:01,-96,4467
2026-08-18T13:33:30+00:00,AA:00:00:00:00:01,BB:00:00:00:00:01,-96,4468
2026-08-18T13:33:30+00:00,AA:00:00:00:00:02,BB:00:00:00:00:01,-87,4469
2026-08-18T13:33:30+00:00,AA:00:00:00:00:03,BB:00:00:00:00:01,-88,4470
2026-08-18T13:33:30+00:00,AA:00:00:00:00:04,BB:00:00:00:00:01,-99,4471
2026-08-18T13:33:30+00:00,AA:00:00:00:00:05,BB:00:00:00:00:01,-55,4472
2026-08-18T13:33:40+00:00,AA:00:00:00:00:01,BB:00:00:00:00:01,-97,4473
2026-08-18T13:33:40+00:00,AA:00:00:00:00:02,BB:00:00:00:00:01,-90,4474
2026-08-18T13:33:40+00:00,AA:00:00:00:00:03,BB:00:00:00:00:01,-94,4475
2026-08-18T13:33:40+00:00,AA:00:00:00:00:04,BB:00:00:00:00:01,-91,4476
2026-08-18T13:33:40+00:00,AA:00:00:00:00:05,BB:00:00:00:00:01,-53,4477
2026-08-18T13:33:50+00:00,AA:00:00:00:00:01,BB:00:00:00:00:01,-88,4478
2026-08-18T13:33:50+00:00,AA:00:00:00:00:02,BB:00:00:00:00:01,-88,4479
2026-08-18T13:33:50+00:00,AA:00:00:00:00:03,BB:00:00:00:00:01,-94,4480
2026-08-18T13:33:50+00:00,AA:00:00:00:00:04,BB:00:00:00:00:01,-92,4481
2026-08-18T13:33:50+00:00,AA:00:00:00:00:05,BB:00:00:00:00:01,-55,4482
2026-08-18T13:34:00+00:00,AA:00:00:00:00:01,BB:00:00:00:00:01,-94,4483
2026-08-18T13:34:00+00:00,AA:00:00:00:00:02,BB:00:00:00:00:01,-84,4484
2026-08-18T13:34:00+00:00,AA:00:00:00:00:03,BB:00:00:00:00:01,-91,4485
2026-08-18T13:34:00+00:00,AA:00:00:00:00:04,BB:00:00:00:00:01,-96,4486
2026-08-18T13:34:00+00:00,AA:00:00:00:00:05,BB:00:00:00:00:01,-56,4487
2026-08-18T13:34:10+00:00,AA:00:00:00:00:01,BB:00:00:00:00:01,-92,4488
2026-08-18T13:34:10+00:00,AA:00:00:00:00:02,BB:00:00:00:00:01,-89,4489
2026-08-18T13:34:10+00:00,AA:00:00:00:00:03,BB:00:00:00:00:01,-99,4490
2026-08-18T13:34:10+00:00,AA:00:00:00:00:04,BB:00:00:00:00:01,-80,4491
2026-08-18T13:34:20+00:00,AA:00:00:00:00:01,BB:00:00:00:00:01,-90,4492
2026-08-18T13:34:20+00:00,AA:00:00:00:00:02,BB:00:00:00:00:01,-87,4493
2026-08-18T13:34:20+00:00,AA:00:00:00:00:03,BB:00:00:00:00:01,-94,4494
2026-08-18T13:34:20+00:00,AA:00:00:00:00:05,BB:00:00:00:00:01,-51,4495
2026-08-18T13:34:30+00:00,AA:00:00:00:00:01,BB:00:00:00:00:01,-84,4496
2026-08-18T13:34:30+00:00,AA:00:00:00:00:02,BB:00:00:00:00:01,-86,4497
2026-08-18T13:34:30+00:00,AA:00:00:00:00:03,BB:00:00:00:00:01,-88,4498
2026-08-18T13:34:30+00:00,AA:00:00:00:00:04,BB:00:00:00:00:01,-90,4499
2026-08-18T13:34:30+00:00,AA:00:00:00:00:05,BB:00:00:00:00:01,-63,4500
2026-08-18T13:34:40+00:00,AA:00:00:00:00:01,BB:00:00:00:00:01,-101,4501
2026-08-18T13:34:40+00:00,AA:00:00:00:00:02,BB:00:00:00:00:01,-95,4502
2026-08-18T13:34:40+00:00,AA:00:00:00:00:03,BB:00:00:00:00:01,-97,4503
2026-08-18T13:34:40+00:00,AA:00:00:00:00:04,BB:00:00:00:00:01,-90,4504
2026-08-18T13:34:40+00:00,AA:00:00:00:00:05,BB:00:00:00:00:01,-57,4505
2026-08-18T13:34:50+00:00,AA:00:00:00:00:01,BB:00:00:00:00:01,-101,4506
2026-08-18T13:34:50+00:00,AA:00:00:00:00:02,BB:00:00:00:00:01,-92,4507
2026-08-18T13:34:50+00:00,AA:00:00:00:00:03,BB:00:00:00:00:01,-94,4508
2026-08-18T13:34:50+00:00,AA:00:00:00:00:04,BB:00:00:00:00:01,-94,4509
2026-08-18T13:34:50+00:00,AA:00:00:00:00:05,BB:00:00:00:00:01,-53,4510
2026-08-18T13:35:00+00:00,AA:00:00:00:00:01,BB:00:00:00:00:01,-95,4511
2026-08-18T13:35:00+00:00,AA:00:00:00:00:02,BB:00:00:00:00:01,-93,4512
2026-08-18T13:35:00+00:00,AA:00:00:00:00:03,BB:00:00:00:00:01,-91,4513
2026-08-18T13:35:00+00:00,AA:00:00:00:00:04,BB:00:00:00:00:01,-98,4514
2026-08-18T13:35:00+00:00,AA:00:00:00:00:05,BB:00:00:00:00:01,-59,4515
2026-08-18T13:35:10+00:00,AA:00:00:00:00:01,BB:00:00:00:00:01,-96,4516
2026-08-18T13:35:10+00:00,AA:00:00:00:00:02,BB:00:00:00:00:01,-97,4517
2026-08-18T13:35:10+00:00,AA:00:00:00:00:03,BB:00:00:00:00:01,-91,4518
2026-08-18T13:35:10+00:00,AA:00:00:00:00:04,BB:00:00:00:00:01,-91,4519
2026-08-18T13:35:10+00:00,AA:00:00:00:00:05,BB:00:00:00:00:01,-56,4520
2026-08-18T13:35:20+00:00,AA:00:00:00:00:01,BB:00:00:00:00:01,-90,4521
2026-08-18T13:35:20+00:00,AA:00:00:00:00:02,BB:00:00:00:00:01,-95,4522
2026-08-18T13:35:20+00:00,AA:00:00:00:00:03,BB:00:00:00:00:01,-83,4523
2026-08-18T13:35:20+00:00,AA:00:00:00:00:04,BB:00:00:00:00:01,-87,4524
2026-08-18T13:35:20+00:00,AA:00:00:00:00:05,BB:00:00:00:00:01,-57,4525
2026-08-18T13:35:30+00:00,AA:00:00:00:00:01,BB:00:00:00:00:01,-90,4526
2026-08-18T13:35:30+00:00,AA:00:00:00:00:02,BB:00:00:00:00:01,-92,4527
2026-08-18T13:35:30+00:00,AA:00:00:00:00:03,BB:00:00:00:00:01,-91,4528
2026-08-18T13:35:40+00:00,AA:00:00:00:00:01,BB:00:00:00:00:01,-97,4529
2026-08-18T13:35:40+00:00,AA:00:00:00:00:02,BB:00:00:00:00:01,-91,4530
2026-08-18T13:35:40+00:00,AA:00:00:00:00:03,BB:00:00:00:00:01,-92,4531
2026-08-18T13:35:40+00:00,AA:00:00:00:00:04,BB:00:00:00:00:01,-101,4532
2026-08-18T13:35:40+00:00,AA:00:00:00:00:05,BB:00:00:00:00:01,-50,4533
2026-08-18T13:35:50+00:00,AA:00:00:00:00:01,BB:00:00:00:00:01,-91,4534
2026-08-18T13:35:50+00:00,AA:00:00:00:00:02,BB:00:00:00:00:01,-90,4535
2026-08-18T13:35:50+00:00,AA:00:00:00:00:03,BB:00:00:00:00:01,-90,4536
2026-08-18T13:35:50+00:00,AA:00:00:00:00:04,BB:00:00:00:00:01,-93,4537
2026-08-18T13:35:50+00:00,AA:00:00:00:00:05,BB:00:00:00:00:01,-64,4538
2026-08-18T13:36:00+00:00,AA:00:00:00:00:01,BB:00:00:00:00:01,-88,4539
2026-08-18T13:36:00+00:00,AA:00:00:00:00:02,BB:00:00:00:00:01,-93,4540
2026-08-18T13:36:00+00:00,AA:00:00:00:00:03,BB:00:00:00:00:01,-92,4541
2026-08-18T13:36:00+00:00,AA:00:00:00:00:04,BB:00:00:00:00:01,-97,4542
2026-08-18T13:36:00+00:00,AA:00:00:00:00:05,BB:00:00:00:00:01,-54,4543
2026-08-18T13:36:10+00:00,AA:00:00:00:00:01,BB:00:00:00:00:01,-90,4544
2026-08-18T13:36:10+00:00,AA:00:00:00:00:02,BB:00:00:00:00:01,-93,4545
2026-08-18T13:36:10+00:00,AA:00:00:00:00:03,BB:00:00:00:00:01,-88,4546
2026-08-18T13:36:10+00:00,AA:00:00:00:00:04,BB:00:00:00:00:01,-95,4547
2026-08-18T13:36:10+00:00,AA:00:00:00:00:05,BB:00:00:00:00:01,-48,4548
2026-08-18T13:36:20+00:00,AA:00:00:00:00:01,BB:00:00:00:00:01,-89,4549
2026-08-18T13:36:20+00:00,AA:00:00:00:00:02,BB:00:00:00:00:01,-95,4550
2026-08-18T13:36:20+00:00,AA:00:00:00:00:03,BB:00:00:00:00:01,-96,4551
2026-08-18T13:36:20+00:00,AA:00:00:00:00:04,BB:00:00:00:00:01,-96,4552
2026-08-18T13:36:20+00:00,AA:00:00:00:00:05,BB:00:00:00:00:01,-59,4553
2026-08-18T13:36:30+00:00,AA:00:00:00:00:01,BB:00:00:00:00:01,-88,4554
2026-08-18T13:36:30+00:00,AA:00:00:00:00:02,BB:00:00:00:00:01,-87,4555
2026-08-18T13:36:30+00:00,AA:00:00:00:00:03,BB:00:00:00:00:01,-91,4556
2026-08-18T13:36:30+00:00,AA:00:00:00:00:04,BB:00:00:00:00:01,-89,4557
2026-08-18T13:36:30+00:00,AA:00:00:00:00:05,BB:00:00:00:00:01,-60,4558
2026-08-18T13:36:40+00:00,AA:00:00:00:00:01,BB:00:00:00:00:01,-90,4559
2026-08-18T13:36:40+00:00,AA:00:00:00:00:02,BB:00:00:00:00:01,-92,4560
2026-08-18T13:36:40+00:00,AA:00:00:00:00:03,BB:00:00:00:00:01,-93,4561
2026-08-18T13:36:40+00:00,AA:00:00:00:00:04,BB:00:00:00:00:01,-91,4562
2026-08-18T13:36:40+00:00,AA:00:00:00:00:05,BB:00:00:00:00:01,-55,4563
2026-08-18T13:36:50+00:00,AA:00:00:00:00:01,BB:00:00:00:00:01,-94,4564
2026-08-18T13:36:50+00:00,AA:00:00:00:00:02,BB:00:00:00:00:01,-94,4565
2026-08-18T13:36:50+00:00,AA:00:00:00:00:03,BB:00:00:00:00:01,-88,4566
2026-08-18T13:36:50+00:00,AA:00:00:00:00:04,BB:00:00:00:00:01,-96,4567
2026-08-18T13:36:50+00:00,AA:00:00:00:00:05,BB:00:00:00:00:01,-56,4568
2026-08-18T13:37:00+00:00,AA:00:00:00:00:01,BB:00:00:00:00:01,-89,4569
2026-08-18T13:37:00+00:00,AA:00:00:00:00:02,BB:00:00:00:00:01,-90,4570
2026-08-18T13:37:00+00:00,AA:00:00:00:00:03,BB:00:00:00:00:01,-91,4571
2026-08-18T13:37:00+00:00,AA:00:00:00:00:04,BB:00:00:00:00:01,-93,4572
2026-08-18T13:37:00+00:00,AA:00:00:00:00:05,BB:00:00:00:00:01,-55,4573
2026-08-18T13:37:10+00:00,AA:00:00:00:00:01,BB:00:00:00:00:01,-95,4574
2026-08-18T13:37:10+00:00,AA:00:00:00:00:03,BB:00:00:00:00:01,-96,4575
2026-08-18T13:37:10+00:00,AA:00:00:00:00:04,BB:00:00:00:00:01,-90,4576
2026-08-18T13:37:10+00:00,AA:00:00:00:00:05,BB:00:00:00:00:01,-53,4577
2026-08-18T13:37:20+00:00,AA:00:00:00:00:01,BB:00:00:00:00:01,-95,4578
2026-08-18T13:37:20+00:00,AA:00:00:00:00:02,BB:00:00:00:00:01,-94,4579
2026-08-18T13:37:20+00:00,AA:00:00:00:00:03,BB:00:00:00:00:01,-83,4580
2026-08-18T13:37:20+00:00,AA:00:00:00:00:04,BB:00:00:00:00:01,-93,4581
2026-08-18T13:37:20+00:00,AA:00:00:00:00:05,BB:00:00:00:00:01,-62,4582
2026-08-18T13:37:30+00:00,AA:00:00:00:00:01,BB:00:00:00:00:01,-87,4583
2026-08-18T13:37:30+00:00,AA:00:00:00:00:02,BB:00:00:00:00:01,-93,4584
2026-08-18T13:37:30+00:00,AA:00:00:00:00:03,BB:00:00:00:00:01,-93,4585
2026-08-18T13:37:30+00:00,AA:00:00:00:00:04,BB:00:00:00:00:01,-93,4586
2026-08-18T13:37:30+00:00,AA:00:00:00:00:05,BB:00:00:00:00:01,-58,4587
2026-08-18T13:37:40+00:00,AA:00:00:00:00:01,BB:00:00:00:00:01,-95,4588
2026-08-18T13:37:40+00:00,AA:00:00:00:00:02,BB:00:00:00:00:01,-93,4589
2026-08-18T13:37:40+00:00,AA:00:00:00:00:03,BB:00:00:00:00:01,-93,4590
2026-08-18T13:37:40+00:00,AA:00:00:00:00:04,BB:00:00:00:00:01,-96,4591
2026-08-18T13:37:40+00:00,AA:00:00:00:00:05,BB:00:00:00:00:01,-52,4592
2026-08-18T13:37:50+00:00,AA:00:00:00:00:01,BB:00:00:00:00:01,-89,4593
2026-08-18T13:37:50+00:00,AA:00:00:00:00:02,BB:00:00:00:00:01,-91,4594
2026-08-18T13:37:50+00:00,AA:00:00:00:00:03,BB:00:00:00:00:01,-92,4595
2026-08-18T13:37:50+00:00,AA:00:00:00:00:04,BB:00:00:00:00:01,-94,4596
2026-08-18T13:37:50+00:00,AA:00:00:00:00:05,BB:00:00:00:00:01,-59,4597
2026-08-18T13:38:00+00:00,AA:00:00:00:00:01,BB:00:00:00:00:01,-89,4598
2026-08-18T13:38:00+00:00,AA:00:00:00:00:03,BB:00:00:00:00:01,-85,4599
2026-08-18T13:38:00+00:00,AA:00:00:00:00:04,BB:00:00:00:00:01,-95,4600
2026-08-18T13:38:00+00:00,AA:00:00:00:00:05,BB:00:00:00:00:01,-48,4601
2026-08-18T13:38:10+00:00,AA:00:00:00:00:01,BB:00:00:00:00:01,-86,4602
2026-08-18T13:38:10+00:00,AA:00:00:00:00:02,BB:00:00:00:00:01,-98,4603
2026-08-18T13:38:10+00:00,AA:00:00:00:00:03,BB:00:00:00:00:01,-97,4604
2026-08-18T13:38:10+00:00,AA:00:00:00:00:04,BB:00:00:00:00:01,-89,4605
2026-08-18T13:38:10+00:00,AA:00:00:00:00:05,BB:00:00:00:00:01,-52,4606
2026-08-18T13:38:20+00:00,AA:00:00:00:00:01,BB:00:00:00:00:01,-92,4607
2026-08-18T13:38:20+00:00,AA:00:00:00:00:02,BB:00:00:00:00:01,-100,4608
2026-08-18T13:38:20+00:00,AA:00:00:00:00:03,BB:00:00:00:00:01,-94,4609
2026-08-18T13:38:20+00:00,AA:00:00:00:00:04,BB:00:00:00:00:01,-91,4610
2026-08-18T13:38:20+00:00,AA:00:00:00:00:05,BB:00:00:00:00:01,-61,4611
2026-08-18T13:38:30+00:00,AA:00:00:00:00:01,BB:00:00:00:00:01,-101,4612
2026-08-18T13:38:30+00:00,AA:00:00:00:00:02,BB:00:00:00:00:01,-92,4613
2026-08-18T13:38:30+00:00,AA:00:00:00:00:03,BB:00:00:00:00:01,-89,4614
2026-08-18T13:38:30+00:00,AA:00:00:00:00:04,BB:00:00:00:00:01,-100,4615
2026-08-18T13:38:30+00:00,AA:00:00:00:00:05,BB:00:00:00:00:01,-58,4616
2026-08-18T13:38:40+00:00,AA:00:00:00:00:02,BB:00:00:00:00:01,-90,4617
2026-08-18T13:38:40+00:00,AA:00:00:00:00:03,BB:00:00:00:00:01,-89,4618
2026-08-18T13:38:40+00:00,AA:00:00:00:00:04,BB:00:00:00:00:01,-92,4619
2026-08-18T13:38:40+00:00,AA:00:00:00:00:05,BB:00:00:00:00:01,-53,4620
2026-08-18T13:38:50+00:00,AA:00:00:00:00:01,BB:00:00:00:00:01,-90,4621
2026-08-18T13:38:50+00:00,AA:00:00:00:00:02,BB:00:00:00:00:01,-88,4622
2026-08-18T13:38:50+00:00,AA:00:00:00:00:03,BB:00:00:00:00:01,-97,4623
2026-08-18T13:38:50+00:00,AA:00:00:00:00:04,BB:00:00:00:00:01,-89,4624
2026-08-18T13:38:50+00:00,AA:00:00:00:00:05,BB:00:00:00:00:01,-51,4625
2026-08-18T13:39:00+00:00,AA:00:00:00:00:01,BB:00:00:00:00:01,-99,4626
2026-08-18T13:39:00+00:00,AA:00:00:00:00:02,BB:00:00:00:00:01,-84,4627
2026-08-18T13:39:00+00:00,AA:00:00:00:00:03,BB:00:00:00:00:01,-92,4628
2026-08-18T13:39:00+00:00,AA:00:00:00:00:04,BB:00:00:00:00:01,-95,4629
2026-08-18T13:39:00+00:00,AA:00:00:00:00:05,BB:00:00:00:00:01,-58,4630
2026-08-18T13:39:10+00:00,AA:00:00:00:00:01,BB:00:00:00:00:01,-84,4631
2026-08-18T13:39:10+00:00,AA:00:00:00:00:02,BB:00:00:00:00:01,-87,4632
2026-08-18T13:39:10+00:00,AA:00:00:00:00:03,BB:00:00:00:00:01,-97,4633
2026-08-18T13:39:10+00:00,AA:00:00:00:00:04,BB:00:00:00:00:01,-92,4634
2026-08-18T13:39:10+00:00,AA:00:00:00:00:05,BB:00:00:00:00:01,-54,4635
2026-08-18T13:39:20+00:00,AA:00:00:00:00:01,BB:00:00:00:00:01,-93,4636
2026-08-18T13:39:20+00:00,AA:00:00:00:00:02,BB:00:00:00:00:01,-83,4637
2026-08-18T13:39:20+00:00,AA:00:00:00:00:03,BB:00:00:00:00:01,-89,4638
2026-08-18T13:39:20+00:00,AA:00:00:00:00:04,BB:00:00:00:00:01,-88,4639
2026-08-18T13:39:20+00:00,AA:00:00:00:00:05,BB:00:00:00:00:01,-55,4640
2026-08-18T13:39:30+00:00,AA:00:00:00:00:01,BB:00:00:00:00:01,-90,4641
2026-08-18T13:39:30+00:00,AA:00:00:00:00:02,BB:00:00:00:00:01,-95,4642
2026-08-18T13:39:30+00:00,AA:00:00:00:00:03,BB:00:00:00:00:01,-90,4643
2026-08-18T13:39:30+00:00,AA:00:00:00:00:04,BB:00:00:00:00:01,-97,4644
2026-08-18T13:39:30+00:00,AA:00:00:00:00:05,BB:00:00:00:00:01,-56,4645
2026-08-18T13:39:40+00:00,AA:00:00:00:00:01,BB:00:00:00:00:01,-98,4646
2026-08-18T13:39:40+00:00,AA:00:00:00:00:02,BB:00:00:00:00:01,-100,4647
2026-08-18T13:39:40+00:00,AA:00:00:00:00:03,BB:00:00:00:00:01,-89,4648
2026-08-18T13:39:40+00:00,AA:00:00:00:00:04,BB:00:00:00:00:01,-91,4649
2026-08-18T13:39:40+00:00,AA:00:00:00:00:05,BB:00:00:00:00:01,-54,4650
2026-08-18T13:39:50+00:00,AA:00:00:00:00:01,BB:00:00:00:00:01,-86,4651
2026-08-18T13:39:50+00:00,AA:00:00:00:00:02,BB:00:00:00:00:01,-87,4652
2026-08-18T13:39:50+00:00,AA:00:00:00:00:03,BB:00:00:00:00:01,-88,4653
2026-08-18T13:39:50+00:00,AA:00:00:00:00:04,BB:00:00:00:00:01,-90,4654
2026-08-18T13:39:50+00:00,AA:00:00:00:00:05,BB:00:00:00:00:01,-48,4655
2026-08-18T13:40:00+00:00,AA:00:00:00:00:01,BB:00:00:00:00:01,-97,4656
2026-08-18T13:40:00+00:00,AA:00:00:00:00:02,BB:00:00:00:00:01,-96,4657
2026-08-18T13:40:00+00:00,AA:00:00:00:00:03,BB:00:00:00:00:01,-93,4658
2026-08-18T13:40:00+00:00,AA:00:00:00:00:04,BB:00:00:00:00:01,-96,4659
2026-08-18T13:40:00+00:00,AA:00:00:00:00:05,BB:00:00:00:00:01,-55,4660
2026-08-18T13:40:10+00:00,AA:00:00:00:00:01,BB:00:00:00:00:01,-89,4661
2026-08-18T13:40:10+00:00,AA:00:00:00:00:02,BB:00:00:00:00:01,-90,4662
2026-08-18T13:40:10+00:00,AA:00:00:00:00:03,BB:00:00:00:00:01,-93,4663
2026-08-18T13:40:10+00:00,AA:00:00:00:00:04,BB:00:00:00:00:01,-93,4664
2026-08-18T13:40:10+00:00,AA:00:00:00:00:05,BB:00:00:00:00:01,-53,4665
2026-08-18T13:40:20+00:00,AA:00:00:00:00:01,BB:00:00:00:00:01,-95,4666
2026-08-18T13:40:20+00:00,AA:00:00:00:00:02,BB:00:00:00:00:01,-99,4667
2026-08-18T13:40:20+00:00,AA:00:00:00:00:03,BB:00:00:00:00:01,-96,4668
2026-08-18T13:40:20+00:00,AA:00:00:00:00:04,BB:00:00:00:00:01,-94,4669
2026-08-18T13:40:30+00:00,AA:00:00:00:00:01,BB:00:00:00:00:01,-97,4670
2026-08-18T13:40:30+00:00,AA:00:00:00:00:02,BB:00:00:00:00:01,-94,4671
2026-08-18T13:40:30+00:00,AA:00:00:00:00:03,BB:00:00:00:00:01,-92,4672
2026-08-18T13:40:30+00:00,AA:00:00:00:00:04,BB:00:00:00:00:01,-94,4673
2026-08-18T13:40:30+00:00,AA:00:00:00:00:05,BB:00:00:00:00:01,-49,4674
2026-08-18T13:40:40+00:00,AA:00:00:00:00:01,BB:00:00:00:00:01,-89,4675
2026-08-18T13:40:40+00:00,AA:00:00:00:00:02,BB:00:00:00:00:01,-92,4676
2026-08-18T13:40:40+00:00,AA:00:00:00:00:03,BB:00:00:00:00:01,-88,4677
2026-08-18T13:40:40+00:00,AA:00:00:00:00:04,BB:00:00:00:00:01,-92,4678
2026-08-18T13:40:40+00:00,AA:00:00:00:00:05,BB:00:00:00:00:01,-54,4679
2026-08-18T13:40:50+00:00,AA:00:00:00:00:01,BB:00:00:00:00:01,-100,4680
2026-08-18T13:40:50+00:00,AA:00:00:00:00:02,BB:00:00:00:00:01,-87,4681
2026-08-18T13:40:50+00:00,AA:00:00:00:00:03,BB:00:00:00:00:01,-88,4682
2026-08-18T13:40:50+00:00,AA:00:00:00:00:04,BB:00:00:00:00:01,-84,4683
2026-08-18T13:40:50+00:00,AA:00:00:00:00:05,BB:00:00:00:00:01,-56,4684
2026-08-18T13:41:00+00:00,AA:00:00:00:00:01,BB:00:00:00:00:01,-95,4685
2026-08-18T13:41:00+00:00,AA:00:00:00:00:03,BB:00:00:00:00:01,-96,4686
2026-08-18T13:41:00+00:00,AA:00:00:00:00:04,BB:00:00:00:00:01,-87,4687
2026-08-18T13:41:00+00:00,AA:00:00:00:00:05,BB:00:00:00:00:01,-62,4688
2026-08-18T13:41:10+00:00,AA:00:00:00:00:01,BB:00:00:00:00:01,-100,4689
2026-08-18T13:41:10+00:00,AA:00:00:00:00:02,BB:00:00:00:00:01,-88,4690
2026-08-18T13:41:10+00:00,AA:00:00:00:00:03,BB:00:00:00:00:01,-95,4691
2026-08-18T13:41:10+00:00,AA:00:00:00:00:04,BB:00:00:00:00:01,-93,4692
2026-08-18T13:41:10+00:00,AA:00:00:00:00:05,BB:00:00:00:00:01,-49,4693
2026-08-18T13:41:20+00:00,AA:00:00:00:00:01,BB:00:00:00:00:01,-103,4694
2026-08-18T13:41:20+00:00,AA:00:00:00:00:02,BB:00:00:00:00:01,-86,4695
2026-08-18T13:41:20+00:00,AA:00:00:00:00:03,BB:00:00:00:00:01,-96,4696
2026-08-18T13:41:20+00:00,AA:00:00:00:00:04,BB:00:00:00:00:01,-92,4697
2026-08-18T13:41:20+00:00,AA:00:00:00:00:05,BB:00:00:00:00:01,-65,4698
2026-08-18T13:41:30+00:00,AA:00:00:00:00:01,BB:00:00:00:00:01,-89,4699
2026-08-18T13:41:30+00:00,AA:00:00:00:00:02,BB:00:00:00:00:01,-87,4700
2026-08-18T13:41:30+00:00,AA:00:00:00:00:03,BB:00:00:00:00:01,-93,4701
2026-08-18T13:41:30+00:00,AA:00:00:00:00:04,BB:00:00:00:00:01,-86,4702
2026-08-18T13:41:30+00:00,AA:00:00:00:00:05,BB:00:00:00:00:01,-47,4703
2026-08-18T13:41:40+00:00,AA:00:00:00:00:01,BB:00:00:00:00:01,-93,4704
2026-08-18T13:41:40+00:00,AA:00:00:00:00:02,BB:00:00:00:00:01,-89,4705
2026-08-18T13:41:40+00:00,AA:00:00:00:00:03,BB:00:00:00:00:01,-89,4706
2026-08-18T13:41:40+00:00,AA:00:00:00:00:04,BB:00:00:00:00:01,-91,4707
2026-08-18T13:41:40+00:00,AA:00:00:00:00:05,BB:00:00:00:00:01,-56,4708
2026-08-18T13:41:50+00:00,AA:00:00:00:00:01,BB:00:00:00:00:01,-88,4709
2026-08-18T13:41:50+00:00,AA:00:00:00:00:02,BB:00:00:00:00:01,-92,4710
2026-08-18T13:41:50+00:00,AA:00:00:00:00:03,BB:00:00:00:00:01,-88,4711
2026-08-18T13:41:50+00:00,AA:00:00:00:00:04,BB:00:00:00:00:01,-95,4712
2026-08-18T13:41:50+00:00,AA:00:00:00:00:05,BB:00:00:00:00:01,-61,4713
2026-08-18T13:42:00+00:00,AA:00:00:00:00:01,BB:00:00:00:00:01,-94,4714
2026-08-18T13:42:00+00:00,AA:00:00:00:00:02,BB:00:00:00:00:01,-79,4715
2026-08-18T13:42:00+00:00,AA:00:00:00:00:03,BB:00:00:00:00:01,-90,4716
2026-08-18T13:42:00+00:00,AA:00:00:00:00:04,BB:00:00:00:00:01,-91,4717
2026-08-18T13:42:00+00:00,AA:00:00:00:00:05,BB:00:00:00:00:01,-53,4718
2026-08-18T13:42:10+00:00,AA:00:00:00:00:01,BB:00:00:00:00:01,-97,4719
2026-08-18T13:42:10+00:00,AA:00:00:00:00:02,BB:00:00:00:00:01,-89,4720
2026-08-18T13:42:10+00:00,AA:00:00:00:00:03,BB:00:00:00:00:01,-90,4721
2026-08-18T13:42:10+00:00,AA:00:00:00:00:04,BB:00:00:00:00:01,-98,4722
2026-08-18T13:42:10+00:00,AA:00:00:00:00:05,BB:00:00:00:00:01,-57,4723
2026-08-18T13:42:20+00:00,AA:00:00:00:00:01,BB:00:00:00:00:01,-93,4724
2026-08-18T13:42:20+00:00,AA:00:00:00:00:02,BB:00:00:00:00:01,-94,4725
2026-08-18T13:42:20+00:00,AA:00:00:00:00:03,BB:00:00:00:00:01,-93,4726
2026-08-18T13:42:20+00:00,AA:00:00:00:00:04,BB:00:00:00:00:01,-90,4727
2026-08-18T13:42:20+00:00,AA:00:00:00:00:05,BB:00:00:00:00:01,-59,4728
2026-08-18T13:42:30+00:00,AA:00:00:00:00:01,BB:00:00:00:00:01,-93,4729
2026-08-18T13:42:30+00:00,AA:00:00:00:00:02,BB:00:00:00:00:01,-89,4730
2026-08-18T13:42:30+00:00,AA:00:00:00:00:03,BB:00:00:00:00:01,-89,4731
2026-08-18T13:42:30+00:00,AA:00:00:00:00:04,BB:00:00:00:00:01,-93,4732
2026-08-18T13:42:30+00:00,AA:00:00:00:00:05,BB:00:00:00:00:01,-59,4733
2026-08-18T13:42:40+00:00,AA:00:00:00:00:01,BB:00:00:00:00:01,-93,4734
2026-08-18T13:42:40+00:00,AA:00:00:00:00:02,BB:00:00:00:00:01,-91,4735
2026-08-18T13:42:40+00:00,AA:00:00:00:00:03,BB:00:00:00:00:01,-98,4736
2026-08-18T13:42:40+00:00,AA:00:00:00:00:04,BB:00:00:00:00:01,-89,4737
2026-08-18T13:42:40+00:00,AA:00:00:00:00:05,BB:00:00:00:00:01,-55,4738
2026-08-18T13:42:50+00:00,AA:00:00:00:00:01,BB:00:00:00:00:01,-87,4739
2026-08-18T13:42:50+00:00,AA:00:00:00:00:02,BB:00:00:00:00:01,-95,4740
2026-08-18T13:42:50+00:00,AA:00:00:00:00:03,BB:00:00:00:00:01,-93,4741
2026-08-18T13:42:50+00:00,AA:00:00:00:00:04,BB:00:00:00:00:01,-92,4742
2026-08-18T13:42:50+00:00,AA:00:00:00:00:05,BB:00:00:00:00:01,-55,4743
2026-08-18T13:43:00+00:00,AA:00:00:00:00:01,BB:00:00:00:00:01,-93,4744
2026-08-18T13:43:00+00:00,AA:00:00:00:00:02,BB:00:00:00:00:01,-92,4745
2026-08-18T13:43:00+00:00,AA:00:00:00:00:03,BB:00:00:00:00:01,-94,4746
2026-08-18T13:43:00+00:00,AA:00:00:00:00:04,BB:00:00:00:00:01,-95,4747
2026-08-18T13:43:00+00:00,AA:00:00:00:00:05,BB:00:00:00:00:01,-59,4748
2026-08-18T13:43:10+00:00,AA:00:00:00:00:01,BB:00:00:00:00:01,-92,4749
2026-08-18T13:43:10+00:00,AA:00:00:00:00:02,BB:00:00:00:00:01,-95,4750
2026-08-18T13:43:10+00:00,AA:00:00:00:00:03,BB:00:00:00:00:01,-98,4751
2026-08-18T13:43:10+00:00,AA:00:00:00:00:04,BB:00:00:00:00:01,-88,4752
2026-08-18T13:43:10+00:00,AA:00:00:00:00:05,BB:00:00:00:00:01,-50,4753
2026-08-18T13:43:20+00:00,AA:00:00:00:00:01,BB:00:00:00:00:01,-96,4754
2026-08-18T13:43:20+00:00,AA:00:00:00:00:02,BB:00:00:00:00:01,-99,4755
2026-08-18T13:43:20+00:00,AA:00:00:00:00:03,BB:00:00:00:00:01,-92,4756
2026-08-18T13:43:20+00:00,AA:00:00:00:00:04,BB:00:00:00:00:01,-92,4757
2026-08-18T13:43:20+00:00,AA:00:00:00:00:05,BB:00:00:00:00:01,-55,4758
2026-08-18T13:43:30+00:00,AA:00:00:00:00:01,BB:00:00:00:00:01,-92,4759
2026-08-18T13:43:30+00:00,AA:00:00:00:00:02,BB:00:00:00:00:01,-90,4760
2026-08-18T13:43:30+00:00,AA:00:00:00:00:03,BB:00:00:00:00:01,-90,4761
2026-08-18T13:43:30+00:00,AA:00:00:00:00:04,BB:00:00:00:00:01,-93,4762
2026-08-18T13:43:30+00:00,AA:00:00:00:00:05,BB:00:00:00:00:01,-55,4763
2026-08-18T13:43:40+00:00,AA:00:00:00:00:01,BB:00:00:00:00:01,-85,4764
2026-08-18T13:43:40+00:00,AA:00:00:00:00:02,BB:00:00:00:00:01,-93,4765
2026-08-18T13:43:40+00:00,AA:00:00:00:00:03,BB:00:00:00:00:01,-89,4766
2026-08-18T13:43:40+00:00,AA:00:00:00:00:04,BB:00:00:00:00:01,-97,4767
2026-08-18T13:43:40+00:00,AA:00:00:00:00:05,BB:00:00:00:00:01,-60,4768
2026-08-18T13:43:50+00:00,AA:00:00:00:00:01,BB:00:00:00:00:01,-90,4769
2026-08-18T13:43:50+00:00,AA:00:00:00:00:02,BB:00:00:00:00:01,-93,4770
2026-08-18T13:43:50+00:00,AA:00:00:00:00:03,BB:00:00:00:00:01,-94,4771
2026-08-18T13:43:50+00:00,AA:00:00:00:00:04,BB:00:00:00:00:01,-95,4772
2026-08-18T13:43:50+00:00,AA:00:00:00:00:05,BB:00:00:00:00:01,-55,4773
2026-08-18T13:44:00+00:00,AA:00:00:00:00:01,BB:00:00:00:00:01,-98,4774
2026-08-18T13:44:00+00:00,AA:00:00:00:00:02,BB:00:00:00:00:01,-92,4775
2026-08-18T13:44:00+00:00,AA:00:00:00:00:03,BB:00:00:00:00:01,-89,4776
2026-08-18T13:44:00+00:00,AA:00:00:00:00:04,BB:00:00:00:00:01,-89,4777
2026-08-18T13:44:00+00:00,AA:00:00:00:00:05,BB:00:00:00:00:01,-60,4778
2026-08-18T13:44:10+00:00,AA:00:00:00:00:01,BB:00:00:00:00:01,-91,4779
2026-08-18T13:44:10+00:00,AA:00:00:00:00:02,BB:00:00:00:00:01,-97,4780
2026-08-18T13:44:10+00:00,AA:00:00:00:00:03,BB:00:00:00:00:01,-99,4781
2026-08-18T13:44:10+00:00,AA:00:00:00:00:04,BB:00:00:00:00:01,-83,4782
2026-08-18T13:44:10+00:00,AA:00:00:00:00:05,BB:00:00:00:00:01,-61,4783
2026-08-18T13:44:20+00:00,AA:00:00:00:00:01,BB:00:00:00:00:01,-94,4784
2026-08-18T13:44:20+00:00,AA:00:00:00:00:02,BB:00:00:00:00:01,-81,4785
2026-08-18T13:44:20+00:00,AA:00:00:00:00:03,BB:00:00:00:00:01,-96,4786
2026-08-18T13:44:20+00:00,AA:00:00:00:00:04,BB:00:00:00:00:01,-92,4787
2026-08-18T13:44:20+00:00,AA:00:00:00:00:05,BB:00:00:00:00:01,-50,4788
2026-08-18T13:44:30+00:00,AA:00:00:00:00:01,BB:00:00:00:00:01,-90,4789
2026-08-18T13:44:30+00:00,AA:00:00:00:00:02,BB:00:00:00:00:01,-95,4790
2026-08-18T13:44:30+00:00,AA:00:00:00:00:03,BB:00:00:00:00:01,-87,4791
2026-08-18T13:44:30+00:00,AA:00:00:00:00:04,BB:00:00:00:00:01,-92,4792
2026-08-18T13:44:30+00:00,AA:00:00:00:00:05,BB:00:00:00:00:01,-58,4793
2026-08-18T13:44:40+00:00,AA:00:00:00:00:01,BB:00:00:00:00:01,-94,4794
2026-08-18T13:44:40+00:00,AA:00:00:00:00:02,BB:00:00:00:00:01,-95,4795
2026-08-18T13:44:40+00:00,AA:00:00:00:00:03,BB:00:00:00:00:01,-100,4796
2026-08-18T13:44:40+00:00,AA:00:00:00:00:04,BB:00:00:00:00:01,-96,4797
2026-08-18T13:44:40+00:00,AA:00:00:00:00:05,BB:00:00:00:00:01,-53,4798
2026-08-18T13:44:50+00:00,AA:00:00:00:00:01,BB:00:00:00:00:01,-89,4799
2026-08-18T13:44:50+00:00,AA:00:00:00:00:02,BB:00:00:00:00:01,-95,4800
2026-08-18T13:44:50+00:00,AA:00:00:00:00:03,BB:00:00:00:00:01,-95,4801
2026-08-18T13:44:50+00:00,AA:00:00:00:00:04,BB:00:00:00:00:01,-91,4802
2026-08-18T13:44:50+00:00,AA:00:00:00:00:05,BB:00:00:00:00:01,-53,4803
2026-08-18T13:45:00+00:00,AA:00:00:00:00:02,BB:00:00:00:00:01,-91,4804
2026-08-18T13:45:00+00:00,AA:00:00:00:00:03,BB:00:00:00:00:01,-92,4805
2026-08-18T13:45:00+00:00,AA:00:00:00:00:04,BB:00:00:00:00:01,-95,4806
2026-08-18T13:45:00+00:00,AA:00:00:00:00:05,BB:00:00:00:00:01,-50,4807
2026-08-18T13:45:10+00:00,AA:00:00:00:00:01,BB:00:00:00:00:01,-96,4808
2026-08-18T13:45:10+00:00,AA:00:00:00:00:02,BB:00:00:00:00:01,-94,4809
2026-08-18T13:45:10+00:00,AA:00:00:00:00:03,BB:00:00:00:00:01,-93,4810
2026-08-18T13:45:10+00:00,AA:00:00:00:00:04,BB:00:00:00:00:01,-92,4811
2026-08-18T13:45:10+00:00,AA:00:00:00:00:05,BB:00:00:00:00:01,-60,4812
2026-08-18T13:45:20+00:00,AA:00:00:00:00:01,BB:00:00:00:00:01,-95,4813
2026-08-18T13:45:20+00:00,AA:00:00:00:00:03,BB:00:00:00:00:01,-94,4814
2026-08-18T13:45:20+00:00,AA:00:00:00:00:04,BB:00:00:00:00:01,-93,4815
2026-08-18T13:45:20+00:00,AA:00:00:00:00:05,BB:00:00:00:00:01,-56,4816
2026-08-18T13:45:30+00:00,AA:00:00:00:00:01,BB:00:00:00:00:01,-89,4817
2026-08-18T13:45:30+00:00,AA:00:00:00:00:02,BB:00:00:00:00:01,-91,4818
2026-08-18T13:45:30+00:00,AA:00:00:00:00:03,BB:00:00:00:00:01,-94,4819
2026-08-18T13:45:30+00:00,AA:00:00:00:00:04,BB:00:00:00:00:01,-93,4820
2026-08-18T13:45:30+00:00,AA:00:00:00:00:05,BB:00:00:00:00:01,-57,4821
2026-08-18T13:45:40+00:00,AA:00:00:00:00:01,BB:00:00:00:00:01,-95,4822
2026-08-18T13:45:40+00:00,AA:00:00:00:00:02,BB:00:00:00:00:01,-89,4823
2026-08-18T13:45:40+00:00,AA:00:00:00:00:03,BB:00:00:00:00:01,-89,4824
2026-08-18T13:45:40+00:00,AA:00:00:00:00:04,BB:00:00:00:00:01,-86,4825
2026-08-18T13:45:40+00:00,AA:00:00:00:00:05,BB:00:00:00:00:01,-63,4826
2026-08-18T13:45:50+00:00,AA:00:00:00:00:01,BB:00:00:00:00:01,-92,4827
2026-08-18T13:45:50+00:00,AA:00:00:00:00:02,BB:00:00:00:00:01,-95,4828
2026-08-18T13:45:50+00:00,AA:00:00:00:00:03,BB:00:00:00:00:01,-88,4829
2026-08-18T13:45:50+00:00,AA:00:00:00:00:04,BB:00:00:00:00:01,-88,4830
2026-08-18T13:45:50+00:00,AA:00:00:00:00:05,BB:00:00:00:00:01,-53,4831
2026-08-18T13:46:00+00:00,AA:00:00:00:00:01,BB:00:00:00:00:01,-86,4832
2026-08-18T13:46:00+00:00,AA:00:00:00:00:02,BB:00:00:00:00:01,-89,4833
2026-08-18T13:46:00+00:00,AA:00:00:00:00:03,BB:00:00:00:00:01,-91,4834
2026-08-18T13:46:00+00:00,AA:00:00:00:00:04,BB:00:00:00:00:01,-87,4835
2026-08-18T13:46:00+00:00,AA:00:00:00:00:05,BB:00:00:00:00:01,-47,4836
2026-08-18T13:46:10+00:00,AA:00:00:00:00:01,BB:00:00:00:00:01,-95,4837
2026-08-18T13:46:10+00:00,AA:00:00:00:00:02,BB:00:00:00:00:01,-85,4838
2026-08-18T13:46:10+00:00,AA:00:00:00:00:03,BB:00:00:00:00:01,-89,4839
2026-08-18T13:46:10+00:00,AA:00:00:00:00:04,BB:00:00:00:00:01,-99,4840
2026-08-18T13:46:10+00:00,AA:00:00:00:00:05,BB:00:00:00:00:01,-59,4841
2026-08-18T13:46:20+00:00,AA:00:00:00:00:01,BB:00:00:00:00:01,-93,4842
2026-08-18T13:46:20+00:00,AA:00:00:00:00:02,BB:00:00:00:00:01,-91,4843
2026-08-18T13:46:20+00:00,AA:00:00:00:00:03,BB:00:00:00:00:01,-101,4844
2026-08-18T13:46:20+00:00,AA:00:00:00:00:04,BB:00:00:00:00:01,-90,4845
2026-08-18T13:46:20+00:00,AA:00:00:00:00:05,BB:00:00:00:00:01,-57,4846
2026-08-18T13:46:30+00:00,AA:00:00:00:00:01,BB:00:00:00:00:01,-89,4847
2026-08-18T13:46:30+00:00,AA:00:00:00:00:02,BB:00:00:00:00:01,-89,4848
2026-08-18T13:46:30+00:00,AA:00:00:00:00:03,BB:00:00:00:00:01,-88,4849
2026-08-18T13:46:30+00:00,AA:00:00:00:00:04,BB:00:00:00:00:01,-96,4850
2026-08-18T13:46:30+00:00,AA:00:00:00:00:05,BB:00:00:00:00:01,-62,4851
2026-08-18T13:46:40+00:00,AA:00:00:00:00:01,BB:00:00:00:00:01,-84,4852
2026-08-18T13:46:40+00:00,AA:00:00:00:00:02,BB:00:00:00:00:01,-95,4853
2026-08-18T13:46:40+00:00,AA:00:00:00:00:03,BB:00:00:00:00:01,-81,4854
2026-08-18T13:46:40+00:00,AA:00:00:00:00:04,BB:00:00:00:00:01,-90,4855
2026-08-18T13:46:40+00:00,AA:00:00:00:00:05,BB:00:00:00:00:01,-56,4856
2026-08-18T13:46:50+00:00,AA:00:00:00:00:01,BB:00:00:00:00:01,-93,4857
2026-08-18T13:46:50+00:00,AA:00:00:00:00:02,BB:00:00:00:00:01,-92,4858
2026-08-18T13:46:50+00:00,AA:00:00:00:00:03,BB:00:00:00:00:01,-91,4859
2026-08-18T13:46:50+00:00,AA:00:00:00:00:04,BB:00:00:00:00:01,-94,4860
2026-08-18T13:46:50+00:00,AA:00:00:00:00:05,BB:00:00:00:00:01,-58,4861
2026-08-18T13:47:00+00:00,AA:00:00:00:00:01,BB:00:00:00:00:01,-91,4862
2026-08-18T13:47:00+00:00,AA:00:00:00:00:02,BB:00:00:00:00:01,-92,4863
2026-08-18T13:47:00+00:00,AA:00:00:00:00:03,BB:00:00:00:00:01,-90,4864
2026-08-18T13:47:00+00:00,AA:00:00:00:00:04,BB:00:00:00:00:01,-97,4865
2026-08-18T13:47:00+00:00,AA:00:00:00:00:05,BB:00:00:00:00:01,-55,4866
2026-08-18T13:47:10+00:00,AA:00:00:00:00:01,BB:00:00:00:00:01,-97,4867
2026-08-18T13:47:10+00:00,AA:00:00:00:00:02,BB:00:00:00:00:01,-93,4868
2026-08-18T13:47:10+00:00,AA:00:00:00:00:03,BB:00:00:00:00:01,-96,4869
2026-08-18T13:47:10+00:00,AA:00:00:00:00:05,BB:00:00:00:00:01,-52,4870
2026-08-18T13:47:20+00:00,AA:00:00:00:00:01,BB:00:00:00:00:01,-91,4871
2026-08-18T13:47:20+00:00,AA:00:00:00:00:02,BB:00:00:00:00:01,-88,4872
2026-08-18T13:47:20+00:00,AA:00:00:00:00:03,BB:00:00:00:00:01,-94,4873
2026-08-18T13:47:20+00:00,AA:00:00:00:00:04,BB:00:00:00:00:01,-94,4874
2026-08-18T13:47:30+00:00,AA:00:00:00:00:01,BB:00:00:00:00:01,-97,4875
2026-08-18T13:47:30+00:00,AA:00:00:00:00:02,BB:00:00:00:00:01,-93,4876
2026-08-18T13:47:30+00:00,AA:00:00:00:00:03,BB:00:00:00:00:01,-99,4877
2026-08-18T13:47:30+00:00,AA:00:00:00:00:04,BB:00:00:00:00:01,-91,4878
2026-08-18T13:47:30+00:00,AA:00:00:00:00:05,BB:00:00:00:00:01,-54,4879
2026-08-18T13:47:40+00:00,AA:00:00:00:00:01,BB:00:00:00:00:01,-92,4880
2026-08-18T13:47:40+00:00,AA:00:00:00:00:02,BB:00:00:00:00:01,-89,4881
2026-08-18T13:47:40+00:00,AA:00:00:00:00:03,BB:00:00:00:00:01,-91,4882
2026-08-18T13:47:40+00:00,AA:00:00:00:00:04,BB:00:00:00:00:01,-91,4883
2026-08-18T13:47:40+00:00,AA:00:00:00:00:05,BB:00:00:00:00:01,-62,4884
2026-08-18T13:47:50+00:00,AA:00:00:00:00:01,BB:00:00:00:00:01,-92,4885
2026-08-18T13:47:50+00:00,AA:00:00:00:00:02,BB:00:00:00:00:01,-91,4886
2026-08-18T13:47:50+00:00,AA:00:00:00:00:03,BB:00:00:00:00:01,-86,4887
2026-08-18T13:47:50+00:00,AA:00:00:00:00:04,BB:00:00:00:00:01,-94,4888
2026-08-18T13:47:50+00:00,AA:00:00:00:00:05,BB:00:00:00:00:01,-49,4889
2026-08-18T13:48:00+00:00,AA:00:00:00:00:01,BB:00:00:00:00:01,-94,4890
2026-08-18T13:48:00+00:00,AA:00:00:00:00:02,BB:00:00:00:00:01,-96,4891
2026-08-18T13:48:00+00:00,AA:00:00:00:00:03,BB:00:00:00:00:01,-94,4892
2026-08-18T13:48:00+00:00,AA:00:00:00:00:04,BB:00:00:00:00:01,-97,4893
2026-08-18T13:48:00+00:00,AA:00:00:00:00:05,BB:00:00:00:00:01,-48,4894
2026-08-18T13:48:10+00:00,AA:00:00:00:00:01,BB:00:00:00:00:01,-84,4895
2026-08-18T13:48:10+00:00,AA:00:00:00:00:02,BB:00:00:00:00:01,-91,4896
2026-08-18T13:48:10+00:00,AA:00:00:00:00:03,BB:00:00:00:00:01,-88,4897
2026-08-18T13:48:10+00:00,AA:00:00:00:00:04,BB:00:00:00:00:01,-86,4898
2026-08-18T13:48:10+00:00,AA:00:00:00:00:05,BB:00:00:00:00:01,-56,4899
2026-08-18T13:48:20+00:00,AA:00:00:00:00:01,BB:00:00:00:00:01,-88,4900
2026-08-18T13:48:20+00:00,AA:00:00:00:00:02,BB:00:00:00:00:01,-89,4901
2026-08-18T13:48:20+00:00,AA:00:00:00:00:03,BB:00:00:00:00:01,-98,4902
2026-08-18T13:48:20+00:00,AA:00:00:00:00:04,BB:00:00:00:00:01,-87,4903
2026-08-18T13:48:20+00:00,AA:00:00:00:00:05,BB:00:00:00:00:01,-59,4904
2026-08-18T13:48:30+00:00,AA:00:00:00:00:01,BB:00:00:00:00:01,-95,4905
2026-08-18T13:48:30+00:00,AA:00:00:00:00:02,BB:00:00:00:00:01,-89,4906
2026-08-18T13:48:30+00:00,AA:00:00:00:00:03,BB:00:00:00:00:01,-91,4907
2026-08-18T13:48:30+00:00,AA:00:00:00:00:04,BB:00:00:00:00:01,-89,4908
2026-08-18T13:48:30+00:00,AA:00:00:00:00:05,BB:00:00:00:00:01,-54,4909
2026-08-18T13:48:40+00:00,AA:00:00:00:00:01,BB:00:00:00:00:01,-87,4910
2026-08-18T13:48:40+00:00,AA:00:00:00:00:02,BB:00:00:00:00:01,-91,4911
2026-08-18T13:48:40+00:00,AA:00:00:00:00:03,BB:00:00:00:00:01,-86,4912
2026-08-18T13:48:40+00:00,AA:00:00:00:00:04,BB:00:00:00:00:01,-96,4913
2026-08-18T13:48:40+00:00,AA:00:00:00:00:05,BB:00:00:00:00:01,-59,4914
2026-08-18T13:48:50+00:00,AA:00:00:00:00:01,BB:00:00:00:00:01,-86,4915
2026-08-18T13:48:50+00:00,AA:00:00:00:00:02,BB:00:00:00:00:01,-93,4916
2026-08-18T13:48:50+00:00,AA:00:00:00:00:03,BB:00:00:00:00:01,-98,4917
2026-08-18T13:48:50+00:00,AA:00:00:00:00:04,BB:00:00:00:00:01,-97,4918
2026-08-18T13:48:50+00:00,AA:00:00:00:00:05,BB:00:00:00:00:01,-51,4919
2026-08-18T13:49:00+00:00,AA:00:00:00:00:01,BB:00:00:00:00:01,-88,4920
2026-08-18T13:49:00+00:00,AA:00:00:00:00:02,BB:00:00:00:00:01,-94,4921
2026-08-18T13:49:00+00:00,AA:00:00:00:00:03,BB:00:00:00:00:01,-94,4922
2026-08-18T13:49:00+00:00,AA:00:00:00:00:04,BB:00:00:00:00:01,-92,4923
2026-08-18T13:49:00+00:00,AA:00:00:00:00:05,BB:00:00:00:00:01,-53,4924
2026-08-18T13:49:10+00:00,AA:00:00:00:00:01,BB:00:00:00:00:01,-93,4925
2026-08-18T13:49:10+00:00,AA:00:00:00:00:02,BB:00:00:00:00:01,-90,4926
2026-08-18T13:49:10+00:00,AA:00:00:00:00:03,BB:00:00:00:00:01,-93,4927
2026-08-18T13:49:10+00:00,AA:00:00:00:00:04,BB:00:00:00:00:01,-94,4928
2026-08-18T13:49:10+00:00,AA:00:00:00:00:05,BB:00:00:00:00:01,-52,4929
2026-08-18T13:49:20+00:00,AA:00:00:00:00:01,BB:00:00:00:00:01,-96,4930
2026-08-18T13:49:20+00:00,AA:00:00:00:00:02,BB:00:00:00:00:01,-98,4931
2026-08-18T13:49:20+00:00,AA:00:00:00:00:03,BB:00:00:00:00:01,-88,4932
2026-08-18T13:49:20+00:00,AA:00:00:00:00:04,BB:00:00:00:00:01,-88,4933
2026-08-18T13:49:20+00:00,AA:00:00:00:00:05,BB:00:00:00:00:01,-53,4934
2026-08-18T13:49:30+00:00,AA:00:00:00:00:01,BB:00:00:00:00:01,-88,4935
2026-08-18T13:49:30+00:00,AA:00:00:00:00:02,BB:00:00:00:00:01,-88,4936
2026-08-18T13:49:30+00:00,AA:00:00:00:00:03,BB:00:00:00:00:01,-93,4937
2026-08-18T13:49:30+00:00,AA:00:00:00:00:04,BB:00:00:00:00:01,-83,4938
2026-08-18T13:49:30+00:00,AA:00:00:00:00:05,BB:00:00:00:00:01,-52,4939
2026-08-18T13:49:40+00:00,AA:00:00:00:00:01,BB:00:00:00:00:01,-93,4940
2026-08-18T13:49:40+00:00,AA:00:00:00:00:02,BB:00:00:00:00:01,-91,4941
2026-08-18T13:49:40+00:00,AA:00:00:00:00:03,BB:00:00:00:00:01,-93,4942
2026-08-18T13:49:40+00:00,AA:00:00:00:00:04,BB:00:00:00:00:01,-84,4943
2026-08-18T13:49:40+00:00,AA:00:00:00:00:05,BB:00:00:00:00:01,-52,4944
2026-08-18T13:49:50+00:00,AA:00:00:00:00:01,BB:00:00:00:00:01,-88,4945
2026-08-18T13:49:50+00:00,AA:00:00:00:00:02,BB:00:00:00:00:01,-86,4946
2026-08-18T13:49:50+00:00,AA:00:00:00:00:03,BB:00:00:00:00:01,-91,4947
2026-08-18T13:49:50+00:00,AA:00:00:00:00:04,BB:00:00:00:00:01,-86,4948
2026-08-18T13:49:50+00:00,AA:00:00:00:00:05,BB:00:00:00:00:01,-53,4949
2026-08-18T13:50:00+00:00,AA:00:00:00:00:01,BB:00:00:00:00:01,-92,4950
2026-08-18T13:50:00+00:00,AA:00:00:00:00:02,BB:00:00:00:00:01,-89,4951
2026-08-18T13:50:00+00:00,AA:00:00:00:00:03,BB:00:00:00:00:01,-96,4952
2026-08-18T13:50:00+00:00,AA:00:00:00:00:04,BB:00:00:00:00:01,-87,4953
2026-08-18T13:50:00+00:00,AA:00:00:00:00:05,BB:00:00:00:00:01,-51,4954
2026-08-18T13:50:10+00:00,AA:00:00:00:00:01,BB:00:00:00:00:01,-90,4955
2026-08-18T13:50:10+00:00,AA:00:00:00:00:02,BB:00:00:00:00:01,-94,4956
2026-08-18T13:50:10+00:00,AA:00:00:00:00:03,BB:00:00:00:00:01,-89,4957
2026-08-18T13:50:10+00:00,AA:00:00:00:00:04,BB:00:00:00:00:01,-97,4958
2026-08-18T13:50:10+00:00,AA:00:00:00:00:05,BB:00:00:00:00:01,-61,4959
2026-08-18T13:50:20+00:00,AA:00:00:00:00:01,BB:00:00:00:00:01,-91,4960
2026-08-18T13:50:20+00:00,AA:00:00:00:00:02,BB:00:00:00:00:01,-96,4961
2026-08-18T13:50:20+00:00,AA:00:00:00:00:03,BB:00:00:00:00:01,-103,4962
2026-08-18T13:50:20+00:00,AA:00:00:00:00:04,BB:00:00:00:00:01,-90,4963
2026-08-18T13:50:20+00:00,AA:00:00:00:00:05,BB:00:00:00:00:01,-46,4964
2026-08-18T13:50:30+00:00,AA:00:00:00:00:01,BB:00:00:00:00:01,-89,4965
2026-08-18T13:50:30+00:00,AA:00:00:00:00:02,BB:00:00:00:00:01,-98,4966
2026-08-18T13:50:30+00:00,AA:00:00:00:00:03,BB:00:00:00:00:01,-97,4967
2026-08-18T13:50:30+00:00,AA:00:00:00:00:04,BB:00:00:00:00:01,-97,4968
2026-08-18T13:50:30+00:00,AA:00:00:00:00:05,BB:00:00:00:00:01,-55,4969
2026-08-18T13:50:40+00:00,AA:00:00:00:00:01,BB:00:00:00:00:01,-91,4970
2026-08-18T13:50:40+00:00,AA:00:00:00:00:02,BB:00:00:00:00:01,-93,4971
2026-08-18T13:50:40+00:00,AA:00:00:00:00:03,BB:00:00:00:00:01,-90,4972
2026-08-18T13:50:40+00:00,AA:00:00:00:00:04,BB:00:00:00:00:01,-92,4973
2026-08-18T13:50:40+00:00,AA:00:00:00:00:05,BB:00:00:00:00:01,-54,4974
2026-08-18T13:50:50+00:00,AA:00:00:00:00:01,BB:00:00:00:00:01,-87,4975
2026-08-18T13:50:50+00:00,AA:00:00:00:00:02,BB:00:00:00:00:01,-98,4976
2026-08-18T13:50:50+00:00,AA:00:00:00:00:03,BB:00:00:00:00:01,-89,4977
2026-08-18T13:50:50+00:00,AA:00:00:00:00:04,BB:00:00:00:00:01,-88,4978
2026-08-18T13:50:50+00:00,AA:00:00:00:00:05,BB:00:00:00:00:01,-54,4979
2026-08-18T13:51:00+00:00,AA:00:00:00:00:01,BB:00:00:00:00:01,-93,4980
2026-08-18T13:51:00+00:00,AA:00:00:00:00:02,BB:00:00:00:00:01,-84,4981
2026-08-18T13:51:00+00:00,AA:00:00:00:00:03,BB:00:00:00:00:01,-92,4982
2026-08-18T13:51:00+00:00,AA:00:00:00:00:04,BB:00:00:00:00:01,-85,4983
2026-08-18T13:51:00+00:00,AA:00:00:00:00:05,BB:00:00:00:00:01,-55,4984
2026-08-18T13:51:10+00:00,AA:00:00:00:00:01,BB:00:00:00:00:01,-94,4985
2026-08-18T13:51:10+00:00,AA:00:00:00:00:02,BB:00:00:00:00:01,-89,4986
2026-08-18T13:51:10+00:00,AA:00:00:00:00:03,BB:00:00:00:00:01,-95,4987
2026-08-18T13:51:10+00:00,AA:00:00:00:00:04,BB:00:00:00:00:01,-87,4988
2026-08-18T13:51:10+00:00,AA:00:00:00:00:05,BB:00:00:00:00:01,-58,4989
2026-08-18T13:51:20+00:00,AA:00:00:00:00:01,BB:00:00:00:00:01,-97,4990
2026-08-18T13:51:20+00:00,AA:00:00:00:00:02,BB:00:00:00:00:01,-89,4991
2026-08-18T13:51:20+00:00,AA:00:00:00:00:03,BB:00:00:00:00:01,-99,4992
2026-08-18T13:51:20+00:00,AA:00:00:00:00:04,BB:00:00:00:00:01,-94,4993
2026-08-18T13:51:20+00:00,AA:00:00:00:00:05,BB:00:00:00:00:01,-53,4994
2026-08-18T13:51:30+00:00,AA:00:00:00:00:01,BB:00:00:00:00:01,-90,4995
2026-08-18T13:51:30+00:00,AA:00:00:00:00:03,BB:00:00:00:00:01,-90,4996
2026-08-18T13:51:30+00:00,AA:00:00:00:00:04,BB:00:00:00:00:01,-97,4997
2026-08-18T13:51:30+00:00,AA:00:00:00:00:05,BB:00:00:00:00:01,-60,4998
2026-08-18T13:51:40+00:00,AA:00:00:00:00:01,BB:00:00:00:00:01,-90,4999
2026-08-18T13:51:40+00:00,AA:00:00:00:00:02,BB:00:00:00:00:01,-92,5000
2026-08-18T13:51:40+00:00,AA:00:00:00:00:03,BB:00:00:00:00:01,-86,5001
2026-08-18T13:51:40+00:00,AA:00:00:00:00:04,BB:00:00:00:00:01,-95,5002
2026-08-18T13:51:50+00:00,AA:00:00:00:00:01,BB:00:00:00:00:01,-89,5003
2026-08-18T13:51:50+00:00,AA:00:00:00:00:02,BB:00:00:00:00:01,-86,5004
2026-08-18T13:51:50+00:00,AA:00:00:00:00:03,BB:00:00:00:00:01,-99,5005
2026-08-18T13:51:50+00:00,AA:00:00:00:00:04,BB:00:00:00:00:01,-96,5006
2026-08-18T13:51:50+00:00,AA:00:00:00:00:05,BB:00:00:00:00:01,-52,5007
2026-08-18T13:52:00+00:00,AA:00:00:00:00:01,BB:00:00:00:00:01,-85,5008
2026-08-18T13:52:00+00:00,AA:00:00:00:00:02,BB:00:00:00:00:01,-97,5009
2026-08-18T13:52:00+00:00,AA:00:00:00:00:03,BB:00:00:00:00:01,-91,5010
2026-08-18T13:52:00+00:00,AA:00:00:00:00:04,BB:00:00:00:00:01,-92,5011
2026-08-18T13:52:00+00:00,AA:00:00:00:00:05,BB:00:00:00:00:01,-59,5012
2026-08-18T13:52:10+00:00,AA:00:00:00:00:01,BB:00:00:00:00:01,-91,5013
2026-08-18T13:52:10+00:00,AA:00:00:00:00:02,BB:00:00:00:00:01,-93,5014
2026-08-18T13:52:10+00:00,AA:00:00:00:00:03,BB:00:00:00:00:01,-88,5015
2026-08-18T13:52:10+00:00,AA:00:00:00:00:04,BB:00:00:00:00:01,-91,5016
2026-08-18T13:52:10+00:00,AA:00:00:00:00:05,BB:00:00:00:00:01,-64,5017
2026-08-18T13:52:20+00:00,AA:00:00:00:00:01,BB:00:00:00:00:01,-88,5018
2026-08-18T13:52:20+00:00,AA:00:00:00:00:02,BB:00:00:00:00:01,-95,5019
2026-08-18T13:52:20+00:00,AA:00:00:00:00:03,BB:00:00:00:00:01,-95,5020
2026-08-18T13:52:20+00:00,AA:00:00:00:00:04,BB:00:00:00:00:01,-89,5021
2026-08-18T13:52:20+00:00,AA:00:00:00:00:05,BB:00:00:00:00:01,-53,5022
2026-08-18T13:52:30+00:00,AA:00:00:00:00:01,BB:00:00:00:00:01,-93,5023
2026-08-18T13:52:30+00:00,AA:00:00:00:00:02,BB:00:00:00:00:01,-100,5024
2026-08-18T13:52:30+00:00,AA:00:00:00:00:03,BB:00:00:00:00:01,-95,5025
2026-08-18T13:52:30+00:00,AA:00:00:00:00:04,BB:00:00:00:00:01,-95,5026
2026-08-18T13:52:30+00:00,AA:00:00:00:00:05,BB:00:00:00:00:01,-53,5027
2026-08-18T13:52:40+00:00,AA:00:00:00:00:01,BB:00:00:00:00:01,-87,5028
2026-08-18T13:52:40+00:00,AA:00:00:00:00:03,BB:00:00:00:00:01,-91,5029
2026-08-18T13:52:40+00:00,AA:00:00:00:00:04,BB:00:00:00:00:01,-87,5030
2026-08-18T13:52:40+00:00,AA:00:00:00:00:05,BB:00:00:00:00:01,-52,5031
2026-08-18T13:52:50+00:00,AA:00:00:00:00:01,BB:00:00:00:00:01,-90,5032
2026-08-18T13:52:50+00:00,AA:00:00:00:00:02,BB:00:00:00:00:01,-100,5033
2026-08-18T13:52:50+00:00,AA:00:00:00:00:03,BB:00:00:00:00:01,-89,5034
2026-08-18T13:52:50+00:00,AA:00:00:00:00:04,BB:00:00:00:00:01,-85,5035
2026-08-18T13:52:50+00:00,AA:00:00:00:00:05,BB:00:00:00:00:01,-55,5036
2026-08-18T13:53:00+00:00,AA:00:00:00:00:01,BB:00:00:00:00:01,-90,5037
2026-08-18T13:53:00+00:00,AA:00:00:00:00:02,BB:00:00:00:00:01,-90,5038
2026-08-18T13:53:00+00:00,AA:00:00:00:00:03,BB:00:00:00:00:01,-83,5039
2026-08-18T13:53:00+00:00,AA:00:00:00:00:04,BB:00:00:00:00:01,-91,5040
2026-08-18T13:53:00+00:00,AA:00:00:00:00:05,BB:00:00:00:00:01,-55,5041
2026-08-18T13:53:10+00:00,AA:00:00:00:00:01,BB:00:00:00:00:01,-92,5042
2026-08-18T13:53:10+00:00,AA:00:00:00:00:02,BB:00:00:00:00:01,-89,5043
2026-08-18T13:53:10+00:00,AA:00:00:00:00:03,BB:00:00:00:00:01,-83,5044
2026-08-18T13:53:10+00:00,AA:00:00:00:00:04,BB:00:00:00:00:01,-99,5045
2026-08-18T13:53:10+00:00,AA:00:00:00:00:05,BB:00:00:00:00:01,-56,5046
2026-08-18T13:53:20+00:00,AA:00:00:00:00:01,BB:00:00:00:00:01,-94,5047
2026-08-18T13:53:20+00:00,AA:00:00:00:00:02,BB:00:00:00:00:01,-99,5048
2026-08-18T13:53:20+00:00,AA:00:00:00:00:04,BB:00:00:00:00:01,-84,5049
2026-08-18T13:53:20+00:00,AA:00:00:00:00:05,BB:00:00:00:00:01,-52,5050
2026-08-18T13:53:30+00:00,AA:00:00:00:00:01,BB:00:00:00:00:01,-90,5051
2026-08-18T13:53:30+00:00,AA:00:00:00:00:02,BB:00:00:00:00:01,-93,5052
2026-08-18T13:53:30+00:00,AA:00:00:00:00:03,BB:00:00:00:00:01,-96,5053
2026-08-18T13:53:30+00:00,AA:00:00:00:00:04,BB:00:00:00:00:01,-95,5054
2026-08-18T13:53:30+00:00,AA:00:00:00:00:05,BB:00:00:00:00:01,-59,5055
2026-08-18T13:53:40+00:00,AA:00:00:00:00:01,BB:00:00:00:00:01,-96,5056
2026-08-18T13:53:40+00:00,AA:00:00:00:00:02,BB:00:00:00:00:01,-84,5057
2026-08-18T13:53:40+00:00,AA:00:00:00:00:03,BB:00:00:00:00:01,-91,5058
2026-08-18T13:53:40+00:00,AA:00:00:00:00:04,BB:00:00:00:00:01,-95,5059
2026-08-18T13:53:40+00:00,AA:00:00:00:00:05,BB:00:00:00:00:01,-54,5060
2026-08-18T13:53:50+00:00,AA:00:00:00:00:01,BB:00:00:00:00:01,-93,5061
2026-08-18T13:53:50+00:00,AA:00:00:00:00:02,BB:00:00:00:00:01,-89,5062
2026-08-18T13:53:50+00:00,AA:00:00:00:00:03,BB:00:00:00:00:01,-89,5063
2026-08-18T13:53:50+00:00,AA:00:00:00:00:04,BB:00:00:00:00:01,-92,5064
2026-08-18T13:53:50+00:00,AA:00:00:00:00:05,BB:00:00:00:00:01,-53,5065
2026-08-18T13:54:00+00:00,AA:00:00:00:00:01,BB:00:00:00:00:01,-93,5066
2026-08-18T13:54:00+00:00,AA:00:00:00:00:02,BB:00:00:00:00:01,-89,5067
2026-08-18T13:54:00+00:00,AA:00:00:00:00:03,BB:00:00:00:00:01,-88,5068
2026-08-18T13:54:00+00:00,AA:00:00:00:00:04,BB:00:00:00:00:01,-97,5069
2026-08-18T13:54:00+00:00,AA:00:00:00:00:05,BB:00:00:00:00:01,-58,5070
2026-08-18T13:54:10+00:00,AA:00:00:00:00:01,BB:00:00:00:00:01,-93,5071
2026-08-18T13:54:10+00:00,AA:00:00:00:00:02,BB:00:00:00:00:01,-92,5072
2026-08-18T13:54:10+00:00,AA:00:00:00:00:03,BB:00:00:00:00:01,-88,5073
2026-08-18T13:54:10+00:00,AA:00:00:00:00:04,BB:00:00:00:00:01,-98,5074
2026-08-18T13:54:10+00:00,AA:00:00:00:00:05,BB:00:00:00:00:01,-54,5075
2026-08-18T13:54:20+00:00,AA:00:00:00:00:01,BB:00:00:00:00:01,-92,5076
2026-08-18T13:54:20+00:00,AA:00:00:00:00:02,BB:00:00:00:00:01,-89,5077
2026-08-18T13:54:20+00:00,AA:00:00:00:00:03,BB:00:00:00:00:01,-95,5078
2026-08-18T13:54:20+00:00,AA:00:00:00:00:04,BB:00:00:00:00:01,-90,5079
2026-08-18T13:54:20+00:00,AA:00:00:00:00:05,BB:00:00:00:00:01,-49,5080
2026-08-18T13:54:30+00:00,AA:00:00:00:00:01,BB:00:00:00:00:01,-87,5081
2026-08-18T13:54:30+00:00,AA:00:00:00:00:02,BB:00:00:00:00:01,-89,5082
2026-08-18T13:54:30+00:00,AA:00:00:00:00:03,BB:00:00:00:00:01,-93,5083
2026-08-18T13:54:30+00:00,AA:00:00:00:00:04,BB:00:00:00:00:01,-95,5084
2026-08-18T13:54:30+00:00,AA:00:00:00:00:05,BB:00:00:00:00:01,-54,5085
2026-08-18T13:54:40+00:00,AA:00:00:00:00:01,BB:00:00:00:00:01,-94,5086
2026-08-18T13:54:40+00:00,AA:00:00:00:00:02,BB:00:00:00:00:01,-99,5087
2026-08-18T13:54:40+00:00,AA:00:00:00:00:03,BB:00:00:00:00:01,-96,5088
2026-08-18T13:54:40+00:00,AA:00:00:00:00:04,BB:00:00:00:00:01,-92,5089
2026-08-18T13:54:40+00:00,AA:00:00:00:00:05,BB:00:00:00:00:01,-63,5090
2026-08-18T13:54:50+00:00,AA:00:00:00:00:01,BB:00:00:00:00:01,-92,5091
2026-08-18T13:54:50+00:00,AA:00:00:00:00:02,BB:00:00:00:00:01,-92,5092
2026-08-18T13:54:50+00:00,AA:00:00:00:00:03,BB:00:00:00:00:01,-95,5093
2026-08-18T13:54:50+00:00,AA:00:00:00:00:04,BB:00:00:00:00:01,-96,5094
2026-08-18T13:54:50+00:00,AA:00:00:00:00:05,BB:00:00:00:00:01,-54,5095
2026-08-18T13:55:00+00:00,AA:00:00:00:00:01,BB:00:00:00:00:01,-92,5096
2026-08-18T13:55:00+00:00,AA:00:00:00:00:02,BB:00:00:00:00:01,-96,5097
2026-08-18T13:55:00+00:00,AA:00:00:00:00:03,BB:00:00:00:00:01,-96,5098
2026-08-18T13:55:00+00:00,AA:00:00:00:00:04,BB:00:00:00:00:01,-89,5099
2026-08-18T13:55:00+00:00,AA:00:00:00:00:05,BB:00:00:00:00:01,-62,5100
2026-08-18T13:55:10+00:00,AA:00:00:00:00:01,BB:00:00:00:00:01,-99,5101
2026-08-18T13:55:10+00:00,AA:00:00:00:00:02,BB:00:00:00:00:01,-93,5102
2026-08-18T13:55:10+00:00,AA:00:00:00:00:03,BB:00:00:00:00:01,-92,5103
2026-08-18T13:55:10+00:00,AA:00:00:00:00:04,BB:00:00:00:00:01,-87,5104
2026-08-18T13:55:10+00:00,AA:00:00:00:00:05,BB:00:00:00:00:01,-52,5105
2026-08-18T13:55:20+00:00,AA:00:00:00:00:01,BB:00:00:00:00:01,-98,5106
2026-08-18T13:55:20+00:00,AA:00:00:00:00:02,BB:00:00:00:00:01,-94,5107
2026-08-18T13:55:20+00:00,AA:00:00:00:00:03,BB:00:00:00:00:01,-91,5108
2026-08-18T13:55:20+00:00,AA:00:00:00:00:04,BB:00:00:00:00:01,-90,5109
2026-08-18T13:55:20+00:00,AA:00:00:00:00:05,BB:00:00:00:00:01,-54,5110
2026-08-18T13:55:30+00:00,AA:00:00:00:00:01,BB:00:00:00:00:01,-85,5111
2026-08-18T13:55:30+00:00,AA:00:00:00:00:02,BB:00:00:00:00:01,-91,5112
2026-08-18T13:55:30+00:00,AA:00:00:00:00:03,BB:00:00:00:00:01,-86,5113
2026-08-18T13:55:30+00:00,AA:00:00:00:00:04,BB:00:00:00:00:01,-83,5114
2026-08-18T13:55:30+00:00,AA:00:00:00:00:05,BB:00:00:00:00:01,-54,5115
2026-08-18T13:55:40+00:00,AA:00:00:00:00:01,BB:00:00:00:00:01,-94,5116
2026-08-18T13:55:40+00:00,AA:00:00:00:00:02,BB:00:00:00:00:01,-92,5117
2026-08-18T13:55:40+00:00,AA:00:00:00:00:03,BB:00:00:00:00:01,-92,5118
2026-08-18T13:55:40+00:00,AA:00:00:00:00:04,BB:00:00:00:00:01,-95,5119
2026-08-18T13:55:40+00:00,AA:00:00:00:00:05,BB:00:00:00:00:01,-54,5120
2026-08-18T13:55:50+00:00,AA:00:00:00:00:01,BB:00:00:00:00:01,-98,5121
2026-08-18T13:55:50+00:00,AA:00:00:00:00:02,BB:00:00:00:00:01,-92,5122
2026-08-18T13:55:50+00:00,AA:00:00:00:00:03,BB:00:00:00:00:01,-90,5123
2026-08-18T13:55:50+00:00,AA:00:00:00:00:04,BB:00:00:00:00:01,-92,5124
2026-08-18T13:55:50+00:00,AA:00:00:00:00:05,BB:00:00:00:00:01,-59,5125
2026-08-18T13:56:00+00:00,AA:00:00:00:00:01,BB:00:00:00:00:01,-94,5126
2026-08-18T13:56:00+00:00,AA:00:00:00:00:02,BB:00:00:00:00:01,-93,5127
2026-08-18T13:56:00+00:00,AA:00:00:00:00:03,BB:00:00:00:00:01,-90,5128
2026-08-18T13:56:00+00:00,AA:00:00:00:00:04,BB:00:00:00:00:01,-87,5129
2026-08-18T13:56:00+00:00,AA:00:00:00:00:05,BB:00:00:00:00:01,-56,5130
2026-08-18T13:56:10+00:00,AA:00:00:00:00:01,BB:00:00:00:00:01,-92,5131
2026-08-18T13:56:10+00:00,AA:00:00:00:00:02,BB:00:00:00:00:01,-93,5132
2026-08-18T13:56:10+00:00,AA:00:00:00:00:03,BB:00:00:00:00:01,-86,5133
2026-08-18T13:56:10+00:00,AA:00:00:00:00:04,BB:00:00:00:00:01,-83,5134
2026-08-18T13:56:10+00:00,AA:00:00:00:00:05,BB:00:00:00:00:01,-49,5135
2026-08-18T13:56:20+00:00,AA:00:00:00:00:01,BB:00:00:00:00:01,-88,5136
2026-08-18T13:56:20+00:00,AA:00:00:00:00:02,BB:00:00:00:00:01,-95,5137
2026-08-18T13:56:20+00:00,AA:00:00:00:00:03,BB:00:00:00:00:01,-96,5138
2026-08-18T13:56:20+00:00,AA:00:00:00:00:04,BB:00:00:00:00:01,-92,5139
2026-08-18T13:56:30+00:00,AA:00:00:00:00:01,BB:00:00:00:00:01,-90,5140
2026-08-18T13:56:30+00:00,AA:00:00:00:00:02,BB:00:00:00:00:01,-92,5141
2026-08-18T13:56:30+00:00,AA:00:00:00:00:03,BB:00:00:00:00:01,-88,5142
2026-08-18T13:56:30+00:00,AA:00:00:00:00:05,BB:00:00:00:00:01,-49,5143
2026-08-18T13:56:40+00:00,AA:00:00:00:00:01,BB:00:00:00:00:01,-88,5144
2026-08-18T13:56:40+00:00,AA:00:00:00:00:02,BB:00:00:00:00:01,-85,5145
2026-08-18T13:56:40+00:00,AA:00:00:00:00:03,BB:00:00:00:00:01,-89,5146
2026-08-18T13:56:40+00:00,AA:00:00:00:00:04,BB:00:00:00:00:01,-88,5147
2026-08-18T13:56:40+00:00,AA:00:00:00:00:05,BB:00:00:00:00:01,-58,5148
2026-08-18T13:56:50+00:00,AA:00:00:00:00:01,BB:00:00:00:00:01,-93,5149
2026-08-18T13:56:50+00:00,AA:00:00:00:00:02,BB:00:00:00:00:01,-93,5150
2026-08-18T13:56:50+00:00,AA:00:00:00:00:03,BB:00:00:00:00:01,-89,5151
2026-08-18T13:56:50+00:00,AA:00:00:00:00:04,BB:00:00:00:00:01,-96,5152
2026-08-18T13:56:50+00:00,AA:00:00:00:00:05,BB:00:00:00:00:01,-57,5153
2026-08-18T13:57:00+00:00,AA:00:00:00:00:01,BB:00:00:00:00:01,-92,5154
2026-08-18T13:57:00+00:00,AA:00:00:00:00:02,BB:00:00:00:00:01,-99,5155
2026-08-18T13:57:00+00:00,AA:00:00:00:00:03,BB:00:00:00:00:01,-94,5156
2026-08-18T13:57:00+00:00,AA:00:00:00:00:04,BB:00:00:00:00:01,-95,5157
2026-08-18T13:57:00+00:00,AA:00:00:00:00:05,BB:00:00:00:00:01,-47,5158
2026-08-18T13:57:10+00:00,AA:00:00:00:00:01,BB:00:00:00:00:01,-102,5159
2026-08-18T13:57:10+00:00,AA:00:00:00:00:02,BB:00:00:00:00:01,-93,5160
2026-08-18T13:57:10+00:00,AA:00:00:00:00:03,BB:00:00:00:00:01,-96,5161
2026-08-18T13:57:10+00:00,AA:00:00:00:00:04,BB:00:00:00:00:01,-92,5162
2026-08-18T13:57:20+00:00,AA:00:00:00:00:01,BB:00:00:00:00:01,-88,5163
2026-08-18T13:57:20+00:00,AA:00:00:00:00:02,BB:00:00:00:00:01,-91,5164
2026-08-18T13:57:20+00:00,AA:00:00:00:00:03,BB:00:00:00:00:01,-99,5165
2026-08-18T13:57:20+00:00,AA:00:00:00:00:04,BB:00:00:00:00:01,-91,5166
2026-08-18T13:57:20+00:00,AA:00:00:00:00:05,BB:00:00:00:00:01,-56,5167
2026-08-18T13:57:30+00:00,AA:00:00:00:00:01,BB:00:00:00:00:01,-88,5168
2026-08-18T13:57:30+00:00,AA:00:00:00:00:02,BB:00:00:00:00:01,-94,5169
2026-08-18T13:57:30+00:00,AA:00:00:00:00:03,BB:00:00:00:00:01,-96,5170
2026-08-18T13:57:30+00:00,AA:00:00:00:00:04,BB:00:00:00:00:01,-93,5171
2026-08-18T13:57:30+00:00,AA:00:00:00:00:05,BB:00:00:00:00:01,-57,5172
2026-08-18T13:57:40+00:00,AA:00:00:00:00:01,BB:00:00:00:00:01,-97,5173
2026-08-18T13:57:40+00:00,AA:00:00:00:00:02,BB:00:00:00:00:01,-96,5174
2026-08-18T13:57:40+00:00,AA:00:00:00:00:03,BB:00:00:00:00:01,-101,5175
2026-08-18T13:57:40+00:00,AA:00:00:00:00:04,BB:00:00:00:00:01,-90,5176
2026-08-18T13:57:40+00:00,AA:00:00:00:00:05,BB:00:00:00:00:01,-54,5177
2026-08-18T13:57:50+00:00,AA:00:00:00:00:01,BB:00:00:00:00:01,-94,5178
2026-08-18T13:57:50+00:00,AA:00:00:00:00:02,BB:00:00:00:00:01,-88,5179
2026-08-18T13:57:50+00:00,AA:00:00:00:00:03,BB:00:00:00:00:01,-92,5180
2026-08-18T13:57:50+00:00,AA:00:00:00:00:04,BB:00:00:00:00:01,-89,5181
2026-08-18T13:57:50+00:00,AA:00:00:00:00:05,BB:00:00:00:00:01,-55,5182
2026-08-18T13:58:00+00:00,AA:00:00:00:00:01,BB:00:00:00:00:01,-95,5183
2026-08-18T13:58:00+00:00,AA:00:00:00:00:02,BB:00:00:00:00:01,-93,5184
2026-08-18T13:58:00+00:00,AA:00:00:00:00:03,BB:00:00:00:00:01,-90,5185
2026-08-18T13:58:00+00:00,AA:00:00:00:00:04,BB:00:00:00:00:01,-89,5186
2026-08-18T13:58:00+00:00,AA:00:00:00:00:05,BB:00:00:00:00:01,-61,5187
2026-08-18T13:58:10+00:00,AA:00:00:00:00:01,BB:00:00:00:00:01,-99,5188
2026-08-18T13:58:10+00:00,AA:00:00:00:00:02,BB:00:00:00:00:01,-88,5189
2026-08-18T13:58:10+00:00,AA:00:00:00:00:03,BB:00:00:00:00:01,-96,5190
2026-08-18T13:58:10+00:00,AA:00:00:00:00:04,BB:00:00:00:00:01,-95,5191
2026-08-18T13:58:10+00:00,AA:00:00:00:00:05,BB:00:00:00:00:01,-53,5192
2026-08-18T13:58:20+00:00,AA:00:00:00:00:01,BB:00:00:00:00:01,-90,5193
2026-08-18T13:58:20+00:00,AA:00:00:00:00:02,BB:00:00:00:00:01,-91,5194
2026-08-18T13:58:20+00:00,AA:00:00:00:00:03,BB:00:00:00:00:01,-92,5195
2026-08-18T13:58:20+00:00,AA:00:00:00:00:04,BB:00:00:00:00:01,-90,5196
2026-08-18T13:58:20+00:00,AA:00:00:00:00:05,BB:00:00:00:00:01,-55,5197
2026-08-18T13:58:30+00:00,AA:00:00:00:00:01,BB:00:00:00:00:01,-96,5198
2026-08-18T13:58:30+00:00,AA:00:00:00:00:02,BB:00:00:00:00:01,-93,5199
2026-08-18T13:58:30+00:00,AA:00:00:00:00:03,BB:00:00:00:00:01,-85,5200
2026-08-18T13:58:30+00:00,AA:00:00:00:00:04,BB:00:00:00:00:01,-94,5201
2026-08-18T13:58:40+00:00,AA:00:00:00:00:01,BB:00:00:00:00:01,-86,5202
2026-08-18T13:58:40+00:00,AA:00:00:00:00:02,BB:00:00:00:00:01,-88,5203
2026-08-18T13:58:40+00:00,AA:00:00:00:00:03,BB:00:00:00:00:01,-90,5204
2026-08-18T13:58:40+00:00,AA:00:00:00:00:04,BB:00:00:00:00:01,-95,5205
2026-08-18T13:58:40+00:00,AA:00:00:00:00:05,BB:00:00:00:00:01,-59,5206
2026-08-18T13:58:50+00:00,AA:00:00:00:00:01,BB:00:00:00:00:01,-92,5207
2026-08-18T13:58:50+00:00,AA:00:00:00:00:02,BB:00:00:00:00:01,-94,5208
2026-08-18T13:58:50+00:00,AA:00:00:00:00:03,BB:00:00:00:00:01,-92,5209
2026-08-18T13:58:50+00:00,AA:00:00:00:00:04,BB:00:00:00:00:01,-95,5210
2026-08-18T13:58:50+00:00,AA:00:00:00:00:05,BB:00:00:00:00:01,-52,5211
2026-08-18T13:59:00+00:00,AA:00:00:00:00:01,BB:00:00:00:00:01,-100,5212
2026-08-18T13:59:00+00:00,AA:00:00:00:00:02,BB:00:00:00:00:01,-94,5213
2026-08-18T13:59:00+00:00,AA:00:00:00:00:03,BB:00:00:00:00:01,-85,5214
2026-08-18T13:59:00+00:00,AA:00:00:00:00:04,BB:00:00:00:00:01,-95,5215
2026-08-18T13:59:00+00:00,AA:00:00:00:00:05,BB:00:00:00:00:01,-59,5216
2026-08-18T13:59:10+00:00,AA:00:00:00:00:01,BB:00:00:00:00:01,-94,5217
2026-08-18T13:59:10+00:00,AA:00:00:00:00:02,BB:00:00:00:00:01,-96,5218
2026-08-18T13:59:10+00:00,AA:00:00:00:00:03,BB:00:00:00:00:01,-94,5219
2026-08-18T13:59:10+00:00,AA:00:00:00:00:04,BB:00:00:00:00:01,-95,5220
2026-08-18T13:59:10+00:00,AA:00:00:00:00:05,BB:00:00:00:00:01,-52,5221
2026-08-18T13:59:20+00:00,AA:00:00:00:00:02,BB:00:00:00:00:01,-87,5222
2026-08-18T13:59:20+00:00,AA:00:00:00:00:03,BB:00:00:00:00:01,-94,5223
2026-08-18T13:59:20+00:00,AA:00:00:00:00:04,BB:00:00:00:00:01,-90,5224
2026-08-18T13:59:20+00:00,AA:00:00:00:00:05,BB:00:00:00:00:01,-60,5225
2026-08-18T13:59:30+00:00,AA:00:00:00:00:01,BB:00:00:00:00:01,-90,5226
2026-08-18T13:59:30+00:00,AA:00:00:00:00:02,BB:00:00:00:00:01,-89,5227
2026-08-18T13:59:30+00:00,AA:00:00:00:00:03,BB:00:00:00:00:01,-90,5228
2026-08-18T13:59:30+00:00,AA:00:00:00:00:04,BB:00:00:00:00:01,-93,5229
2026-08-18T13:59:30+00:00,AA:00:00:00:00:05,BB:00:00:00:00:01,-56,5230
2026-08-18T13:59:40+00:00,AA:00:00:00:00:01,BB:00:00:00:00:01,-86,5231
2026-08-18T13:59:40+00:00,AA:00:00:00:00:02,BB:00:00:00:00:01,-90,5232
2026-08-18T13:59:40+00:00,AA:00:00:00:00:03,BB:00:00:00:00:01,-85,5233
2026-08-18T13:59:40+00:00,AA:00:00:00:00:04,BB:00:00:00:00:01,-93,5234
2026-08-18T13:59:40+00:00,AA:00:00:00:00:05,BB:00:00:00:00:01,-49,5235
2026-08-18T13:59:50+00:00,AA:00:00:00:00:01,BB:00:00:00:00:01,-92,5236
2026-08-18T13:59:50+00:00,AA:00:00:00:00:02,BB:00:00:00:00:01,-87,5237
2026-08-18T13:59:50+00:00,AA:00:00:00:00:03,BB:00:00:00:00:01,-97,5238
2026-08-18T13:59:50+00:00,AA:00:00:00:00:04,BB:00:00:00:00:01,-84,5239
2026-08-18T13:59:50+00:00,AA:00:00:00:00:05,BB:00:00:00:00:01,-53,5240
2026-08-18T14:00:00+00:00,AA:00:00:00:00:01,BB:00:00:00:00:01,-91,5241
2026-08-18T14:00:00+00:00,AA:00:00:00:00:02,BB:00:00:00:00:01,-94,5242
2026-08-18T14:00:00+00:00,AA:00:00:00:00:03,BB:00:00:00:00:01,-87,5243
2026-08-18T14:00:00+00:00,AA:00:00:00:00:04,BB:00:00:00:00:01,-90,5244
2026-08-18T14:00:00+00:00,AA:00:00:00:00:05,BB:00:00:00:00:01,-66,5245
2026-08-18T14:00:10+00:00,AA:00:00:00:00:01,BB:00:00:00:00:01,-95,5246
2026-08-18T14:00:10+00:00,AA:00:00:00:00:02,BB:00:00:00:00:01,-84,5247
2026-08-18T14:00:10+00:00,AA:00:00:00:00:03,BB:00:00:00:00:01,-91,5248
2026-08-18T14:00:10+00:00,AA:00:00:00:00:04,BB:00:00:00:00:01,-94,5249
2026-08-18T14:00:10+00:00,AA:00:00:00:00:05,BB:00:00:00:00:01,-63,5250
2026-08-18T14:00:20+00:00,AA:00:00:00:00:01,BB:00:00:00:00:01,-101,5251
2026-08-18T14:00:20+00:00,AA:00:00:00:00:02,BB:00:00:00:00:01,-93,5252
2026-08-18T14:00:20+00:00,AA:00:00:00:00:03,BB:00:00:00:00:01,-93,5253
2026-08-18T14:00:20+00:00,AA:00:00:00:00:04,BB:00:00:00:00:01,-93,5254
2026-08-18T14:00:20+00:00,AA:00:00:00:00:05,BB:00:00:00:00:01,-55,5255
2026-08-18T14:00:30+00:00,AA:00:00:00:00:01,BB:00:00:00:00:01,-94,5256
2026-08-18T14:00:30+00:00,AA:00:00:00:00:02,BB:00:00:00:00:01,-90,5257
2026-08-18T14:00:30+00:00,AA:00:00:00:00:03,BB:00:00:00:00:01,-87,5258
2026-08-18T14:00:30+00:00,AA:00:00:00:00:04,BB:00:00:00:00:01,-92,5259
2026-08-18T14:00:30+00:00,AA:00:00:00:00:05,BB:00:00:00:00:01,-55,5260
2026-08-18T14:00:40+00:00,AA:00:00:00:00:01,BB:00:00:00:00:01,-95,5261
2026-08-18T14:00:40+00:00,AA:00:00:00:00:02,BB:00:00:00:00:01,-88,5262
2026-08-18T14:00:40+00:00,AA:00:00:00:00:03,BB:00:00:00:00:01,-94,5263
2026-08-18T14:00:40+00:00,AA:00:00:00:00:04,BB:00:00:00:00:01,-92,5264
2026-08-18T14:00:40+00:00,AA:00:00:00:00:05,BB:00:00:00:00:01,-53,5265
2026-08-18T14:00:50+00:00,AA:00:00:00:00:01,BB:00:00:00:00:01,-87,5266
2026-08-18T14:00:50+00:00,AA:00:00:00:00:02,BB:00:00:00:00:01,-91,5267
2026-08-18T14:00:50+00:00,AA:00:00:00:00:03,BB:00:00:00:00:01,-95,5268
2026-08-18T14:00:50+00:00,AA:00:00:00:00:04,BB:00:00:00:00:01,-92,5269
2026-08-18T14:00:50+00:00,AA:00:00:00:00:05,BB:00:00:00:00:01,-58,5270
2026-08-18T14:01:00+00:00,AA:00:00:00:00:01,BB:00:00:00:00:01,-90,5271
2026-08-18T14:01:00+00:00,AA:00:00:00:00:02,BB:00:00:00:00:01,-94,5272
2026-08-18T14:01:00+00:00,AA:00:00:00:00:03,BB:00:00:00:00:01,-86,5273
2026-08-18T14:01:00+00:00,AA:00:00:00:00:04,BB:00:00:00:00:01,-90,5274
2026-08-18T14:01:00+00:00,AA:00:00:00:00:05,BB:00:00:00:00:01,-56,5275
2026-08-18T14:01:10+00:00,AA:00:00:00:00:01,BB:00:00:00:00:01,-89,5276
2026-08-18T14:01:10+00:00,AA:00:00:00:00:02,BB:00:00:00:00:01,-91,5277
2026-08-18T14:01:10+00:00,AA:00:00:00:00:03,BB:00:00:00:00:01,-89,5278
2026-08-18T14:01:10+00:00,AA:00:00:00:00:04,BB:00:00:00:00:01,-97,5279
2026-08-18T14:01:10+00:00,AA:00:00:00:00:05,BB:00:00:00:00:01,-55,5280
2026-08-18T14:01:20+00:00,AA:00:00:00:00:01,BB:00:00:00:00:01,-97,5281
2026-08-18T14:01:20+00:00,AA:00:00:00:00:02,BB:00:00:00:00:01,-90,5282
2026-08-18T14:01:20+00:00,AA:00:00:00:00:03,BB:00:00:00:00:01,-90,5283
2026-08-18T14:01:20+00:00,AA:00:00:00:00:04,BB:00:00:00:00:01,-95,5284
2026-08-18T14:01:20+00:00,AA:00:00:00:00:05,BB:00:00:00:00:01,-56,5285
2026-08-18T14:01:30+00:00,AA:00:00:00:00:01,BB:00:00:00:00:01,-96,5286
2026-08-18T14:01:30+00:00,AA:00:00:00:00:02,BB:00:00:00:00:01,-90,5287
2026-08-18T14:01:30+00:00,AA:00:00:00:00:03,BB:00:00:00:00:01,-86,5288
2026-08-18T14:01:30+00:00,AA:00:00:00:00:04,BB:00:00:00:00:01,-92,5289
2026-08-18T14:01:30+00:00,AA:00:00:00:00:05,BB:00:00:00:00:01,-57,5290
2026-08-18T14:01:40+00:00,AA:00:00:00:00:01,BB:00:00:00:00:01,-93,5291
2026-08-18T14:01:40+00:00,AA:00:00:00:00:02,BB:00:00:00:00:01,-92,5292
2026-08-18T14:01:40+00:00,AA:00:00:00:00:03,BB:00:00:00:00:01,-91,5293
2026-08-18T14:01:40+00:00,AA:00:00:00:00:04,BB:00:00:00:00:01,-90,5294
2026-08-18T14:01:40+00:00,AA:00:00:00:00:05,BB:00:00:00:00:01,-59,5295
2026-08-18T14:01:50+00:00,AA:00:00:00:00:01,BB:00:00:00:00:01,-88,5296
2026-08-18T14:01:50+00:00,AA:00:00:00:00:02,BB:00:00:00:00:01,-98,5297
2026-08-18T14:01:50+00:00,AA:00:00:00:00:03,BB:00:00:00:00:01,-98,5298
2026-08-18T14:01:50+00:00,AA:00:00:00:00:04,BB:00:00:00:00:01,-95,5299
2026-08-18T14:01:50+00:00,AA:00:00:00:00:05,BB:00:00:00:00:01,-50,5300
2026-08-18T14:02:00+00:00,AA:00:00:00:00:01,BB:00:00:00:00:01,-94,5301
2026-08-18T14:02:00+00:00,AA:00:00:00:00:02,BB:00:00:00:00:01,-88,5302
2026-08-18T14:02:00+00:00,AA:00:00:00:00:03,BB:00:00:00:00:01,-90,5303
2026-08-18T14:02:00+00:00,AA:00:00:00:00:04,BB:00:00:00:00:01,-96,5304
2026-08-18T14:02:00+00:00,AA:00:00:00:00:05,BB:00:00:00:00:01,-61,5305
2026-08-18T14:02:10+00:00,AA:00:00:00:00:01,BB:00:00:00:00:01,-88,5306
2026-08-18T14:02:10+00:00,AA:00:00:00:00:02,BB:00:00:00:00:01,-95,5307
2026-08-18T14:02:10+00:00,AA:00:00:00:00:04,BB:00:00:00:00:01,-87,5308
2026-08-18T14:02:10+00:00,AA:00:00:00:00:05,BB:00:00:00:00:01,-60,5309
2026-08-18T14:02:20+00:00,AA:00:00:00:00:01,BB:00:00:00:00:01,-98,5310
2026-08-18T14:02:20+00:00,AA:00:00:00:00:02,BB:00:00:00:00:01,-89,5311
2026-08-18T14:02:20+00:00,AA:00:00:00:00:03,BB:00:00:00:00:01,-87,5312
2026-08-18T14:02:20+00:00,AA:00:00:00:00:04,BB:00:00:00:00:01,-91,5313
2026-08-18T14:02:20+00:00,AA:00:00:00:00:05,BB:00:00:00:00:01,-46,5314
2026-08-18T14:02:30+00:00,AA:00:00:00:00:02,BB:00:00:00:00:01,-92,5315
2026-08-18T14:02:30+00:00,AA:00:00:00:00:03,BB:00:00:00:00:01,-94,5316
2026-08-18T14:02:30+00:00,AA:00:00:00:00:04,BB:00:00:00:00:01,-89,5317
2026-08-18T14:02:30+00:00,AA:00:00:00:00:05,BB:00:00:00:00:01,-56,5318
2026-08-18T14:02:40+00:00,AA:00:00:00:00:01,BB:00:00:00:00:01,-94,5319
2026-08-18T14:02:40+00:00,AA:00:00:00:00:02,BB:00:00:00:00:01,-91,5320
2026-08-18T14:02:40+00:00,AA:00:00:00:00:03,BB:00:00:00:00:01,-89,5321
2026-08-18T14:02:40+00:00,AA:00:00:00:00:04,BB:00:00:00:00:01,-94,5322
2026-08-18T14:02:40+00:00,AA:00:00:00:00:05,BB:00:00:00:00:01,-54,5323
2026-08-18T14:02:50+00:00,AA:00:00:00:00:01,BB:00:00:00:00:01,-90,5324
2026-08-18T14:02:50+00:00,AA:00:00:00:00:02,BB:00:00:00:00:01,-90,5325
2026-08-18T14:02:50+00:00,AA:00:00:00:00:03,BB:00:00:00:00:01,-95,5326
2026-08-18T14:02:50+00:00,AA:00:00:00:00:04,BB:00:00:00:00:01,-98,5327
2026-08-18T14:02:50+00:00,AA:00:00:00:00:05,BB:00:00:00:00:01,-54,5328
2026-08-18T14:03:00+00:00,AA:00:00:00:00:01,BB:00:00:00:00:01,-96,5329
2026-08-18T14:03:00+00:00,AA:00:00:00:00:02,BB:00:00:00:00:01,-99,5330
2026-08-18T14:03:00+00:00,AA:00:00:00:00:03,BB:00:00:00:00:01,-90,5331
2026-08-18T14:03:00+00:00,AA:00:00:00:00:04,BB:00:00:00:00:01,-91,5332
2026-08-18T14:03:00+00:00,AA:00:00:00:00:05,BB:00:00:00:00:01,-54,5333
2026-08-18T14:03:10+00:00,AA:00:00:00:00:01,BB:00:00:00:00:01,-100,5334
2026-08-18T14:03:10+00:00,AA:00:00:00:00:02,BB:00:00:00:00:01,-96,5335
2026-08-18T14:03:10+00:00,AA:00:00:00:00:03,BB:00:00:00:00:01,-90,5336
2026-08-18T14:03:10+00:00,AA:00:00:00:00:04,BB:00:00:00:00:01,-92,5337
2026-08-18T14:03:10+00:00,AA:00:00:00:00:05,BB:00:00:00:00:01,-60,5338
2026-08-18T14:03:20+00:00,AA:00:00:00:00:01,BB:00:00:00:00:01,-92,5339
2026-08-18T14:03:20+00:00,AA:00:00:00:00:02,BB:00:00:00:00:01,-96,5340
2026-08-18T14:03:20+00:00,AA:00:00:00:00:03,BB:00:00:00:00:01,-97,5341
2026-08-18T14:03:20+00:00,AA:00:00:00:00:04,BB:00:00:00:00:01,-96,5342
2026-08-18T14:03:20+00:00,AA:00:00:00:00:05,BB:00:00:00:00:01,-53,5343
2026-08-18T14:03:30+00:00,AA:00:00:00:00:01,BB:00:00:00:00:01,-90,5344
2026-08-18T14:03:30+00:00,AA:00:00:00:00:02,BB:00:00:00:00:01,-95,5345
2026-08-18T14:03:30+00:00,AA:00:00:00:00:03,BB:00:00:00:00:01,-87,5346
2026-08-18T14:03:30+00:00,AA:00:00:00:00:04,BB:00:00:00:00:01,-98,5347
2026-08-18T14:03:30+00:00,AA:00:00:00:00:05,BB:00:00:00:00:01,-50,5348
2026-08-18T14:03:40+00:00,AA:00:00:00:00:01,BB:00:00:00:00:01,-94,5349
2026-08-18T14:03:40+00:00,AA:00:00:00:00:02,BB:00:00:00:00:01,-91,5350
2026-08-18T14:03:40+00:00,AA:00:00:00:00:03,BB:00:00:00:00:01,-94,5351
2026-08-18T14:03:40+00:00,AA:00:00:00:00:04,BB:00:00:00:00:01,-92,5352
2026-08-18T14:03:40+00:00,AA:00:00:00:00:05,BB:00:00:00:00:01,-50,5353
2026-08-18T14:03:50+00:00,AA:00:00:00:00:01,BB:00:00:00:00:01,-97,5354
2026-08-18T14:03:50+00:00,AA:00:00:00:00:02,BB:00:00:00:00:01,-96,5355
2026-08-18T14:03:50+00:00,AA:00:00:00:00:03,BB:00:00:00:00:01,-94,5356
2026-08-18T14:03:50+00:00,AA:00:00:00:00:04,BB:00:00:00:00:01,-88,5357
2026-08-18T14:03:50+00:00,AA:00:00:00:00:05,BB:00:00:00:00:01,-56,5358
2026-08-18T14:04:00+00:00,AA:00:00:00:00:01,BB:00:00:00:00:01,-92,5359
2026-08-18T14:04:00+00:00,AA:00:00:00:00:02,BB:00:00:00:00:01,-86,5360
2026-08-18T14:04:00+00:00,AA:00:00:00:00:03,BB:00:00:00:00:01,-96,5361
2026-08-18T14:04:00+00:00,AA:00:00:00:00:04,BB:00:00:00:00:01,-91,5362
2026-08-18T14:04:00+00:00,AA:00:00:00:00:05,BB:00:00:00:00:01,-59,5363
2026-08-18T14:04:10+00:00,AA:00:00:00:00:02,BB:00:00:00:00:01,-96,5364
2026-08-18T14:04:10+00:00,AA:00:00:00:00:03,BB:00:00:00:00:01,-93,5365
2026-08-18T14:04:10+00:00,AA:00:00:00:00:04,BB:00:00:00:00:01,-97,5366
2026-08-18T14:04:10+00:00,AA:00:00:00:00:05,BB:00:00:00:00:01,-47,5367
2026-08-18T14:04:20+00:00,AA:00:00:00:00:01,BB:00:00:00:00:01,-90,5368
2026-08-18T14:04:20+00:00,AA:00:00:00:00:02,BB:00:00:00:00:01,-98,5369
2026-08-18T14:04:20+00:00,AA:00:00:00:00:03,BB:00:00:00:00:01,-92,5370
2026-08-18T14:04:20+00:00,AA:00:00:00:00:04,BB:00:00:00:00:01,-90,5371
2026-08-18T14:04:20+00:00,AA:00:00:00:00:05,BB:00:00:00:00:01,-50,5372
2026-08-18T14:04:30+00:00,AA:00:00:00:00:01,BB:00:00:00:00:01,-96,5373
2026-08-18T14:04:30+00:00,AA:00:00:00:00:02,BB:00:00:00:00:01,-94,5374
2026-08-18T14:04:30+00:00,AA:00:00:00:00:03,BB:00:00:00:00:01,-85,5375
2026-08-18T14:04:30+00:00,AA:00:00:00:00:04,BB:00:00:00:00:01,-92,5376
2026-08-18T14:04:30+00:00,AA:00:00:00:00:05,BB:00:00:00:00:01,-54,5377
2026-08-18T14:04:40+00:00,AA:00:00:00:00:01,BB:00:00:00:00:01,-95,5378
2026-08-18T14:04:40+00:00,AA:00:00:00:00:02,BB:00:00:00:00:01,-94,5379
2026-08-18T14:04:40+00:00,AA:00:00:00:00:03,BB:00:00:00:00:01,-92,5380
2026-08-18T14:04:40+00:00,AA:00:00:00:00:04,BB:00:00:00:00:01,-90,5381
2026-08-18T14:04:40+00:00,AA:00:00:00:00:05,BB:00:00:00:00:01,-58,5382
2026-08-18T14:04:50+00:00,AA:00:00:00:00:02,BB:00:00:00:00:01,-93,5383
2026-08-18T14:04:50+00:00,AA:00:00:00:00:03,BB:00:00:00:00:01,-95,5384
2026-08-18T14:04:50+00:00,AA:00:00:00:00:04,BB:00:00:00:00:01,-93,5385
2026-08-18T14:04:50+00:00,AA:00:00:00:00:05,BB:00:00:00:00:01,-60,5386
2026-08-18T14:05:00+00:00,AA:00:00:00:00:02,BB:00:00:00:00:01,-90,5387
2026-08-18T14:05:00+00:00,AA:00:00:00:00:04,BB:00:00:00:00:01,-95,5388
2026-08-18T14:05:00+00:00,AA:00:00:00:00:05,BB:00:00:00:00:01,-49,5389
2026-08-18T14:05:10+00:00,AA:00:00:00:00:01,BB:00:00:00:00:01,-95,5390
2026-08-18T14:05:10+00:00,AA:00:00:00:00:02,BB:00:00:00:00:01,-89,5391
2026-08-18T14:05:10+00:00,AA:00:00:00:00:03,BB:00:00:00:00:01,-93,5392
2026-08-18T14:05:10+00:00,AA:00:00:00:00:04,BB:00:00:00:00:01,-90,5393
2026-08-18T14:05:10+00:00,AA:00:00:00:00:05,BB:00:00:00:00:01,-59,5394
2026-08-18T14:05:20+00:00,AA:00:00:00:00:01,BB:00:00:00:00:01,-92,5395
2026-08-18T14:05:20+00:00,AA:00:00:00:00:02,BB:00:00:00:00:01,-89,5396
2026-08-18T14:05:20+00:00,AA:00:00:00:00:03,BB:00:00:00:00:01,-92,5397
2026-08-18T14:05:20+00:00,AA:00:00:00:00:04,BB:00:00:00:00:01,-85,5398
2026-08-18T14:05:20+00:00,AA:00:00:00:00:05,BB:00:00:00:00:01,-55,5399
2026-08-18T14:05:30+00:00,AA:00:00:00:00:01,BB:00:00:00:00:01,-96,5400
2026-08-18T14:05:30+00:00,AA:00:00:00:00:02,BB:00:00:00:00:01,-93,5401
2026-08-18T14:05:30+00:00,AA:00:00:00:00:03,BB:00:00:00:00:01,-86,5402
2026-08-18T14:05:30+00:00,AA:00:00:00:00:04,BB:00:00:00:00:01,-93,5403
2026-08-18T14:05:30+00:00,AA:00:00:00:00:05,BB:00:00:00:00:01,-58,5404
2026-08-18T14:05:40+00:00,AA:00:00:00:00:01,BB:00:00:00:00:01,-94,5405
2026-08-18T14:05:40+00:00,AA:00:00:00:00:02,BB:00:00:00:00:01,-91,5406
2026-08-18T14:05:40+00:00,AA:00:00:00:00:03,BB:00:00:00:00:01,-89,5407
2026-08-18T14:05:40+00:00,AA:00:00:00:00:04,BB:00:00:00:00:01,-93,5408
2026-08-18T14:05:40+00:00,AA:00:00:00:00:05,BB:00:00:00:00:01,-56,5409
2026-08-18T14:05:50+00:00,AA:00:00:00:00:01,BB:00:00:00:00:01,-91,5410
2026-08-18T14:05:50+00:00,AA:00:00:00:00:02,BB:00:00:00:00:01,-90,5411
2026-08-18T14:05:50+00:00,AA:00:00:00:00:03,BB:00:00:00:00:01,-97,5412
2026-08-18T14:05:50+00:00,AA:00:00:00:00:04,BB:00:00:00:00:01,-99,5413
2026-08-18T14:05:50+00:00,AA:00:00:00:00:05,BB:00:00:00:00:01,-49,5414
2026-08-18T14:06:00+00:00,AA:00:00:00:00:01,BB:00:00:00:00:01,-94,5415
2026-08-18T14:06:00+00:00,AA:00:00:00:00:02,BB:00:00:00:00:01,-88,5416
2026-08-18T14:06:00+00:00,AA:00:00:00:00:03,BB:00:00:00:00:01,-90,5417
2026-08-18T14:06:00+00:00,AA:00:00:00:00:04,BB:00:00:00:00:01,-86,5418
2026-08-18T14:06:00+00:00,AA:00:00:00:00:05,BB:00:00:00:00:01,-47,5419
2026-08-18T14:06:10+00:00,AA:00:00:00:00:01,BB:00:00:00:00:01,-90,5420
2026-08-18T14:06:10+00:00,AA:00:00:00:00:02,BB:00:00:00:00:01,-95,5421
2026-08-18T14:06:10+00:00,AA:00:00:00:00:04,BB:00:00:00:00:01,-94,5422
2026-08-18T14:06:10+00:00,AA:00:00:00:00:05,BB:00:00:00:00:01,-53,5423
2026-08-18T14:06:20+00:00,AA:00:00:00:00:01,BB:00:00:00:00:01,-86,5424
2026-08-18T14:06:20+00:00,AA:00:00:00:00:02,BB:00:00:00:00:01,-91,5425
2026-08-18T14:06:20+00:00,AA:00:00:00:00:03,BB:00:00:00:00:01,-104,5426
2026-08-18T14:06:20+00:00,AA:00:00:00:00:05,BB:00:00:00:00:01,-59,5427
2026-08-18T14:06:30+00:00,AA:00:00:00:00:01,BB:00:00:00:00:01,-94,5428
2026-08-18T14:06:30+00:00,AA:00:00:00:00:02,BB:00:00:00:00:01,-88,5429
2026-08-18T14:06:30+00:00,AA:00:00:00:00:03,BB:00:00:00:00:01,-88,5430
2026-08-18T14:06:30+00:00,AA:00:00:00:00:04,BB:00:00:00:00:01,-90,5431
2026-08-18T14:06:30+00:00,AA:00:00:00:00:05,BB:00:00:00:00:01,-43,5432
2026-08-18T14:06:40+00:00,AA:00:00:00:00:01,BB:00:00:00:00:01,-88,5433
2026-08-18T14:06:40+00:00,AA:00:00:00:00:02,BB:00:00:00:00:01,-86,5434
2026-08-18T14:06:40+00:00,AA:00:00:00:00:03,BB:00:00:00:00:01,-98,5435
2026-08-18T14:06:40+00:00,AA:00:00:00:00:04,BB:00:00:00:00:01,-88,5436
2026-08-18T14:06:40+00:00,AA:00:00:00:00:05,BB:00:00:00:00:01,-57,5437
2026-08-18T14:06:50+00:00,AA:00:00:00:00:01,BB:00:00:00:00:01,-89,5438
2026-08-18T14:06:50+00:00,AA:00:00:00:00:02,BB:00:00:00:00:01,-85,5439
2026-08-18T14:06:50+00:00,AA:00:00:00:00:03,BB:00:00:00:00:01,-94,5440
2026-08-18T14:06:50+00:00,AA:00:00:00:00:04,BB:00:00:00:00:01,-98,5441
2026-08-18T14:06:50+00:00,AA:00:00:00:00:05,BB:00:00:00:00:01,-50,5442
2026-08-18T14:07:00+00:00,AA:00:00:00:00:01,BB:00:00:00:00:01,-90,5443
2026-08-18T14:07:00+00:00,AA:00:00:00:00:02,BB:00:00:00:00:01,-96,5444
2026-08-18T14:07:00+00:00,AA:00:00:00:00:03,BB:00:00:00:00:01,-93,5445
2026-08-18T14:07:00+00:00,AA:00:00:00:00:04,BB:00:00:00:00:01,-87,5446
2026-08-18T14:07:00+00:00,AA:00:00:00:00:05,BB:00:00:00:00:01,-51,5447
2026-08-18T14:07:10+00:00,AA:00:00:00:00:01,BB:00:00:00:00:01,-84,5448
2026-08-18T14:07:10+00:00,AA:00:00:00:00:02,BB:00:00:00:00:01,-88,5449
2026-08-18T14:07:10+00:00,AA:00:00:00:00:03,BB:00:00:00:00:01,-93,5450
2026-08-18T14:07:10+00:00,AA:00:00:00:00:05,BB:00:00:00:00:01,-51,5451
2026-08-18T14:07:20+00:00,AA:00:00:00:00:01,BB:00:00:00:00:01,-93,5452
2026-08-18T14:07:20+00:00,AA:00:00:00:00:02,BB:00:00:00:00:01,-102,5453
2026-08-18T14:07:20+00:00,AA:00:00:00:00:03,BB:00:00:00:00:01,-96,5454
2026-08-18T14:07:20+00:00,AA:00:00:00:00:04,BB:00:00:00:00:01,-94,5455
2026-08-18T14:07:20+00:00,AA:00:00:00:00:05,BB:00:00:00:00:01,-55,5456
2026-08-18T14:07:30+00:00,AA:00:00:00:00:01,BB:00:00:00:00:01,-100,5457
2026-08-18T14:07:30+00:00,AA:00:00:00:00:02,BB:00:00:00:00:01,-87,5458
2026-08-18T14:07:30+00:00,AA:00:00:00:00:03,BB:00:00:00:00:01,-98,5459
2026-08-18T14:07:30+00:00,AA:00:00:00:00:04,BB:00:00:00:00:01,-90,5460
2026-08-18T14:07:30+00:00,AA:00:00:00:00:05,BB:00:00:00:00:01,-57,5461
2026-08-18T14:07:40+00:00,AA:00:00:00:00:01,BB:00:00:00:00:01,-93,5462
2026-08-18T14:07:40+00:00,AA:00:00:00:00:02,BB:00:00:00:00:01,-89,5463
2026-08-18T14:07:40+00:00,AA:00:00:00:00:03,BB:00:00:00:00:01,-95,5464
2026-08-18T14:07:40+00:00,AA:00:00:00:00:05,BB:00:00:00:00:01,-52,5465
2026-08-18T14:07:50+00:00,AA:00:00:00:00:01,BB:00:00:00:00:01,-102,5466
2026-08-18T14:07:50+00:00,AA:00:00:00:00:02,BB:00:00:00:00:01,-95,5467
2026-08-18T14:07:50+00:00,AA:00:00:00:00:03,BB:00:00:00:00:01,-94,5468
2026-08-18T14:07:50+00:00,AA:00:00:00:00:04,BB:00:00:00:00:01,-102,5469
2026-08-18T14:07:50+00:00,AA:00:00:00:00:05,BB:00:00:00:00:01,-53,5470
2026-08-18T14:08:00+00:00,AA:00:00:00:00:02,BB:00:00:00:00:01,-99,5471
2026-08-18T14:08:00+00:00,AA:00:00:00:00:03,BB:00:00:00:00:01,-88,5472
2026-08-18T14:08:00+00:00,AA:00:00:00:00:04,BB:00:00:00:00:01,-90,5473
2026-08-18T14:08:00+00:00,AA:00:00:00:00:05,BB:00:00:00:00:01,-50,5474
2026-08-18T14:08:10+00:00,AA:00:00:00:00:01,BB:00:00:00:00:01,-87,5475
2026-08-18T14:08:10+00:00,AA:00:00:00:00:02,BB:00:00:00:00:01,-87,5476
2026-08-18T14:08:10+00:00,AA:00:00:00:00:03,BB:00:00:00:00:01,-91,5477
2026-08-18T14:08:10+00:00,AA:00:00:00:00:04,BB:00:00:00:00:01,-98,5478
2026-08-18T14:08:10+00:00,AA:00:00:00:00:05,BB:00:00:00:00:01,-51,5479
2026-08-18T14:08:20+00:00,AA:00:00:00:00:01,BB:00:00:00:00:01,-93,5480
2026-08-18T14:08:20+00:00,AA:00:00:00:00:02,BB:00:00:00:00:01,-97,5481
2026-08-18T14:08:20+00:00,AA:00:00:00:00:03,BB:00:00:00:00:01,-90,5482
2026-08-18T14:08:20+00:00,AA:00:00:00:00:04,BB:00:00:00:00:01,-90,5483
2026-08-18T14:08:20+00:00,AA:00:00:00:00:05,BB:00:00:00:00:01,-55,5484
2026-08-18T14:08:30+00:00,AA:00:00:00:00:01,BB:00:00:00:00:01,-94,5485
2026-08-18T14:08:30+00:00,AA:00:00:00:00:02,BB:00:00:00:00:01,-97,5486
2026-08-18T14:08:30+00:00,AA:00:00:00:00:03,BB:00:00:00:00:01,-85,5487
2026-08-18T14:08:30+00:00,AA:00:00:00:00:04,BB:00:00:00:00:01,-87,5488
2026-08-18T14:08:30+00:00,AA:00:00:00:00:05,BB:00:00:00:00:01,-52,5489
2026-08-18T14:08:40+00:00,AA:00:00:00:00:01,BB:00:00:00:00:01,-95,5490
2026-08-18T14:08:40+00:00,AA:00:00:00:00:02,BB:00:00:00:00:01,-92,5491
2026-08-18T14:08:40+00:00,AA:00:00:00:00:03,BB:00:00:00:00:01,-99,5492
2026-08-18T14:08:40+00:00,AA:00:00:00:00:04,BB:00:00:00:00:01,-90,5493
2026-08-18T14:08:40+00:00,AA:00:00:00:00:05,BB:00:00:00:00:01,-61,5494
2026-08-18T14:08:50+00:00,AA:00:00:00:00:01,BB:00:00:00:00:01,-96,5495
2026-08-18T14:08:50+00:00,AA:00:00:00:00:02,BB:00:00:00:00:01,-91,5496
2026-08-18T14:08:50+00:00,AA:00:00:00:00:03,BB:00:00:00:00:01,-88,5497
2026-08-18T14:08:50+00:00,AA:00:00:00:00:04,BB:00:00:00:00:01,-90,5498
2026-08-18T14:08:50+00:00,AA:00:00:00:00:05,BB:00:00:00:00:01,-56,5499
2026-08-18T14:09:00+00:00,AA:00:00:00:00:01,BB:00:00:00:00:01,-95,5500
2026-08-18T14:09:00+00:00,AA:00:00:00:00:02,BB:00:00:00:00:01,-91,5501
2026-08-18T14:09:00+00:00,AA:00:00:00:00:03,BB:00:00:00:00:01,-90,5502
2026-08-18T14:09:00+00:00,AA:00:00:00:00:04,BB:00:00:00:00:01,-89,5503
2026-08-18T14:09:00+00:00,AA:00:00:00:00:05,BB:00:00:00:00:01,-52,5504
2026-08-18T14:09:10+00:00,AA:00:00:00:00:01,BB:00:00:00:00:01,-92,5505
2026-08-18T14:09:10+00:00,AA:00:00:00:00:02,BB:00:00:00:00:01,-92,5506
2026-08-18T14:09:10+00:00,AA:00:00:00:00:04,BB:00:00:00:00:01,-97,5507
2026-08-18T14:09:10+00:00,AA:00:00:00:00:05,BB:00:00:00:00:01,-52,5508
2026-08-18T14:09:20+00:00,AA:00:00:00:00:01,BB:00:00:00:00:01,-88,5509
2026-08-18T14:09:20+00:00,AA:00:00:00:00:02,BB:00:00:00:00:01,-86,5510
2026-08-18T14:09:20+00:00,AA:00:00:00:00:03,BB:00:00:00:00:01,-89,5511
2026-08-18T14:09:20+00:00,AA:00:00:00:00:04,BB:00:00:00:00:01,-95,5512
2026-08-18T14:09:20+00:00,AA:00:00:00:00:05,BB:00:00:00:00:01,-51,5513
2026-08-18T14:09:30+00:00,AA:00:00:00:00:01,BB:00:00:00:00:01,-84,5514
2026-08-18T14:09:30+00:00,AA:00:00:00:00:02,BB:00:00:00:00:01,-94,5515
2026-08-18T14:09:30+00:00,AA:00:00:00:00:03,BB:00:00:00:00:01,-89,5516
2026-08-18T14:09:30+00:00,AA:00:00:00:00:04,BB:00:00:00:00:01,-91,5517
2026-08-18T14:09:30+00:00,AA:00:00:00:00:05,BB:00:00:00:00:01,-62,5518
2026-08-18T14:09:40+00:00,AA:00:00:00:00:01,BB:00:00:00:00:01,-101,5519
2026-08-18T14:09:40+00:00,AA:00:00:00:00:02,BB:00:00:00:00:01,-90,5520
2026-08-18T14:09:40+00:00,AA:00:00:00:00:03,BB:00:00:00:00:01,-88,5521
2026-08-18T14:09:40+00:00,AA:00:00:00:00:04,BB:00:00:00:00:01,-98,5522
2026-08-18T14:09:40+00:00,AA:00:00:00:00:05,BB:00:00:00:00:01,-53,5523
2026-08-18T14:09:50+00:00,AA:00:00:00:00:01,BB:00:00:00:00:01,-86,5524
2026-08-18T14:09:50+00:00,AA:00:00:00:00:02,BB:00:00:00:00:01,-93,5525
2026-08-18T14:09:50+00:00,AA:00:00:00:00:03,BB:00:00:00:00:01,-91,5526
2026-08-18T14:09:50+00:00,AA:00:00:00:00:05,BB:00:00:00:00:01,-63,5527
2026-08-18T14:10:00+00:00,AA:00:00:00:00:01,BB:00:00:00:00:01,-95,5528
2026-08-18T14:10:00+00:00,AA:00:00:00:00:02,BB:00:00:00:00:01,-93,5529
2026-08-18T14:10:00+00:00,AA:00:00:00:00:03,BB:00:00:00:00:01,-94,5530
2026-08-18T14:10:00+00:00,AA:00:00:00:00:04,BB:00:00:00:00:01,-97,5531
2026-08-18T14:10:00+00:00,AA:00:00:00:00:05,BB:00:00:00:00:01,-56,5532
2026-08-18T14:10:10+00:00,AA:00:00:00:00:01,BB:00:00:00:00:01,-92,5533
2026-08-18T14:10:10+00:00,AA:00:00:00:00:02,BB:00:00:00:00:01,-90,5534
2026-08-18T14:10:10+00:00,AA:00:00:00:00:03,BB:00:00:00:00:01,-91,5535
2026-08-18T14:10:10+00:00,AA:00:00:00:00:04,BB:00:00:00:00:01,-88,5536
2026-08-18T14:10:10+00:00,AA:00:00:00:00:05,BB:00:00:00:00:01,-58,5537
2026-08-18T14:10:20+00:00,AA:00:00:00:00:01,BB:00:00:00:00:01,-97,5538
2026-08-18T14:10:20+00:00,AA:00:00:00:00:02,BB:00:00:00:00:01,-95,5539
2026-08-18T14:10:20+00:00,AA:00:00:00:00:03,BB:00:00:00:00:01,-91,5540
2026-08-18T14:10:20+00:00,AA:00:00:00:00:04,BB:00:00:00:00:01,-95,5541
2026-08-18T14:10:20+00:00,AA:00:00:00:00:05,BB:00:00:00:00:01,-54,5542
2026-08-18T14:10:30+00:00,AA:00:00:00:00:01,BB:00:00:00:00:01,-91,5543
2026-08-18T14:10:30+00:00,AA:00:00:00:00:02,BB:00:00:00:00:01,-91,5544
2026-08-18T14:10:30+00:00,AA:00:00:00:00:03,BB:00:00:00:00:01,-87,5545
2026-08-18T14:10:30+00:00,AA:00:00:00:00:04,BB:00:00:00:00:01,-91,5546
2026-08-18T14:10:30+00:00,AA:00:00:00:00:05,BB:00:00:00:00:01,-56,5547
2026-08-18T14:10:40+00:00,AA:00:00:00:00:01,BB:00:00:00:00:01,-90,5548
2026-08-18T14:10:40+00:00,AA:00:00:00:00:02,BB:00:00:00:00:01,-85,5549
2026-08-18T14:10:40+00:00,AA:00:00:00:00:03,BB:00:00:00:00:01,-85,5550
2026-08-18T14:10:40+00:00,AA:00:00:00:00:04,BB:00:00:00:00:01,-92,5551
2026-08-18T14:10:40+00:00,AA:00:00:00:00:05,BB:00:00:00:00:01,-53,5552
2026-08-18T14:10:50+00:00,AA:00:00:00:00:01,BB:00:00:00:00:01,-88,5553
2026-08-18T14:10:50+00:00,AA:00:00:00:00:02,BB:00:00:00:00:01,-94,5554
2026-08-18T14:10:50+00:00,AA:00:00:00:00:03,BB:00:00:00:00:01,-84,5555
2026-08-18T14:10:50+00:00,AA:00:00:00:00:04,BB:00:00:00:00:01,-95,5556
2026-08-18T14:11:00+00:00,AA:00:00:00:00:01,BB:00:00:00:00:01,-88,5557
2026-08-18T14:11:00+00:00,AA:00:00:00:00:03,BB:00:00:00:00:01,-94,5558
2026-08-18T14:11:00+00:00,AA:00:00:00:00:04,BB:00:00:00:00:01,-92,5559
2026-08-18T14:11:00+00:00,AA:00:00:00:00:05,BB:00:00:00:00:01,-58,5560
2026-08-18T14:11:10+00:00,AA:00:00:00:00:01,BB:00:00:00:00:01,-83,5561
2026-08-18T14:11:10+00:00,AA:00:00:00:00:02,BB:00:00:00:00:01,-94,5562
2026-08-18T14:11:10+00:00,AA:00:00:00:00:03,BB:00:00:00:00:01,-93,5563
2026-08-18T14:11:10+00:00,AA:00:00:00:00:04,BB:00:00:00:00:01,-91,5564
2026-08-18T14:11:10+00:00,AA:00:00:00:00:05,BB:00:00:00:00:01,-50,5565
2026-08-18T14:11:20+00:00,AA:00:00:00:00:01,BB:00:00:00:00:01,-89,5566
2026-08-18T14:11:20+00:00,AA:00:00:00:00:02,BB:00:00:00:00:01,-90,5567
2026-08-18T14:11:20+00:00,AA:00:00:00:00:03,BB:00:00:00:00:01,-91,5568
2026-08-18T14:11:20+00:00,AA:00:00:00:00:04,BB:00:00:00:00:01,-90,5569
2026-08-18T14:11:20+00:00,AA:00:00:00:00:05,BB:00:00:00:00:01,-52,5570
2026-08-18T14:11:30+00:00,AA:00:00:00:00:01,BB:00:00:00:00:01,-96,5571
2026-08-18T14:11:30+00:00,AA:00:00:00:00:02,BB:00:00:00:00:01,-86,5572
2026-08-18T14:11:30+00:00,AA:00:00:00:00:03,BB:00:00:00:00:01,-93,5573
2026-08-18T14:11:30+00:00,AA:00:00:00:00:04,BB:00:00:00:00:01,-93,5574
2026-08-18T14:11:30+00:00,AA:00:00:00:00:05,BB:00:00:00:00:01,-46,5575
2026-08-18T14:11:40+00:00,AA:00:00:00:00:01,BB:00:00:00:00:01,-93,5576
2026-08-18T14:11:40+00:00,AA:00:00:00:00:02,BB:00:00:00:00:01,-90,5577
2026-08-18T14:11:40+00:00,AA:00:00:00:00:03,BB:00:00:00:00:01,-92,5578
2026-08-18T14:11:40+00:00,AA:00:00:00:00:04,BB:00:00:00:00:01,-96,5579
2026-08-18T14:11:40+00:00,AA:00:00:00:00:05,BB:00:00:00:00:01,-61,5580
2026-08-18T14:11:50+00:00,AA:00:00:00:00:01,BB:00:00:00:00:01,-89,5581
2026-08-18T14:11:50+00:00,AA:00:00:00:00:03,BB:00:00:00:00:01,-86,5582
2026-08-18T14:11:50+00:00,AA:00:00:00:00:04,BB:00:00:00:00:01,-86,5583
2026-08-18T14:11:50+00:00,AA:00:00:00:00:05,BB:00:00:00:00:01,-54,5584
2026-08-18T14:12:00+00:00,AA:00:00:00:00:01,BB:00:00:00:00:01,-93,5585
2026-08-18T14:12:00+00:00,AA:00:00:00:00:02,BB:00:00:00:00:01,-88,5586
2026-08-18T14:12:00+00:00,AA:00:00:00:00:03,BB:00:00:00:00:01,-94,5587
2026-08-18T14:12:00+00:00,AA:00:00:00:00:04,BB:00:00:00:00:01,-87,5588
2026-08-18T14:12:00+00:00,AA:00:00:00:00:05,BB:00:00:00:00:01,-63,5589
2026-08-18T14:12:10+00:00,AA:00:00:00:00:01,BB:00:00:00:00:01,-92,5590
2026-08-18T14:12:10+00:00,AA:00:00:00:00:02,BB:00:00:00:00:01,-94,5591
2026-08-18T14:12:10+00:00,AA:00:00:00:00:03,BB:00:00:00:00:01,-88,5592
2026-08-18T14:12:10+00:00,AA:00:00:00:00:04,BB:00:00:00:00:01,-91,5593
2026-08-18T14:12:10+00:00,AA:00:00:00:00:05,BB:00:00:00:00:01,-55,5594
2026-08-18T14:12:20+00:00,AA:00:00:00:00:01,BB:00:00:00:00:01,-88,5595
2026-08-18T14:12:20+00:00,AA:00:00:00:00:02,BB:00:00:00:00:01,-95,5596
2026-08-18T14:12:20+00:00,AA:00:00:00:00:03,BB:00:00:00:00:01,-93,5597
2026-08-18T14:12:20+00:00,AA:00:00:00:00:04,BB:00:00:00:00:01,-91,5598
2026-08-18T14:12:20+00:00,AA:00:00:00:00:05,BB:00:00:00:00:01,-61,5599
2026-08-18T14:12:30+00:00,AA:00:00:00:00:01,BB:00:00:00:00:01,-85,5600
2026-08-18T14:12:30+00:00,AA:00:00:00:00:02,BB:00:00:00:00:01,-92,5601
2026-08-18T14:12:30+00:00,AA:00:00:00:00:03,BB:00:00:00:00:01,-96,5602
2026-08-18T14:12:30+00:00,AA:00:00:00:00:04,BB:00:00:00:00:01,-91,5603
2026-08-18T14:12:30+00:00,AA:00:00:00:00:05,BB:00:00:00:00:01,-53,5604
2026-08-18T14:12:40+00:00,AA:00:00:00:00:01,BB:00:00:00:00:01,-89,5605
2026-08-18T14:12:40+00:00,AA:00:00:00:00:02,BB:00:00:00:00:01,-90,5606
2026-08-18T14:12:40+00:00,AA:00:00:00:00:03,BB:00:00:00:00:01,-92,5607
2026-08-18T14:12:40+00:00,AA:00:00:00:00:04,BB:00:00:00:00:01,-87,5608
2026-08-18T14:12:40+00:00,AA:00:00:00:00:05,BB:00:00:00:00:01,-55,5609
2026-08-18T14:12:50+00:00,AA:00:00:00:00:01,BB:00:00:00:00:01,-93,5610
2026-08-18T14:12:50+00:00,AA:00:00:00:00:02,BB:00:00:00:00:01,-95,5611
2026-08-18T14:12:50+00:00,AA:00:00:00:00:03,BB:00:00:00:00:01,-85,5612
2026-08-18T14:12:50+00:00,AA:00:00:00:00:04,BB:00:00:00:00:01,-90,5613
2026-08-18T14:12:50+00:00,AA:00:00:00:00:05,BB:00:00:00:00:01,-57,5614
2026-08-18T14:13:00+00:00,AA:00:00:00:00:01,BB:00:00:00:00:01,-95,5615
2026-08-18T14:13:00+00:00,AA:00:00:00:00:02,BB:00:00:00:00:01,-87,5616
2026-08-18T14:13:00+00:00,AA:00:00:00:00:03,BB:00:00:00:00:01,-92,5617
2026-08-18T14:13:00+00:00,AA:00:00:00:00:04,BB:00:00:00:00:01,-93,5618
2026-08-18T14:13:00+00:00,AA:00:00:00:00:05,BB:00:00:00:00:01,-59,5619
2026-08-18T14:13:10+00:00,AA:00:00:00:00:01,BB:00:00:00:00:01,-89,5620
2026-08-18T14:13:10+00:00,AA:00:00:00:00:02,BB:00:00:00:00:01,-88,5621
2026-08-18T14:13:10+00:00,AA:00:00:00:00:03,BB:00:00:00:00:01,-94,5622
2026-08-18T14:13:10+00:00,AA:00:00:00:00:04,BB:00:00:00:00:01,-87,5623
2026-08-18T14:13:10+00:00,AA:00:00:00:00:05,BB:00:00:00:00:01,-54,5624
2026-08-18T14:13:20+00:00,AA:00:00:00:00:01,BB:00:00:00:00:01,-97,5625
2026-08-18T14:13:20+00:00,AA:00:00:00:00:02,BB:00:00:00:00:01,-92,5626
2026-08-18T14:13:20+00:00,AA:00:00:00:00:03,BB:00:00:00:00:01,-102,5627
2026-08-18T14:13:20+00:00,AA:00:00:00:00:04,BB:00:00:00:00:01,-96,5628
2026-08-18T14:13:20+00:00,AA:00:00:00:00:05,BB:00:00:00:00:01,-53,5629
2026-08-18T14:13:30+00:00,AA:00:00:00:00:01,BB:00:00:00:00:01,-99,5630
2026-08-18T14:13:30+00:00,AA:00:00:00:00:02,BB:00:00:00:00:01,-102,5631
2026-08-18T14:13:30+00:00,AA:00:00:00:00:03,BB:00:00:00:00:01,-100,5632
2026-08-18T14:13:30+00:00,AA:00:00:00:00:04,BB:00:00:00:00:01,-95,5633
2026-08-18T14:13:30+00:00,AA:00:00:00:00:05,BB:00:00:00:00:01,-54,5634
2026-08-18T14:13:40+00:00,AA:00:00:00:00:01,BB:00:00:00:00:01,-92,5635
2026-08-18T14:13:40+00:00,AA:00:00:00:00:02,BB:00:00:00:00:01,-98,5636
2026-08-18T14:13:40+00:00,AA:00:00:00:00:03,BB:00:00:00:00:01,-95,5637
2026-08-18T14:13:40+00:00,AA:00:00:00:00:04,BB:00:00:00:00:01,-88,5638
2026-08-18T14:13:40+00:00,AA:00:00:00:00:05,BB:00:00:00:00:01,-56,5639
2026-08-18T14:13:50+00:00,AA:00:00:00:00:01,BB:00:00:00:00:01,-92,5640
2026-08-18T14:13:50+00:00,AA:00:00:00:00:02,BB:00:00:00:00:01,-92,5641
2026-08-18T14:13:50+00:00,AA:00:00:00:00:03,BB:00:00:00:00:01,-93,5642
2026-08-18T14:13:50+00:00,AA:00:00:00:00:04,BB:00:00:00:00:01,-92,5643
2026-08-18T14:13:50+00:00,AA:00:00:00:00:05,BB:00:00:00:00:01,-52,5644
2026-08-18T14:14:00+00:00,AA:00:00:00:00:01,BB:00:00:00:00:01,-98,5645
2026-08-18T14:14:00+00:00,AA:00:00:00:00:02,BB:00:00:00:00:01,-90,5646
2026-08-18T14:14:00+00:00,AA:00:00:00:00:03,BB:00:00:00:00:01,-97,5647
2026-08-18T14:14:00+00:00,AA:00:00:00:00:04,BB:00:00:00:00:01,-85,5648
2026-08-18T14:14:00+00:00,AA:00:00:00:00:05,BB:00:00:00:00:01,-55,5649
2026-08-18T14:14:10+00:00,AA:00:00:00:00:01,BB:00:00:00:00:01,-95,5650
2026-08-18T14:14:10+00:00,AA:00:00:00:00:02,BB:00:00:00:00:01,-98,5651
2026-08-18T14:14:10+00:00,AA:00:00:00:00:03,BB:00:00:00:00:01,-97,5652
2026-08-18T14:14:10+00:00,AA:00:00:00:00:04,BB:00:00:00:00:01,-89,5653
2026-08-18T14:14:10+00:00,AA:00:00:00:00:05,BB:00:00:00:00:01,-56,5654
2026-08-18T14:14:20+00:00,AA:00:00:00:00:01,BB:00:00:00:00:01,-91,5655
2026-08-18T14:14:20+00:00,AA:00:00:00:00:02,BB:00:00:00:00:01,-89,5656
2026-08-18T14:14:20+00:00,AA:00:00:00:00:03,BB:00:00:00:00:01,-89,5657
2026-08-18T14:14:20+00:00,AA:00:00:00:00:04,BB:00:00:00:00:01,-93,5658
2026-08-18T14:14:20+00:00,AA:00:00:00:00:05,BB:00:00:00:00:01,-52,5659
2026-08-18T14:14:30+00:00,AA:00:00:00:00:01,BB:00:00:00:00:01,-95,5660
2026-08-18T14:14:30+00:00,AA:00:00:00:00:02,BB:00:00:00:00:01,-98,5661
2026-08-18T14:14:30+00:00,AA:00:00:00:00:03,BB:00:00:00:00:01,-90,5662
2026-08-18T14:14:30+00:00,AA:00:00:00:00:04,BB:00:00:00:00:01,-96,5663
2026-08-18T14:14:30+00:00,AA:00:00:00:00:05,BB:00:00:00:00:01,-54,5664
2026-08-18T14:14:40+00:00,AA:00:00:00:00:01,BB:00:00:00:00:01,-91,5665
2026-08-18T14:14:40+00:00,AA:00:00:00:00:02,BB:00:00:00:00:01,-94,5666
2026-08-18T14:14:40+00:00,AA:00:00:00:00:03,BB:00:00:00:00:01,-92,5667
2026-08-18T14:14:40+00:00,AA:00:00:00:00:04,BB:00:00:00:00:01,-94,5668
2026-08-18T14:14:40+00:00,AA:00:00:00:00:05,BB:00:00:00:00:01,-60,5669
2026-08-18T14:14:50+00:00,AA:00:00:00:00:01,BB:00:00:00:00:01,-92,5670
2026-08-18T14:14:50+00:00,AA:00:00:00:00:02,BB:00:00:00:00:01,-88,5671
2026-08-18T14:14:50+00:00,AA:00:00:00:00:03,BB:00:00:00:00:01,-81,5672
2026-08-18T14:14:50+00:00,AA:00:00:00:00:04,BB:00:00:00:00:01,-92,5673
2026-08-18T14:14:50+00:00,AA:00:00:00:00:05,BB:00:00:00:00:01,-53,5674
2026-08-18T14:15:00+00:00,AA:00:00:00:00:01,BB:00:00:00:00:01,-91,5675
2026-08-18T14:15:00+00:00,AA:00:00:00:00:02,BB:00:00:00:00:01,-96,5676
2026-08-18T14:15:00+00:00,AA:00:00:00:00:03,BB:00:00:00:00:01,-85,5677
2026-08-18T14:15:00+00:00,AA:00:00:00:00:04,BB:00:00:00:00:01,-95,5678
2026-08-18T14:15:00+00:00,AA:00:00:00:00:05,BB:00:00:00:00:01,-60,5679
2026-08-18T14:15:10+00:00,AA:00:00:00:00:01,BB:00:00:00:00:01,-77,5680
2026-08-18T14:15:10+00:00,AA:00:00:00:00:02,BB:00:00:00:00:01,-95,5681
2026-08-18T14:15:10+00:00,AA:00:00:00:00:03,BB:00:00:00:00:01,-89,5682
2026-08-18T14:15:10+00:00,AA:00:00:00:00:04,BB:00:00:00:00:01,-94,5683
2026-08-18T14:15:10+00:00,AA:00:00:00:00:05,BB:00:00:00:00:01,-58,5684
2026-08-18T14:15:20+00:00,AA:00:00:00:00:01,BB:00:00:00:00:01,-94,5685
2026-08-18T14:15:20+00:00,AA:00:00:00:00:02,BB:00:00:00:00:01,-93,5686
2026-08-18T14:15:20+00:00,AA:00:00:00:00:03,BB:00:00:00:00:01,-92,5687
2026-08-18T14:15:20+00:00,AA:00:00:00:00:04,BB:00:00:00:00:01,-93,5688
2026-08-18T14:15:20+00:00,AA:00:00:00:00:05,BB:00:00:00:00:01,-57,5689
2026-08-18T14:15:30+00:00,AA:00:00:00:00:01,BB:00:00:00:00:01,-95,5690
2026-08-18T14:15:30+00:00,AA:00:00:00:00:02,BB:00:00:00:00:01,-88,5691
2026-08-18T14:15:30+00:00,AA:00:00:00:00:03,BB:00:00:00:00:01,-84,5692
2026-08-18T14:15:30+00:00,AA:00:00:00:00:04,BB:00:00:00:00:01,-91,5693
2026-08-18T14:15:30+00:00,AA:00:00:00:00:05,BB:00:00:00:00:01,-57,5694
2026-08-18T14:15:40+00:00,AA:00:00:00:00:01,BB:00:00:00:00:01,-90,5695
2026-08-18T14:15:40+00:00,AA:00:00:00:00:02,BB:00:00:00:00:01,-88,5696
2026-08-18T14:15:40+00:00,AA:00:00:00:00:03,BB:00:00:00:00:01,-89,5697
2026-08-18T14:15:40+00:00,AA:00:00:00:00:04,BB:00:00:00:00:01,-94,5698
2026-08-18T14:15:40+00:00,AA:00:00:00:00:05,BB:00:00:00:00:01,-59,5699
2026-08-18T14:15:50+00:00,AA:00:00:00:00:01,BB:00:00:00:00:01,-85,5700
2026-08-18T14:15:50+00:00,AA:00:00:00:00:02,BB:00:00:00:00:01,-91,5701
2026-08-18T14:15:50+00:00,AA:00:00:00:00:03,BB:00:00:00:00:01,-93,5702
2026-08-18T14:15:50+00:00,AA:00:00:00:00:04,BB:00:00:00:00:01,-94,5703
2026-08-18T14:15:50+00:00,AA:00:00:00:00:05,BB:00:00:00:00:01,-55,5704
2026-08-18T14:16:00+00:00,AA:00:00:00:00:01,BB:00:00:00:00:01,-82,5705
2026-08-18T14:16:00+00:00,AA:00:00:00:00:02,BB:00:00:00:00:01,-85,5706
2026-08-18T14:16:00+00:00,AA:00:00:00:00:03,BB:00:00:00:00:01,-84,5707
2026-08-18T14:16:00+00:00,AA:00:00:00:00:04,BB:00:00:00:00:01,-93,5708
2026-08-18T14:16:00+00:00,AA:00:00:00:00:05,BB:00:00:00:00:01,-60,5709
2026-08-18T14:16:10+00:00,AA:00:00:00:00:01,BB:00:00:00:00:01,-95,5710
2026-08-18T14:16:10+00:00,AA:00:00:00:00:02,BB:00:00:00:00:01,-90,5711
2026-08-18T14:16:10+00:00,AA:00:00:00:00:03,BB:00:00:00:00:01,-93,5712
2026-08-18T14:16:10+00:00,AA:00:00:00:00:04,BB:00:00:00:00:01,-97,5713
2026-08-18T14:16:10+00:00,AA:00:00:00:00:05,BB:00:00:00:00:01,-59,5714
2026-08-18T14:16:20+00:00,AA:00:00:00:00:01,BB:00:00:00:00:01,-90,5715
2026-08-18T14:16:20+00:00,AA:00:00:00:00:02,BB:00:00:00:00:01,-94,5716
2026-08-18T14:16:20+00:00,AA:00:00:00:00:03,BB:00:00:00:00:01,-89,5717
2026-08-18T14:16:20+00:00,AA:00:00:00:00:04,BB:00:00:00:00:01,-93,5718
2026-08-18T14:16:20+00:00,AA:00:00:00:00:05,BB:00:00:00:00:01,-62,5719
2026-08-18T14:16:30+00:00,AA:00:00:00:00:01,BB:00:00:00:00:01,-87,5720
2026-08-18T14:16:30+00:00,AA:00:00:00:00:02,BB:00:00:00:00:01,-90,5721
2026-08-18T14:16:30+00:00,AA:00:00:00:00:04,BB:00:00:00:00:01,-94,5722
2026-08-18T14:16:30+00:00,AA:00:00:00:00:05,BB:00:00:00:00:01,-59,5723
2026-08-18T14:16:40+00:00,AA:00:00:00:00:01,BB:00:00:00:00:01,-92,5724
2026-08-18T14:16:40+00:00,AA:00:00:00:00:02,BB:00:00:00:00:01,-94,5725
2026-08-18T14:16:40+00:00,AA:00:00:00:00:03,BB:00:00:00:00:01,-100,5726
2026-08-18T14:16:40+00:00,AA:00:00:00:00:04,BB:00:00:00:00:01,-96,5727
2026-08-18T14:16:40+00:00,AA:00:00:00:00:05,BB:00:00:00:00:01,-56,5728
2026-08-18T14:16:50+00:00,AA:00:00:00:00:01,BB:00:00:00:00:01,-91,5729
2026-08-18T14:16:50+00:00,AA:00:00:00:00:02,BB:00:00:00:00:01,-91,5730
2026-08-18T14:16:50+00:00,AA:00:00:00:00:03,BB:00:00:00:00:01,-91,5731
2026-08-18T14:16:50+00:00,AA:00:00:00:00:04,BB:00:00:00:00:01,-94,5732
2026-08-18T14:16:50+00:00,AA:00:00:00:00:05,BB:00:00:00:00:01,-50,5733
2026-08-18T14:17:00+00:00,AA:00:00:00:00:01,BB:00:00:00:00:01,-97,5734
2026-08-18T14:17:00+00:00,AA:00:00:00:00:02,BB:00:00:00:00:01,-97,5735
2026-08-18T14:17:00+00:00,AA:00:00:00:00:03,BB:00:00:00:00:01,-91,5736
2026-08-18T14:17:00+00:00,AA:00:00:00:00:04,BB:00:00:00:00:01,-87,5737
2026-08-18T14:17:00+00:00,AA:00:00:00:00:05,BB:00:00:00:00:01,-56,5738
2026-08-18T14:17:10+00:00,AA:00:00:00:00:01,BB:00:00:00:00:01,-85,5739
2026-08-18T14:17:10+00:00,AA:00:00:00:00:02,BB:00:00:00:00:01,-90,5740
2026-08-18T14:17:10+00:00,AA:00:00:00:00:03,BB:00:00:00:00:01,-94,5741
2026-08-18T14:17:10+00:00,AA:00:00:00:00:04,BB:00:00:00:00:01,-98,5742
2026-08-18T14:17:10+00:00,AA:00:00:00:00:05,BB:00:00:00:00:01,-57,5743
2026-08-18T14:17:20+00:00,AA:00:00:00:00:01,BB:00:00:00:00:01,-93,5744
2026-08-18T14:17:20+00:00,AA:00:00:00:00:02,BB:00:00:00:00:01,-92,5745
2026-08-18T14:17:20+00:00,AA:00:00:00:00:03,BB:00:00:00:00:01,-90,5746
2026-08-18T14:17:20+00:00,AA:00:00:00:00:04,BB:00:00:00:00:01,-92,5747
2026-08-18T14:17:20+00:00,AA:00:00:00:00:05,BB:00:00:00:00:01,-51,5748
2026-08-18T14:17:30+00:00,AA:00:00:00:00:01,BB:00:00:00:00:01,-89,5749
2026-08-18T14:17:30+00:00,AA:00:00:00:00:03,BB:00:00:00:00:01,-88,5750
2026-08-18T14:17:30+00:00,AA:00:00:00:00:04,BB:00:00:00:00:01,-89,5751
2026-08-18T14:17:30+00:00,AA:00:00:00:00:05,BB:00:00:00:00:01,-59,5752
2026-08-18T14:17:40+00:00,AA:00:00:00:00:01,BB:00:00:00:00:01,-89,5753
2026-08-18T14:17:40+00:00,AA:00:00:00:00:02,BB:00:00:00:00:01,-92,5754
2026-08-18T14:17:40+00:00,AA:00:00:00:00:03,BB:00:00:00:00:01,-86,5755
2026-08-18T14:17:40+00:00,AA:00:00:00:00:04,BB:00:00:00:00:01,-91,5756
2026-08-18T14:17:40+00:00,AA:00:00:00:00:05,BB:00:00:00:00:01,-50,5757
2026-08-18T14:17:50+00:00,AA:00:00:00:00:01,BB:00:00:00:00:01,-86,5758
2026-08-18T14:17:50+00:00,AA:00:00:00:00:02,BB:00:00:00:00:01,-94,5759
2026-08-18T14:17:50+00:00,AA:00:00:00:00:03,BB:00:00:00:00:01,-90,5760
2026-08-18T14:17:50+00:00,AA:00:00:00:00:04,BB:00:00:00:00:01,-93,5761
2026-08-18T14:17:50+00:00,AA:00:00:00:00:05,BB:00:00:00:00:01,-54,5762
2026-08-18T14:18:00+00:00,AA:00:00:00:00:01,BB:00:00:00:00:01,-98,5763
2026-08-18T14:18:00+00:00,AA:00:00:00:00:02,BB:00:00:00:00:01,-97,5764
2026-08-18T14:18:00+00:00,AA:00:00:00:00:03,BB:00:00:00:00:01,-87,5765
2026-08-18T14:18:00+00:00,AA:00:00:00:00:04,BB:00:00:00:00:01,-94,5766
2026-08-18T14:18:00+00:00,AA:00:00:00:00:05,BB:00:00:00:00:01,-46,5767
2026-08-18T14:18:10+00:00,AA:00:00:00:00:01,BB:00:00:00:00:01,-94,5768
2026-08-18T14:18:10+00:00,AA:00:00:00:00:02,BB:00:00:00:00:01,-84,5769
2026-08-18T14:18:10+00:00,AA:00:00:00:00:03,BB:00:00:00:00:01,-93,5770
2026-08-18T14:18:10+00:00,AA:00:00:00:00:04,BB:00:00:00:00:01,-92,5771
2026-08-18T14:18:10+00:00,AA:00:00:00:00:05,BB:00:00:00:00:01,-55,5772
2026-08-18T14:18:20+00:00,AA:00:00:00:00:01,BB:00:00:00:00:01,-95,5773
2026-08-18T14:18:20+00:00,AA:00:00:00:00:02,BB:00:00:00:00:01,-84,5774
2026-08-18T14:18:20+00:00,AA:00:00:00:00:03,BB:00:00:00:00:01,-88,5775
2026-08-18T14:18:20+00:00,AA:00:00:00:00:04,BB:00:00:00:00:01,-91,5776
2026-08-18T14:18:20+00:00,AA:00:00:00:00:05,BB:00:00:00:00:01,-54,5777
2026-08-18T14:18:30+00:00,AA:00:00:00:00:01,BB:00:00:00:00:01,-99,5778
2026-08-18T14:18:30+00:00,AA:00:00:00:00:02,BB:00:00:00:00:01,-91,5779
2026-08-18T14:18:30+00:00,AA:00:00:00:00:03,BB:00:00:00:00:01,-98,5780
2026-08-18T14:18:30+00:00,AA:00:00:00:00:04,BB:00:00:00:00:01,-91,5781
2026-08-18T14:18:30+00:00,AA:00:00:00:00:05,BB:00:00:00:00:01,-56,5782
2026-08-18T14:18:40+00:00,AA:00:00:00:00:01,BB:00:00:00:00:01,-90,5783
2026-08-18T14:18:40+00:00,AA:00:00:00:00:02,BB:00:00:00:00:01,-93,5784
2026-08-18T14:18:40+00:00,AA:00:00:00:00:03,BB:00:00:00:00:01,-89,5785
2026-08-18T14:18:40+00:00,AA:00:00:00:00:04,BB:00:00:00:00:01,-88,5786
2026-08-18T14:18:40+00:00,AA:00:00:00:00:05,BB:00:00:00:00:01,-53,5787
2026-08-18T14:18:50+00:00,AA:00:00:00:00:01,BB:00:00:00:00:01,-92,5788
2026-08-18T14:18:50+00:00,AA:00:00:00:00:02,BB:00:00:00:00:01,-95,5789
2026-08-18T14:18:50+00:00,AA:00:00:00:00:03,BB:00:00:00:00:01,-95,5790
2026-08-18T14:18:50+00:00,AA:00:00:00:00:04,BB:00:00:00:00:01,-87,5791
2026-08-18T14:18:50+00:00,AA:00:00:00:00:05,BB:00:00:00:00:01,-50,5792
2026-08-18T14:19:00+00:00,AA:00:00:00:00:01,BB:00:00:00:00:01,-83,5793
2026-08-18T14:19:00+00:00,AA:00:00:00:00:02,BB:00:00:00:00:01,-93,5794
2026-08-18T14:19:00+00:00,AA:00:00:00:00:03,BB:00:00:00:00:01,-88,5795
2026-08-18T14:19:00+00:00,AA:00:00:00:00:04,BB:00:00:00:00:01,-92,5796
2026-08-18T14:19:00+00:00,AA:00:00:00:00:05,BB:00:00:00:00:01,-60,5797
2026-08-18T14:19:10+00:00,AA:00:00:00:00:01,BB:00:00:00:00:01,-91,5798
2026-08-18T14:19:10+00:00,AA:00:00:00:00:02,BB:00:00:00:00:01,-90,5799
2026-08-18T14:19:10+00:00,AA:00:00:00:00:03,BB:00:00:00:00:01,-98,5800
2026-08-18T14:19:10+00:00,AA:00:00:00:00:04,BB:00:00:00:00:01,-87,5801
2026-08-18T14:19:10+00:00,AA:00:00:00:00:05,BB:00:00:00:00:01,-55,5802
2026-08-18T14:19:20+00:00,AA:00:00:00:00:01,BB:00:00:00:00:01,-88,5803
2026-08-18T14:19:20+00:00,AA:00:00:00:00:02,BB:00:00:00:00:01,-96,5804
2026-08-18T14:19:20+00:00,AA:00:00:00:00:03,BB:00:00:00:00:01,-97,5805
2026-08-18T14:19:20+00:00,AA:00:00:00:00:04,BB:00:00:00:00:01,-89,5806
2026-08-18T14:19:20+00:00,AA:00:00:00:00:05,BB:00:00:00:00:01,-56,5807
2026-08-18T14:19:30+00:00,AA:00:00:00:00:01,BB:00:00:00:00:01,-95,5808
2026-08-18T14:19:30+00:00,AA:00:00:00:00:03,BB:00:00:00:00:01,-88,5809
2026-08-18T14:19:30+00:00,AA:00:00:00:00:04,BB:00:00:00:00:01,-86,5810
2026-08-18T14:19:30+00:00,AA:00:00:00:00:05,BB:00:00:00:00:01,-51,5811
2026-08-18T14:19:40+00:00,AA:00:00:00:00:01,BB:00:00:00:00:01,-97,5812
2026-08-18T14:19:40+00:00,AA:00:00:00:00:02,BB:00:00:00:00:01,-95,5813
2026-08-18T14:19:40+00:00,AA:00:00:00:00:03,BB:00:00:00:00:01,-93,5814
2026-08-18T14:19:40+00:00,AA:00:00:00:00:04,BB:00:00:00:00:01,-97,5815
2026-08-18T14:19:40+00:00,AA:00:00:00:00:05,BB:00:00:00:00:01,-64,5816
2026-08-18T14:19:50+00:00,AA:00:00:00:00:01,BB:00:00:00:00:01,-93,5817
2026-08-18T14:19:50+00:00,AA:00:00:00:00:02,BB:00:00:00:00:01,-98,5818
2026-08-18T14:19:50+00:00,AA:00:00:00:00:03,BB:00:00:00:00:01,-96,5819
2026-08-18T14:19:50+00:00,AA:00:00:00:00:04,BB:00:00:00:00:01,-87,5820
2026-08-18T14:19:50+00:00,AA:00:00:00:00:05,BB:00:00:00:00:01,-50,5821
2026-08-18T14:20:00+00:00,AA:00:00:00:00:01,BB:00:00:00:00:01,-89,5822
2026-08-18T14:20:00+00:00,AA:00:00:00:00:02,BB:00:00:00:00:01,-94,5823
2026-08-18T14:20:00+00:00,AA:00:00:00:00:03,BB:00:00:00:00:01,-96,5824
2026-08-18T14:20:00+00:00,AA:00:00:00:00:04,BB:00:00:00:00:01,-86,5825
2026-08-18T14:20:00+00:00,AA:00:00:00:00:05,BB:00:00:00:00:01,-64,5826
2026-08-18T14:20:10+00:00,AA:00:00:00:00:01,BB:00:00:00:00:01,-93,5827
2026-08-18T14:20:10+00:00,AA:00:00:00:00:02,BB:00:00:00:00:01,-91,5828
2026-08-18T14:20:10+00:00,AA:00:00:00:00:03,BB:00:00:00:00:01,-98,5829
2026-08-18T14:20:10+00:00,AA:00:00:00:00:04,BB:00:00:00:00:01,-82,5830
2026-08-18T14:20:10+00:00,AA:00:00:00:00:05,BB:00:00:00:00:01,-54,5831
2026-08-18T14:20:20+00:00,AA:00:00:00:00:01,BB:00:00:00:00:01,-90,5832
2026-08-18T14:20:20+00:00,AA:00:00:00:00:02,BB:00:00:00:00:01,-98,5833
2026-08-18T14:20:20+00:00,AA:00:00:00:00:04,BB:00:00:00:00:01,-95,5834
2026-08-18T14:20:20+00:00,AA:00:00:00:00:05,BB:00:00:00:00:01,-56,5835
2026-08-18T14:20:30+00:00,AA:00:00:00:00:02,BB:00:00:00:00:01,-93,5836
2026-08-18T14:20:30+00:00,AA:00:00:00:00:03,BB:00:00:00:00:01,-85,5837
2026-08-18T14:20:30+00:00,AA:00:00:00:00:04,BB:00:00:00:00:01,-95,5838
2026-08-18T14:20:30+00:00,AA:00:00:00:00:05,BB:00:00:00:00:01,-56,5839
2026-08-18T14:20:40+00:00,AA:00:00:00:00:01,BB:00:00:00:00:01,-89,5840
2026-08-18T14:20:40+00:00,AA:00:00:00:00:02,BB:00:00:00:00:01,-99,5841
2026-08-18T14:20:40+00:00,AA:00:00:00:00:03,BB:00:00:00:00:01,-97,5842
2026-08-18T14:20:40+00:00,AA:00:00:00:00:04,BB:00:00:00:00:01,-96,5843
2026-08-18T14:20:40+00:00,AA:00:00:00:00:05,BB:00:00:00:00:01,-54,5844
2026-08-18T14:20:50+00:00,AA:00:00:00:00:01,BB:00:00:00:00:01,-94,5845
2026-08-18T14:20:50+00:00,AA:00:00:00:00:02,BB:00:00:00:00:01,-94,5846
2026-08-18T14:20:50+00:00,AA:00:00:00:00:03,BB:00:00:00:00:01,-88,5847
2026-08-18T14:20:50+00:00,AA:00:00:00:00:04,BB:00:00:00:00:01,-93,5848
2026-08-18T14:20:50+00:00,AA:00:00:00:00:05,BB:00:00:00:00:01,-49,5849
2026-08-18T14:21:00+00:00,AA:00:00:00:00:01,BB:00:00:00:00:01,-87,5850
2026-08-18T14:21:00+00:00,AA:00:00:00:00:02,BB:00:00:00:00:01,-96,5851
2026-08-18T14:21:00+00:00,AA:00:00:00:00:03,BB:00:00:00:00:01,-88,5852
2026-08-18T14:21:00+00:00,AA:00:00:00:00:04,BB:00:00:00:00:01,-89,5853
2026-08-18T14:21:00+00:00,AA:00:00:00:00:05,BB:00:00:00:00:01,-61,5854
2026-08-18T14:21:10+00:00,AA:00:00:00:00:01,BB:00:00:00:00:01,-94,5855
2026-08-18T14:21:10+00:00,AA:00:00:00:00:02,BB:00:00:00:00:01,-93,5856
2026-08-18T14:21:10+00:00,AA:00:00:00:00:03,BB:00:00:00:00:01,-95,5857
2026-08-18T14:21:10+00:00,AA:00:00:00:00:04,BB:00:00:00:00:01,-89,5858
2026-08-18T14:21:10+00:00,AA:00:00:00:00:05,BB:00:00:00:00:01,-58,5859
2026-08-18T14:21:20+00:00,AA:00:00:00:00:01,BB:00:00:00:00:01,-96,5860
2026-08-18T14:21:20+00:00,AA:00:00:00:00:02,BB:00:00:00:00:01,-93,5861
2026-08-18T14:21:20+00:00,AA:00:00:00:00:03,BB:00:00:00:00:01,-85,5862
2026-08-18T14:21:20+00:00,AA:00:00:00:00:04,BB:00:00:00:00:01,-94,5863
2026-08-18T14:21:30+00:00,AA:00:00:00:00:01,BB:00:00:00:00:01,-93,5864
2026-08-18T14:21:30+00:00,AA:00:00:00:00:02,BB:00:00:00:00:01,-87,5865
2026-08-18T14:21:30+00:00,AA:00:00:00:00:03,BB:00:00:00:00:01,-91,5866
2026-08-18T14:21:30+00:00,AA:00:00:00:00:05,BB:00:00:00:00:01,-55,5867
2026-08-18T14:21:40+00:00,AA:00:00:00:00:01,BB:00:00:00:00:01,-91,5868
2026-08-18T14:21:40+00:00,AA:00:00:00:00:02,BB:00:00:00:00:01,-86,5869
2026-08-18T14:21:40+00:00,AA:00:00:00:00:03,BB:00:00:00:00:01,-92,5870
2026-08-18T14:21:40+00:00,AA:00:00:00:00:04,BB:00:00:00:00:01,-91,5871
2026-08-18T14:21:40+00:00,AA:00:00:00:00:05,BB:00:00:00:00:01,-59,5872
2026-08-18T14:21:50+00:00,AA:00:00:00:00:01,BB:00:00:00:00:01,-89,5873
2026-08-18T14:21:50+00:00,AA:00:00:00:00:02,BB:00:00:00:00:01,-89,5874
2026-08-18T14:21:50+00:00,AA:00:00:00:00:03,BB:00:00:00:00:01,-96,5875
2026-08-18T14:21:50+00:00,AA:00:00:00:00:04,BB:00:00:00:00:01,-85,5876
2026-08-18T14:22:00+00:00,AA:00:00:00:00:01,BB:00:00:00:00:01,-91,5877
2026-08-18T14:22:00+00:00,AA:00:00:00:00:02,BB:00:00:00:00:01,-95,5878
2026-08-18T14:22:00+00:00,AA:00:00:00:00:03,BB:00:00:00:00:01,-89,5879
2026-08-18T14:22:00+00:00,AA:00:00:00:00:04,BB:00:00:00:00:01,-93,5880
2026-08-18T14:22:10+00:00,AA:00:00:00:00:01,BB:00:00:00:00:01,-86,5881
2026-08-18T14:22:10+00:00,AA:00:00:00:00:03,BB:00:00:00:00:01,-93,5882
2026-08-18T14:22:10+00:00,AA:00:00:00:00:04,BB:00:00:00:00:01,-97,5883
2026-08-18T14:22:10+00:00,AA:00:00:00:00:05,BB:00:00:00:00:01,-55,5884
2026-08-18T14:22:20+00:00,AA:00:00:00:00:01,BB:00:00:00:00:01,-97,5885
2026-08-18T14:22:20+00:00,AA:00:00:00:00:02,BB:00:00:00:00:01,-96,5886
2026-08-18T14:22:20+00:00,AA:00:00:00:00:03,BB:00:00:00:00:01,-103,5887
2026-08-18T14:22:20+00:00,AA:00:00:00:00:04,BB:00:00:00:00:01,-96,5888
2026-08-18T14:22:20+00:00,AA:00:00:00:00:05,BB:00:00:00:00:01,-50,5889
2026-08-18T14:22:30+00:00,AA:00:00:00:00:01,BB:00:00:00:00:01,-90,5890
2026-08-18T14:22:30+00:00,AA:00:00:00:00:02,BB:00:00:00:00:01,-90,5891
2026-08-18T14:22:30+00:00,AA:00:00:00:00:03,BB:00:00:00:00:01,-93,5892
2026-08-18T14:22:30+00:00,AA:00:00:00:00:04,BB:00:00:00:00:01,-89,5893
2026-08-18T14:22:30+00:00,AA:00:00:00:00:05,BB:00:00:00:00:01,-54,5894
2026-08-18T14:22:40+00:00,AA:00:00:00:00:01,BB:00:00:00:00:01,-93,5895
2026-08-18T14:22:40+00:00,AA:00:00:00:00:02,BB:00:00:00:00:01,-93,5896
2026-08-18T14:22:40+00:00,AA:00:00:00:00:03,BB:00:00:00:00:01,-86,5897
2026-08-18T14:22:40+00:00,AA:00:00:00:00:04,BB:00:00:00:00:01,-94,5898
2026-08-18T14:22:50+00:00,AA:00:00:00:00:01,BB:00:00:00:00:01,-101,5899
2026-08-18T14:22:50+00:00,AA:00:00:00:00:02,BB:00:00:00:00:01,-97,5900
2026-08-18T14:22:50+00:00,AA:00:00:00:00:03,BB:00:00:00:00:01,-91,5901
2026-08-18T14:22:50+00:00,AA:00:00:00:00:04,BB:00:00:00:00:01,-99,5902
2026-08-18T14:22:50+00:00,AA:00:00:00:00:05,BB:00:00:00:00:01,-58,5903
2026-08-18T14:23:00+00:00,AA:00:00:00:00:01,BB:00:00:00:00:01,-98,5904
2026-08-18T14:23:00+00:00,AA:00:00:00:00:02,BB:00:00:00:00:01,-93,5905
2026-08-18T14:23:00+00:00,AA:00:00:00:00:03,BB:00:00:00:00:01,-97,5906
2026-08-18T14:23:00+00:00,AA:00:00:00:00:04,BB:00:00:00:00:01,-96,5907
2026-08-18T14:23:00+00:00,AA:00:00:00:00:05,BB:00:00:00:00:01,-50,5908
2026-08-18T14:23:10+00:00,AA:00:00:00:00:01,BB:00:00:00:00:01,-93,5909
2026-08-18T14:23:10+00:00,AA:00:00:00:00:02,BB:00:00:00:00:01,-92,5910
2026-08-18T14:23:10+00:00,AA:00:00:00:00:03,BB:00:00:00:00:01,-95,5911
2026-08-18T14:23:10+00:00,AA:00:00:00:00:04,BB:00:00:00:00:01,-91,5912
2026-08-18T14:23:10+00:00,AA:00:00:00:00:05,BB:00:00:00:00:01,-53,5913
2026-08-18T14:23:20+00:00,AA:00:00:00:00:01,BB:00:00:00:00:01,-91,5914
2026-08-18T14:23:20+00:00,AA:00:00:00:00:02,BB:00:00:00:00:01,-91,5915
2026-08-18T14:23:20+00:00,AA:00:00:00:00:03,BB:00:00:00:00:01,-88,5916
2026-08-18T14:23:20+00:00,AA:00:00:00:00:04,BB:00:00:00:00:01,-93,5917
2026-08-18T14:23:20+00:00,AA:00:00:00:00:05,BB:00:00:00:00:01,-53,5918
2026-08-18T14:23:30+00:00,AA:00:00:00:00:01,BB:00:00:00:00:01,-89,5919
2026-08-18T14:23:30+00:00,AA:00:00:00:00:02,BB:00:00:00:00:01,-94,5920
2026-08-18T14:23:30+00:00,AA:00:00:00:00:03,BB:00:00:00:00:01,-100,5921
2026-08-18T14:23:30+00:00,AA:00:00:00:00:05,BB:00:00:00:00:01,-53,5922
2026-08-18T14:23:40+00:00,AA:00:00:00:00:01,BB:00:00:00:00:01,-96,5923
2026-08-18T14:23:40+00:00,AA:00:00:00:00:02,BB:00:00:00:00:01,-86,5924
2026-08-18T14:23:40+00:00,AA:00:00:00:00:03,BB:00:00:00:00:01,-101,5925
2026-08-18T14:23:40+00:00,AA:00:00:00:00:04,BB:00:00:00:00:01,-99,5926
2026-08-18T14:23:40+00:00,AA:00:00:00:00:05,BB:00:00:00:00:01,-50,5927
2026-08-18T14:23:50+00:00,AA:00:00:00:00:01,BB:00:00:00:00:01,-83,5928
2026-08-18T14:23:50+00:00,AA:00:00:00:00:02,BB:00:00:00:00:01,-93,5929
2026-08-18T14:23:50+00:00,AA:00:00:00:00:03,BB:00:00:00:00:01,-91,5930
2026-08-18T14:23:50+00:00,AA:00:00:00:00:04,BB:00:00:00:00:01,-86,5931
2026-08-18T14:23:50+00:00,AA:00:00:00:00:05,BB:00:00:00:00:01,-63,5932
2026-08-18T14:24:00+00:00,AA:00:00:00:00:01,BB:00:00:00:00:01,-91,5933
2026-08-18T14:24:00+00:00,AA:00:00:00:00:02,BB:00:00:00:00:01,-89,5934
2026-08-18T14:24:00+00:00,AA:00:00:00:00:03,BB:00:00:00:00:01,-87,5935
2026-08-18T14:24:00+00:00,AA:00:00:00:00:04,BB:00:00:00:00:01,-95,5936
2026-08-18T14:24:00+00:00,AA:00:00:00:00:05,BB:00:00:00:00:01,-57,5937
2026-08-18T14:24:10+00:00,AA:00:00:00:00:01,BB:00:00:00:00:01,-100,5938
2026-08-18T14:24:10+00:00,AA:00:00:00:00:02,BB:00:00:00:00:01,-92,5939
2026-08-18T14:24:10+00:00,AA:00:00:00:00:03,BB:00:00:00:00:01,-93,5940
2026-08-18T14:24:10+00:00,AA:00:00:00:00:04,BB:00:00:00:00:01,-83,5941
2026-08-18T14:24:10+00:00,AA:00:00:00:00:05,BB:00:00:00:00:01,-57,5942
2026-08-18T14:24:20+00:00,AA:00:00:00:00:01,BB:00:00:00:00:01,-93,5943
2026-08-18T14:24:20+00:00,AA:00:00:00:00:02,BB:00:00:00:00:01,-88,5944
2026-08-18T14:24:20+00:00,AA:00:00:00:00:03,BB:00:00:00:00:01,-88,5945
2026-08-18T14:24:20+00:00,AA:00:00:00:00:05,BB:00:00:00:00:01,-47,5946
2026-08-18T14:24:30+00:00,AA:00:00:00:00:01,BB:00:00:00:00:01,-97,5947
2026-08-18T14:24:30+00:00,AA:00:00:00:00:02,BB:00:00:00:00:01,-95,5948
2026-08-18T14:24:30+00:00,AA:00:00:00:00:03,BB:00:00:00:00:01,-89,5949
2026-08-18T14:24:30+00:00,AA:00:00:00:00:04,BB:00:00:00:00:01,-94,5950
2026-08-18T14:24:30+00:00,AA:00:00:00:00:05,BB:00:00:00:00:01,-52,5951
2026-08-18T14:24:40+00:00,AA:00:00:00:00:01,BB:00:00:00:00:01,-90,5952
2026-08-18T14:24:40+00:00,AA:00:00:00:00:02,BB:00:00:00:00:01,-88,5953
2026-08-18T14:24:40+00:00,AA:00:00:00:00:03,BB:00:00:00:00:01,-86,5954
2026-08-18T14:24:40+00:00,AA:00:00:00:00:04,BB:00:00:00:00:01,-95,5955
2026-08-18T14:24:40+00:00,AA:00:00:00:00:05,BB:00:00:00:00:01,-54,5956
2026-08-18T14:24:50+00:00,AA:00:00:00:00:01,BB:00:00:00:00:01,-94,5957
2026-08-18T14:24:50+00:00,AA:00:00:00:00:02,BB:00:00:00:00:01,-94,5958
2026-08-18T14:24:50+00:00,AA:00:00:00:00:03,BB:00:00:00:00:01,-88,5959
2026-08-18T14:24:50+00:00,AA:00:00:00:00:04,BB:00:00:00:00:01,-96,5960
2026-08-18T14:24:50+00:00,AA:00:00:00:00:05,BB:00:00:00:00:01,-52,5961
2026-08-18T14:25:00+00:00,AA:00:00:00:00:01,BB:00:00:00:00:01,-95,5962
2026-08-18T14:25:00+00:00,AA:00:00:00:00:02,BB:00:00:00:00:01,-91,5963
2026-08-18T14:25:00+00:00,AA:00:00:00:00:03,BB:00:00:00:00:01,-94,5964
2026-08-18T14:25:00+00:00,AA:00:00:00:00:04,BB:00:00:00:00:01,-91,5965
2026-08-18T14:25:00+00:00,AA:00:00:00:00:05,BB:00:00:00:00:01,-60,5966
2026-08-18T14:25:10+00:00,AA:00:00:00:00:02,BB:00:00:00:00:01,-91,5967
2026-08-18T14:25:10+00:00,AA:00:00:00:00:03,BB:00:00:00:00:01,-99,5968
2026-08-18T14:25:10+00:00,AA:00:00:00:00:04,BB:00:00:00:00:01,-83,5969
2026-08-18T14:25:10+00:00,AA:00:00:00:00:05,BB:00:00:00:00:01,-52,5970
2026-08-18T14:25:20+00:00,AA:00:00:00:00:01,BB:00:00:00:00:01,-88,5971
2026-08-18T14:25:20+00:00,AA:00:00:00:00:02,BB:00:00:00:00:01,-95,5972
2026-08-18T14:25:20+00:00,AA:00:00:00:00:03,BB:00:00:00:00:01,-93,5973
2026-08-18T14:25:20+00:00,AA:00:00:00:00:04,BB:00:00:00:00:01,-92,5974
2026-08-18T14:25:20+00:00,AA:00:00:00:00:05,BB:00:00:00:00:01,-54,5975
2026-08-18T14:25:30+00:00,AA:00:00:00:00:01,BB:00:00:00:00:01,-92,5976
2026-08-18T14:25:30+00:00,AA:00:00:00:00:02,BB:00:00:00:00:01,-92,5977
2026-08-18T14:25:30+00:00,AA:00:00:00:00:03,BB:00:00:00:00:01,-97,5978
2026-08-18T14:25:30+00:00,AA:00:00:00:00:04,BB:00:00:00:00:01,-95,5979
2026-08-18T14:25:30+00:00,AA:00:00:00:00:05,BB:00:00:00:00:01,-63,5980
2026-08-18T14:25:40+00:00,AA:00:00:00:00:01,BB:00:00:00:00:01,-87,5981
2026-08-18T14:25:40+00:00,AA:00:00:00:00:02,BB:00:00:00:00:01,-96,5982
2026-08-18T14:25:40+00:00,AA:00:00:00:00:03,BB:00:00:00:00:01,-90,5983
2026-08-18T14:25:40+00:00,AA:00:00:00:00:04,BB:00:00:00:00:01,-86,5984
2026-08-18T14:25:40+00:00,AA:00:00:00:00:05,BB:00:00:00:00:01,-53,5985
2026-08-18T14:25:50+00:00,AA:00:00:00:00:01,BB:00:00:00:00:01,-86,5986
2026-08-18T14:25:50+00:00,AA:00:00:00:00:02,BB:00:00:00:00:01,-92,5987
2026-08-18T14:25:50+00:00,AA:00:00:00:00:04,BB:00:00:00:00:01,-85,5988
2026-08-18T14:25:50+00:00,AA:00:00:00:00:05,BB:00:00:00:00:01,-56,5989
2026-08-18T14:26:00+00:00,AA:00:00:00:00:01,BB:00:00:00:00:01,-90,5990
2026-08-18T14:26:00+00:00,AA:00:00:00:00:02,BB:00:00:00:00:01,-91,5991
2026-08-18T14:26:00+00:00,AA:00:00:00:00:03,BB:00:00:00:00:01,-89,5992
2026-08-18T14:26:00+00:00,AA:00:00:00:00:04,BB:00:00:00:00:01,-95,5993
2026-08-18T14:26:00+00:00,AA:00:00:00:00:05,BB:00:00:00:00:01,-57,5994
2026-08-18T14:26:10+00:00,AA:00:00:00:00:01,BB:00:00:00:00:01,-94,5995
2026-08-18T14:26:10+00:00,AA:00:00:00:00:02,BB:00:00:00:00:01,-93,5996
2026-08-18T14:26:10+00:00,AA:00:00:00:00:03,BB:00:00:00:00:01,-86,5997
2026-08-18T14:26:10+00:00,AA:00:00:00:00:04,BB:00:00:00:00:01,-94,5998
2026-08-18T14:26:10+00:00,AA:00:00:00:00:05,BB:00:00:00:00:01,-47,5999
2026-08-18T14:26:20+00:00,AA:00:00:00:00:01,BB:00:00:00:00:01,-97,6000
2026-08-18T14:26:20+00:00,AA:00:00:00:00:02,BB:00:00:00:00:01,-95,6001
2026-08-18T14:26:20+00:00,AA:00:00:00:00:03,BB:00:00:00:00:01,-98,6002
2026-08-18T14:26:20+00:00,AA:00:00:00:00:04,BB:00:00:00:00:01,-90,6003
2026-08-18T14:26:20+00:00,AA:00:00:00:00:05,BB:00:00:00:00:01,-49,6004
2026-08-18T14:26:30+00:00,AA:00:00:00:00:01,BB:00:00:00:00:01,-86,6005
2026-08-18T14:26:30+00:00,AA:00:00:00:00:02,BB:00:00:00:00:01,-96,6006
2026-08-18T14:26:30+00:00,AA:00:00:00:00:03,BB:00:00:00:00:01,-84,6007
2026-08-18T14:26:30+00:00,AA:00:00:00:00:04,BB:00:00:00:00:01,-88,6008
2026-08-18T14:26:30+00:00,AA:00:00:00:00:05,BB:00:00:00:00:01,-57,6009
2026-08-18T14:26:40+00:00,AA:00:00:00:00:01,BB:00:00:00:00:01,-94,6010
2026-08-18T14:26:40+00:00,AA:00:00:00:00:02,BB:00:00:00:00:01,-93,6011
2026-08-18T14:26:40+00:00,AA:00:00:00:00:03,BB:00:00:00:00:01,-85,6012
2026-08-18T14:26:40+00:00,AA:00:00:00:00:04,BB:00:00:00:00:01,-99,6013
2026-08-18T14:26:40+00:00,AA:00:00:00:00:05,BB:00:00:00:00:01,-46,6014
2026-08-18T14:26:50+00:00,AA:00:00:00:00:01,BB:00:00:00:00:01,-83,6015
2026-08-18T14:26:50+00:00,AA:00:00:00:00:02,BB:00:00:00:00:01,-91,6016
2026-08-18T14:26:50+00:00,AA:00:00:00:00:03,BB:00:00:00:00:01,-84,6017
2026-08-18T14:26:50+00:00,AA:00:00:00:00:04,BB:00:00:00:00:01,-91,6018
2026-08-18T14:26:50+00:00,AA:00:00:00:00:05,BB:00:00:00:00:01,-58,6019
2026-08-18T14:27:00+00:00,AA:00:00:00:00:01,BB:00:00:00:00:01,-89,6020
2026-08-18T14:27:00+00:00,AA:00:00:00:00:02,BB:00:00:00:00:01,-51,6021
2026-08-18T14:27:00+00:00,AA:00:00:00:00:03,BB:00:00:00:00:01,-92,6022
2026-08-18T14:27:00+00:00,AA:00:00:00:00:04,BB:00:00:00:00:01,-95,6023
2026-08-18T14:27:00+00:00,AA:00:00:00:00:05,BB:00:00:00:00:01,-101,6024
2026-08-18T14:27:10+00:00,AA:00:00:00:00:01,BB:00:00:00:00:01,-96,6025
2026-08-18T14:27:10+00:00,AA:00:00:00:00:02,BB:00:00:00:00:01,-52,6026
2026-08-18T14:27:10+00:00,AA:00:00:00:00:03,BB:00:00:00:00:01,-94,6027
2026-08-18T14:27:10+00:00,AA:00:00:00:00:04,BB:00:00:00:00:01,-94,6028
2026-08-18T14:27:10+00:00,AA:00:00:00:00:05,BB:00:00:00:00:01,-91,6029
2026-08-18T14:27:20+00:00,AA:00:00:00:00:01,BB:00:00:00:00:01,-91,6030
2026-08-18T14:27:20+00:00,AA:00:00:00:00:02,BB:00:00:00:00:01,-53,6031
2026-08-18T14:27:20+00:00,AA:00:00:00:00:03,BB:00:00:00:00:01,-91,6032
2026-08-18T14:27:20+00:00,AA:00:00:00:00:04,BB:00:00:00:00:01,-93,6033
2026-08-18T14:27:20+00:00,AA:00:00:00:00:05,BB:00:00:00:00:01,-94,6034
2026-08-18T14:27:30+00:00,AA:00:00:00:00:01,BB:00:00:00:00:01,-93,6035
2026-08-18T14:27:30+00:00,AA:00:00:00:00:02,BB:00:00:00:00:01,-57,6036
2026-08-18T14:27:30+00:00,AA:00:00:00:00:03,BB:00:00:00:00:01,-96,6037
2026-08-18T14:27:30+00:00,AA:00:00:00:00:04,BB:00:00:00:00:01,-88,6038
2026-08-18T14:27:30+00:00,AA:00:00:00:00:05,BB:00:00:00:00:01,-84,6039
2026-08-18T14:27:40+00:00,AA:00:00:00:00:01,BB:00:00:00:00:01,-90,6040
2026-08-18T14:27:40+00:00,AA:00:00:00:00:02,BB:00:00:00:00:01,-53,6041
2026-08-18T14:27:40+00:00,AA:00:00:00:00:03,BB:00:00:00:00:01,-89,6042
2026-08-18T14:27:40+00:00,AA:00:00:00:00:04,BB:00:00:00:00:01,-98,6043
2026-08-18T14:27:40+00:00,AA:00:00:00:00:05,BB:00:00:00:00:01,-96,6044
2026-08-18T14:27:50+00:00,AA:00:00:00:00:01,BB:00:00:00:00:01,-96,6045
2026-08-18T14:27:50+00:00,AA:00:00:00:00:02,BB:00:00:00:00:01,-47,6046
2026-08-18T14:27:50+00:00,AA:00:00:00:00:03,BB:00:00:00:00:01,-97,6047
2026-08-18T14:27:50+00:00,AA:00:00:00:00:04,BB:00:00:00:00:01,-95,6048
2026-08-18T14:27:50+00:00,AA:00:00:00:00:05,BB:00:00:00:00:01,-95,6049
2026-08-18T14:28:00+00:00,AA:00:00:00:00:02,BB:00:00:00:00:01,-57,6050
2026-08-18T14:28:00+00:00,AA:00:00:00:00:03,BB:00:00:00:00:01,-90,6051
2026-08-18T14:28:00+00:00,AA:00:00:00:00:04,BB:00:00:00:00:01,-93,6052
2026-08-18T14:28:00+00:00,AA:00:00:00:00:05,BB:00:00:00:00:01,-88,6053
2026-08-18T14:28:10+00:00,AA:00:00:00:00:01,BB:00:00:00:00:01,-88,6054
2026-08-18T14:28:10+00:00,AA:00:00:00:00:02,BB:00:00:00:00:01,-47,6055
2026-08-18T14:28:10+00:00,AA:00:00:00:00:03,BB:00:00:00:00:01,-92,6056
2026-08-18T14:28:10+00:00,AA:00:00:00:00:04,BB:00:00:00:00:01,-91,6057
2026-08-18T14:28:10+00:00,AA:00:00:00:00:05,BB:00:00:00:00:01,-94,6058
2026-08-18T14:28:20+00:00,AA:00:00:00:00:01,BB:00:00:00:00:01,-95,6059
2026-08-18T14:28:20+00:00,AA:00:00:00:00:02,BB:00:00:00:00:01,-56,6060
2026-08-18T14:28:20+00:00,AA:00:00:00:00:03,BB:00:00:00:00:01,-98,6061
2026-08-18T14:28:20+00:00,AA:00:00:00:00:04,BB:00:00:00:00:01,-84,6062
2026-08-18T14:28:20+00:00,AA:00:00:00:00:05,BB:00:00:00:00:01,-92,6063
2026-08-18T14:28:30+00:00,AA:00:00:00:00:01,BB:00:00:00:00:01,-96,6064
2026-08-18T14:28:30+00:00,AA:00:00:00:00:02,BB:00:00:00:00:01,-57,6065
2026-08-18T14:28:30+00:00,AA:00:00:00:00:03,BB:00:00:00:00:01,-88,6066
2026-08-18T14:28:30+00:00,AA:00:00:00:00:04,BB:00:00:00:00:01,-91,6067
2026-08-18T14:28:30+00:00,AA:00:00:00:00:05,BB:00:00:00:00:01,-89,6068
2026-08-18T14:28:40+00:00,AA:00:00:00:00:01,BB:00:00:00:00:01,-95,6069
2026-08-18T14:28:40+00:00,AA:00:00:00:00:02,BB:00:00:00:00:01,-60,6070
2026-08-18T14:28:40+00:00,AA:00:00:00:00:03,BB:00:00:00:00:01,-92,6071
2026-08-18T14:28:40+00:00,AA:00:00:00:00:04,BB:00:00:00:00:01,-96,6072
2026-08-18T14:28:40+00:00,AA:00:00:00:00:05,BB:00:00:00:00:01,-91,6073
2026-08-18T14:28:50+00:00,AA:00:00:00:00:01,BB:00:00:00:00:01,-91,6074
2026-08-18T14:28:50+00:00,AA:00:00:00:00:02,BB:00:00:00:00:01,-52,6075
2026-08-18T14:28:50+00:00,AA:00:00:00:00:03,BB:00:00:00:00:01,-98,6076
2026-08-18T14:28:50+00:00,AA:00:00:00:00:04,BB:00:00:00:00:01,-91,6077
2026-08-18T14:28:50+00:00,AA:00:00:00:00:05,BB:00:00:00:00:01,-87,6078
2026-08-18T14:29:00+00:00,AA:00:00:00:00:01,BB:00:00:00:00:01,-95,6079
2026-08-18T14:29:00+00:00,AA:00:00:00:00:02,BB:00:00:00:00:01,-55,6080
2026-08-18T14:29:00+00:00,AA:00:00:00:00:03,BB:00:00:00:00:01,-96,6081
2026-08-18T14:29:00+00:00,AA:00:00:00:00:04,BB:00:00:00:00:01,-88,6082
2026-08-18T14:29:00+00:00,AA:00:00:00:00:05,BB:00:00:00:00:01,-94,6083
2026-08-18T14:29:10+00:00,AA:00:00:00:00:01,BB:00:00:00:00:01,-93,6084
2026-08-18T14:29:10+00:00,AA:00:00:00:00:02,BB:00:00:00:00:01,-54,6085
2026-08-18T14:29:10+00:00,AA:00:00:00:00:03,BB:00:00:00:00:01,-88,6086
2026-08-18T14:29:10+00:00,AA:00:00:00:00:04,BB:00:00:00:00:01,-86,6087
2026-08-18T14:29:10+00:00,AA:00:00:00:00:05,BB:00:00:00:00:01,-85,6088
2026-08-18T14:29:20+00:00,AA:00:00:00:00:01,BB:00:00:00:00:01,-97,6089
2026-08-18T14:29:20+00:00,AA:00:00:00:00:02,BB:00:00:00:00:01,-59,6090
2026-08-18T14:29:20+00:00,AA:00:00:00:00:03,BB:00:00:00:00:01,-92,6091
2026-08-18T14:29:20+00:00,AA:00:00:00:00:04,BB:00:00:00:00:01,-94,6092
2026-08-18T14:29:20+00:00,AA:00:00:00:00:05,BB:00:00:00:00:01,-85,6093
2026-08-18T14:29:30+00:00,AA:00:00:00:00:01,BB:00:00:00:00:01,-89,6094
2026-08-18T14:29:30+00:00,AA:00:00:00:00:02,BB:00:00:00:00:01,-54,6095
2026-08-18T14:29:30+00:00,AA:00:00:00:00:03,BB:00:00:00:00:01,-90,6096
2026-08-18T14:29:30+00:00,AA:00:00:00:00:04,BB:00:00:00:00:01,-98,6097
2026-08-18T14:29:30+00:00,AA:00:00:00:00:05,BB:00:00:00:00:01,-85,6098
2026-08-18T14:29:40+00:00,AA:00:00:00:00:01,BB:00:00:00:00:01,-98,6099
2026-08-18T14:29:40+00:00,AA:00:00:00:00:02,BB:00:00:00:00:01,-54,6100
2026-08-18T14:29:40+00:00,AA:00:00:00:00:03,BB:00:00:00:00:01,-100,6101
2026-08-18T14:29:40+00:00,AA:00:00:00:00:04,BB:00:00:00:00:01,-95,6102
2026-08-18T14:29:40+00:00,AA:00:00:00:00:05,BB:00:00:00:00:01,-97,6103
2026-08-18T14:29:50+00:00,AA:00:00:00:00:01,BB:00:00:00:00:01,-93,6104
2026-08-18T14:29:50+00:00,AA:00:00:00:00:02,BB:00:00:00:00:01,-66,6105
2026-08-18T14:29:50+00:00,AA:00:00:00:00:03,BB:00:00:00:00:01,-90,6106
2026-08-18T14:29:50+00:00,AA:00:00:00:00:04,BB:00:00:00:00:01,-86,6107
2026-08-18T14:29:50+00:00,AA:00:00:00:00:05,BB:00:00:00:00:01,-93,6108
2026-08-18T14:30:00+00:00,AA:00:00:00:00:01,BB:00:00:00:00:01,-92,6109
2026-08-18T14:30:00+00:00,AA:00:00:00:00:02,BB:00:00:00:00:01,-57,6110
2026-08-18T14:30:00+00:00,AA:00:00:00:00:03,BB:00:00:00:00:01,-92,6111
2026-08-18T14:30:00+00:00,AA:00:00:00:00:04,BB:00:00:00:00:01,-91,6112
2026-08-18T14:30:00+00:00,AA:00:00:00:00:05,BB:00:00:00:00:01,-87,6113
2026-08-18T14:30:10+00:00,AA:00:00:00:00:01,BB:00:00:00:00:01,-94,6114
2026-08-18T14:30:10+00:00,AA:00:00:00:00:02,BB:00:00:00:00:01,-45,6115
2026-08-18T14:30:10+00:00,AA:00:00:00:00:03,BB:00:00:00:00:01,-94,6116
2026-08-18T14:30:10+00:00,AA:00:00:00:00:04,BB:00:00:00:00:01,-84,6117
2026-08-18T14:30:10+00:00,AA:00:00:00:00:05,BB:00:00:00:00:01,-93,6118
2026-08-18T14:30:20+00:00,AA:00:00:00:00:01,BB:00:00:00:00:01,-93,6119
2026-08-18T14:30:20+00:00,AA:00:00:00:00:03,BB:00:00:00:00:01,-90,6120
2026-08-18T14:30:20+00:00,AA:00:00:00:00:04,BB:00:00:00:00:01,-98,6121
2026-08-18T14:30:20+00:00,AA:00:00:00:00:05,BB:00:00:00:00:01,-94,6122
2026-08-18T14:30:30+00:00,AA:00:00:00:00:01,BB:00:00:00:00:01,-101,6123
2026-08-18T14:30:30+00:00,AA:00:00:00:00:02,BB:00:00:00:00:01,-55,6124
2026-08-18T14:30:30+00:00,AA:00:00:00:00:03,BB:00:00:00:00:01,-93,6125
2026-08-18T14:30:30+00:00,AA:00:00:00:00:04,BB:00:00:00:00:01,-88,6126
2026-08-18T14:30:30+00:00,AA:00:00:00:00:05,BB:00:00:00:00:01,-85,6127
2026-08-18T14:30:40+00:00,AA:00:00:00:00:01,BB:00:00:00:00:01,-101,6128
2026-08-18T14:30:40+00:00,AA:00:00:00:00:02,BB:00:00:00:00:01,-56,6129
2026-08-18T14:30:40+00:00,AA:00:00:00:00:03,BB:00:00:00:00:01,-89,6130
2026-08-18T14:30:40+00:00,AA:00:00:00:00:04,BB:00:00:00:00:01,-91,6131
2026-08-18T14:30:40+00:00,AA:00:00:00:00:05,BB:00:00:00:00:01,-93,6132
2026-08-18T14:30:50+00:00,AA:00:00:00:00:01,BB:00:00:00:00:01,-92,6133
2026-08-18T14:30:50+00:00,AA:00:00:00:00:02,BB:00:00:00:00:01,-57,6134
2026-08-18T14:30:50+00:00,AA:00:00:00:00:03,BB:00:00:00:00:01,-92,6135
2026-08-18T14:30:50+00:00,AA:00:00:00:00:04,BB:00:00:00:00:01,-86,6136
2026-08-18T14:30:50+00:00,AA:00:00:00:00:05,BB:00:00:00:00:01,-93,6137
2026-08-18T14:31:00+00:00,AA:00:00:00:00:01,BB:00:00:00:00:01,-98,6138
2026-08-18T14:31:00+00:00,AA:00:00:00:00:02,BB:00:00:00:00:01,-49,6139
2026-08-18T14:31:00+00:00,AA:00:00:00:00:03,BB:00:00:00:00:01,-95,6140
2026-08-18T14:31:00+00:00,AA:00:00:00:00:04,BB:00:00:00:00:01,-97,6141
2026-08-18T14:31:00+00:00,AA:00:00:00:00:05,BB:00:00:00:00:01,-88,6142
2026-08-18T14:31:10+00:00,AA:00:00:00:00:01,BB:00:00:00:00:01,-98,6143
2026-08-18T14:31:10+00:00,AA:00:00:00:00:02,BB:00:00:00:00:01,-49,6144
2026-08-18T14:31:10+00:00,AA:00:00:00:00:03,BB:00:00:00:00:01,-94,6145
2026-08-18T14:31:10+00:00,AA:00:00:00:00:04,BB:00:00:00:00:01,-93,6146
2026-08-18T14:31:10+00:00,AA:00:00:00:00:05,BB:00:00:00:00:01,-83,6147
2026-08-18T14:31:20+00:00,AA:00:00:00:00:01,BB:00:00:00:00:01,-94,6148
2026-08-18T14:31:20+00:00,AA:00:00:00:00:02,BB:00:00:00:00:01,-58,6149
2026-08-18T14:31:20+00:00,AA:00:00:00:00:03,BB:00:00:00:00:01,-89,6150
2026-08-18T14:31:20+00:00,AA:00:00:00:00:04,BB:00:00:00:00:01,-99,6151
2026-08-18T14:31:20+00:00,AA:00:00:00:00:05,BB:00:00:00:00:01,-94,6152
2026-08-18T14:31:30+00:00,AA:00:00:00:00:01,BB:00:00:00:00:01,-90,6153
2026-08-18T14:31:30+00:00,AA:00:00:00:00:02,BB:00:00:00:00:01,-55,6154
2026-08-18T14:31:30+00:00,AA:00:00:00:00:03,BB:00:00:00:00:01,-92,6155
2026-08-18T14:31:30+00:00,AA:00:00:00:00:04,BB:00:00:00:00:01,-88,6156
2026-08-18T14:31:30+00:00,AA:00:00:00:00:05,BB:00:00:00:00:01,-96,6157
2026-08-18T14:31:40+00:00,AA:00:00:00:00:01,BB:00:00:00:00:01,-89,6158
2026-08-18T14:31:40+00:00,AA:00:00:00:00:02,BB:00:00:00:00:01,-58,6159
2026-08-18T14:31:40+00:00,AA:00:00:00:00:03,BB:00:00:00:00:01,-90,6160
2026-08-18T14:31:40+00:00,AA:00:00:00:00:04,BB:00:00:00:00:01,-91,6161
2026-08-18T14:31:40+00:00,AA:00:00:00:00:05,BB:00:00:00:00:01,-92,6162
2026-08-18T14:31:50+00:00,AA:00:00:00:00:01,BB:00:00:00:00:01,-94,6163
2026-08-18T14:31:50+00:00,AA:00:00:00:00:02,BB:00:00:00:00:01,-48,6164
2026-08-18T14:31:50+00:00,AA:00:00:00:00:03,BB:00:00:00:00:01,-92,6165
2026-08-18T14:31:50+00:00,AA:00:00:00:00:04,BB:00:00:00:00:01,-89,6166
2026-08-18T14:31:50+00:00,AA:00:00:00:00:05,BB:00:00:00:00:01,-90,6167
2026-08-18T14:32:00+00:00,AA:00:00:00:00:01,BB:00:00:00:00:01,-88,6168
2026-08-18T14:32:00+00:00,AA:00:00:00:00:02,BB:00:00:00:00:01,-44,6169
2026-08-18T14:32:00+00:00,AA:00:00:00:00:03,BB:00:00:00:00:01,-93,6170
2026-08-18T14:32:00+00:00,AA:00:00:00:00:04,BB:00:00:00:00:01,-86,6171
2026-08-18T14:32:00+00:00,AA:00:00:00:00:05,BB:00:00:00:00:01,-92,6172
2026-08-18T14:32:10+00:00,AA:00:00:00:00:01,BB:00:00:00:00:01,-92,6173
2026-08-18T14:32:10+00:00,AA:00:00:00:00:03,BB:00:00:00:00:01,-88,6174
2026-08-18T14:32:10+00:00,AA:00:00:00:00:04,BB:00:00:00:00:01,-92,6175
2026-08-18T14:32:10+00:00,AA:00:00:00:00:05,BB:00:00:00:00:01,-94,6176
2026-08-18T14:32:20+00:00,AA:00:00:00:00:01,BB:00:00:00:00:01,-90,6177
2026-08-18T14:32:20+00:00,AA:00:00:00:00:02,BB:00:00:00:00:01,-55,6178
2026-08-18T14:32:20+00:00,AA:00:00:00:00:03,BB:00:00:00:00:01,-96,6179
2026-08-18T14:32:20+00:00,AA:00:00:00:00:04,BB:00:00:00:00:01,-95,6180
2026-08-18T14:32:20+00:00,AA:00:00:00:00:05,BB:00:00:00:00:01,-89,6181
2026-08-18T14:32:30+00:00,AA:00:00:00:00:01,BB:00:00:00:00:01,-98,6182
2026-08-18T14:32:30+00:00,AA:00:00:00:00:02,BB:00:00:00:00:01,-52,6183
2026-08-18T14:32:30+00:00,AA:00:00:00:00:03,BB:00:00:00:00:01,-93,6184
2026-08-18T14:32:30+00:00,AA:00:00:00:00:04,BB:00:00:00:00:01,-89,6185
2026-08-18T14:32:30+00:00,AA:00:00:00:00:05,BB:00:00:00:00:01,-91,6186
2026-08-18T14:32:40+00:00,AA:00:00:00:00:01,BB:00:00:00:00:01,-91,6187
2026-08-18T14:32:40+00:00,AA:00:00:00:00:02,BB:00:00:00:00:01,-56,6188
2026-08-18T14:32:40+00:00,AA:00:00:00:00:03,BB:00:00:00:00:01,-85,6189
2026-08-18T14:32:40+00:00,AA:00:00:00:00:04,BB:00:00:00:00:01,-92,6190
2026-08-18T14:32:40+00:00,AA:00:00:00:00:05,BB:00:00:00:00:01,-89,6191
2026-08-18T14:32:50+00:00,AA:00:00:00:00:01,BB:00:00:00:00:01,-94,6192
2026-08-18T14:32:50+00:00,AA:00:00:00:00:02,BB:00:00:00:00:01,-52,6193
2026-08-18T14:32:50+00:00,AA:00:00:00:00:03,BB:00:00:00:00:01,-91,6194
2026-08-18T14:32:50+00:00,AA:00:00:00:00:04,BB:00:00:00:00:01,-92,6195
2026-08-18T14:32:50+00:00,AA:00:00:00:00:05,BB:00:00:00:00:01,-97,6196
2026-08-18T14:33:00+00:00,AA:00:00:00:00:01,BB:00:00:00:00:01,-98,6197
2026-08-18T14:33:00+00:00,AA:00:00:00:00:02,BB:00:00:00:00:01,-41,6198
2026-08-18T14:33:00+00:00,AA:00:00:00:00:03,BB:00:00:00:00:01,-88,6199
2026-08-18T14:33:00+00:00,AA:00:00:00:00:04,BB:00:00:00:00:01,-91,6200
2026-08-18T14:33:10+00:00,AA:00:00:00:00:01,BB:00:00:00:00:01,-96,6201
2026-08-18T14:33:10+00:00,AA:00:00:00:00:02,BB:00:00:00:00:01,-51,6202
2026-08-18T14:33:10+00:00,AA:00:00:00:00:03,BB:00:00:00:00:01,-95,6203
2026-08-18T14:33:10+00:00,AA:00:00:00:00:04,BB:00:00:00:00:01,-93,6204
2026-08-18T14:33:10+00:00,AA:00:00:00:00:05,BB:00:00:00:00:01,-92,6205
2026-08-18T14:33:20+00:00,AA:00:00:00:00:01,BB:00:00:00:00:01,-86,6206
2026-08-18T14:33:20+00:00,AA:00:00:00:00:02,BB:00:00:00:00:01,-55,6207
2026-08-18T14:33:20+00:00,AA:00:00:00:00:03,BB:00:00:00:00:01,-90,6208
2026-08-18T14:33:20+00:00,AA:00:00:00:00:04,BB:00:00:00:00:01,-98,6209
2026-08-18T14:33:20+00:00,AA:00:00:00:00:05,BB:00:00:00:00:01,-91,6210
2026-08-18T14:33:30+00:00,AA:00:00:00:00:01,BB:00:00:00:00:01,-90,6211
2026-08-18T14:33:30+00:00,AA:00:00:00:00:02,BB:00:00:00:00:01,-55,6212
2026-08-18T14:33:30+00:00,AA:00:00:00:00:03,BB:00:00:00:00:01,-91,6213
2026-08-18T14:33:30+00:00,AA:00:00:00:00:04,BB:00:00:00:00:01,-87,6214
2026-08-18T14:33:30+00:00,AA:00:00:00:00:05,BB:00:00:00:00:01,-93,6215
2026-08-18T14:33:40+00:00,AA:00:00:00:00:01,BB:00:00:00:00:01,-93,6216
2026-08-18T14:33:40+00:00,AA:00:00:00:00:02,BB:00:00:00:00:01,-59,6217
2026-08-18T14:33:40+00:00,AA:00:00:00:00:03,BB:00:00:00:00:01,-91,6218
2026-08-18T14:33:40+00:00,AA:00:00:00:00:04,BB:00:00:00:00:01,-92,6219
2026-08-18T14:33:40+00:00,AA:00:00:00:00:05,BB:00:00:00:00:01,-94,6220
2026-08-18T14:33:50+00:00,AA:00:00:00:00:01,BB:00:00:00:00:01,-88,6221
2026-08-18T14:33:50+00:00,AA:00:00:00:00:02,BB:00:00:00:00:01,-48,6222
2026-08-18T14:33:50+00:00,AA:00:00:00:00:03,BB:00:00:00:00:01,-95,6223
2026-08-18T14:33:50+00:00,AA:00:00:00:00:04,BB:00:00:00:00:01,-93,6224
2026-08-18T14:33:50+00:00,AA:00:00:00:00:05,BB:00:00:00:00:01,-90,6225
2026-08-18T14:34:00+00:00,AA:00:00:00:00:01,BB:00:00:00:00:01,-94,6226
2026-08-18T14:34:00+00:00,AA:00:00:00:00:02,BB:00:00:00:00:01,-54,6227
2026-08-18T14:34:00+00:00,AA:00:00:00:00:03,BB:00:00:00:00:01,-93,6228
2026-08-18T14:34:00+00:00,AA:00:00:00:00:04,BB:00:00:00:00:01,-99,6229
2026-08-18T14:34:00+00:00,AA:00:00:00:00:05,BB:00:00:00:00:01,-91,6230
2026-08-18T14:34:10+00:00,AA:00:00:00:00:01,BB:00:00:00:00:01,-92,6231
2026-08-18T14:34:10+00:00,AA:00:00:00:00:02,BB:00:00:00:00:01,-54,6232
2026-08-18T14:34:10+00:00,AA:00:00:00:00:03,BB:00:00:00:00:01,-89,6233
2026-08-18T14:34:10+00:00,AA:00:00:00:00:05,BB:00:00:00:00:01,-84,6234
2026-08-18T14:34:20+00:00,AA:00:00:00:00:01,BB:00:00:00:00:01,-97,6235
2026-08-18T14:34:20+00:00,AA:00:00:00:00:02,BB:00:00:00:00:01,-57,6236
2026-08-18T14:34:20+00:00,AA:00:00:00:00:03,BB:00:00:00:00:01,-90,6237
2026-08-18T14:34:20+00:00,AA:00:00:00:00:05,BB:00:00:00:00:01,-91,6238
2026-08-18T14:34:30+00:00,AA:00:00:00:00:01,BB:00:00:00:00:01,-87,6239
2026-08-18T14:34:30+00:00,AA:00:00:00:00:02,BB:00:00:00:00:01,-59,6240
2026-08-18T14:34:30+00:00,AA:00:00:00:00:03,BB:00:00:00:00:01,-92,6241
2026-08-18T14:34:30+00:00,AA:00:00:00:00:04,BB:00:00:00:00:01,-87,6242
2026-08-18T14:34:30+00:00,AA:00:00:00:00:05,BB:00:00:00:00:01,-88,6243
2026-08-18T14:34:40+00:00,AA:00:00:00:00:01,BB:00:00:00:00:01,-97,6244
2026-08-18T14:34:40+00:00,AA:00:00:00:00:02,BB:00:00:00:00:01,-55,6245
2026-08-18T14:34:40+00:00,AA:00:00:00:00:03,BB:00:00:00:00:01,-92,6246
2026-08-18T14:34:40+00:00,AA:00:00:00:00:04,BB:00:00:00:00:01,-88,6247
2026-08-18T14:34:40+00:00,AA:00:00:00:00:05,BB:00:00:00:00:01,-92,6248
2026-08-18T14:34:50+00:00,AA:00:00:00:00:01,BB:00:00:00:00:01,-90,6249
2026-08-18T14:34:50+00:00,AA:00:00:00:00:02,BB:00:00:00:00:01,-55,6250
2026-08-18T14:34:50+00:00,AA:00:00:00:00:03,BB:00:00:00:00:01,-86,6251
2026-08-18T14:34:50+00:00,AA:00:00:00:00:04,BB:00:00:00:00:01,-94,6252
2026-08-18T14:34:50+00:00,AA:00:00:00:00:05,BB:00:00:00:00:01,-92,6253
2026-08-18T14:35:00+00:00,AA:00:00:00:00:01,BB:00:00:00:00:01,-50,6254
2026-08-18T14:35:00+00:00,AA:00:00:00:00:02,BB:00:00:00:00:01,-93,6255
2026-08-18T14:35:00+00:00,AA:00:00:00:00:03,BB:00:00:00:00:01,-98,6256
2026-08-18T14:35:00+00:00,AA:00:00:00:00:04,BB:00:00:00:00:01,-100,6257
2026-08-18T14:35:00+00:00,AA:00:00:00:00:05,BB:00:00:00:00:01,-93,6258
2026-08-18T14:35:10+00:00,AA:00:00:00:00:01,BB:00:00:00:00:01,-61,6259
2026-08-18T14:35:10+00:00,AA:00:00:00:00:02,BB:00:00:00:00:01,-93,6260
2026-08-18T14:35:10+00:00,AA:00:00:00:00:03,BB:00:00:00:00:01,-85,6261
2026-08-18T14:35:10+00:00,AA:00:00:00:00:04,BB:00:00:00:00:01,-89,6262
2026-08-18T14:35:10+00:00,AA:00:00:00:00:05,BB:00:00:00:00:01,-92,6263
2026-08-18T14:35:20+00:00,AA:00:00:00:00:01,BB:00:00:00:00:01,-59,6264
2026-08-18T14:35:20+00:00,AA:00:00:00:00:02,BB:00:00:00:00:01,-98,6265
2026-08-18T14:35:20+00:00,AA:00:00:00:00:03,BB:00:00:00:00:01,-90,6266
2026-08-18T14:35:20+00:00,AA:00:00:00:00:04,BB:00:00:00:00:01,-93,6267
2026-08-18T14:35:20+00:00,AA:00:00:00:00:05,BB:00:00:00:00:01,-98,6268
2026-08-18T14:35:30+00:00,AA:00:00:00:00:01,BB:00:00:00:00:01,-59,6269
2026-08-18T14:35:30+00:00,AA:00:00:00:00:02,BB:00:00:00:00:01,-93,6270
2026-08-18T14:35:30+00:00,AA:00:00:00:00:03,BB:00:00:00:00:01,-86,6271
2026-08-18T14:35:30+00:00,AA:00:00:00:00:04,BB:00:00:00:00:01,-85,6272
2026-08-18T14:35:30+00:00,AA:00:00:00:00:05,BB:00:00:00:00:01,-85,6273
2026-08-18T14:35:40+00:00,AA:00:00:00:00:01,BB:00:00:00:00:01,-59,6274
2026-08-18T14:35:40+00:00,AA:00:00:00:00:02,BB:00:00:00:00:01,-93,6275
2026-08-18T14:35:40+00:00,AA:00:00:00:00:03,BB:00:00:00:00:01,-97,6276
2026-08-18T14:35:40+00:00,AA:00:00:00:00:04,BB:00:00:00:00:01,-94,6277
2026-08-18T14:35:40+00:00,AA:00:00:00:00:05,BB:00:00:00:00:01,-96,6278
2026-08-18T14:35:50+00:00,AA:00:00:00:00:01,BB:00:00:00:00:01,-48,6279
2026-08-18T14:35:50+00:00,AA:00:00:00:00:02,BB:00:00:00:00:01,-97,6280
2026-08-18T14:35:50+00:00,AA:00:00:00:00:03,BB:00:00:00:00:01,-94,6281
2026-08-18T14:35:50+00:00,AA:00:00:00:00:04,BB:00:00:00:00:01,-92,6282
2026-08-18T14:35:50+00:00,AA:00:00:00:00:05,BB:00:00:00:00:01,-94,6283
2026-08-18T14:36:00+00:00,AA:00:00:00:00:01,BB:00:00:00:00:01,-52,6284
2026-08-18T14:36:00+00:00,AA:00:00:00:00:02,BB:00:00:00:00:01,-88,6285
2026-08-18T14:36:00+00:00,AA:00:00:00:00:03,BB:00:00:00:00:01,-92,6286
2026-08-18T14:36:00+00:00,AA:00:00:00:00:04,BB:00:00:00:00:01,-103,6287
2026-08-18T14:36:00+00:00,AA:00:00:00:00:05,BB:00:00:00:00:01,-92,6288
2026-08-18T14:36:10+00:00,AA:00:00:00:00:01,BB:00:00:00:00:01,-60,6289
2026-08-18T14:36:10+00:00,AA:00:00:00:00:02,BB:00:00:00:00:01,-95,6290
2026-08-18T14:36:10+00:00,AA:00:00:00:00:03,BB:00:00:00:00:01,-95,6291
2026-08-18T14:36:10+00:00,AA:00:00:00:00:04,BB:00:00:00:00:01,-90,6292
2026-08-18T14:36:10+00:00,AA:00:00:00:00:05,BB:00:00:00:00:01,-96,6293
2026-08-18T14:36:20+00:00,AA:00:00:00:00:01,BB:00:00:00:00:01,-55,6294
2026-08-18T14:36:20+00:00,AA:00:00:00:00:02,BB:00:00:00:00:01,-89,6295
2026-08-18T14:36:20+00:00,AA:00:00:00:00:03,BB:00:00:00:00:01,-85,6296
2026-08-18T14:36:20+00:00,AA:00:00:00:00:04,BB:00:00:00:00:01,-90,6297
2026-08-18T14:36:20+00:00,AA:00:00:00:00:05,BB:00:00:00:00:01,-91,6298
2026-08-18T14:36:30+00:00,AA:00:00:00:00:01,BB:00:00:00:00:01,-52,6299
2026-08-18T14:36:30+00:00,AA:00:00:00:00:02,BB:00:00:00:00:01,-96,6300
2026-08-18T14:36:30+00:00,AA:00:00:00:00:03,BB:00:00:00:00:01,-92,6301
2026-08-18T14:36:30+00:00,AA:00:00:00:00:04,BB:00:00:00:00:01,-85,6302
2026-08-18T14:36:30+00:00,AA:00:00:00:00:05,BB:00:00:00:00:01,-91,6303
2026-08-18T14:36:40+00:00,AA:00:00:00:00:01,BB:00:00:00:00:01,-57,6304
2026-08-18T14:36:40+00:00,AA:00:00:00:00:02,BB:00:00:00:00:01,-97,6305
2026-08-18T14:36:40+00:00,AA:00:00:00:00:03,BB:00:00:00:00:01,-91,6306
2026-08-18T14:36:40+00:00,AA:00:00:00:00:04,BB:00:00:00:00:01,-87,6307
2026-08-18T14:36:40+00:00,AA:00:00:00:00:05,BB:00:00:00:00:01,-95,6308
2026-08-18T14:36:50+00:00,AA:00:00:00:00:01,BB:00:00:00:00:01,-57,6309
2026-08-18T14:36:50+00:00,AA:00:00:00:00:02,BB:00:00:00:00:01,-91,6310
2026-08-18T14:36:50+00:00,AA:00:00:00:00:03,BB:00:00:00:00:01,-87,6311
2026-08-18T14:36:50+00:00,AA:00:00:00:00:04,BB:00:00:00:00:01,-93,6312
2026-08-18T14:36:50+00:00,AA:00:00:00:00:05,BB:00:00:00:00:01,-87,6313
2026-08-18T14:37:00+00:00,AA:00:00:00:00:01,BB:00:00:00:00:01,-53,6314
2026-08-18T14:37:00+00:00,AA:00:00:00:00:02,BB:00:00:00:00:01,-87,6315
2026-08-18T14:37:00+00:00,AA:00:00:00:00:03,BB:00:00:00:00:01,-92,6316
2026-08-18T14:37:00+00:00,AA:00:00:00:00:04,BB:00:00:00:00:01,-90,6317
2026-08-18T14:37:00+00:00,AA:00:00:00:00:05,BB:00:00:00:00:01,-97,6318
2026-08-18T14:37:10+00:00,AA:00:00:00:00:01,BB:00:00:00:00:01,-59,6319
2026-08-18T14:37:10+00:00,AA:00:00:00:00:02,BB:00:00:00:00:01,-92,6320
2026-08-18T14:37:10+00:00,AA:00:00:00:00:03,BB:00:00:00:00:01,-91,6321
2026-08-18T14:37:10+00:00,AA:00:00:00:00:04,BB:00:00:00:00:01,-90,6322
2026-08-18T14:37:10+00:00,AA:00:00:00:00:05,BB:00:00:00:00:01,-94,6323
2026-08-18T14:37:20+00:00,AA:00:00:00:00:01,BB:00:00:00:00:01,-52,6324
2026-08-18T14:37:20+00:00,AA:00:00:00:00:02,BB:00:00:00:00:01,-97,6325
2026-08-18T14:37:20+00:00,AA:00:00:00:00:03,BB:00:00:00:00:01,-93,6326
2026-08-18T14:37:20+00:00,AA:00:00:00:00:04,BB:00:00:00:00:01,-91,6327
2026-08-18T14:37:20+00:00,AA:00:00:00:00:05,BB:00:00:00:00:01,-90,6328
2026-08-18T14:37:30+00:00,AA:00:00:00:00:01,BB:00:00:00:00:01,-57,6329
2026-08-18T14:37:30+00:00,AA:00:00:00:00:02,BB:00:00:00:00:01,-91,6330
2026-08-18T14:37:30+00:00,AA:00:00:00:00:03,BB:00:00:00:00:01,-90,6331
2026-08-18T14:37:30+00:00,AA:00:00:00:00:04,BB:00:00:00:00:01,-93,6332
2026-08-18T14:37:30+00:00,AA:00:00:00:00:05,BB:00:00:00:00:01,-98,6333
2026-08-18T14:37:40+00:00,AA:00:00:00:00:01,BB:00:00:00:00:01,-55,6334
2026-08-18T14:37:40+00:00,AA:00:00:00:00:02,BB:00:00:00:00:01,-101,6335
2026-08-18T14:37:40+00:00,AA:00:00:00:00:03,BB:00:00:00:00:01,-90,6336
2026-08-18T14:37:40+00:00,AA:00:00:00:00:04,BB:00:00:00:00:01,-98,6337
2026-08-18T14:37:40+00:00,AA:00:00:00:00:05,BB:00:00:00:00:01,-92,6338
2026-08-18T14:37:50+00:00,AA:00:00:00:00:01,BB:00:00:00:00:01,-55,6339
2026-08-18T14:37:50+00:00,AA:00:00:00:00:02,BB:00:00:00:00:01,-89,6340
2026-08-18T14:37:50+00:00,AA:00:00:00:00:03,BB:00:00:00:00:01,-92,6341
2026-08-18T14:37:50+00:00,AA:00:00:00:00:04,BB:00:00:00:00:01,-93,6342
2026-08-18T14:37:50+00:00,AA:00:00:00:00:05,BB:00:00:00:00:01,-102,6343
